M,N,K,dtype,opA,opB,nsol,best_sol,best_ms,def_ms,gain,nrot,reps,ach_gbs,cache_flag,clk_drift
18,2953,10244,fp16,N,T,70,-606604766,0.08122,0.14544,1.7907,4,67,752.1,0,1.0090
1131,15131,365,fp32,N,N,556,-606634135,0.39271,0.39249,0.9994,4,26,234.8,0,1.0021
1,334,514,fp16,N,T,63,-9,0.00478,0.00835,1.7490,4,665,72.4,0,1.0061
8381,6725,11137,fp16,N,N,90,-606624263,10.40623,12.01605,1.1547,4,5,54.0,0,1.0418
4024,4471,4298,fp32,T,T,82,-606620795,4.50391,4.66001,1.0347,4,5,48.4,0,1.0621
4130,6711,2365,fp32,N,N,556,-606628015,3.85836,5.00297,1.2967,4,5,55.3,0,1.0139
3095,218,431,bf16,N,N,166,-606605261,0.01991,0.07443,3.7377,4,128,279.0,0,0.9856
8,34,39,fp32,N,N,556,-606605043,0.00717,0.00755,1.0527,4,972,1.1,0,0.9998
19718,278,883,bf16,T,N,231,-606605602,0.13669,0.13751,1.0060,4,72,418.8,0,1.0489
2212,10524,1291,bf16,T,N,332,-606630826,0.59225,0.68861,1.1627,4,16,212.7,0,1.0776
7920,5570,15480,fp16,N,T,62,-606604809,21.46274,21.39787,0.9970,4,5,27.7,0,0.9478
305,25443,22671,bf16,T,N,231,-606630848,3.57994,3.98179,1.1122,4,5,334.8,0,1.1828
6476,320,30601,fp32,N,N,562,-606605148,3.61290,5.54879,1.5358,4,5,232.5,0,0.9180
9,51,93,bf16,N,N,166,-606629913,0.00724,0.00759,1.0492,4,730,1.8,0,0.9841
18233,18386,4685,fp16,T,T,53,-606629618,44.95977,47.89686,1.0653,4,5,37.5,0,1.0054
682,457,1403,bf16,N,T,62,-606623205,0.03077,0.03341,1.0859,4,256,144.4,0,0.9990
556,88,308,fp16,T,N,513,-606622840,0.00823,0.00745,0.9048,4,802,72.0,0,1.0017
7682,150,53,fp32,T,N,519,-606634109,0.01255,0.01402,1.1177,4,552,499.7,0,1.0006
67,97,111,bf16,N,N,166,-606629876,0.00782,0.00708,0.9061,4,700,8.0,0,1.0097
4111,7738,1133,fp16,N,N,92,-606603427,0.78202,0.82596,1.0562,4,13,197.0,0,1.0063
3850,546,2853,fp16,N,N,105,-606624249,0.15311,1.33027,8.6884,4,8,218.7,0,0.9996
111,10,207,fp32,T,T,82,-606620797,0.01023,0.01145,1.1200,4,479,10.2,0,0.9968
2506,2654,21291,bf16,N,N,166,-606629916,3.17399,3.17803,1.0013,4,5,77.6,0,1.0241
1706,48,137,fp32,T,N,525,-606603830,0.00806,0.00804,0.9967,4,915,159.8,0,0.9278
4133,172,366,bf16,T,T,39,-606619899,0.01706,0.02325,1.3630,4,361,351.4,0,1.0059
340,629,1530,fp32,N,N,556,-606605102,0.04349,0.04479,1.0299,4,202,156.0,0,0.9939
180,9,52,fp16,T,N,245,-606622898,0.00764,0.00776,1.0161,4,757,3.4,0,1.0039
4347,84,177,fp16,T,T,53,-606629622,0.01083,0.03166,2.9233,4,283,279.7,0,1.0015
56,62,80,fp32,N,N,556,-606605036,0.00777,0.00743,0.9566,4,611,6.6,0,1.0018
6662,3554,8367,bf16,T,T,39,-606619916,3.73767,4.85914,1.3000,4,5,71.1,0,1.1741
9923,342,29592,bf16,N,T,57,-606623198,2.66321,5.48461,2.0594,4,5,233.2,0,0.8952
6877,1707,8038,fp32,N,N,556,-606605120,5.55728,5.82667,1.0485,4,5,58.1,0,1.0025
1943,9201,12077,fp16,N,N,90,-606624264,3.73136,5.88418,1.5770,4,5,91.3,0,1.0038
4754,2387,4689,fp16,N,T,62,-606604809,1.21167,1.17900,0.9730,4,9,92.7,0,1.0701
10,1394,6,fp16,N,T,62,-606604834,0.00836,0.00778,0.9303,4,933,8.7,0,0.9716
32334,72,190,fp32,N,T,614,-606601887,0.06365,0.07295,1.1460,4,128,533.2,0,1.0271
159,1785,4877,fp16,N,N,99,-606603403,0.09290,0.16677,1.7953,4,59,216.3,0,1.0071
2831,8614,1686,bf16,T,N,231,-606630826,0.82075,2.54861,3.1052,4,5,165.9,0,1.1468
12,19,1349,fp32,T,N,519,-606624680,0.01423,0.01423,0.9995,4,355,11.8,0,0.8836
2271,29784,464,bf16,T,N,441,-606630842,0.74116,0.89222,1.2038,4,11,405.2,0,0.9831
266,1,4,fp16,N,N,18,-9,0.00503,0.00794,1.5794,4,920,0.6,0,0.9687
216,8124,250,fp16,N,T,62,-606627698,0.03116,0.08749,2.8082,4,110,359.1,0,1.0079
5927,2418,7546,fp32,N,N,556,-606605130,6.01346,6.49992,1.0809,4,5,51.4,0,1.0108
6,111,5103,bf16,T,T,4,-354,0.27454,0.49065,1.7872,4,19,4.4,0,1.0048
1233,4654,116,fp16,N,T,62,-606627717,0.06223,0.07558,1.2145,4,125,390.8,0,1.0058
13578,5592,687,bf16,N,N,388,-606605165,1.12244,1.16838,1.0409,4,9,294.0,0,1.0091
804,4546,1530,fp16,T,T,88,-606629608,0.16347,0.66793,4.0859,4,14,189.6,0,0.9056
9359,8390,4877,fp16,T,N,245,-606622963,5.87284,6.09211,1.0373,4,5,83.0,0,1.1000
29097,305,1256,bf16,N,N,166,-606629868,0.30746,0.30822,1.0025,4,32,355.7,0,0.9622
8968,670,5486,fp32,N,T,612,-606618442,1.95853,2.11275,1.0787,4,5,120.3,0,1.0040
617,200,201,fp32,N,T,614,-606601936,0.00804,0.00805,1.0005,4,769,143.1,0,0.9010
4264,446,48,bf16,N,N,166,-606605179,0.01765,0.01767,1.0009,4,428,456.5,0,1.0065
19,2922,735,fp16,T,T,53,-606629613,0.01797,0.10106,5.6240,4,95,252.9,0,1.0111
8356,12278,3933,bf16,N,N,166,-606605363,6.62958,9.32520,1.4066,4,5,86.4,0,1.0082
199,15,73,bf16,N,N,166,-606629958,0.00785,0.00769,0.9788,4,834,5.5,0,0.9990
117,2459,374,fp16,T,N,245,-606622752,0.01540,0.05144,3.3402,4,178,199.8,0,1.0038
2169,20183,12257,fp16,T,T,53,-606629611,15.54141,67.38268,4.3357,4,5,46.5,0,1.0049
8500,199,19283,bf16,N,T,62,-606623140,0.93210,1.55914,1.6727,4,6,367.2,0,1.0004
9235,19392,5613,fp16,T,T,53,-606629618,28.28115,28.10831,0.9939,4,5,36.7,0,1.0042
7442,23314,1295,fp32,T,T,82,-606620788,12.81553,12.98092,1.0129,4,5,66.6,0,1.0180
3,9,18090,fp32,N,N,556,-606628038,0.06015,0.21953,3.6500,4,40,14.4,0,0.9938
36,20,2,fp32,N,T,616,-606618315,0.00738,0.00791,1.0727,4,1025,0.5,0,1.0000
67,73,450,fp32,T,T,82,-606620815,0.01377,0.02127,1.5447,4,295,19.7,0,0.9982
12944,708,24023,fp16,N,N,223,-606603333,3.83590,3.86198,1.0068,4,5,180.6,0,1.0312
2851,31406,5363,fp16,T,T,53,-606629611,13.27673,14.92602,1.1242,4,5,54.7,0,1.0081
3469,8420,10917,bf16,N,N,273,-606605295,5.55540,5.45699,0.9823,4,5,67.8,0,1.0873
52,3359,1805,fp32,N,N,556,-606628008,0.04816,0.08188,1.7003,4,117,525.9,0,0.9528
28672,1394,538,bf16,T,T,39,-606619904,0.54507,0.56575,1.0379,4,19,352.7,0,1.0518
121,220,409,bf16,N,T,57,-606623200,0.00742,0.01045,1.4075,4,607,51.9,0,0.9311
1000,718,70,bf16,T,T,39,-606619917,0.00848,0.00841,0.9917,4,665,367.1,0,0.9731
9561,8451,524,bf16,T,N,231,-606605609,1.04769,1.33704,1.2762,4,8,326.5,0,1.0849
6107,1780,5270,bf16,N,N,273,-606629950,0.96316,1.19190,1.2375,4,9,131.5,0,0.9343
1488,5128,616,fp16,N,T,227,-606627749,0.14251,0.20579,1.4441,4,46,271.4,0,1.0007
2579,90,2832,fp16,T,N,255,-606603032,0.05120,0.08766,1.7121,4,111,313.4,0,1.0095
9976,1,1,fp16,N,N,18,-606624071,0.00902,0.00829,0.9187,4,898,6.6,0,0.9948
2,3,157,fp16,N,N,39,-606603313,0.00918,0.02207,2.4049,4,320,0.2,0,1.0071
101,1984,149,fp16,T,T,53,-606629622,0.00917,0.02712,2.9586,4,277,155.2,0,1.0121
14573,5141,2956,bf16,T,T,39,-606619916,4.43045,4.78903,1.0809,4,5,93.9,0,1.2054
2357,1713,3201,bf16,T,N,231,-606630837,0.27589,0.40877,1.4816,4,24,153.0,0,0.8955
257,4111,2657,fp16,T,T,53,-606629615,0.12148,0.65449,5.3878,4,15,225.9,0,1.0201
28485,7671,61,fp16,N,N,90,-606624255,1.45804,1.68323,1.1544,4,6,602.5,0,0.9324
8,27,399,fp32,N,T,612,-606618108,0.00850,0.00784,0.9221,4,700,6.7,0,0.9973
16,6623,8533,fp16,T,T,53,-606629612,0.15737,1.09487,6.9574,4,10,722.7,0,1.0073
16334,1775,457,fp16,T,T,53,-606629607,0.42957,1.82238,4.2424,4,6,308.5,0,0.9537
2549,1987,6802,bf16,N,N,166,-606605311,0.72301,0.82231,1.1373,4,12,113.4,0,0.9373
1673,3509,827,fp32,T,N,519,-606608179,0.35319,0.36643,1.0375,4,31,115.0,0,1.0988
72,5601,31590,fp16,N,T,70,-606604779,0.59616,2.04493,3.4302,4,5,603.9,0,0.9047
48,1079,114,fp32,T,T,82,-606620797,0.00820,0.00872,1.0629,4,663,87.9,0,1.0016
407,18635,591,fp16,N,N,90,-606603428,0.14326,0.46079,3.2165,4,22,368.9,0,1.0060
660,132,20045,fp16,N,N,232,-606624108,0.11878,0.35197,2.9632,4,29,270.2,0,1.0013
47,436,1199,fp16,N,T,68,-606627666,0.01448,0.01446,0.9988,4,480,85.6,0,1.0005
7469,7096,13033,fp16,T,T,53,-606629620,20.49782,23.28198,1.1358,4,5,28.9,0,1.0017
7595,14157,1892,fp16,N,N,90,-606603424,3.87397,4.01871,1.0374,4,5,132.3,0,1.0098
287,2947,675,fp32,N,T,612,-606601887,0.04387,0.06640,1.5134,4,143,276.1,0,1.0001
4,11,4,bf16,T,T,4,-354,0.00853,0.00802,0.9404,4,987,0.0,0,0.9971
22461,2050,214,fp16,T,N,245,-606603075,0.42261,0.60960,1.4425,4,16,460.6,0,0.9245
55,31775,102,fp32,N,N,556,-606627765,0.02976,0.02994,1.0063,4,286,671.3,0,1.0116
16831,4523,548,bf16,N,T,57,-606603219,1.14107,1.28418,1.1254,4,8,287.4,0,1.0064
16134,1654,6162,bf16,N,N,166,-606629916,2.96298,3.05428,1.0308,4,5,110.0,0,0.9979
1645,6483,15053,bf16,T,N,231,-606605644,2.91143,7.19876,2.4726,4,5,98.7,0,1.0050
16279,54,1495,bf16,N,T,62,-606623132,0.08475,0.08662,1.0221,4,107,617.7,0,1.0165
9,439,14,fp32,T,T,82,-606620753,0.00899,0.00797,0.8862,4,933,4.5,0,0.9985
1996,1158,224,fp32,T,N,519,-606604051,0.03891,0.03983,1.0238,4,221,310.3,0,1.0058
2509,286,16100,fp16,T,T,88,-606629621,0.46453,1.83166,3.9431,4,6,199.9,0,1.0065
28191,342,548,fp16,N,N,92,-606624259,0.16732,0.17232,1.0299,4,57,417.4,0,1.1023
10370,120,68,fp16,N,T,227,-606627678,0.01233,0.02050,1.6621,4,390,519.3,0,0.9310
566,41,14,fp16,N,N,94,-606603313,0.00872,0.00818,0.9374,4,652,12.6,0,1.0005
13723,543,7042,fp32,N,N,556,-606628040,3.19845,3.67386,1.1486,4,5,135.0,0,1.0088
2057,3356,30514,fp16,N,T,62,-606604851,6.49185,10.48307,1.6148,4,5,55.1,0,0.9850
5585,96,3816,fp16,T,T,88,-606629612,0.10227,0.33311,3.2572,4,30,444.9,0,1.0053
9047,2802,8950,fp32,T,T,82,-606620778,13.32470,13.28115,0.9967,4,5,39.4,0,1.0050
867,1735,1249,fp32,N,T,612,-606602188,0.12589,0.18088,1.4369,4,55,151.1,0,0.9960
4,228,1017,fp32,T,N,539,-606603897,0.00935,0.01235,1.3208,4,413,101.3,0,1.0028
2186,2857,129,bf16,T,T,39,-606619899,0.08902,0.09785,1.0991,4,100,295.2,0,0.9996
2710,692,103,bf16,T,T,39,-606619918,0.02267,0.02407,1.0619,4,341,361.9,0,1.0047
639,5924,12223,fp16,N,T,62,-606627717,1.14184,1.93713,1.6965,4,6,153.8,0,1.0021
195,71,914,fp32,T,N,519,-606624665,0.01247,0.02363,1.8947,4,267,82.4,0,0.9941
4210,3609,16813,fp16,N,T,62,-606604851,7.13821,10.47487,1.4674,4,5,45.3,0,1.1303
32744,1687,221,fp16,T,N,245,-606603069,0.53210,0.88555,1.6643,4,11,443.9,0,1.0049
14171,13508,10645,bf16,T,T,39,-606619916,33.17265,68.99590,2.0799,4,5,40.8,0,1.1153
25035,6166,5242,bf16,T,T,39,-606619916,14.46137,22.32870,1.5440,4,5,65.3,0,0.9387
967,40,27610,fp32,N,T,614,-606618433,0.22156,0.45422,2.0501,4,24,502.7,0,1.0024
24,51,332,fp32,T,N,519,-606624713,0.00866,0.00808,0.9340,4,757,12.1,0,1.0084
928,3134,196,bf16,N,T,57,-606603219,0.04029,0.05210,1.2932,4,182,328.3,0,1.0095
1998,17689,11502,fp16,N,T,62,-606604870,11.61228,11.86849,1.0221,4,5,51.2,0,1.0703
22483,6529,7118,fp16,N,T,62,-606604870,27.27938,29.31164,1.0745,4,5,36.7,0,1.0690
1213,164,111,fp16,T,N,382,-606622851,0.00800,0.01102,1.3782,4,485,137.8,0,0.9605
7915,187,1057,fp16,N,N,97,-606624245,0.06498,0.07285,1.1212,4,125,354.7,0,1.1141
8,472,90,bf16,N,N,388,-606605199,0.00811,0.00787,0.9705,4,898,12.5,0,0.9040
19776,670,1333,fp32,T,T,82,-606620796,1.28489,1.27309,0.9908,4,9,126.1,0,1.1724
353,990,4693,fp32,T,T,82,-606620814,0.12806,0.25352,1.9796,4,36,207.8,0,0.9671
11931,653,374,fp16,T,T,53,-606629608,0.13069,0.42111,3.2222,4,21,310.5,0,0.8863
6,6,16,fp16,T,T,71,-606629545,0.00816,0.00836,1.0249,4,826,0.1,0,0.9990
44,14524,56,bf16,N,T,57,-606623163,0.01192,0.01901,1.5953,4,435,351.4,0,1.0179
2848,3339,7468,fp32,T,T,82,-606620794,4.24239,4.22537,0.9960,4,5,52.5,0,0.9824
1342,540,1572,fp32,N,T,614,-606618402,0.08168,0.10997,1.3464,4,88,180.4,0,1.0068
4354,469,1878,bf16,T,T,39,-606619912,0.11656,0.12325,1.0574,4,75,225.5,0,1.0094
4248,148,640,bf16,N,T,57,-606623132,0.02146,0.02932,1.3667,4,289,379.4,0,1.0012
19228,8177,5324,fp16,N,T,62,-606604870,18.38328,19.10274,1.0391,4,5,50.1,0,1.1021
2715,15244,1829,bf16,N,T,57,-606623199,1.68241,6.79354,4.0380,4,5,137.4,0,0.9574
180,102,2154,fp32,T,T,82,-606620827,0.05140,0.12097,2.3534,4,87,48.7,0,0.9997
347,21,11535,bf16,N,N,176,-606605266,0.03432,0.03419,0.9961,4,249,248.2,0,1.0056
614,943,15203,fp16,N,N,103,-606603299,0.35768,0.77041,2.1539,4,13,138.8,0,1.0028
2099,543,2,bf16,N,T,57,-613,0.00921,0.00937,1.0175,4,716,496.2,0,0.9996
8886,211,8690,bf16,N,T,62,-606603181,0.37080,0.37046,0.9991,4,27,446.6,0,1.0041
6719,28196,3804,fp16,N,N,217,-606603355,12.00764,13.00458,1.0830,4,5,85.2,0,1.0151
16471,741,654,fp32,N,N,556,-606627767,0.50932,0.51012,1.0016,4,21,184.3,0,1.0692
116,454,228,fp16,T,N,245,-606622868,0.00842,0.03571,4.2407,4,224,55.9,0,0.9454
9742,27,123,fp32,T,N,519,-606603802,0.00917,0.01482,1.6161,4,523,639.0,0,0.9392
10005,193,5516,fp16,T,T,53,-606629607,0.32123,2.17468,6.7699,4,5,374.3,0,1.0091
8128,2433,2138,fp16,N,N,94,-606603427,0.86930,0.93514,1.0757,4,11,142.9,0,0.9963
135,2,15,fp32,T,N,212,-606603820,0.00855,0.00774,0.9046,4,993,1.1,0,1.0097
634,16346,25,fp16,T,N,245,-606622940,0.06357,0.15829,2.4901,4,62,665.5,0,1.0056
11043,52,8,bf16,T,N,332,-606630674,0.00853,0.01071,1.2564,4,576,290.2,0,0.8315
1461,4490,125,bf16,N,N,166,-606629859,0.05258,0.06693,1.2728,4,140,527.3,0,1.0276
6816,2522,4438,fp32,N,N,556,-606628019,4.32463,6.65532,1.5389,4,5,54.2,0,0.9773
17458,16527,92,bf16,N,N,166,-606629916,1.95160,3.61583,1.8528,4,5,594.6,0,0.9931
21941,30,7,bf16,N,N,166,-709,0.00965,0.01708,1.7703,4,459,304.8,0,1.0045
70,1693,2347,bf16,N,N,176,-606629833,0.03604,0.05870,1.6287,4,151,242.8,0,0.9436
5717,29,9224,bf16,N,T,64,-606623205,0.13511,0.17338,1.2833,4,53,789.5,0,1.0122
3779,6542,5075,fp16,T,T,53,-606629620,2.93382,3.00745,1.0251,4,5,69.4,0,1.0030
552,15220,9923,bf16,N,N,273,-606629857,1.49510,2.55009,1.7056,4,5,231.8,0,1.1207
1766,834,7401,bf16,T,T,39,-606619903,0.25481,0.46127,1.8103,4,21,174.2,0,0.9373
8544,324,356,bf16,T,N,332,-606630855,0.03298,0.07409,2.2464,4,128,527.1,0,1.0505
343,454,475,bf16,T,T,39,-606619899,0.01258,0.01193,0.9487,4,509,109.7,0,0.9636
70,49,67,fp32,T,N,519,-606624744,0.00840,0.00822,0.9792,4,785,5.4,0,1.0088
282,430,910,fp32,T,T,82,-606620796,0.02649,0.04925,1.8591,4,190,116.1,0,1.0118
203,41,23,fp16,N,T,62,-606604831,0.00757,0.00792,1.0469,4,929,5.9,0,1.0059
168,19,3713,bf16,T,N,244,-606605534,0.01249,0.01287,1.0305,4,513,112.2,0,1.0048
10167,498,1094,bf16,N,N,166,-606605353,0.15656,0.16902,1.0796,4,60,278.4,0,1.0562
7124,5999,8,fp32,N,N,556,-606604954,0.15722,0.20054,1.2756,4,48,1090.0,0,0.9460
7345,689,17245,fp16,N,T,62,-606627760,2.46119,3.88637,1.5791,4,5,120.8,0,1.0025
2558,4222,289,fp32,N,T,612,-606602147,0.22043,0.24667,1.1191,4,40,231.5,0,1.0074
29767,5575,10349,bf16,N,T,57,-606623198,51.95723,53.14637,1.0229,4,5,26.9,0,1.0001
2681,2391,14700,fp16,T,T,53,-606629611,2.18652,12.79136,5.8501,4,5,79.9,0,1.0070
236,22709,9873,bf16,N,T,57,-606603145,1.46310,1.46728,1.0029,4,7,324.3,0,1.1620
5076,37,24499,fp16,T,N,258,-606622912,0.33736,0.40221,1.1922,4,23,744.8,0,0.8930
8988,2166,3529,bf16,T,T,39,-606619931,1.34383,1.34893,1.0038,4,8,116.5,0,1.0029
1470,4766,583,fp32,T,T,82,-606620781,0.27042,0.29386,1.0867,4,33,157.4,0,1.0063
357,233,1049,bf16,T,N,238,-606605540,0.01791,0.01791,1.0000,4,433,87.7,0,1.0000
29,2402,1476,bf16,T,T,39,-606619899,0.03141,0.03140,0.9996,4,287,237.3,0,0.9996
88,25,442,fp32,N,N,556,-606605146,0.00868,0.00804,0.9263,4,625,24.0,0,1.0115
2769,519,5268,fp32,N,N,556,-606628040,0.50657,0.60149,1.1874,4,17,148.1,0,1.0152
33,11,12,bf16,N,N,166,-606629873,0.00820,0.00791,0.9643,4,943,0.3,0,0.9929
8374,24,43,fp16,N,N,358,-606603267,0.00796,0.00937,1.1767,4,708,191.7,0,1.0161
640,484,12527,bf16,T,T,39,-606619899,0.22224,0.34486,1.5517,4,29,132.3,0,1.0008
82,13209,19164,fp16,N,N,103,-606624245,0.65140,0.93989,1.4429,4,11,788.7,0,1.0837
6627,266,435,bf16,T,N,231,-606605603,0.03718,0.12083,3.2499,4,79,350.9,0,0.9533
554,2729,19204,fp16,T,T,53,-606629614,0.99953,4.88653,4.8888,4,5,132.2,0,1.0086
1288,51,554,fp16,T,N,245,-606602886,0.01265,0.02553,2.0189,4,312,138.1,0,1.0010
57,95,395,fp32,T,T,82,-606620797,0.01345,0.01917,1.4256,4,309,19.5,0,0.9892
804,21161,19972,fp16,N,N,94,-606603354,6.33145,9.28651,1.4667,4,5,149.3,0,1.0316
240,503,360,fp16,N,N,94,-606603411,0.01214,0.01946,1.6032,4,389,83.9,0,1.0026
9120,553,7527,bf16,T,N,231,-606630852,0.76056,1.21007,1.5910,4,9,218.0,0,1.0051
53,52,6,fp32,N,N,556,-606627937,0.00989,0.00837,0.8457,4,885,1.4,0,0.9971
7568,5173,19569,fp32,T,T,82,-606620831,43.82003,46.12390,1.0526,4,5,26.3,0,1.0040
3477,1188,4568,fp32,N,N,556,-606605073,1.23800,1.56886,1.2673,4,6,82.2,0,1.1372
4605,8859,385,fp32,T,N,519,-606624856,0.97183,0.99972,1.0287,4,10,189.2,0,0.9905
243,193,576,bf16,N,T,57,-606623166,0.01019,0.00825,0.8096,4,583,67.7,0,0.9549
50,14851,99,fp16,T,T,53,-606629613,0.01323,0.02751,2.0788,4,310,447.4,0,1.0039
593,612,10258,fp16,T,N,395,-606622762,0.15890,0.23411,1.4733,4,42,164.7,0,0.9966
2105,535,3010,fp16,T,T,53,-606629614,0.12469,0.62266,4.9935,4,16,163.6,0,1.0442
15232,2583,3628,bf16,T,T,39,-606619921,2.48298,2.47901,0.9984,4,5,115.4,0,1.0049
4406,1748,11716,bf16,N,N,273,-606629916,1.72569,1.92429,1.1151,4,6,101.4,0,1.0165
4256,356,103,bf16,N,N,273,-606605187,0.01420,0.02078,1.4631,4,387,493.6,0,1.0084
4,70,19819,fp16,T,T,36,-374,1.23957,2.34992,1.8958,4,5,2.4,0,1.0029
235,25559,141,fp32,N,N,556,-606627946,0.07840,0.07499,0.9564,4,118,492.0,0,1.0217
4483,916,12551,fp16,N,N,217,-606603427,1.11456,1.30729,1.1729,4,8,136.3,0,1.0209
1128,2592,1304,fp16,N,T,229,-606604819,0.10174,0.11010,1.0822,4,87,210.3,0,1.0192
5354,11917,15085,fp16,N,N,94,-606603433,15.32587,26.80318,1.7489,4,5,50.7,0,1.0036
1359,20037,70,bf16,T,N,231,-606605609,0.19481,0.19345,0.9930,4,49,574.5,0,1.0001
32,2,6483,fp16,N,T,70,-606604754,0.01691,0.02757,1.6301,4,208,26.1,0,1.0057
335,83,3145,bf16,N,N,176,-606629919,0.02322,0.01699,0.7318,4,264,118.0,0,1.0194
762,658,1083,bf16,N,N,174,-606605290,0.03591,0.08770,2.4420,4,110,141.5,0,1.0229
52,2763,88,fp16,N,T,62,-606627736,0.01123,0.00796,0.7082,4,841,95.3,0,1.0056
169,12142,16836,fp16,N,T,68,-606604851,0.82686,0.82491,0.9976,4,13,511.3,0,1.0186
9694,4213,9403,fp32,T,T,82,-606620831,21.83870,22.54480,1.0323,4,5,31.4,0,1.0320
2567,6335,424,bf16,N,T,57,-606603219,0.23508,0.33898,1.4420,4,29,308.8,0,1.0181
449,2664,14858,fp32,N,T,614,-606618439,1.31432,1.75017,1.3316,4,6,144.4,0,0.9875
353,7,17,fp16,T,N,73,-606603020,0.01020,0.00821,0.8042,4,750,2.2,0,1.0017
23424,1295,9550,fp16,T,T,53,-606629607,5.38465,5.40158,1.0031,4,5,110.2,0,1.0337
80,1339,29,fp16,N,T,62,-606627736,0.00798,0.00779,0.9769,4,861,64.0,0,1.0053
1593,11674,4963,fp32,T,T,82,-606620827,5.41778,5.41169,0.9989,4,5,62.3,0,1.0656
15750,7631,3063,bf16,T,N,231,-606630833,5.92966,7.67533,1.2944,4,5,105.2,0,1.0406
251,747,1692,fp16,T,N,250,-606622763,0.03306,0.05281,1.5976,4,179,124.8,0,0.9691
1612,10931,1617,fp16,T,N,245,-606622975,0.53377,0.54323,1.0177,4,19,208.0,0,1.0821
9256,18847,11699,bf16,N,T,57,-606623161,61.67522,65.05193,1.0547,4,5,22.0,0,0.9563
7,27,30631,fp16,N,N,99,-606603283,0.06533,0.18331,2.8058,4,54,31.9,0,0.9994
8278,28385,6003,fp16,T,T,53,-606629620,41.61583,46.69505,1.1221,4,5,33.2,0,1.0104
487,90,2603,fp32,T,T,82,-606620828,0.06107,0.13632,2.2320,4,71,101.2,0,1.0036
3229,2722,4,bf16,T,N,231,-144,0.03833,0.11670,3.0449,4,81,918.6,0,0.9981
8892,6,8022,bf16,N,N,33,-606605269,0.25003,0.27107,1.0842,4,38,571.8,0,1.0730
2134,29859,4884,fp16,N,T,62,-606627698,6.24173,6.15562,0.9862,4,5,90.9,0,1.1675
7401,742,501,bf16,T,T,39,-606619903,0.11556,0.12220,1.0574,4,73,260.7,0,0.8804
297,3,57,fp16,T,N,51,-606622899,0.00812,0.01103,1.3591,4,458,4.7,0,0.9394
470,403,5300,bf16,N,T,64,-606623205,0.07700,0.12356,1.6046,4,78,130.0,0,1.0017
1338,2135,3432,fp32,N,T,612,-606602095,0.64548,0.83794,1.2982,4,13,91.6,0,1.1372
4,5,138,bf16,T,N,31,-606605476,0.00735,0.00765,1.0400,4,742,0.3,0,0.8942
6,3,4525,bf16,N,T,64,-606603222,0.01271,0.01943,1.5280,4,260,6.4,0,1.0034
515,9822,5268,fp32,T,N,519,-606624942,1.67721,1.79943,1.0729,4,6,141.9,0,1.1480
105,35,65,fp32,N,T,612,-606618149,0.00708,0.00748,1.0565,4,943,7.2,0,0.9056
1920,10784,164,fp32,T,T,82,-606620773,0.24534,0.27616,1.1256,4,38,371.5,0,1.0814
17768,4894,5082,fp16,T,T,88,-606629620,10.22123,10.59871,1.0369,4,5,56.6,0,0.9367
28,1638,14,fp16,N,N,98,-606624243,0.00769,0.00763,0.9924,4,952,29.9,0,0.9990
3854,1152,17418,fp32,N,N,556,-606605112,4.88977,5.84565,1.1955,4,5,75.0,0,1.1105
407,3057,15543,fp16,T,N,250,-606622962,0.46062,1.05092,2.2815,4,9,244.6,0,0.9896
16,427,3,fp16,N,T,62,-606604834,0.00802,0.00775,0.9658,4,826,3.7,0,0.9426
291,379,22,bf16,T,N,231,-606630710,0.00810,0.00799,0.9869,4,947,58.1,0,1.0037
20,5,16,fp32,N,T,612,-606618202,0.00809,0.00790,0.9768,4,830,0.2,0,0.8641
12045,14390,12061,bf16,T,T,39,-606619916,36.88526,74.02209,2.0068,4,5,36.1,0,1.0058
13,1642,21553,fp16,T,N,259,-606602963,0.10031,0.16797,1.6745,4,57,712.1,0,1.0053
4799,6592,526,fp16,T,N,513,-606622973,0.32180,0.35558,1.1050,4,28,430.5,0,1.0252
16500,10195,4557,bf16,N,T,57,-606623124,16.15941,17.60231,1.0893,4,5,56.7,0,0.9961
6643,1915,30888,fp16,N,T,62,-606604851,12.19079,20.04700,1.6444,4,5,47.5,0,1.1480
769,3799,3455,bf16,T,T,39,-606619926,0.32012,0.32153,1.0044,4,31,135.1,0,0.9355
4576,17384,198,fp32,T,N,539,-606624805,0.93640,1.03516,1.1055,4,10,358.4,0,1.1845
14584,32,3,fp16,T,T,53,-606629594,0.00907,0.00879,0.9690,4,819,215.4,0,0.8527
303,4164,786,fp32,N,T,614,-606618216,0.08627,0.09899,1.1474,4,98,221.3,0,1.0470
1488,868,1783,fp16,N,T,68,-606627760,0.08824,0.10763,1.2197,4,90,153.8,0,0.9711
360,123,971,bf16,T,T,39,-606619899,0.01805,0.01803,0.9992,4,362,61.8,0,0.9980
17633,929,112,fp32,T,T,82,-606620832,0.15079,0.21036,1.3950,4,49,489.7,0,1.1247
7483,4853,24963,fp16,N,N,90,-606624263,14.97747,16.51772,1.1028,4,5,50.8,0,0.9272
16612,4241,709,fp32,T,N,519,-606603932,2.91626,2.96100,1.0153,4,5,116.9,0,1.0640
56,6499,765,fp16,N,T,62,-606627664,0.02738,0.02835,1.0357,4,312,419.5,0,0.9674
9,1818,7377,fp16,T,T,53,-606629622,0.13674,0.89456,6.5422,4,12,197.6,0,0.9942
92,113,31004,bf16,T,T,39,-606619899,0.58285,0.87728,1.5052,4,12,21.9,0,1.0028
4163,662,549,fp32,T,T,82,-606620797,0.10789,0.14790,1.3709,4,67,200.4,0,1.0118
5659,2610,7950,fp32,T,N,519,-606624844,6.65434,6.88798,1.0351,4,5,48.4,0,1.0043
294,8536,5746,fp16,T,T,88,-606629615,0.35671,1.92489,5.3963,4,6,312.6,0,0.9974
7,569,744,fp32,T,T,82,-606620815,0.02101,0.03768,1.7940,4,219,82.4,0,0.9968
5798,18773,1932,bf16,T,N,231,-606630830,3.45391,3.66358,1.0607,4,5,153.5,0,1.0836
5,18,144,fp32,N,T,612,-606601893,0.00794,0.00781,0.9833,4,933,1.7,0,0.9436
54,2684,74,fp32,T,N,525,-606624732,0.00828,0.00808,0.9759,4,924,167.9,0,1.0004
6,47,9,fp16,T,T,36,-378,0.00852,0.00840,0.9852,4,812,0.2,0,0.9931
5238,452,7354,bf16,T,N,339,-606605423,0.36393,0.42925,1.1795,4,23,256.0,0,1.0143
2140,6802,2813,bf16,N,T,57,-606603161,0.89878,5.05111,5.6200,4,5,120.8,0,1.0175
27572,854,2326,bf16,N,N,166,-606629916,1.09726,1.11277,1.0141,4,9,206.4,0,1.0727
385,537,180,bf16,N,T,57,-606623163,0.00786,0.00927,1.1804,4,652,147.5,0,0.9547
128,4799,8619,fp16,N,T,68,-606627668,0.20681,0.62945,3.0437,4,16,422.6,0,1.0693
2714,7395,8442,fp16,N,N,94,-606624158,3.35685,4.47020,1.3317,4,5,74.8,0,0.9270
3836,930,16218,bf16,T,N,231,-606630837,1.22905,1.53612,1.2498,4,7,137.4,0,1.0491
1490,8249,3143,fp32,T,N,519,-606624851,2.21095,2.25336,1.0192,4,5,77.6,0,0.9589
1819,2639,8415,fp32,N,N,556,-606628025,2.35269,3.20123,1.3607,4,5,71.9,0,0.9989
1556,467,26356,fp32,N,T,612,-606618178,1.26916,1.27722,1.0064,4,8,170.3,0,1.0026
4577,1294,17,fp16,N,T,62,-606627728,0.03572,0.03559,0.9964,4,250,668.9,0,0.9902
1821,141,1022,bf16,N,N,174,-606629879,0.02861,0.03585,1.2529,4,217,176.1,0,1.0029
3216,9674,8960,fp16,N,N,98,-606624261,4.71356,7.51651,1.5947,4,5,75.4,0,0.9977
26145,3507,1470,bf16,N,T,57,-606623199,2.81584,2.94199,1.0448,4,5,161.2,0,1.0093
64,508,65,bf16,N,T,57,-606603187,0.00850,0.00784,0.9225,4,982,24.1,0,0.9997
1751,376,3285,bf16,T,T,39,-606619899,0.10068,0.11193,1.1117,4,89,164.9,0,1.0112
6408,1987,1869,fp32,T,N,519,-606624856,1.40802,1.45861,1.0359,4,7,80.7,0,0.9962
76,54,147,fp16,N,T,62,-606627732,0.00800,0.00920,1.1491,4,596,6.8,0,0.9914
5478,11616,137,fp16,N,T,227,-606627749,0.42774,0.64785,1.5146,4,16,606.0,0,1.0001
2671,9841,2865,bf16,N,N,166,-606605353,1.43151,1.66971,1.1664,4,6,123.5,0,1.0132
828,1802,3280,fp16,N,T,68,-606627741,0.14081,0.18268,1.2974,4,53,164.9,0,1.0054
86,108,52,fp16,T,N,382,-606602880,0.00813,0.00810,0.9953,4,972,7.0,0,0.9958
6990,455,362,bf16,N,N,166,-606605218,0.05101,0.05086,0.9971,4,166,355.1,0,0.9931
1072,2677,16130,bf16,N,T,57,-606623161,1.06158,1.78417,1.6807,4,6,124.7,0,1.0366
1320,25606,6339,fp16,N,T,62,-606627711,4.82742,4.86374,1.0075,4,5,98.7,0,0.9745
2721,5270,9391,fp32,T,T,82,-606620807,7.97325,8.00599,1.0041,4,5,44.8,0,1.0067
790,2006,16882,fp32,N,T,612,-606602201,1.64363,1.95657,1.1904,4,6,118.7,0,1.0975
2445,48,37,bf16,N,N,388,-606605199,0.00844,0.00788,0.9342,4,938,77.5,0,0.9284
383,1051,295,fp16,N,T,62,-606627664,0.01389,0.01475,1.0624,4,500,176.9,0,0.9839
1636,12046,3290,fp32,T,N,519,-606624819,3.64978,3.85997,1.0576,4,5,70.9,0,0.9940
535,281,30218,bf16,N,N,176,-606629833,0.22528,0.22497,0.9986,4,43,221.6,0,0.9951
2297,447,26673,fp32,T,T,82,-606620831,1.90070,1.89830,0.9987,4,5,156.2,0,1.1010
23172,352,226,bf16,N,T,201,-606603174,0.08419,0.09548,1.1341,4,98,513.8,0,0.9457
2594,3596,15191,bf16,N,T,57,-606623198,4.00221,6.22235,1.5547,4,5,56.3,0,0.9854
21225,24461,189,fp16,T,T,53,-606629609,6.86128,6.81901,0.9938,4,5,305.2,0,1.0036
492,316,86,fp16,N,N,223,-606624090,0.00842,0.00758,0.8997,4,929,90.3,0,1.0006
1143,4262,175,fp16,N,T,62,-606627717,0.05317,0.07634,1.4358,4,124,402.1,0,1.0048
26727,245,26089,fp32,T,T,82,-606620815,10.77446,18.70185,1.7358,4,5,263.7,0,1.0069
693,30899,1128,fp32,N,N,556,-606605122,1.40169,1.44926,1.0339,4,7,162.8,0,1.1253
15,7777,189,bf16,N,T,57,-606603238,0.00962,0.01467,1.5239,4,500,354.5,0,0.9136
23,35,2223,fp32,T,N,519,-606624683,0.02163,0.04584,2.1198,4,170,24.0,0,0.9931
2208,8447,1462,fp16,T,T,53,-606629620,0.58082,3.69167,6.3560,4,5,182.1,0,1.0781
532,542,8561,fp16,T,T,53,-606629622,0.15270,0.92601,6.0641,4,11,128.0,0,0.9348
51,4,18172,fp16,T,N,175,-606622882,0.02751,0.95036,34.5476,4,13,72.7,0,0.8989
255,8655,1355,fp16,N,T,68,-606627698,0.09458,0.24187,2.5573,4,41,348.6,0,1.0017
9538,22327,3377,fp16,T,T,53,-606629618,16.09418,20.53823,1.2761,4,5,66.3,0,0.9485
2238,16,145,fp16,T,T,53,-606629621,0.00811,0.02069,2.5520,4,367,98.3,0,0.9494
283,450,15541,fp32,N,N,556,-606605063,0.22112,0.43896,1.9852,4,21,208.4,0,0.9328
32,179,17775,bf16,N,N,176,-606605266,0.04115,0.11807,2.8697,4,81,182.9,0,1.0038
1419,1427,77,fp32,N,N,556,-606627767,0.02105,0.02734,1.2990,4,316,426.4,0,1.0092
60,194,91,bf16,N,T,57,-606623200,0.00851,0.00798,0.9383,4,957,10.9,0,1.0053
275,319,1410,fp32,T,N,519,-606624704,0.02465,0.02592,1.0514,4,331,150.1,0,1.0029
1198,115,2023,fp16,T,T,53,-606629612,0.03963,0.26488,6.6836,4,38,148.0,0,1.0027
98,310,1627,fp16,T,T,53,-606629622,0.02910,0.15348,5.2736,4,56,49.8,0,1.0013
136,722,17283,fp32,T,N,519,-606624915,0.27993,0.32200,1.1503,4,32,213.3,0,1.0029
242,45,8633,fp16,T,N,258,-606622839,0.02744,0.02844,1.0363,4,284,182.2,0,1.0050
49,65,29,bf16,T,N,231,-606630723,0.00745,0.00776,1.0410,4,893,2.6,0,0.9940
40,27553,19,bf16,N,N,166,-606605179,0.01459,0.01459,0.9994,4,520,373.9,0,1.0007
678,4915,132,fp16,T,T,53,-606629607,0.05579,0.08071,1.4467,4,117,265.4,0,1.0074
82,4,340,fp16,N,N,121,-606624090,0.00757,0.04337,5.7305,4,208,7.9,0,0.9989
4404,24215,2543,bf16,N,T,57,-606603218,5.69180,5.68101,0.9981,4,5,100.5,0,1.0098
271,459,2644,fp16,N,N,99,-606624235,0.03203,0.05843,1.8239,4,166,136.0,0,0.9990
1769,19104,19793,fp16,N,N,352,-606624162,11.06169,11.90287,1.0760,4,5,86.9,0,1.0160
4579,5040,9805,fp16,N,T,227,-606627754,4.10688,6.38234,1.5541,4,5,68.4,0,1.0807
5151,2133,12738,fp32,T,T,82,-606620811,9.06051,9.38679,1.0360,4,5,45.8,0,1.0710
72,5,4590,fp16,N,N,60,-606603392,0.05983,0.05979,0.9994,4,113,11.8,0,0.9522
1065,182,93,fp32,T,T,82,-606620796,0.00925,0.00965,1.0436,4,600,134.0,0,1.0001
2418,3635,2332,fp16,T,N,245,-606603078,0.41170,0.40478,0.9832,4,26,154.0,0,1.0708
563,13633,1630,bf16,T,N,231,-606630824,0.30629,0.32428,1.0588,4,31,251.3,0,1.0021
8620,1958,4954,bf16,N,T,57,-606623198,1.67848,1.79529,1.0696,4,5,102.7,0,0.9759
2489,11734,203,fp32,N,T,612,-606618354,0.40714,0.48946,1.2022,4,21,315.3,0,1.0101
3193,24656,18,bf16,T,T,39,-606619917,0.38214,0.53877,1.4099,4,19,826.7,0,1.0130
17,10632,35,bf16,T,N,441,-606630687,0.00795,0.00791,0.9957,4,869,184.7,0,0.9017
2066,7223,3062,fp16,N,T,62,-606604822,0.96627,3.63858,3.7656,4,5,120.6,0,1.0863
29181,383,4795,fp32,T,N,519,-606604043,3.06842,3.17175,1.0337,4,5,199.4,0,0.9347
19479,34,26,fp16,N,N,92,-606624069,0.01247,0.02044,1.6387,4,396,293.7,0,1.0078
12,28750,82,fp16,T,N,245,-606602969,0.01424,0.02867,2.0137,4,300,428.2,0,1.0028
2654,174,491,fp16,T,N,245,-606622794,0.02245,0.09797,4.3642,4,98,206.0,0,1.0069
28339,651,35,fp32,N,N,556,-606627855,0.09704,0.10334,1.0649,4,93,802.3,0,1.0057
124,2270,12099,bf16,N,N,176,-606605266,0.20983,0.20972,0.9995,4,46,281.4,0,1.0017
2540,403,4746,fp32,N,N,558,-606605073,0.34203,0.44043,1.2877,4,23,175.3,0,1.0072
248,1476,26453,fp32,T,N,539,-606603840,0.63561,0.78855,1.2406,4,13,289.3,0,0.9970
14753,197,391,bf16,N,N,166,-606605218,0.05794,0.05780,0.9977,4,155,402.5,0,1.0138
206,1769,1903,fp32,N,N,556,-606628008,0.05383,0.13068,2.4274,4,75,306.3,0,1.0030
544,111,263,fp16,T,T,53,-606629622,0.00916,0.03140,3.4301,4,220,64.0,0,1.0021
7391,6,378,fp16,N,N,53,-606603313,0.01735,0.07623,4.3933,4,124,332.5,0,1.0004
1238,8416,2895,bf16,N,N,388,-606629809,0.54845,0.64316,1.1727,4,16,177.9,0,1.1126
2888,10491,9476,fp32,T,T,82,-606620794,16.42320,17.21465,1.0482,4,5,38.3,0,0.9512
27155,25,2294,fp32,N,N,556,-606604977,0.28717,0.36564,1.2733,4,25,877.9,0,0.9892
26302,4702,5012,fp32,T,T,82,-606620794,34.61124,34.94104,1.0095,4,5,32.3,0,1.0051
109,25984,7439,fp32,N,T,614,-606618426,1.37934,1.93641,1.4039,4,5,571.1,0,0.9973
5767,17,7,bf16,T,N,231,-606605476,0.00854,0.00774,0.9063,4,947,55.4,0,1.0059
16781,1519,4,fp16,T,N,245,-606622733,0.09570,0.39511,4.1288,4,25,1067.0,0,1.0148
7206,7399,11832,bf16,N,T,57,-606623124,18.19995,18.44207,1.0133,4,5,30.7,0,1.0147
4908,3144,12932,fp16,N,T,227,-606627716,3.49227,4.18259,1.1977,4,5,77.3,0,1.0084
56,17002,142,fp32,T,T,82,-606620814,0.02474,0.04917,1.9878,4,184,545.7,0,0.9996
1625,1466,2215,bf16,N,N,174,-606629917,0.12236,0.19737,1.6130,4,50,189.8,0,1.0166
120,4028,9865,bf16,N,N,283,-606605175,0.20203,0.21115,1.0451,4,46,414.7,0,1.0035
476,10881,1532,bf16,N,N,166,-606629968,0.21116,0.68884,3.2622,4,14,262.9,0,1.0052
1079,4910,643,fp32,N,T,612,-606602014,0.22446,0.28650,1.2764,4,35,163.0,0,1.0014
3736,245,25,fp32,T,N,519,-606603795,0.00890,0.00949,1.0665,4,673,456.1,0,1.0052
344,1600,26541,fp16,N,N,399,-606624209,0.31739,0.43167,1.3600,4,23,332.1,0,1.0047
5689,3249,1924,fp16,N,N,90,-606603414,0.73595,0.74935,1.0182,4,14,147.2,0,1.0048
5091,30034,4332,bf16,T,T,39,-606619916,11.51449,15.79642,1.3719,4,5,79.5,0,1.0019
22461,1885,995,fp32,T,T,82,-606620781,2.45633,2.52216,1.0268,4,5,108.4,0,1.0089
3824,2142,731,bf16,T,T,39,-606619903,0.15891,0.16754,1.0543,4,58,261.1,0,1.0025
6078,2284,27465,fp16,T,T,53,-606629608,10.55002,49.78496,4.7189,4,5,48.8,0,0.9999
5152,5535,19328,bf16,N,N,166,-606630018,9.29769,10.23071,1.1003,4,5,56.7,0,1.0191
365,245,570,fp32,T,T,82,-606620798,0.01866,0.03196,1.7127,4,261,93.7,0,1.0125
1178,28,127,fp16,N,N,223,-606624086,0.00867,0.00784,0.9040,4,952,50.5,0,1.0098
20781,781,95,bf16,T,T,39,-606619899,0.18937,0.22773,1.2026,4,44,364.5,0,1.0004
1880,192,5159,fp16,N,N,399,-606603377,0.07632,0.18968,2.4852,4,53,299.0,0,1.0051
3595,4660,4539,fp16,N,T,62,-606604822,1.63962,1.65386,1.0087,4,7,86.6,0,1.0071
2999,7,576,fp32,N,T,612,-606618433,0.00954,0.01359,1.4251,4,577,735.0,0,0.9990
2781,39,11,fp16,T,N,245,-606622900,0.00898,0.00813,0.9053,4,893,55.2,0,1.0018
1186,84,83,fp32,T,N,525,-606603803,0.00838,0.00767,0.9150,4,873,97.8,0,1.0107
1706,619,938,fp32,N,N,556,-606627966,0.07501,0.10943,1.4590,4,87,172.6,0,1.0032
7,16,176,fp32,T,N,525,-606603803,0.00892,0.00803,0.8997,4,802,1.9,0,1.0056
5028,57,134,fp32,N,N,556,-606627918,0.00982,0.01100,1.1197,4,670,394.3,0,1.0114
62,1197,20988,fp16,T,N,259,-606603005,0.16804,0.16798,0.9996,4,57,316.3,0,1.0048
15,17,11,bf16,N,T,57,-606603187,0.00838,0.00809,0.9650,4,1054,0.2,0,0.9966
3599,37,44,fp16,N,T,62,-606627732,0.00834,0.00796,0.9546,4,881,102.2,0,1.0140
5,1375,513,fp16,N,T,62,-606627734,0.01000,0.01216,1.2158,4,542,144.3,0,0.9990
3104,738,8948,fp32,N,N,556,-606628023,1.24846,1.38548,1.1098,4,8,117.5,0,1.0183
1882,1642,2650,fp16,T,T,88,-606629607,0.18996,1.01448,5.3405,4,10,163.4,0,0.9989
21335,9,95,fp16,N,N,90,-606603313,0.01485,0.01941,1.3076,4,426,324.9,0,1.0066
84,425,868,bf16,T,N,238,-606630790,0.01296,0.01330,1.0260,4,438,79.2,0,0.9982
1704,7245,2332,fp16,N,T,62,-606604822,0.61605,2.33661,3.7929,4,5,147.9,0,1.0093
1478,11511,1964,bf16,N,T,57,-606603161,0.73013,2.84802,3.9007,4,5,163.1,0,1.0031
16847,1637,7114,fp32,T,T,82,-606620791,11.11867,11.76534,1.0582,4,5,57.2,0,1.0149
9497,5923,3671,fp16,T,N,245,-606622965,3.40253,3.49166,1.0262,4,5,99.4,0,1.0637
17149,17236,3307,fp16,N,N,217,-606603430,16.21184,17.53309,1.0815,4,5,87.0,0,0.9741
7326,19577,353,bf16,N,T,57,-606603219,1.77960,2.30890,1.2974,4,5,333.0,0,0.9991
7809,21038,7943,fp16,N,N,92,-606603430,21.09281,23.01651,1.0912,4,5,52.9,0,1.0061
292,460,8645,fp16,T,T,53,-606629613,0.14654,0.90079,6.1471,4,12,92.4,0,0.9988
148,1363,190,fp16,N,N,94,-606624140,0.00989,0.00922,0.9317,4,640,139.6,0,1.0092
145,299,908,fp32,N,N,556,-606627943,0.01251,0.01570,1.2552,4,479,142.8,0,1.0007
7,16,172,fp32,N,T,614,-606602088,0.00862,0.00808,0.9378,4,802,1.9,0,1.0058
4,532,13705,fp32,N,N,564,-606627927,0.03504,0.03505,1.0003,4,238,838.8,0,1.0011
1997,213,18,bf16,N,T,57,-606623223,0.00940,0.00875,0.9312,4,798,189.5,0,1.0040
139,10766,567,fp16,N,N,92,-606624248,0.04032,0.06983,1.7318,4,130,455.1,0,1.0134
23,337,21,fp32,N,T,612,-606618323,0.00849,0.00799,0.9403,4,977,7.2,0,1.0005
169,1592,10135,fp16,T,N,589,-606603007,0.11193,0.13952,1.2465,4,68,328.5,0,1.0122
962,16,2,bf16,T,T,39,-606619899,0.00910,0.00845,0.9284,4,911,7.2,0,0.9977
3163,21339,499,bf16,T,N,231,-606630897,0.85653,0.88368,1.0317,4,12,343.8,0,1.0054
46,28599,24130,bf16,T,N,239,-606605583,1.57701,1.87100,1.1864,4,5,879.9,0,1.0002
19305,237,282,fp16,T,N,245,-606603069,0.06643,0.12399,1.8663,4,77,441.4,0,1.0006
8,85,48,fp32,T,T,82,-606620753,0.00865,0.00780,0.9024,4,830,2.4,0,1.0012
226,28,9754,bf16,N,N,283,-606605266,0.02758,0.19774,7.1684,4,50,180.5,0,1.0050
56,474,21412,bf16,N,T,64,-606603222,0.09107,0.28185,3.0949,4,35,250.4,0,1.0092
32,13,3292,fp16,N,T,68,-606627649,0.01786,0.01784,0.9993,4,290,16.7,0,1.0012
15361,3435,6222,bf16,N,T,57,-606623198,8.02369,7.77562,0.9691,4,5,55.5,0,1.0056
105,14577,1437,bf16,N,N,174,-606630008,0.10041,0.21189,2.1102,4,44,481.2,0,1.0029
86,32,15998,fp32,N,N,556,-606605146,0.09587,0.55609,5.8005,4,18,78.9,0,1.0106
9004,9817,3303,fp16,T,T,53,-606629618,5.49424,7.87312,1.4330,4,5,87.0,0,1.0132
18860,581,16,bf16,T,T,39,-355,0.08094,0.16980,2.0978,4,57,549.2,0,1.0020
1498,10651,606,fp32,N,T,612,-606618425,0.62111,0.64393,1.0367,4,16,150.2,0,1.0010
118,78,61,bf16,N,T,57,-606603220,0.00845,0.00766,0.9066,4,802,7.2,0,1.0001
12795,2122,1558,fp16,T,T,88,-606629610,0.92483,4.76411,5.1513,4,5,167.7,0,1.0073
1289,9239,700,fp32,T,T,82,-606620821,0.51972,0.58149,1.1189,4,17,148.4,0,0.9995
3,18569,15,fp32,N,T,612,-606618194,0.00881,0.00792,0.8989,4,911,151.8,0,1.0044
179,1546,13321,bf16,T,N,247,-606630700,0.15875,1.79109,11.2824,4,6,296.5,0,0.9988
14965,4318,3419,bf16,N,N,166,-606605363,3.77281,4.86244,1.2888,4,5,103.5,0,1.0055
16015,18121,250,fp16,N,T,62,-606627717,3.03769,3.70036,1.2182,4,5,387.8,0,0.9988
15257,2349,553,fp16,T,N,245,-606622971,0.45164,0.52401,1.1602,4,19,360.5,0,1.0037
657,446,21,fp32,T,N,519,-606624721,0.00868,0.00793,0.9146,4,929,145.8,0,1.0035
6339,3169,208,bf16,T,T,39,-606619911,0.26937,0.28141,1.0447,4,35,313.0,0,1.0064
1179,21605,1824,bf16,N,T,57,-606623198,0.87593,0.87348,0.9972,4,12,211.2,0,1.0040
1341,23698,608,bf16,T,T,39,-606619902,0.43358,0.43324,0.9992,4,23,363.4,0,0.9997
31372,122,174,fp32,N,N,556,-606627946,0.06876,0.06960,1.0122,4,133,541.4,0,1.0004
25945,3825,12942,bf16,N,T,57,-606623124,42.77831,42.80801,1.0007,4,5,27.3,0,1.0087
421,520,29291,bf16,T,N,502,-606605481,0.18850,0.18829,0.9989,4,51,297.1,0,1.0122
226,1158,28,bf16,N,N,166,-606605179,0.00826,0.00811,0.9822,4,816,136.2,0,1.0007
2482,13567,1277,bf16,T,N,231,-606605573,0.80906,0.90003,1.1124,4,12,217.1,0,1.0048
8,27350,1056,fp16,T,N,249,-606622868,0.06721,0.11293,1.6802,4,84,872.7,0,1.0031
1023,729,311,fp32,T,T,82,-606620798,0.02410,0.03285,1.3631,4,265,214.2,0,1.0011
354,134,9611,fp32,N,N,556,-606605146,0.11636,0.27557,2.3683,4,37,162.9,0,0.9960
834,1018,640,bf16,T,N,231,-606605583,0.02129,0.02867,1.3465,4,277,270.9,0,1.0056
707,12977,21732,fp16,T,N,245,-606603120,3.29337,4.54698,1.3806,4,5,191.7,0,1.0361
18,16944,183,fp32,N,N,556,-606627848,0.01613,0.02012,1.2474,4,394,845.4,0,0.9904
1237,457,30198,fp16,N,T,68,-606604779,0.64519,0.65059,1.0084,4,16,162.1,0,1.0050
105,284,20179,bf16,N,T,64,-606623202,0.10979,0.33116,3.0163,4,32,144.1,0,1.0041
401,323,37,fp32,N,N,556,-606605144,0.00889,0.00813,0.9153,4,893,70.4,0,1.0032
15003,115,6833,fp16,N,N,97,-606603416,0.32710,0.77091,2.3568,4,13,652.7,0,0.9886
524,567,247,fp32,N,T,612,-606608169,0.01112,0.01453,1.3059,4,499,203.8,0,0.9998
9457,12982,16790,bf16,T,T,39,-606619916,33.57125,72.55692,2.1613,4,5,37.1,0,1.0077
37,2601,7,fp16,N,T,62,-606627732,0.00808,0.00766,0.9491,4,929,52.2,0,1.0144
28557,3758,1481,bf16,T,T,39,-606619916,3.33062,4.13109,1.2403,4,5,157.6,0,1.0008
6,1618,4363,bf16,T,T,4,-354,0.28789,0.47481,1.6493,4,21,49.4,0,0.9978
8435,3836,3542,fp32,T,T,82,-606620788,6.52655,6.75680,1.0353,4,5,46.5,0,1.0085
1970,1228,20932,fp16,T,N,386,-606602947,1.00204,1.03102,1.0289,4,10,143.3,0,1.0045
3155,15065,11514,fp16,N,T,62,-606627760,16.21706,16.98556,1.0474,4,5,37.6,0,0.9991
5762,5396,917,bf16,N,T,57,-606623199,0.68964,1.22697,1.7791,4,9,210.0,0,1.0049
888,820,14015,fp32,N,T,616,-606618184,0.67472,0.95361,1.4133,4,11,146.2,0,1.0029
1485,13293,9235,fp32,T,T,82,-606620772,10.45952,10.87880,1.0401,4,5,59.7,0,1.0082
11868,11138,14352,bf16,N,T,57,-606603218,56.68790,54.87325,0.9680,4,5,21.0,0,1.0001
19812,59,2597,bf16,N,N,176,-606605264,0.15576,0.16471,1.0575,4,57,692.6,0,1.0040
1927,1407,11446,fp32,T,T,82,-606620814,1.94275,1.94221,0.9997,4,6,84.2,0,1.0242
15758,487,1020,fp16,T,T,53,-606629618,0.22932,1.09153,4.7599,4,10,278.4,0,0.9994
3428,189,1856,fp16,N,T,68,-606627668,0.04141,0.13852,3.3447,4,72,386.8,0,1.0011
2746,23840,2137,fp32,T,T,82,-606620794,7.90210,8.09929,1.0250,4,5,61.9,0,1.0098
2226,5822,76,bf16,T,T,39,-606619914,0.17415,0.18110,1.0399,4,55,304.7,0,0.9996
2229,4772,13604,fp32,T,T,82,-606620796,8.58187,8.52484,0.9934,4,5,49.3,0,1.0423
17566,14328,232,bf16,T,N,441,-606605646,1.80997,2.06306,1.1398,4,5,564.4,0,0.9915
1775,7086,1106,fp16,N,T,62,-606604827,0.35010,0.58320,1.6658,4,17,199.7,0,1.0014
819,23700,4675,bf16,T,T,39,-606619907,2.01967,2.02908,1.0047,4,5,152.0,0,1.0088
4,2257,9,fp32,T,T,82,-606620761,0.00839,0.00799,0.9515,4,967,14.0,0,0.9993
186,27322,3426,fp32,T,N,519,-606604052,1.07160,1.08947,1.0167,4,10,370.8,0,1.0020
1615,24071,1563,bf16,T,N,231,-606605573,1.14800,3.55027,3.0926,4,5,205.4,0,1.0134
15110,8,232,fp16,N,T,227,-606627724,0.01441,0.02259,1.5675,4,382,520.4,0,1.0025
447,416,626,fp16,T,T,88,-606629612,0.01449,0.03263,2.2523,4,267,125.9,0,1.0113
7348,1126,3792,bf16,N,T,57,-606603181,0.56940,0.57580,1.0112,4,18,171.0,0,1.0033
1240,6308,200,bf16,N,N,273,-606629837,0.06801,0.10342,1.5207,4,91,504.5,0,1.0037
28,212,689,fp32,N,N,562,-606605146,0.00875,0.00857,0.9797,4,577,78.3,0,1.0005
3358,16266,16588,bf16,T,N,231,-606605573,15.11775,14.24298,0.9421,4,5,57.5,0,1.0817
123,55,2125,bf16,T,N,244,-606605534,0.01444,0.05594,3.8751,4,115,54.3,0,0.9604
22706,2220,3524,bf16,T,N,332,-606605573,2.85137,3.10751,1.0898,4,5,132.3,0,1.0189
1629,6755,209,fp16,N,T,62,-606627717,0.12072,0.18429,1.5266,4,53,393.6,0,1.0032
5299,2392,147,bf16,T,T,39,-606619903,0.09743,0.11244,1.1541,4,87,543.6,0,1.0141
50,2,55,fp16,N,N,43,-606624224,0.00881,0.01063,1.2061,4,491,0.7,0,0.9986
1238,30,57,fp16,T,N,245,-606602992,0.00875,0.00935,1.0689,4,489,33.5,0,1.0165
5,943,430,fp32,N,T,612,-606618321,0.00867,0.00825,0.9515,4,766,190.2,0,1.0036
2291,8661,2078,fp16,T,N,245,-606622990,0.72358,0.76934,1.0632,4,13,172.6,0,0.9965
1598,123,98,bf16,N,N,166,-606605260,0.00834,0.01197,1.4350,4,569,134.7,0,0.9997
1291,1934,16091,fp16,N,T,68,-606604870,1.14467,1.64185,1.4343,4,7,99.4,0,1.0029
24361,11319,6473,bf16,T,T,39,-606619916,29.92893,48.89040,1.6335,4,5,52.3,0,1.0038
14,102,27,fp32,T,T,82,-606620797,0.00803,0.00779,0.9708,4,877,2.3,0,0.9981
57,9399,8366,fp32,T,T,82,-606620791,0.41799,0.93949,2.2476,4,11,762.2,0,1.0068
8,75,968,bf16,T,N,238,-606605540,0.01197,0.01145,0.9565,4,460,13.6,0,1.0048
653,13848,125,fp32,N,T,614,-606602122,0.10744,0.13056,1.2152,4,75,404.1,0,1.0126
7934,2060,570,fp16,T,T,88,-606629608,0.25474,1.07222,4.2090,4,10,301.4,0,1.0171
13317,59,2465,bf16,T,N,244,-606605556,0.09643,0.13902,1.4417,4,71,716.5,0,1.0016
352,287,364,bf16,T,T,39,-606619899,0.01038,0.00963,0.9285,4,611,83.8,0,1.0032
167,2742,1168,fp16,N,T,68,-606627668,0.03034,0.09645,3.1784,4,100,284.3,0,1.0059
19840,756,2997,bf16,T,T,39,-606619923,0.78727,0.78987,1.0033,4,13,233.0,0,1.0308
3545,19,687,bf16,T,T,39,-606619899,0.01640,0.03207,1.9555,4,274,315.0,0,0.9920
6641,1225,7389,fp32,T,T,82,-606620788,3.50054,3.61507,1.0327,4,5,75.7,0,1.0129
2599,16539,7339,bf16,T,T,39,-606619916,5.74332,8.18329,1.4248,4,5,78.8,0,1.0020
154,511,89,fp32,T,N,519,-606624684,0.00881,0.00784,0.8890,4,906,62.6,0,1.0105
30,17101,24,fp32,N,T,612,-606618239,0.00949,0.00836,0.8803,4,792,389.3,0,1.0016
83,131,463,fp32,T,T,82,-606620815,0.01466,0.02229,1.5202,4,291,30.0,0,1.0036
180,4420,143,bf16,N,T,57,-606603193,0.01483,0.01750,1.1804,4,439,303.3,0,1.0073
6581,9787,80,fp16,N,T,62,-606627717,0.45872,0.54763,1.1938,4,18,567.3,0,1.0030
1346,341,499,bf16,T,T,39,-606619899,0.01744,0.01743,0.9996,4,441,201.9,0,1.0106
118,69,16993,fp16,N,N,103,-606624108,0.04287,0.90670,21.1517,4,11,149.0,0,0.9985
7452,4116,9606,bf16,T,N,332,-606630824,4.66096,4.83885,1.0382,4,5,74.0,0,1.0664
1201,2539,985,fp16,N,T,62,-606604827,0.10032,0.12959,1.2918,4,74,195.0,0,0.9716
27305,4497,3213,fp16,T,N,245,-606603079,6.30337,6.44167,1.0219,4,5,110.3,0,1.0694
134,260,2408,fp16,T,N,392,-606602887,0.02859,0.07034,2.4606,4,126,71.3,0,0.9644
310,20,322,bf16,T,T,39,-606619899,0.00978,0.00879,0.8989,4,555,24.3,0,1.0105
2553,17,5447,bf16,N,N,176,-606629919,0.04818,0.28795,5.9771,4,34,584.8,0,1.0074
1693,7432,822,bf16,T,N,441,-606630827,0.21452,0.25784,1.2019,4,39,304.5,0,1.0182
2884,709,2653,bf16,N,N,174,-606605264,0.14012,0.18139,1.2945,4,52,194.4,0,1.0020
1198,8943,442,fp16,T,N,245,-606603069,0.14176,0.82412,5.8133,4,13,365.5,0,1.0002
4866,8479,10131,bf16,N,N,166,-606629966,7.14755,11.08208,1.5505,4,5,60.9,0,1.0173
1453,1580,1475,fp16,T,T,53,-606629607,0.09792,0.11345,1.1586,4,86,185.2,0,1.0023
7683,2470,5288,fp16,N,T,62,-606627711,1.88600,3.59785,1.9077,4,5,97.2,0,1.0024
3416,14903,1676,fp16,T,N,245,-606622977,1.47487,1.68023,1.1392,4,6,179.7,0,1.0107
101,1501,8474,fp32,T,N,519,-606624915,0.14878,0.15348,1.0316,4,65,369.0,0,0.9956
2627,28242,16661,fp16,N,N,92,-606624261,20.46537,21.94716,1.0724,4,5,64.8,0,1.0462
267,10,1306,fp32,T,N,519,-606603788,0.01791,0.01893,1.0568,4,343,81.4,0,0.9870
8402,3370,201,bf16,N,T,57,-606623199,0.27424,0.32612,1.1892,4,31,430.3,0,1.0049
99,124,24094,bf16,N,T,64,-606623202,0.06040,0.37683,6.2388,4,30,178.7,0,1.0046
20341,7444,90,fp32,N,T,614,-606602111,0.94223,2.16681,2.2997,4,5,653.4,0,1.0102
4687,202,3963,fp16,T,T,53,-606629614,0.16003,0.81352,5.0836,4,13,265.8,0,1.0210
3024,7036,1580,fp16,N,N,223,-606624186,0.64667,0.71525,1.1061,4,14,180.8,0,1.0038
1333,2158,1007,fp32,N,N,556,-606605082,0.18796,0.21682,1.1536,4,45,136.0,0,1.0013
303,47,1580,fp16,N,N,97,-606603368,0.01852,0.22388,12.0874,4,41,62.8,0,1.0068
8530,11858,3071,fp16,T,N,245,-606603078,4.81699,4.88454,1.0140,4,5,110.0,0,1.0772
89,117,1940,fp32,T,N,519,-606624704,0.02972,0.04284,1.4412,4,198,55.2,0,0.9592
8,138,997,bf16,N,N,174,-606605303,0.01183,0.02065,1.7458,4,263,25.0,0,1.0007
9008,360,221,fp16,N,T,227,-606627713,0.03435,0.05885,1.7131,4,156,498.1,0,1.0053
27558,4,523,bf16,T,N,104,-606630818,0.03607,0.04870,1.3500,4,188,811.4,0,1.0035
465,5332,214,bf16,T,N,332,-606630772,0.02697,0.04187,1.5525,4,216,459.8,0,1.0051
23300,386,16,fp32,N,N,556,-606627855,0.04217,0.04817,1.1422,4,189,889.0,0,1.0068
234,1543,8800,fp32,N,N,556,-606628008,0.21249,0.28294,1.3316,4,36,301.2,0,1.0158
103,1236,4,bf16,N,N,273,-606629849,0.00813,0.00798,0.9813,4,962,64.0,0,1.0069
28429,260,1554,bf16,N,N,273,-606629868,0.34179,0.34250,1.0021,4,29,347.4,0,1.0054
9252,6685,3096,fp32,T,T,82,-606620795,10.80412,11.43025,1.0580,4,5,41.2,0,1.0056
28705,2,20871,bf16,N,T,64,-606623149,1.20048,1.62426,1.3530,4,6,998.4,0,1.0008
5444,4800,759,fp16,N,T,227,-606604859,0.49594,0.80094,1.6150,4,13,242.1,0,1.0070
244,39,158,fp32,N,N,556,-606627988,0.00857,0.00790,0.9228,4,857,25.3,0,0.9985
4849,858,1452,fp16,N,N,92,-606603428,0.14841,0.19820,1.3355,4,49,223.8,0,1.0057
46,9,278,fp16,N,T,62,-606627649,0.00808,0.00777,0.9626,4,708,4.0,0,1.0021
2189,1794,2622,fp32,N,T,612,-606618391,0.65711,0.75746,1.1527,4,14,87.5,0,1.0106
1908,870,521,fp16,N,T,62,-606604822,0.04336,0.05093,1.1747,4,176,219.9,0,1.0024
5,90,737,bf16,T,T,4,-354,0.03927,0.06924,1.7633,4,116,3.6,0,1.0018
24,695,17880,bf16,N,T,64,-606623202,0.06654,0.23671,3.5574,4,43,387.4,0,1.0066
195,5830,1641,fp16,N,N,99,-606603424,0.07664,0.09942,1.2972,4,98,317.3,0,1.0020
63,1303,371,bf16,T,T,39,-606619899,0.01190,0.01122,0.9434,4,559,112.8,0,1.0114
430,9881,1316,bf16,T,N,231,-606605608,0.12437,0.13255,1.0658,4,72,354.9,0,1.0037
39,24,19422,bf16,N,N,425,-606605173,0.03139,0.36870,11.7468,4,30,78.1,0,0.9989
384,122,5337,fp16,N,N,107,-606603283,0.02470,0.02442,0.9888,4,316,226.3,0,1.0050
2606,886,1518,fp32,N,T,612,-606602192,0.22741,0.32280,1.4195,4,31,133.9,0,1.0045
2953,824,586,fp16,N,N,364,-606603333,0.04829,0.06142,1.2717,4,150,293.2,0,1.0057
1215,14176,1156,fp16,T,T,88,-606629617,0.46622,2.21417,4.7492,4,5,224.1,0,1.0153
1717,7516,15296,fp16,N,T,62,-606604851,3.13311,6.85704,2.1886,4,5,106.6,0,1.0023
11351,15545,15562,bf16,T,T,39,-606619916,44.54150,91.48045,2.0538,4,5,34.6,0,0.9976
3162,4204,3056,fp16,T,N,382,-606603126,0.67659,0.74021,1.0940,4,14,145.1,0,1.0072
2627,2893,3623,fp32,T,N,519,-606604046,1.64156,1.66860,1.0165,4,6,67.3,0,1.0013
8504,432,366,fp16,T,N,513,-606623013,0.04737,0.08561,1.8071,4,111,448.3,0,1.0041
1346,842,2833,fp16,T,T,53,-606629606,0.11899,0.11901,1.0001,4,78,142.3,0,0.9987
358,1391,3753,bf16,N,N,176,-606605183,0.09712,0.09693,0.9981,4,95,155.7,0,1.0063
60,122,2699,fp32,N,T,612,-606602200,0.02529,0.06766,2.6758,4,138,78.9,0,0.9959
23092,9193,11602,fp16,N,N,94,-606603430,40.16241,42.23132,1.0515,4,5,39.8,0,1.0758
233,205,210,fp16,N,N,90,-606603411,0.00805,0.00767,0.9527,4,670,46.6,0,0.9716
867,269,105,bf16,N,N,166,-606629829,0.00783,0.00778,0.9936,4,798,149.5,0,1.0017
196,1075,15430,fp32,T,N,519,-606624892,0.29348,0.35317,1.2034,4,28,270.2,0,1.0060
288,1043,90,fp32,T,T,82,-606620797,0.00914,0.01067,1.1674,4,647,184.0,0,1.0019
106,4238,18818,fp32,T,N,519,-606603991,0.75076,0.85786,1.1426,4,12,437.9,0,1.0041
2772,5052,3715,bf16,N,N,273,-606605159,0.95082,1.07678,1.1325,4,10,120.1,0,1.0056
28171,339,2414,fp16,N,T,62,-606627760,0.51252,0.52372,1.0219,4,19,343.1,0,1.0071
218,6,38,fp16,T,N,73,-606622900,0.00798,0.00835,1.0462,4,570,2.8,0,1.0031
4456,250,326,fp32,N,T,612,-606618442,0.03420,0.04306,1.2589,4,209,309.7,0,1.0024
86,6875,3455,fp32,T,N,519,-606624692,0.19121,0.19126,1.0003,4,51,515.5,0,1.0119
4356,3094,48,fp16,N,N,98,-606624256,0.07922,0.08642,1.0909,4,107,689.6,0,1.0038
2380,5112,11376,fp16,T,N,513,-606622812,2.17957,2.83863,1.3024,4,5,100.5,0,1.0061
142,629,24502,fp16,T,N,259,-606622884,0.18925,0.96890,5.1196,4,10,201.5,0,1.0020
22402,848,2304,bf16,N,T,201,-606623121,0.78039,0.89025,1.1408,4,12,234.7,0,1.0074
468,3543,8781,fp16,T,N,250,-606622996,0.42311,0.69331,1.6386,4,15,182.2,0,1.0011
184,9710,13437,bf16,N,N,174,-606605265,0.63419,1.03370,1.6300,4,10,430.5,0,1.0027
12,9,927,bf16,T,T,39,-606619899,0.01656,0.01653,0.9988,4,379,2.4,0,0.9979
2104,788,5869,fp32,T,T,82,-606620796,0.69845,0.69821,0.9997,4,15,106.7,0,1.0114
8438,123,33,fp16,N,T,62,-606604846,0.01417,0.02054,1.4495,4,396,332.9,0,1.0003
3138,3303,353,fp32,N,T,612,-606618173,0.24643,0.27986,1.1357,4,36,205.1,0,1.0083
6217,278,279,fp16,T,N,245,-606622936,0.02946,0.11742,3.9852,4,82,357.6,0,1.0140
975,29984,61,bf16,N,N,388,-606605251,0.15084,0.15083,1.0000,4,64,800.3,0,1.0025
2324,11186,10668,fp16,N,N,98,-606624246,4.99487,7.56484,1.5145,4,5,78.5,0,1.0047
581,6831,1670,fp32,T,T,82,-606620793,0.46229,0.46528,1.0065,4,22,141.4,0,1.0167
969,2889,3,fp32,N,N,556,-606604875,0.01374,0.01729,1.2582,4,442,818.1,0,1.0022
2485,3321,1204,fp16,T,N,245,-606603091,0.21893,0.22373,1.0219,4,42,214.6,0,1.0059
309,10,1903,fp32,N,T,612,-606618433,0.01757,0.03096,1.7623,4,283,138.9,0,1.0008
22431,5617,2644,fp16,T,T,53,-606629611,6.48661,7.00233,1.0795,4,5,100.6,0,1.0219
4742,144,60,fp16,N,T,227,-606627748,0.00835,0.00934,1.1187,4,687,397.3,0,1.0007
271,435,64,bf16,N,T,57,-606623167,0.00856,0.00802,0.9369,4,952,65.6,0,1.0077
187,22,657,fp16,N,T,62,-606627721,0.00926,0.01072,1.1569,4,546,31.4,0,1.0024
15036,448,17375,fp32,T,N,539,-606604049,6.54718,6.71387,1.0255,4,5,168.5,0,1.0073
2841,2600,2506,bf16,T,N,441,-606605599,0.33988,0.42576,1.2527,4,23,167.2,0,1.0171
27865,1728,3686,fp16,T,T,88,-606629611,3.45326,4.40470,1.2755,4,5,118.9,0,1.0078
28627,5136,668,fp16,N,T,227,-606604859,2.27915,2.67462,1.1735,4,5,277.8,0,1.0017
6984,14947,21760,bf16,T,T,39,-606619916,36.64150,66.59600,1.8175,4,5,37.4,0,0.9970
210,178,16546,fp16,T,T,88,-606629622,0.28245,0.58169,2.0594,4,18,46.0,0,0.9987
29700,137,4570,fp32,T,N,519,-606624692,1.26349,1.92137,1.5207,4,6,444.6,0,1.0087
2755,5249,16877,fp16,N,T,62,-606627741,6.74711,10.20568,1.5126,4,5,48.6,0,1.0068
9,12281,111,bf16,N,T,57,-606623167,0.00872,0.01102,1.2638,4,649,363.6,0,1.0026
4283,2141,2071,bf16,N,T,57,-606623161,0.47107,0.71927,1.5269,4,14,134.3,0,1.0042
25044,8,182,fp32,T,N,539,-606604003,0.01955,0.02380,1.2172,4,354,973.8,0,1.0089
1831,9459,570,fp16,T,N,245,-606603069,0.26355,0.30203,1.1460,4,33,311.7,0,1.0054
8687,28888,61,bf16,T,N,441,-606630772,1.17167,2.04548,1.7458,4,5,860.6,0,1.0033
696,5496,2584,fp32,N,N,562,-606605142,0.61206,0.64916,1.0606,4,16,129.6,0,1.0144
14585,31497,1673,bf16,T,N,231,-606605644,12.83503,13.71294,1.0684,4,5,155.2,0,1.0007
2042,297,119,fp16,N,N,94,-606624140,0.01203,0.02969,2.4677,4,290,247.9,0,0.9920
9324,2535,12462,bf16,T,T,39,-606619916,5.33453,7.39240,1.3858,4,5,73.1,0,1.0082
156,177,4601,fp16,T,T,53,-606629621,0.08007,0.50526,6.3099,4,22,39.6,0,0.9971
13020,10121,10163,bf16,T,T,39,-606619916,21.90560,44.93388,2.0513,4,5,45.5,0,1.0060
13,347,12883,fp32,T,T,82,-606620796,0.27565,0.27604,1.0014,4,36,67.4,0,0.9970
3561,21679,600,fp16,T,N,245,-606603083,0.94681,1.17021,1.2360,4,9,358.1,0,1.0080
19361,2879,238,fp32,T,T,82,-606620811,0.80732,0.86511,1.0716,4,12,302.4,0,1.0124
14,28,1228,fp32,T,T,82,-606620797,0.02999,0.04930,1.6440,4,139,6.9,0,0.9999
14166,232,3697,fp16,T,T,53,-606629607,0.33849,1.89292,5.5923,4,6,353.4,0,1.0078
1367,409,25805,bf16,T,T,39,-606619899,0.66770,0.77176,1.1558,4,14,140.6,0,1.0030
1668,14610,18,fp16,T,N,245,-606603047,0.12353,0.31069,2.5151,4,31,793.8,0,0.9898
378,3908,64,bf16,N,T,57,-606603150,0.01107,0.01194,1.0793,4,611,583.5,0,1.0078
315,23713,9437,bf16,N,N,166,-606605263,1.49795,2.00260,1.3369,4,5,322.7,0,1.0105
125,8193,7507,fp16,N,N,99,-606603341,0.31432,0.37886,1.2053,4,26,410.4,0,1.0005
2603,2019,8245,fp32,N,T,612,-606618195,2.58072,4.12760,1.5994,4,5,67.2,0,1.0051
1402,25144,2116,bf16,N,T,201,-606623120,1.46538,1.47845,1.0089,4,7,172.9,0,1.0079
974,1012,1130,fp16,N,T,68,-606627741,0.04530,0.04670,1.0309,4,192,186.1,0,1.0006
5072,284,3,fp16,N,T,62,-520,0.01098,0.01215,1.1062,4,585,527.6,0,1.0086
1185,2477,30191,fp32,N,N,556,-606605116,5.46695,6.79529,1.2430,4,5,83.0,0,1.0022
13513,49,8,fp16,N,T,62,-520,0.01021,0.01560,1.5276,4,488,280.6,0,1.0029
10571,7250,20917,bf16,N,T,57,-606603181,53.98320,53.28117,0.9870,4,5,19.5,0,1.0038
15944,162,4827,bf16,T,T,39,-606619906,0.37579,0.37992,1.0110,4,26,441.3,0,1.0036
5922,63,1458,bf16,T,T,39,-606619899,0.03273,0.06256,1.9116,4,151,578.9,0,1.0001
12464,4887,1629,fp32,T,N,519,-606624701,5.60704,5.90503,1.0531,4,5,63.6,0,1.0068
320,10772,725,bf16,N,T,57,-606603219,0.08257,0.20880,2.5289,4,45,361.8,0,1.0139
28,65,22086,fp16,N,T,70,-606627643,0.02330,0.02304,0.9890,4,343,176.6,0,0.9919
5031,7701,32,bf16,N,T,57,-606603193,0.13482,0.45609,3.3829,4,22,1155.5,0,1.0044
107,60,407,bf16,T,N,332,-606630720,0.00841,0.00775,0.9216,4,700,19.2,0,0.9993
1882,128,12066,fp32,T,N,525,-606603986,0.23087,0.27530,1.1924,4,36,424.4,0,0.9904
1438,1406,696,bf16,N,N,166,-606629859,0.04832,0.06941,1.4364,4,131,249.3,0,1.0064
4222,8899,5898,fp16,N,T,62,-606627711,4.77218,4.87448,1.0214,4,5,63.9,0,1.0026
4324,383,137,bf16,T,N,231,-606630774,0.02207,0.02578,1.1680,4,327,358.5,0,1.0063
1941,1008,11164,bf16,T,N,464,-606630708,0.42305,0.42353,1.0011,4,23,174.1,0,1.0172
10361,11766,1051,fp16,N,N,92,-606624251,2.60987,2.63460,1.0095,4,5,204.7,0,1.0037
118,225,8506,bf16,T,T,39,-606619899,0.15186,0.20512,1.3507,4,46,39.1,0,0.9940
3518,741,5178,fp32,T,N,519,-606624701,0.82655,0.86484,1.0463,4,12,119.3,0,1.0080
6014,2786,1961,bf16,N,T,57,-606603218,0.74532,0.75143,1.0082,4,14,136.2,0,1.0017
637,130,27875,fp16,N,T,70,-606604766,0.29260,0.44793,1.5308,4,23,147.3,0,1.0011
4548,31907,4117,bf16,T,T,39,-606619916,10.48484,17.92874,1.7100,4,5,84.0,0,1.0038
30694,1616,5049,bf16,N,T,201,-606603216,4.68724,5.54044,1.1820,4,5,111.9,0,1.0080
874,2503,2194,bf16,N,N,174,-606629918,0.12002,0.17652,1.4707,4,56,196.4,0,1.0207
353,227,17249,fp32,N,T,612,-606618432,0.18482,0.27971,1.5134,4,37,218.3,0,1.0003
1439,4876,3575,bf16,N,N,273,-606629809,0.44658,0.48396,1.0837,4,21,164.0,0,1.0086
205,1457,39,fp16,N,T,62,-606604846,0.00830,0.00830,0.9998,4,857,159.5,0,1.0020
979,1344,197,fp16,N,N,352,-606603309,0.01432,0.01484,1.0365,4,503,431.6,0,1.0016
264,1006,802,bf16,T,T,39,-606619899,0.01910,0.01906,0.9980,4,417,162.3,0,1.0175
4522,2094,6100,bf16,T,T,39,-606619911,1.07772,1.12240,1.0415,4,9,110.0,0,1.0063
10794,30348,706,fp16,N,N,223,-606603420,4.79694,4.78152,0.9968,4,5,285.3,0,0.9838
19126,25283,1685,bf16,N,N,166,-606629984,14.62925,15.21877,1.0403,4,5,142.4,0,1.0040
65,110,980,fp32,N,N,556,-606628038,0.00734,0.01109,1.5114,4,462,97.4,0,0.9977
4204,852,12,fp16,N,N,223,-606624067,0.01931,0.01903,0.9855,4,436,748.1,0,1.0046
4838,27433,1542,bf16,T,T,39,-606619918,3.96355,4.01677,1.0134,4,5,159.1,0,1.0154
9940,24,81,fp32,T,T,82,-606620814,0.01186,0.01241,1.0466,4,605,352.8,0,1.0012
2600,1162,28469,fp32,T,T,82,-606620832,5.46396,8.14877,1.4914,4,5,80.6,0,1.0026
5353,10,96,fp32,T,T,82,-606620814,0.00856,0.00794,0.9273,4,788,265.6,0,1.0028
1523,59,262,bf16,T,T,39,-606619899,0.00939,0.00854,0.9094,4,682,126.5,0,1.0030
16521,5627,4632,bf16,T,N,231,-606630897,6.64407,10.46832,1.5756,4,5,86.8,0,1.0114
3997,22476,7923,bf16,T,N,332,-606630897,10.93443,11.27793,1.0314,4,5,71.2,0,1.0125
6861,18713,3229,bf16,T,N,231,-606630897,6.74573,8.73977,1.2956,4,5,100.6,0,1.0102
180,157,1555,fp16,N,N,101,-606603368,0.01851,0.01900,1.0263,4,378,62.7,0,1.0068
3700,199,876,bf16,N,N,174,-606629912,0.04034,0.06169,1.5290,4,151,242.3,0,1.0073
3260,2503,22705,bf16,N,N,166,-606629895,3.74437,3.74975,1.0014,4,5,78.6,0,1.0117
4923,1673,4395,fp16,T,N,245,-606603101,0.67972,2.88468,4.2439,4,5,133.8,0,1.0131
350,34,1416,fp32,N,N,556,-606605146,0.01135,0.03349,2.9501,4,245,195.8,0,0.9986
758,9503,3616,fp32,N,N,556,-606628024,1.52122,1.70096,1.1182,4,6,116.5,0,1.0081
1851,3542,209,bf16,N,N,166,-606629859,0.06653,0.09340,1.4039,4,102,428.1,0,1.0083
4407,11776,3227,bf16,N,N,388,-606629966,2.72570,2.82004,1.0346,4,5,114.5,0,1.0106
31750,1463,19204,fp16,N,T,62,-606627698,30.63454,30.41162,0.9927,4,5,47.7,0,1.0032
286,32,33,fp32,T,T,82,-606620797,0.00845,0.00774,0.9159,4,889,9.3,0,0.9981
2369,718,3981,bf16,N,T,62,-606603181,0.18334,0.26184,1.4282,4,37,171.2,0,1.0078
3400,23938,38,fp16,N,N,98,-606624260,0.42165,0.50323,1.1935,4,20,777.0,0,1.0060
2721,6123,5686,fp16,T,N,245,-606622990,1.70717,1.77493,1.0397,4,6,97.9,0,1.0131
1712,9691,9030,bf16,T,N,231,-606630852,2.49389,6.62511,2.6565,4,5,109.2,0,1.0027
2455,413,6140,fp16,T,T,53,-606629614,0.22422,1.24795,5.5658,4,9,175.2,0,1.0023
25342,711,4792,fp16,T,T,53,-606629609,1.68325,1.72362,1.0240,4,6,191.2,0,1.0058
2847,405,15802,fp32,N,N,556,-606627870,1.43570,1.72421,1.2010,4,6,146.4,0,1.0004
8137,734,9130,fp16,N,T,62,-606604870,1.17588,1.22874,1.0450,4,8,158.1,0,0.9965
4174,4902,2113,bf16,N,N,166,-606629908,0.91178,0.95969,1.0525,4,11,131.8,0,1.0017
1761,9811,3735,bf16,T,T,39,-606619926,1.35688,1.36276,1.0043,4,8,114.6,0,1.0073
5,13,4,fp16,N,N,90,-606624069,0.00877,0.00787,0.8979,4,977,0.0,0,0.9964
14,7471,6320,fp16,T,T,53,-606629613,0.16091,1.20032,7.4596,4,9,590.6,0,1.0085
4662,7903,28859,fp16,N,N,94,-606603432,17.34990,20.50146,1.1816,4,5,50.3,0,1.0293
207,18040,9071,fp32,T,N,525,-606624801,2.33974,2.45363,1.0487,4,5,289.4,0,0.9953
282,10,6,bf16,N,N,166,-606629829,0.00795,0.00789,0.9917,4,952,1.9,0,0.9966
386,2,84,fp16,N,T,62,-606604842,0.00797,0.00780,0.9788,4,977,8.6,0,1.0044
3013,807,20172,bf16,T,N,238,-606630840,1.01660,1.11267,1.0945,4,9,161.2,0,1.0074
2446,20440,1045,fp32,N,N,556,-606628027,2.92052,5.35706,1.8343,4,5,101.2,0,1.0011
119,27384,657,fp32,T,N,525,-606604036,0.15730,0.16795,1.0677,4,58,542.4,0,1.0078
21,16043,3136,fp32,T,N,519,-606624668,0.18101,0.24140,1.3336,4,42,1120.7,0,1.0008
1601,27001,1531,bf16,N,T,57,-606603219,1.51323,1.57613,1.0416,4,7,172.1,0,1.0224
126,13013,82,fp32,N,T,612,-606602188,0.02111,0.02686,1.2728,4,300,514.9,0,0.9993
668,10473,255,bf16,T,N,231,-606605609,0.07784,0.08111,1.0420,4,115,432.5,0,1.0082
1063,8135,34,bf16,T,N,231,-606605522,0.05287,0.05249,0.9929,4,175,666.1,0,0.9992
217,1216,2431,fp16,T,N,572,-606602900,0.03557,0.03552,0.9986,4,249,225.5,0,1.0056
2126,25096,1249,fp32,T,T,82,-606620819,3.88232,3.92975,1.0122,4,5,90.0,0,1.0016
4302,1269,1194,fp32,T,N,519,-606634107,0.39809,0.41487,1.0421,4,24,121.7,0,1.0011
22628,1475,15337,bf16,T,N,231,-606630860,8.32369,8.22615,0.9883,4,5,104.9,0,1.0767
77,4085,6150,bf16,N,T,64,-606623132,0.10706,0.23753,2.2186,4,39,489.9,0,0.9502
1143,2613,6510,bf16,N,N,166,-606605243,0.41456,0.63476,1.5312,4,16,146.8,0,1.0040
1,1,284,fp32,T,N,115,-9,0.00535,0.00782,1.4599,4,819,0.4,0,1.0019
206,1243,1687,bf16,N,T,62,-606623132,0.03366,0.08589,2.5518,4,111,175.7,0,1.0051
19363,4,49,fp16,T,N,163,-606622852,0.00871,0.01722,1.9774,4,413,253.5,0,0.9938
16,447,25,fp32,T,N,519,-606624741,0.00811,0.00785,0.9681,4,1060,9.2,0,1.0127
523,249,26152,fp32,N,T,612,-606602165,0.42041,1.07158,2.5489,4,10,193.3,0,1.0028
25790,8763,7934,fp16,T,T,53,-606629616,51.46892,54.57030,1.0603,4,5,28.2,0,1.0036
11,42,121,bf16,N,N,166,-606629913,0.00832,0.00770,0.9259,4,703,1.8,0,1.0078
11161,6753,13620,fp16,T,T,53,-606629608,31.27954,34.04223,1.0883,4,5,25.2,0,1.0110
3958,2229,240,fp16,T,N,245,-606622961,0.09339,0.11552,1.2369,4,82,409.7,0,1.0079
10350,8140,1094,bf16,N,N,273,-606630008,1.72511,2.11676,1.2270,4,5,218.8,0,1.0144
1333,246,21447,bf16,T,N,247,-606630700,0.20207,0.20235,1.0014,4,47,341.7,0,1.0009
9306,3647,3703,bf16,T,T,39,-606619921,2.39667,2.41024,1.0057,4,5,96.7,0,1.0089
17196,10418,10936,fp16,N,N,98,-606624261,31.39755,33.75787,1.0752,4,5,42.1,0,1.0595
7285,2704,2,bf16,N,T,201,-613,0.07715,0.08777,1.1377,4,108,1021.9,0,0.9657
20868,4856,10532,bf16,T,T,39,-606619916,16.87648,32.08591,1.9012,4,5,56.1,0,1.0065
1093,1090,12272,bf16,T,T,39,-606619903,0.38686,0.65803,1.7009,4,16,150.8,0,1.0012
1145,15191,173,fp32,T,N,519,-606624865,0.20990,0.24532,1.1688,4,40,385.3,0,1.0031
15,2514,6918,fp16,T,T,88,-606629613,0.12628,0.84790,6.7144,4,12,278.3,0,1.0019
8030,5964,6202,fp16,T,T,88,-606629618,7.51471,32.40920,4.3128,4,5,48.6,0,1.0797
1024,267,5823,fp16,T,T,53,-606629622,0.10719,0.77644,7.2436,4,14,150.5,0,0.9702
3,3163,84,bf16,T,T,4,-354,0.00848,0.01089,1.2834,4,592,67.2,0,0.9995
3032,273,387,fp32,T,T,82,-606620798,0.03436,0.05273,1.5348,4,178,245.3,0,1.0037
37,67,236,fp16,N,N,90,-606624243,0.00837,0.03181,3.8018,4,240,7.1,0,1.0010
1403,5262,67,fp16,N,T,62,-606627717,0.06011,0.08611,1.4325,4,110,506.1,0,1.0088
19995,2456,15456,fp32,T,T,82,-606620802,45.91768,46.52168,1.0132,4,5,34.5,0,1.0167
5246,19635,20974,fp16,T,T,53,-606629611,75.23730,75.71902,1.0064,4,5,19.3,0,1.0097
3776,28835,16841,bf16,N,T,57,-606603181,59.32227,59.67167,1.0059,4,5,25.9,0,1.1520
3608,5642,2491,fp16,N,T,62,-606604809,1.12007,1.11331,0.9940,4,8,113.8,0,0.9159
899,2023,20,bf16,T,T,39,-606619918,0.02026,0.02383,1.1762,4,348,364.8,0,0.9987
3997,7138,6087,bf16,T,N,231,-606605601,2.81455,8.67800,3.0833,4,5,88.7,0,1.0123
5201,31,3335,fp32,N,N,556,-606627918,0.08358,0.10866,1.3001,4,82,842.8,0,0.9980
77,187,128,fp16,T,T,53,-606629622,0.00843,0.02159,2.5610,4,304,14.8,0,1.0019
1132,15769,866,bf16,T,N,231,-606630861,0.31600,0.31582,0.9994,4,31,318.6,0,1.0031
2721,4881,9784,bf16,N,T,57,-606623124,2.96261,5.39956,1.8226,4,5,68.1,0,1.0820
16,5,470,fp32,T,T,82,-606620798,0.01437,0.02065,1.4374,4,312,2.8,0,0.9519
17,24,53,fp32,T,N,525,-606624744,0.00852,0.00784,0.9201,4,924,1.2,0,0.9611
7409,1205,2155,bf16,T,T,39,-606619918,0.43214,0.43722,1.0118,4,23,168.6,0,1.0138
8280,248,27509,fp16,T,T,53,-606629614,1.55554,8.45541,5.4357,4,5,306.9,0,1.0064
469,2515,7169,fp32,T,T,82,-606620831,0.51947,0.67849,1.3061,4,15,173.8,0,1.0238
170,8617,6873,bf16,N,T,62,-606623140,0.31534,1.19318,3.7838,4,9,401.6,0,0.9866
18929,133,52,fp32,T,T,82,-606620832,0.02399,0.03518,1.4664,4,246,585.0,0,1.0179
12,50,32183,fp32,T,N,519,-606603802,0.49965,0.52262,1.0460,4,20,16.0,0,0.9845
99,1939,5242,bf16,N,T,64,-606623129,0.07772,0.13403,1.7244,4,71,284.8,0,1.0106
257,467,1150,fp16,T,T,53,-606629612,0.02470,0.02465,0.9982,4,341,86.9,0,1.0080
28108,450,249,fp32,T,N,519,-606603927,0.21788,0.25437,1.1675,4,38,362.8,0,0.9117
2940,1451,1084,bf16,T,T,39,-606619918,0.11427,0.11903,1.0416,4,80,232.6,0,1.0116
1378,19304,1083,fp16,N,N,358,-606624256,0.60055,0.62652,1.0432,4,16,251.8,0,1.0217
123,13465,96,bf16,N,N,166,-606629829,0.01939,0.01942,1.0016,4,397,476.2,0,1.0001
1927,98,920,fp16,T,N,249,-606603032,0.02427,0.02603,1.0725,4,327,184.7,0,0.9971
21325,657,373,bf16,T,N,231,-606630855,0.16570,0.16548,0.9987,4,56,437.2,0,0.9974
1585,161,13323,fp16,T,N,258,-606622884,0.13558,0.99014,7.3028,4,10,350.7,0,1.0036
4274,9437,39,bf16,N,T,57,-606603193,0.23801,0.40998,1.7225,4,24,682.3,0,1.0381
7531,5666,6059,bf16,T,N,231,-606605578,4.65671,4.48545,0.9632,4,5,71.0,0,1.0907
16920,802,8859,bf16,N,T,57,-606603218,2.97758,3.39697,1.1408,4,5,123.7,0,0.9679
1995,1660,1542,fp32,N,T,614,-606602188,0.32723,0.50049,1.5295,4,21,109.4,0,1.0235
11542,10953,8575,fp16,T,T,53,-606629620,33.80301,34.37865,1.0170,4,5,26.4,0,1.0719
2834,984,3,fp32,N,T,614,-606602084,0.01296,0.02100,1.6201,4,390,864.2,0,0.9232
5920,1954,672,fp32,N,T,612,-606602201,0.47941,0.51197,1.0679,4,21,140.7,0,1.0624
1918,10813,10652,fp16,T,N,245,-606623002,3.74059,4.04360,1.0810,4,5,94.7,0,0.9332
24577,504,3736,fp32,N,N,556,-606605133,2.67592,2.81115,1.0505,4,5,158.6,0,0.9761
17199,18,38,fp32,N,N,556,-606627867,0.00829,0.01410,1.7024,4,529,465.3,0,0.9847
150,27570,2419,fp32,N,N,556,-606628005,0.67812,0.88718,1.3083,4,11,419.9,0,1.0755
63,2819,19359,bf16,N,N,176,-606605266,0.22060,0.28069,1.2724,4,34,509.1,0,0.9451
6341,20722,4951,fp32,T,T,82,-606620778,37.14009,37.45285,1.0084,4,5,28.6,0,1.0718
776,94,16725,bf16,N,T,64,-606623149,0.15207,0.25747,1.6931,4,38,193.3,0,0.9393
424,95,46,fp32,T,N,519,-606624713,0.00806,0.00787,0.9755,4,972,31.8,0,0.9910
8393,1074,6244,fp32,T,N,519,-606603780,3.58702,3.62581,1.0108,4,5,76.0,0,1.1620
15256,5961,3775,fp16,N,T,62,-606627711,7.09312,7.08848,0.9993,4,5,73.9,0,1.0188
6,49,288,fp32,N,N,556,-606605045,0.00858,0.00792,0.9223,4,809,7.5,0,0.9034
340,29700,6428,fp32,T,T,82,-606620831,4.51307,4.69777,1.0409,4,5,180.1,0,1.1223
1383,1914,5083,fp32,N,T,612,-606618406,0.80714,0.93019,1.1525,4,11,96.2,0,0.9172
151,73,181,bf16,N,N,166,-606629913,0.00807,0.00774,0.9587,4,663,15.5,0,0.9968
15757,923,2214,fp16,T,N,245,-606622990,0.60497,0.61706,1.0200,4,17,218.2,0,1.0076
6302,14704,2868,fp16,T,T,88,-606629617,4.86654,5.00273,1.0280,4,5,100.9,0,1.0336
81,7803,127,fp32,N,T,612,-606618187,0.01608,0.02071,1.2876,4,382,406.3,0,0.9928
31804,12788,408,bf16,T,N,332,-606630897,4.00171,5.39995,1.3494,4,5,415.6,0,1.0265
698,1307,26082,fp32,N,N,556,-606628025,1.85033,2.54783,1.3770,4,5,115.0,0,1.0535
13,147,3,bf16,N,N,166,-606629876,0.00801,0.00791,0.9877,4,889,1.1,0,0.9431
44,1485,15378,bf16,T,T,39,-606619899,0.26003,0.38504,1.4807,4,27,181.9,0,1.0011
393,246,4,bf16,N,N,166,-606629958,0.00808,0.00805,0.9962,4,929,48.5,0,0.9873
24,15,4406,bf16,T,T,39,-606619899,0.06431,0.06465,1.0053,4,81,5.4,0,1.0012
1333,19469,10491,fp16,N,T,62,-606604870,7.97312,8.01501,1.0053,4,5,67.8,0,1.1776
21,40,684,bf16,T,T,39,-606619899,0.01485,0.01363,0.9178,4,387,5.8,0,0.8790
2119,29,4351,bf16,N,N,176,-606605266,0.04947,0.05135,1.0379,4,180,382.8,0,0.9937
25054,84,122,fp16,T,T,88,-606629606,0.02445,0.03370,1.3780,4,259,595.1,0,1.0005
448,1511,19420,fp32,N,T,612,-606602178,0.91671,0.92506,1.0091,4,11,169.0,0,1.0489
30,82,742,fp32,N,N,556,-606605145,0.00960,0.00877,0.9136,4,505,35.6,0,0.9722
310,2545,1351,fp32,N,T,612,-606608171,0.07566,0.10567,1.3965,4,90,245.6,0,1.0185
12374,109,1353,bf16,T,T,39,-606619909,0.06934,0.07201,1.0386,4,129,565.0,0,1.0052
1338,7060,9828,bf16,T,T,39,-606619915,1.73254,2.06102,1.1896,4,5,117.1,0,0.9955
3821,1229,4925,bf16,N,T,57,-606623124,0.52140,0.51602,0.9897,4,20,131.4,0,1.0229
2376,87,2244,bf16,N,T,62,-606623132,0.03767,0.07511,1.9938,4,124,315.4,0,1.0165
5208,620,1970,fp32,T,N,539,-606624848,0.37893,0.39711,1.0480,4,25,155.3,0,0.9999
4956,5877,13941,bf16,N,N,166,-606605311,6.90423,7.58387,1.0984,4,5,60.6,0,0.9419
1862,11828,1138,bf16,T,N,332,-606605573,0.46817,0.60257,1.2871,4,17,254.7,0,1.0060
2,13,7,fp32,T,N,253,-606624727,0.00880,0.00811,0.9220,4,1072,0.1,0,0.9983
7272,11929,3598,fp16,T,N,245,-606603111,5.05534,5.06491,1.0019,4,5,96.0,0,1.1240
10218,3343,5754,fp16,N,N,94,-606603430,3.70079,3.94805,1.0668,4,5,79.1,0,0.9557
738,656,30672,bf16,T,T,39,-606619899,0.74266,0.84924,1.1435,4,13,117.8,0,1.0090
9,19,1822,fp16,N,T,68,-606627650,0.01362,0.01285,0.9434,4,440,7.5,0,1.0115
15599,750,29,fp32,T,N,519,-606608181,0.05998,0.09153,1.5259,4,104,811.8,0,1.0005
10488,2681,426,fp32,N,T,612,-606618380,0.74801,0.83329,1.1140,4,13,180.4,0,1.0187
1481,15295,2240,bf16,T,N,231,-606605631,0.99848,1.03553,1.0371,4,10,166.0,0,1.0347
667,3558,2027,bf16,T,T,39,-606619918,0.13353,0.13268,0.9937,4,67,199.4,0,0.9668
15624,565,528,fp32,N,N,556,-606604875,0.28924,0.31202,1.0787,4,32,240.3,0,1.0224
2103,627,4219,fp16,T,N,250,-606622954,0.13102,0.47384,3.6167,4,21,216.1,0,0.9954
815,809,424,fp16,T,N,245,-606622811,0.02176,0.04145,1.9051,4,215,184.5,0,0.9886
546,173,6836,bf16,N,T,64,-606603151,0.06759,0.09847,1.4570,4,97,151.0,0,1.0031
3909,18963,1041,fp16,T,N,245,-606622968,1.44927,1.78269,1.2301,4,6,237.4,0,1.0157
449,650,5004,fp16,T,T,88,-606629612,0.09424,0.39129,4.1521,4,26,129.1,0,1.0041
20283,7094,8845,fp16,N,N,92,-606624264,20.38380,21.93333,1.0760,4,5,52.0,0,1.0562
425,359,362,fp16,T,N,245,-606603018,0.01159,0.01315,1.1348,4,459,101.6,0,1.0122
1650,5474,10509,bf16,T,T,39,-606619915,2.01068,2.13785,1.0632,4,5,92.4,0,1.0775
314,4787,64,fp16,T,N,245,-606603013,0.01443,0.02907,2.0150,4,297,462.0,0,0.9646
22822,1704,1073,fp16,N,T,227,-606604824,0.97156,1.04603,1.0766,4,10,214.3,0,1.0009
174,4534,14313,bf16,T,T,39,-606619903,0.44109,0.54571,1.2372,4,19,312.7,0,1.0001
21,12692,10048,fp32,N,T,614,-606618439,0.39330,0.64475,1.6393,4,14,1301.9,0,1.0114
284,428,391,fp32,N,N,562,-606627831,0.01089,0.01257,1.1549,4,527,146.9,0,1.0052
81,9847,40,fp16,N,N,90,-606624140,0.01087,0.01007,0.9259,4,654,366.5,0,1.0086
22286,252,21620,fp16,T,T,88,-606629620,2.57375,14.12002,5.4862,4,5,387.4,0,1.0986
2023,2012,17,bf16,T,N,332,-606605428,0.02074,0.02074,0.9999,4,377,791.5,0,0.9366
4268,15560,4354,bf16,N,N,388,-606630015,4.58347,4.92786,1.0751,4,5,95.6,0,1.0040
7137,32240,1995,bf16,N,N,388,-606630012,7.88135,9.66477,1.2263,4,5,136.7,0,1.0383
55,5179,848,fp32,T,N,519,-606624905,0.03006,0.03154,1.0490,4,277,628.4,0,1.0009
3,3,207,fp32,N,T,612,-606602083,0.00841,0.00770,0.9153,4,841,0.6,0,0.9985
9506,544,4152,fp16,T,N,513,-606603110,0.47706,0.53010,1.1112,4,20,218.3,0,1.1802
1819,17250,841,bf16,T,T,39,-606619914,0.72065,0.70402,0.9769,4,15,218.7,0,1.0608
20,91,32,fp32,T,T,82,-606620829,0.00910,0.00769,0.8453,4,819,2.4,0,0.8828
3093,5641,2453,bf16,N,T,57,-606623140,1.04961,1.00724,0.9596,4,11,107.3,0,1.1432
11110,6255,5480,fp16,T,T,53,-606629618,9.64787,10.78697,1.1181,4,5,48.5,0,1.0924
2273,2488,13432,fp16,N,T,227,-606604798,1.50925,1.65851,1.0989,4,7,99.7,0,1.0404
1881,8029,469,bf16,N,N,166,-606605209,0.24202,0.43530,1.7986,4,23,288.0,0,0.9797
122,160,1188,fp16,N,T,239,-606627721,0.01224,0.01221,0.9977,4,498,61.1,0,0.9260
1429,5101,11172,bf16,N,T,57,-606623198,1.67241,3.32172,1.9862,4,5,104.7,0,1.0556
2082,30094,32505,fp16,N,N,98,-606603354,36.86822,36.44313,0.9885,4,5,63.5,0,1.0032
62,80,3971,fp16,N,T,243,-606627643,0.01587,0.07383,4.6523,4,98,72.3,0,0.9952
39,5058,10158,fp32,T,N,519,-606624892,0.21752,0.44291,2.0362,4,23,955.7,0,1.0135
1454,2414,29,fp32,T,N,519,-606634109,0.01988,0.03089,1.5538,4,276,728.9,0,1.0015
9290,9875,2664,bf16,T,T,39,-606619932,4.42725,4.47906,1.0117,4,5,105.9,0,1.0427
86,7564,32,bf16,T,T,39,-606619917,0.00978,0.00861,0.8802,4,700,316.2,0,0.9947
3943,544,3690,fp16,T,N,543,-606602939,0.18822,0.31340,1.6650,4,33,221.5,0,0.8714
8057,18566,1933,bf16,T,T,39,-606619916,5.68357,5.99656,1.0551,4,5,123.4,0,1.0280
181,12,15597,fp32,T,T,82,-606620792,0.33645,0.33171,0.9859,4,30,35.8,0,0.9936
2286,1463,6533,fp32,N,N,556,-606627964,1.34936,1.89882,1.4072,4,6,82.5,0,1.0656
504,177,475,fp16,T,T,53,-606629612,0.01250,0.05085,4.0682,4,139,80.3,0,0.9656
5022,380,7747,fp32,T,N,525,-606603840,0.95779,1.09812,1.1465,4,10,182.7,0,1.0596
4939,3388,1511,bf16,N,N,273,-606629950,0.51753,0.58907,1.1382,4,17,178.0,0,0.9689
24468,3341,2419,fp16,N,N,94,-606624261,3.97637,4.56866,1.1490,4,5,116.1,0,1.1122
640,166,5173,fp32,N,T,612,-606602082,0.08485,0.09062,1.0680,4,109,201.6,0,0.9866
9650,40,11396,fp32,T,N,525,-606604015,0.43854,0.54271,1.2375,4,19,1010.7,0,1.0836
6460,255,7674,fp16,N,N,101,-606624254,0.31486,0.44926,1.4269,4,22,348.3,0,0.8871
14221,14799,83,bf16,N,T,57,-606603219,1.48376,1.74653,1.1771,4,6,570.6,0,1.0154
10116,12554,16095,bf16,T,T,39,-606619916,35.86903,70.85531,1.9754,4,5,34.5,0,1.1278
541,8810,10921,fp16,N,T,62,-606627741,1.35176,1.29588,0.9587,4,8,165.2,0,1.1214
600,771,298,bf16,T,N,231,-606605556,0.01677,0.02394,1.4272,4,319,159.1,0,0.8742
4125,16070,25745,bf16,T,T,39,-606619916,32.22041,65.45850,2.0316,4,5,40.5,0,1.0150
2476,621,11347,fp16,T,T,53,-606629606,0.45209,2.91212,6.4414,4,5,169.1,0,1.0070
621,776,19724,bf16,N,T,214,-606623176,0.33672,0.40288,1.1965,4,25,169.4,0,1.0065
1699,12290,455,fp32,T,T,82,-606620788,0.64377,0.67996,1.0562,4,16,169.3,0,1.1067
954,11193,4145,fp16,N,N,94,-606624264,0.96704,1.31374,1.3585,4,8,148.3,0,1.0426
995,22025,8902,fp16,N,N,90,-606624264,3.67916,3.73078,1.0140,4,5,135.2,0,1.0200
1512,28339,1523,fp32,N,N,556,-606628022,3.73689,3.90662,1.0454,4,5,94.5,0,0.9860
3,11877,3,fp16,T,T,36,-606629580,0.00700,0.00744,1.0622,4,929,30.5,0,0.8730
11202,11417,13477,fp16,N,N,94,-606603433,28.92912,30.77472,1.0638,4,5,38.8,0,0.9931
11681,1127,269,fp16,T,N,245,-606603076,0.13707,0.23098,1.6851,4,42,434.4,0,1.0020
9820,179,24,fp16,N,N,94,-606603248,0.01705,0.01988,1.1655,4,420,440.4,0,0.9944
7601,4198,674,fp16,T,T,88,-606629615,0.54979,2.41254,4.3881,4,5,261.1,0,0.9987
8257,11005,3404,bf16,N,N,166,-606630015,5.34140,7.02731,1.3156,4,5,92.6,0,1.0839
18399,29975,973,fp16,T,T,53,-606629620,11.97796,12.21364,1.0197,4,5,192.0,0,0.9513
22351,3503,16684,fp16,T,T,53,-606629611,39.55289,40.20206,1.0164,4,5,29.7,0,1.2164
1833,217,2136,fp16,N,N,99,-606624121,0.05541,0.05525,0.9970,4,159,186.8,0,0.8604
1051,14372,683,fp32,T,T,82,-606620831,0.75520,0.77961,1.0323,4,14,135.8,0,1.1328
354,548,236,fp16,T,N,382,-606622741,0.00888,0.01989,2.2409,4,360,135.4,0,0.8911
362,544,2054,bf16,N,N,421,-606605255,0.03055,0.03322,1.0875,4,269,147.6,0,0.9855
752,2521,580,fp32,T,N,519,-606624950,0.08613,0.08273,0.9605,4,123,176.2,0,1.1091
921,924,22038,fp32,T,T,82,-606620831,1.64277,1.60229,0.9754,4,6,101.1,0,0.9987
29690,3757,6047,bf16,T,N,231,-606630883,11.69351,12.71134,1.0870,4,5,72.7,0,1.1195
2215,1824,392,fp16,N,T,227,-606604794,0.06271,0.08953,1.4277,4,101,308.2,0,0.8794
7439,12022,13201,fp16,N,N,92,-606624261,19.59555,32.52580,1.6599,4,5,44.5,0,0.9932
1964,267,4750,bf16,N,T,64,-606623132,0.09369,0.09266,0.9890,4,104,248.6,0,0.9884
1281,1739,100,fp32,N,N,556,-606604877,0.02477,0.03088,1.2466,4,282,408.5,0,1.0271
10,11,8468,bf16,T,N,247,-606630698,0.01132,0.01163,1.0280,4,438,31.5,0,0.9833
152,488,3630,bf16,T,N,489,-606605550,0.02223,0.02283,1.0271,4,354,222.4,0,1.0117
1423,1705,661,fp32,N,N,556,-606605148,0.11401,0.13721,1.2035,4,71,157.7,0,1.0022
1700,1620,12470,fp32,T,N,539,-606624693,2.09235,2.12012,1.0133,4,5,84.4,0,0.9062
2286,14260,2496,bf16,T,T,39,-606619901,1.42384,1.46423,1.0284,4,7,149.6,0,1.0235
2088,3434,1985,fp16,T,N,245,-606623013,0.29216,0.31535,1.0794,4,31,173.2,0,0.9925
1634,2201,1120,fp32,T,N,519,-606624946,0.24599,0.25054,1.0185,4,40,128.3,0,1.0448
13857,6508,5247,fp32,T,T,82,-606620779,27.91839,28.81605,1.0322,4,5,28.2,0,0.9448
12116,587,1129,fp32,N,N,556,-606605073,0.56153,0.57229,1.0192,4,19,152.8,0,1.1189
1297,3569,607,bf16,N,N,166,-606605264,0.09153,0.16118,1.7609,4,55,266.8,0,0.9271
17931,522,1460,fp16,T,T,88,-606629607,0.34917,1.70533,4.8839,4,6,261.5,0,1.0252
2704,80,3930,bf16,N,N,425,-606605255,0.05350,0.10144,1.8960,4,98,425.2,0,0.9742
90,512,4583,bf16,T,T,39,-606619899,0.08233,0.13121,1.5937,4,87,69.3,0,0.9936
9490,217,599,bf16,N,N,166,-606605265,0.05062,0.05373,1.0615,4,175,392.5,0,1.0064
14725,1425,1286,bf16,T,T,39,-606619910,0.64396,0.64396,1.0000,4,17,194.8,0,1.1710
16834,23769,173,fp32,N,N,556,-606628022,4.33059,4.55935,1.0528,4,5,376.1,0,0.9642
4,24,20439,bf16,T,T,4,-354,1.21689,2.07814,1.7077,4,5,0.9,0,0.9182
872,24900,4332,fp32,T,N,539,-606603950,5.59679,5.97436,1.0675,4,5,95.3,0,1.0432
6789,3752,10521,fp32,T,T,82,-606620831,15.74443,16.39499,1.0413,4,5,34.6,0,1.0014
29294,1389,1799,fp16,N,N,94,-606624258,1.43399,1.55664,1.0855,4,7,190.5,0,1.0188
7240,4092,8459,fp16,T,T,53,-606629620,6.07503,32.46873,5.3446,4,5,51.1,0,1.1076
1147,20253,165,bf16,T,N,231,-606630862,0.18827,0.18752,0.9960,4,51,531.1,0,0.9569
736,4992,1462,fp32,T,N,539,-606603894,0.33916,0.35064,1.0339,4,30,142.1,0,0.9191
796,1243,20651,fp32,N,N,558,-606628025,1.46325,1.93208,1.3204,4,6,117.8,0,1.0362
9507,9323,16883,bf16,T,T,39,-606619916,27.49325,53.07574,1.9305,4,5,36.0,0,0.9741
944,6284,5,fp16,T,N,382,-606622871,0.02276,0.02270,0.9970,4,350,1045.5,0,0.9948
568,2373,5305,bf16,N,T,62,-606623140,0.23972,0.86931,3.6263,4,12,152.7,0,1.0040
52,47,23444,bf16,N,N,176,-606605266,0.05168,0.15707,3.0394,4,64,90.0,0,1.0138
1865,18907,20189,fp16,T,N,245,-606603105,12.26703,12.01496,0.9795,4,5,79.9,0,1.0422
1482,3270,30,fp16,T,T,88,-606629553,0.02916,0.04033,1.3830,4,213,674.5,0,0.9539
2365,1462,166,fp32,T,N,519,-606634109,0.04600,0.04851,1.0545,4,189,355.9,0,1.0062
9918,519,118,fp16,N,N,94,-606624187,0.04533,0.04539,1.0012,4,205,508.5,0,1.0039
226,219,434,fp16,N,N,94,-606603368,0.01126,0.01024,0.9093,4,592,51.9,0,1.0105
464,4181,491,fp32,T,T,82,-606620798,0.08383,0.11066,1.3200,4,87,201.4,0,1.0247
19,32707,2447,fp16,N,N,99,-606624140,0.19851,0.30052,1.5139,4,33,819.3,0,1.0030
6509,396,13276,fp16,T,T,88,-606629608,0.81696,4.47244,5.4745,4,5,237.0,0,1.0737
1116,993,6982,bf16,N,T,62,-606603161,0.18895,0.25909,1.3712,4,38,179.3,0,0.9458
3485,4933,712,bf16,T,N,231,-606605608,0.28022,0.30210,1.0781,4,33,288.2,0,1.0503
185,2947,4842,fp32,T,N,519,-606604018,0.18815,0.23673,1.2582,4,44,334.0,0,1.1026
8429,45,27732,fp32,N,N,556,-606627977,1.15702,1.41686,1.2246,4,8,813.7,0,0.9270
16738,1516,2231,bf16,T,N,332,-606630861,1.03446,1.04734,1.0125,4,11,176.9,0,1.2086
5672,3053,1831,fp32,N,N,556,-606605059,1.84957,2.31395,1.2511,4,5,72.0,0,0.9037
20650,9289,4871,fp16,N,N,94,-606624263,15.52274,16.82939,1.0842,4,5,68.2,0,0.9914
20370,1940,4907,bf16,T,T,39,-606619916,3.81206,4.56060,1.1964,4,5,98.9,0,1.1663
148,2918,134,bf16,T,T,39,-606619899,0.01020,0.00919,0.9012,4,658,250.0,0,0.9240
11655,207,107,bf16,T,T,39,-606619903,0.03691,0.04284,1.1606,4,224,330.3,0,1.0021
1068,5224,80,fp32,N,N,562,-606608209,0.03883,0.07142,1.8393,4,132,626.6,0,1.0047
2779,10509,50,fp32,N,N,556,-606605033,0.18078,0.18201,1.0068,4,54,660.9,0,1.0207
150,16107,1179,fp32,T,T,82,-606620788,0.24035,0.41283,1.7177,4,25,359.2,0,1.0320
3552,7248,3060,fp16,T,T,88,-606629617,1.51545,8.70508,5.7442,4,5,111.6,0,0.9869
16,3,163,fp32,N,T,612,-606602088,0.00875,0.00794,0.9068,4,933,1.4,0,1.0224
2119,16271,1766,bf16,N,T,57,-606623140,1.31725,5.28092,4.0091,4,5,154.0,0,1.0321
18348,1872,349,bf16,N,N,388,-606629838,0.32723,0.35205,1.0759,4,29,463.0,0,1.0360
16892,965,1187,bf16,N,N,166,-606629868,0.46633,0.46362,0.9942,4,21,230.7,0,1.0203
6483,1176,8292,fp16,T,N,513,-606602943,1.11392,1.30760,1.1739,4,8,141.4,0,1.0498
1569,1483,13875,fp32,T,N,519,-606603957,2.00345,2.14713,1.0717,4,5,89.2,0,0.9373
12219,4267,25685,fp16,N,N,90,-606624263,22.05611,24.91314,1.1295,4,5,47.9,0,1.0063
1774,4625,581,bf16,N,T,57,-606603219,0.15904,0.23878,1.5014,4,41,253.1,0,0.9543
128,1294,14,bf16,N,N,166,-606629913,0.00933,0.00764,0.8187,4,853,75.2,0,1.0162
4201,303,448,fp32,T,N,519,-606624946,0.04728,0.04981,1.0534,4,184,278.4,0,0.9982
7805,28529,12640,bf16,T,T,39,-606619916,49.21229,83.28728,1.6924,4,5,36.8,0,1.0035
227,9044,3780,bf16,N,T,62,-606603161,0.24733,0.64210,2.5962,4,15,316.6,0,1.0074
19237,11,17,fp16,T,N,245,-606622900,0.00938,0.02666,2.8414,4,309,160.0,0,1.0147
1447,1506,28594,fp16,T,N,249,-606622971,1.37459,2.64790,1.9263,4,5,129.2,0,0.9816
908,6457,1722,fp32,N,T,612,-606618425,0.63947,0.69219,1.0825,4,15,116.0,0,1.0229
392,27926,1188,bf16,T,T,39,-606619909,0.34412,0.33924,0.9858,4,29,322.8,0,1.0450
4562,22909,6910,fp16,T,N,245,-606622991,11.29564,12.04553,1.0664,4,5,70.6,0,1.0142
14898,12766,10476,fp16,N,N,98,-606624263,33.15477,34.11442,1.0289,4,5,40.4,0,0.9852
1607,2261,12648,bf16,N,T,57,-606603145,0.90611,1.74464,1.9254,4,6,124.0,0,1.0207
810,5067,746,fp32,N,T,612,-606602094,0.21200,0.25609,1.2080,4,37,160.2,0,1.0594
4280,31241,214,fp32,T,T,82,-606620808,1.82272,1.88923,1.0365,4,6,310.1,0,0.9730
5690,855,3297,fp16,N,N,94,-606603431,0.40301,3.00374,7.4533,4,5,155.4,0,1.0044
3044,22806,84,bf16,N,T,57,-606623199,0.49089,0.62939,1.2821,4,16,574.5,0,1.0015
4314,31,15576,fp32,N,N,556,-606627918,0.32193,0.39713,1.2336,4,24,842.6,0,1.0102
785,859,1694,bf16,N,T,62,-606623132,0.04379,0.04376,0.9992,4,205,188.8,0,1.0255
8007,4053,14359,fp16,N,N,90,-606624263,7.40349,8.41235,1.1363,4,5,64.3,0,1.0107
61,148,427,bf16,N,T,57,-606623200,0.00872,0.00994,1.1406,4,634,24.6,0,0.9695
11112,1,5087,fp16,N,N,21,-9,0.14304,1.00318,7.0133,4,10,790.7,0,1.0182
1432,5497,6822,fp32,N,T,612,-606602174,3.19846,3.39248,1.0607,4,5,69.0,0,1.0415
178,4790,54,bf16,T,T,39,-606619899,0.01060,0.01196,1.1282,4,483,372.4,0,0.9766
6448,537,916,bf16,T,T,39,-606619918,0.08967,0.09940,1.1085,4,97,297.2,0,1.0255
2079,1245,1436,fp32,T,T,82,-606620793,0.26723,0.34696,1.2984,4,29,110.2,0,1.0534
35,64,9649,fp16,N,T,243,-606604754,0.01528,0.16783,10.9856,4,56,125.6,0,0.9403
1939,3770,4770,fp16,N,N,92,-606624258,0.72189,1.09581,1.5180,4,10,116.0,0,1.0478
6,2590,61,fp32,N,N,556,-606605146,0.00759,0.00745,0.9820,4,977,91.7,0,0.9855
399,8261,121,bf16,T,N,231,-606605607,0.03275,0.04022,1.2283,4,227,466.6,0,0.9942
4676,3779,25973,fp16,T,N,245,-606603092,8.12326,8.33936,1.0266,4,5,62.8,0,1.0904
5915,15922,7924,bf16,T,T,39,-606619916,13.09526,23.41001,1.7877,4,5,55.2,0,0.9707
1321,275,47,bf16,T,T,39,-606619917,0.00813,0.00741,0.9116,4,805,197.3,0,1.0018
1630,1092,3186,fp32,N,T,614,-606618406,0.34617,0.50818,1.4680,4,20,120.8,0,1.0065
679,865,424,fp32,T,T,82,-606620828,0.02678,0.03420,1.2772,4,238,185.5,0,0.8782
1180,1765,1798,fp32,T,N,519,-606608180,0.25450,0.26247,1.0313,4,38,116.0,0,1.0140
3607,13292,26777,bf16,N,T,57,-606603181,41.76150,56.25394,1.3470,4,5,26.3,0,1.0133
23005,618,4189,fp32,T,T,82,-606620781,3.59738,3.60915,1.0033,4,5,125.8,0,1.0225
5194,1543,148,bf16,T,T,39,-606619899,0.11695,0.12480,1.0671,4,78,291.2,0,1.0047
121,15318,4302,bf16,T,N,238,-606605601,0.21951,0.23354,1.0639,4,43,638.9,0,1.0082
11,7040,2,fp16,N,N,352,-606624204,0.00697,0.00736,1.0565,4,1031,48.5,0,0.9984
15,1804,56,bf16,N,N,273,-606629874,0.00706,0.00745,1.0563,4,1048,44.2,0,1.0055
27932,44,16,bf16,N,N,273,-606605254,0.01191,0.02145,1.8015,4,376,488.0,0,1.0051
227,44,938,bf16,T,T,39,-606619899,0.01728,0.01724,0.9981,4,343,31.7,0,0.9399
303,1153,493,bf16,T,T,39,-606619899,0.01455,0.01455,0.9997,4,503,194.6,0,1.0147
5,3,6,bf16,N,N,12,-606629829,0.00695,0.00717,1.0320,4,906,0.0,0,1.0070
5798,572,152,bf16,T,N,332,-606630681,0.02347,0.04223,1.7995,4,219,647.7,0,1.0112
6309,2771,267,fp16,N,T,62,-606604827,0.20417,0.30162,1.4773,4,33,366.2,0,1.0027
24474,134,939,fp16,T,T,53,-606629615,0.13082,0.13837,1.0577,4,70,453.5,0,1.0064
38,2200,16,fp32,N,T,614,-606618330,0.00690,0.00712,1.0310,4,1014,69.2,0,1.0001
3892,955,2540,fp32,T,T,82,-606620815,0.56991,0.73998,1.2984,4,14,112.5,0,1.0152
3484,868,2668,fp32,T,T,82,-606620788,0.50778,0.62645,1.2337,4,16,115.3,0,1.0539
1124,27261,1182,fp32,T,T,82,-606620821,2.26896,2.35523,1.0380,4,5,113.2,0,1.0661
1084,772,537,bf16,N,T,57,-606623173,0.02634,0.03063,1.1629,4,268,202.7,0,0.9239
953,15014,623,bf16,N,N,166,-606605263,0.25964,0.88920,3.4247,4,12,297.1,0,0.9942
115,10220,19205,fp32,T,N,525,-606624845,1.78997,1.83056,1.0227,4,6,446.2,0,0.9320
16602,3134,3664,bf16,T,T,39,-606619918,3.56214,3.55350,0.9976,4,5,99.0,0,1.1314
167,455,1685,fp16,N,N,97,-606624100,0.02237,0.02233,0.9984,4,362,107.3,0,0.8939
26062,14425,1495,bf16,T,N,231,-606605580,9.84784,9.78707,0.9938,4,5,165.0,0,1.0657
2674,5969,6434,bf16,N,N,166,-606605353,1.97686,2.42493,1.2267,4,5,88.6,0,1.0842
1675,1465,19048,bf16,N,N,174,-606629895,0.99490,1.55527,1.5632,4,7,130.1,0,1.0154
25337,1867,284,fp16,N,T,62,-606604827,0.49512,0.60896,1.2299,4,17,413.4,0,1.0048
13198,580,1816,fp16,N,N,223,-606603427,0.29694,0.34150,1.1501,4,29,271.6,0,1.0826
10667,15758,7536,fp16,T,T,88,-606629611,37.36580,37.89008,1.0140,4,5,28.7,0,1.0443
9263,3,48,fp32,N,T,612,-606618206,0.01011,0.00918,0.9087,4,700,187.0,0,0.9784
3602,1845,3355,bf16,N,N,166,-606629868,0.51111,0.62321,1.2193,4,16,123.5,0,1.0455
3827,127,111,fp16,N,N,90,-606603313,0.01366,0.02944,2.1554,4,293,206.6,0,1.0122
178,279,42,bf16,N,T,57,-606623167,0.01087,0.00790,0.7267,4,993,21.8,0,1.0012
25912,252,751,bf16,T,T,39,-606619903,0.13422,0.15175,1.1306,4,64,487.4,0,1.0588
4833,1026,1623,fp32,T,N,519,-606603863,0.59024,0.58417,0.9897,4,19,98.0,0,1.0759
17349,53,6,bf16,N,N,166,-709,0.01230,0.01640,1.3337,4,440,316.1,0,0.9232
1668,54,47,fp16,T,T,53,-374,0.01030,0.00992,0.9634,4,552,50.7,0,1.0033
1919,1364,3616,bf16,N,N,281,-606629951,0.19244,0.18769,0.9753,4,53,177.8,0,1.0811
1444,2788,1016,fp16,N,N,223,-606624255,0.11076,0.11219,1.0129,4,86,223.0,0,1.0189
123,13089,4321,bf16,N,T,62,-606603219,0.23670,0.51267,2.1659,4,20,509.6,0,1.0078
15233,249,409,fp32,T,N,519,-606624769,0.10859,0.11744,1.0814,4,83,373.0,0,0.9614
4,24,4,fp32,N,N,562,-606605029,0.00942,0.00868,0.9217,4,1072,0.1,0,1.0113
2979,3249,8401,bf16,T,N,231,-606630910,1.40633,1.50789,1.0722,4,7,101.9,0,1.0116
2238,62,1675,bf16,N,N,174,-606629833,0.03585,0.04513,1.2588,4,198,230.4,0,0.9868
14832,273,971,fp16,T,N,245,-606603109,0.12286,0.13447,1.0944,4,72,370.6,0,1.0078
87,4326,7,bf16,N,N,166,-709,0.00999,0.00817,0.8176,4,885,156.9,0,1.0203
1606,8315,1056,bf16,N,T,57,-606623199,0.30793,0.53957,1.7523,4,19,241.5,0,1.0099
9175,24291,8172,fp16,N,N,90,-606603432,29.74077,31.54668,1.0607,4,5,48.4,0,1.1316
664,14538,1696,fp32,T,N,519,-606624942,1.05527,1.11783,1.0593,4,10,134.3,0,1.0324
3063,342,2674,fp32,T,N,519,-606604015,0.22389,0.21960,0.9808,4,48,181.4,0,1.0318
6889,21188,66,fp16,N,N,217,-606603355,0.80222,0.85121,1.0611,4,12,732.4,0,0.9238
285,166,272,fp32,T,N,519,-606624663,0.00865,0.01113,1.2860,4,532,78.6,0,1.0119
454,1072,9926,fp16,T,T,88,-606629613,0.25176,1.73631,6.8967,4,6,128.1,0,1.0078
3703,2151,644,fp32,N,N,556,-606605078,0.37021,0.39799,1.0750,4,26,126.8,0,0.9625
30,471,12282,fp32,T,T,82,-606620820,0.26459,0.26239,0.9917,4,37,93.2,0,0.9286
2255,233,185,fp16,T,N,245,-606603014,0.01543,0.01469,0.9518,4,488,195.8,0,1.0223
5579,6925,4106,bf16,T,T,39,-606619916,2.99847,3.78976,1.2639,4,5,85.8,0,1.1379
5791,822,16962,fp16,N,N,92,-606603432,1.81983,1.74956,0.9614,4,6,133.7,0,1.0248
7433,7073,539,bf16,T,T,39,-606619902,0.86777,0.85923,0.9902,4,12,260.4,0,1.0298
18625,6935,9151,bf16,T,T,39,-606619916,21.19618,38.89092,1.8348,4,5,46.4,0,1.0709
4129,65,1797,fp32,N,T,612,-606601960,0.06218,0.09674,1.5557,4,102,502.1,0,0.8953
1493,850,6666,fp16,N,T,68,-606627760,0.28186,0.76798,2.7247,4,13,128.8,0,0.9152
1824,17504,1000,bf16,T,N,441,-606605571,0.66031,0.64367,0.9748,4,17,251.9,0,1.1759
4308,485,383,fp32,N,N,556,-606605059,0.07218,0.08566,1.1866,4,112,217.5,0,0.9305
6455,1278,3238,fp16,T,N,245,-606603127,0.49585,0.93404,1.8837,4,11,167.5,0,0.9943
4321,2200,3141,fp16,N,N,352,-606624161,0.60596,0.61948,1.0223,4,17,130.4,0,1.0342
2746,5829,1658,fp16,T,T,53,-606629615,0.60249,3.84231,6.3774,4,5,153.5,0,0.9913
26,24378,4386,fp16,N,N,107,-606603416,0.21825,0.30571,1.4007,4,31,992.5,0,0.9353
75,24546,888,bf16,T,T,39,-606619931,0.07577,0.07725,1.0195,4,116,674.3,0,1.0707
353,11969,146,bf16,T,N,231,-606630855,0.03671,0.03734,1.0172,4,225,558.4,0,0.9376
344,29,8917,fp16,N,N,103,-606624108,0.03064,0.02923,0.9540,4,231,218.4,0,1.0125
372,435,2357,fp32,T,N,519,-606624915,0.04541,0.05914,1.3024,4,154,181.8,0,1.0102
4602,1169,18087,fp16,N,T,62,-606604851,2.98215,4.61648,1.5480,4,5,77.2,0,1.2254
385,425,276,fp32,N,N,556,-606604940,0.01037,0.00963,0.9286,4,645,149.3,0,0.8561
1189,295,79,fp16,N,N,90,-606603313,0.01045,0.01891,1.8090,4,379,156.7,0,1.0054
19497,3250,14863,fp16,T,T,53,-606629611,30.43373,29.99424,0.9856,4,5,30.5,0,1.0211
11051,191,1855,fp16,N,N,97,-606603427,0.13281,0.16479,1.2408,4,60,377.6,0,1.0102
31245,97,4772,bf16,N,N,166,-606629916,0.47252,0.56756,1.2011,4,18,658.7,0,1.1053
28477,5174,995,fp16,T,T,53,-606629615,3.74967,3.78042,1.0082,4,5,175.0,0,1.0399
59,15147,4162,fp32,T,N,519,-606624922,0.33605,0.33780,1.0052,4,29,763.9,0,1.0217
6623,13,5,fp16,N,N,90,-606624068,0.01044,0.00843,0.8074,4,805,39.4,0,0.9196
912,26439,13202,fp16,T,N,245,-606622993,5.94562,5.94690,1.0002,4,5,137.7,0,1.2155
25,5,3095,fp16,T,T,53,-606629613,0.04691,0.36908,7.8684,4,24,4.0,0,0.8490
5363,1295,2120,fp32,N,N,556,-606628040,0.91587,1.01498,1.1082,4,10,92.0,0,1.0497
20,14553,16526,bf16,N,N,176,-606629829,0.54822,0.76374,1.3931,4,13,880.7,0,1.0022
904,14843,5892,bf16,T,N,231,-606630854,1.55432,1.52006,0.9780,4,7,153.9,0,1.1337
245,13513,156,fp32,T,T,82,-606620832,0.05682,0.09974,1.7554,4,91,384.2,0,0.9472
3,14,263,fp32,N,T,612,-606618165,0.00752,0.00770,1.0239,4,763,2.4,0,0.9736
14618,2579,2971,fp16,T,T,53,-606629619,2.31832,14.29273,6.1651,4,5,109.1,0,1.1637
216,6982,378,bf16,N,T,57,-606603145,0.03448,0.04712,1.3665,4,177,332.7,0,0.9132
64,119,147,fp16,N,N,94,-606624140,0.00748,0.00776,1.0373,4,615,11.3,0,0.9568
125,369,839,fp16,N,T,68,-606627734,0.01114,0.01469,1.3189,4,449,91.0,0,0.9992
86,1525,4214,bf16,N,T,64,-606623205,0.06233,0.06622,1.0625,4,137,226.3,0,0.9906
2304,2910,397,fp32,N,N,556,-606627767,0.19083,0.18486,0.9687,4,58,183.9,0,1.1142
19561,1348,3698,bf16,T,T,39,-606619925,2.20430,2.10914,0.9568,4,5,118.0,0,1.0118
923,872,365,fp32,N,N,556,-606628007,0.02838,0.03053,1.0760,4,281,205.8,0,0.9166
599,208,34,fp16,T,T,88,-606629549,0.00753,0.00836,1.1102,4,632,73.4,0,0.9856
7878,9848,3085,fp16,T,T,53,-606629617,5.26966,6.08098,1.1540,4,5,79.6,0,1.0038
30027,327,18900,bf16,N,N,166,-606629916,4.18004,5.06867,1.2126,4,5,283.9,0,1.0115
2508,1360,32332,bf16,T,T,39,-606619901,2.74411,2.83425,1.0328,4,5,96.1,0,0.9922
361,1139,500,fp32,T,N,519,-606624940,0.02498,0.03002,1.2015,4,284,185.9,0,0.9935
2827,13019,1790,fp32,T,T,82,-606620794,3.98970,4.27408,1.0713,4,5,65.3,0,1.0622
248,31997,1792,bf16,T,T,39,-606619925,0.33691,0.34277,1.0174,4,29,437.2,0,1.0499
2714,8060,19865,bf16,N,N,273,-606605295,7.14814,9.48682,1.3272,4,5,72.1,0,0.9548
5975,9444,13084,fp32,T,T,82,-606620767,42.68319,45.87865,1.0749,4,5,24.2,0,1.0270
112,873,427,bf16,T,N,231,-606630722,0.01121,0.01119,0.9977,4,576,109.9,0,0.9745
1784,196,557,fp16,N,T,62,-606627664,0.01776,0.05681,3.1989,4,162,203.0,0,0.9995
22,1171,29,fp32,T,N,519,-606624752,0.00747,0.00788,1.0558,4,982,32.3,0,0.9827
751,42,195,bf16,T,N,231,-606605463,0.00743,0.01355,1.8248,4,400,58.6,0,1.0031
192,8509,3583,bf16,T,T,39,-606619917,0.20362,0.21609,1.0613,4,45,338.3,0,1.0243
1419,3120,55,fp32,N,T,614,-606618425,0.03123,0.04581,1.4668,4,200,599.0,0,0.9831
2259,4823,12989,bf16,N,N,166,-606630018,2.60136,4.63824,1.7830,4,5,87.5,0,1.0043
512,2286,25219,fp32,N,T,612,-606602017,1.83378,2.12210,1.1572,4,5,156.5,0,1.1281
118,244,11579,bf16,T,N,348,-606630783,0.09405,0.10095,1.0734,4,89,90.4,0,0.8939
5039,1263,4979,fp16,T,N,245,-606623025,0.54332,2.49314,4.5887,4,5,162.4,0,1.0151
13581,1109,24,fp16,T,T,53,-606629595,0.08916,0.09886,1.1089,4,97,683.6,0,1.0552
1051,17534,5789,bf16,N,T,57,-606603218,2.33007,8.47633,3.6378,4,5,124.0,0,0.9543
4283,12249,4652,fp16,N,N,90,-606624264,4.26797,6.75007,1.5816,4,5,85.2,0,1.0455
1692,144,568,fp32,T,N,539,-606603796,0.01921,0.01955,1.0178,4,401,267.9,0,0.9879
6398,6671,6546,fp16,N,T,62,-606604822,7.04121,7.04104,1.0000,4,5,48.5,0,1.0829
26406,8989,955,bf16,T,N,231,-606605573,4.73172,5.55667,1.1743,4,5,214.9,0,1.1294
29,189,340,fp16,T,N,245,-606622752,0.00910,0.04959,5.4486,4,159,18.7,0,0.8815
940,1014,4249,bf16,T,N,244,-606605569,0.10148,0.20325,2.0028,4,47,201.2,0,0.9941
1990,8540,3309,fp16,T,T,53,-606629610,1.21878,7.98712,6.5534,4,5,113.0,0,1.1191
24798,1935,4920,fp16,N,T,62,-606604851,4.83082,4.84311,1.0025,4,5,94.2,0,0.9084
19211,3956,1898,fp16,T,T,88,-606629616,3.31112,3.39678,1.0259,4,5,118.4,0,1.0646
501,215,16112,bf16,N,N,176,-606629919,0.09650,0.09619,0.9968,4,96,243.6,0,0.9782
29139,8793,345,bf16,T,T,39,-606619904,3.00398,3.00606,1.0007,4,5,349.9,0,1.0136
4516,1193,8455,bf16,T,N,231,-606630884,0.84794,1.77551,2.0939,4,6,139.3,0,1.0120
12176,35,10301,fp32,T,N,519,-606604021,0.49160,0.95441,1.9414,4,11,1026.9,0,1.0035
4604,73,3663,fp16,N,T,68,-606604779,0.08752,0.17556,2.0059,4,56,406.8,0,1.0053
71,17,250,bf16,N,N,166,-606605260,0.00889,0.00809,0.9095,4,619,5.5,0,1.0080
1851,234,15222,fp16,N,N,101,-606624235,0.25164,0.66676,2.6497,4,15,259.1,0,1.0032
10234,4233,4881,fp16,T,T,53,-606629611,5.41514,6.02957,1.1135,4,5,58.1,0,1.0038
1996,89,16922,fp16,T,N,258,-606622884,0.16366,0.98537,6.0207,4,10,435.5,0,1.0016
972,29831,30612,bf16,N,N,166,-606630010,14.92558,16.17949,1.0840,4,5,134.1,0,1.0135
1160,376,206,fp32,T,N,539,-606624736,0.01276,0.01685,1.3209,4,453,236.0,0,1.0103
3,3,7,fp32,N,N,329,-606608216,0.00802,0.00793,0.9888,4,1003,0.0,0,1.0012
8458,19,9093,bf16,N,T,64,-606603225,0.18848,0.22075,1.1712,4,42,821.3,0,1.0168
2522,3468,9156,fp16,T,T,88,-606629610,1.71877,9.75131,5.6734,4,5,84.2,0,1.0988
147,777,306,fp16,T,N,245,-606602890,0.01135,0.04125,3.6345,4,208,90.1,0,0.9363
545,603,2356,bf16,T,T,39,-606619899,0.04752,0.06932,1.4589,4,145,141.5,0,1.0099
54,766,46,fp32,N,N,556,-606605146,0.00701,0.00760,1.0841,4,1025,45.2,0,0.9970
1344,3842,9879,bf16,N,T,57,-606603145,1.18550,2.01567,1.7003,4,5,103.9,0,1.0023
71,27,1071,fp32,N,N,556,-606605147,0.00684,0.01154,1.6885,4,432,62.5,0,1.0057
4078,3271,4852,fp16,T,N,245,-606603121,1.15326,1.15201,0.9989,4,10,108.1,0,1.1447
1206,1804,31,fp32,T,T,82,-606620798,0.01993,0.02078,1.0426,4,373,455.5,0,0.9087
41,472,7085,fp16,N,N,393,-606624109,0.02264,0.14640,6.4667,4,65,324.5,0,0.9831
516,4620,15046,fp16,T,T,88,-606629607,0.89724,5.22925,5.8281,4,5,182.9,0,1.0822
20,21,18508,fp16,T,T,53,-606629622,0.29699,2.10431,7.0854,4,5,5.1,0,0.9270
467,24380,217,fp32,N,T,614,-606602129,0.20910,0.22864,1.0934,4,46,320.9,0,1.1185
9389,10773,11872,bf16,N,N,166,-606630010,19.46220,20.96456,1.0772,4,5,45.4,0,0.9759
109,6698,16,bf16,N,N,166,-606605179,0.00808,0.00805,0.9965,4,769,388.3,0,1.0018
3479,2625,750,bf16,T,T,39,-606619911,0.18354,0.19719,1.0744,4,50,248.9,0,1.0051
125,5215,568,bf16,T,T,39,-606619899,0.02185,0.03297,1.5091,4,267,397.0,0,1.0109
54,524,26,fp16,N,N,223,-606624089,0.00741,0.00782,1.0558,4,1009,19.3,0,0.9753
612,17,288,fp32,N,N,556,-606628037,0.00743,0.00785,1.0574,4,943,103.1,0,1.0005
2341,2604,2789,fp32,T,N,525,-606624801,1.08279,1.09868,1.0147,4,10,73.5,0,1.1064
14,18,80,fp16,T,N,245,-606622900,0.00782,0.00782,0.9999,4,906,0.8,0,0.9290
3093,2363,1786,bf16,N,T,57,-606603181,0.34043,0.46648,1.3702,4,22,143.1,0,1.0346
6977,14872,2058,fp16,N,N,352,-606624218,3.81768,4.92737,1.2907,4,5,132.3,0,0.9547
99,99,673,fp16,T,T,53,-606629612,0.01331,0.01321,0.9926,4,438,23.0,0,0.9338
3492,20082,3251,fp16,T,N,245,-606603122,4.11249,4.05454,0.9859,4,5,105.5,0,1.1314
9454,2451,3866,fp32,T,N,519,-606603959,5.21079,5.33354,1.0236,4,5,53.1,0,0.9451
428,914,7123,fp16,T,T,53,-606629621,0.17718,0.94693,5.3446,4,11,116.7,0,1.0008
29917,288,40,bf16,T,N,441,-606605531,0.04383,0.05565,1.2697,4,165,841.4,0,1.0051
1674,631,2003,fp16,N,N,103,-606624215,0.07328,0.13052,1.7811,4,74,183.7,0,1.0006
244,24,17267,fp16,T,N,590,-606603004,0.02713,0.09103,3.3557,4,91,342.1,0,1.0076
184,611,300,fp16,T,N,245,-606602890,0.01219,0.04019,3.2958,4,218,76.0,0,0.9975
7471,4628,85,fp16,T,N,382,-606622790,0.18379,0.41002,2.2309,4,24,763.7,0,1.0265
23486,24202,4583,bf16,T,T,39,-606619916,43.79535,57.13868,1.3047,4,5,61.9,0,1.0726
2777,136,151,bf16,N,T,201,-606603184,0.01097,0.01173,1.0694,4,577,217.9,0,0.9876
1104,9205,10179,fp32,T,N,519,-606604020,6.02890,6.15889,1.0216,4,5,76.4,0,1.0264
2364,2877,247,fp32,T,T,82,-606620791,0.12551,0.13006,1.0362,4,75,258.0,0,1.0042
7636,687,19918,bf16,N,N,166,-606605355,1.96329,2.21900,1.1302,4,5,179.6,0,1.0209
233,31339,5873,fp16,T,T,53,-606629615,1.09200,1.07591,0.9853,4,9,366.4,0,1.0493
22,93,566,fp32,T,T,82,-606620798,0.01748,0.02202,1.2596,4,285,15.4,0,0.9654
6655,20645,448,fp16,N,N,90,-606603419,1.51887,1.51263,0.9959,4,7,377.9,0,1.0118
4479,87,13676,bf16,N,T,64,-606603181,0.28753,0.30715,1.0682,4,30,439.8,0,1.0057
19,28,619,bf16,N,T,57,-606623166,0.00980,0.00807,0.8237,4,572,6.2,0,0.9047
1569,60,9,fp32,N,T,614,-606618330,0.00984,0.00854,0.8678,4,915,44.2,0,0.9794
5269,22942,2057,bf16,N,T,57,-606603218,6.11732,6.39056,1.0447,4,5,98.0,0,1.0215
194,65,1195,fp16,N,N,101,-606603275,0.01451,0.16940,11.6736,4,56,46.1,0,0.9959
195,1021,393,fp32,T,T,82,-606620797,0.01525,0.02725,1.7872,4,312,177.6,0,0.9973
7171,11765,19,fp16,N,N,90,-606624140,0.45749,0.57153,1.2493,4,17,739.2,0,0.9306
18,53,137,fp16,N,T,62,-606604834,0.00749,0.00772,1.0300,4,748,3.1,0,0.9565
19056,2168,224,bf16,N,N,388,-606630008,0.26412,0.27275,1.0326,4,37,661.7,0,1.0791
1465,1292,67,fp32,N,N,556,-606627766,0.01798,0.02290,1.2736,4,357,462.2,0,0.9609
28961,120,1277,bf16,T,T,39,-606619930,0.13826,0.14569,1.0537,4,67,637.8,0,0.9853
677,9545,296,bf16,T,T,39,-606619911,0.10012,0.10375,1.0362,4,89,318.6,0,0.9939
171,48,17839,bf16,T,N,503,-606630699,0.02770,0.09781,3.5306,4,93,283.2,0,1.0108
7486,837,898,fp16,T,N,245,-606622961,0.13075,0.17122,1.3095,4,57,306.0,0,1.0543
1619,4150,9947,bf16,N,T,57,-606603145,1.59420,2.77880,1.7431,4,5,88.8,0,1.0416
110,2377,48,bf16,T,N,231,-606630723,0.00747,0.00791,1.0593,4,769,172.0,0,0.9744
219,1132,5463,fp32,N,T,614,-606602153,0.10916,0.18303,1.6767,4,54,279.5,0,1.0297
1227,4206,18691,bf16,N,T,57,-606603218,2.40962,4.16373,1.7280,4,5,92.9,0,1.0197
9978,13932,61,bf16,N,T,57,-606603219,0.83276,1.14311,1.3727,4,9,671.2,0,0.9720
875,221,748,fp32,N,T,612,-606618210,0.01645,0.03872,2.3538,4,232,246.4,0,1.0100
2736,11,43,fp32,N,T,612,-606618322,0.00719,0.00770,1.0696,4,962,82.4,0,0.9840
10592,24180,5651,bf16,N,T,57,-606603181,33.51490,40.08563,1.1961,4,5,42.3,0,1.2028
21160,812,20860,bf16,T,N,332,-606630910,6.12686,7.84992,1.2812,4,5,160.8,0,0.9173
5751,15944,11356,fp16,T,T,88,-606629620,31.47189,32.02037,1.0174,4,5,27.3,0,1.0017
450,552,71,fp32,T,T,82,-606620789,0.00743,0.00809,1.0899,4,687,172.1,0,0.9784
19,6,3,fp16,N,N,53,-606624069,0.00731,0.00782,1.0697,4,972,0.1,0,0.9898
12273,3329,13145,fp32,T,T,82,-606620810,31.33001,33.40248,1.0661,4,5,31.4,0,1.0057
85,6429,4996,bf16,T,N,247,-606630836,0.11763,0.18931,1.6094,4,49,571.9,0,1.0335
1859,15474,749,bf16,T,N,231,-606630861,0.45951,0.45281,0.9854,4,21,306.9,0,0.9838
1774,9394,830,fp16,T,N,245,-606603091,0.30512,0.30293,0.9928,4,30,279.2,0,0.8721
5812,9185,10539,fp16,T,T,53,-606629618,16.47412,18.62029,1.1303,4,5,32.1,0,1.0417
41,10377,18184,fp32,T,T,82,-606620793,0.95097,0.93020,0.9782,4,10,798.6,0,0.9897
247,14,2975,fp16,T,T,53,-606629613,0.05070,0.35625,7.0271,4,28,30.9,0,0.9562
3723,20991,2235,fp32,T,T,82,-606620794,10.50701,10.63478,1.0122,4,5,50.8,0,1.0600
84,621,25080,bf16,T,N,248,-606630700,0.18429,0.53258,2.8899,4,17,193.0,0,0.9534
21950,1127,609,bf16,N,T,57,-606603219,0.47205,0.50679,1.0736,4,20,269.2,0,1.0876
18,41,65,bf16,T,N,231,-606605566,0.00799,0.00787,0.9843,4,845,1.3,0,1.0007
191,574,619,fp32,N,N,556,-606627918,0.01350,0.02040,1.5118,4,391,172.9,0,1.0069
736,151,602,fp32,N,T,612,-606601872,0.01400,0.01387,0.9903,4,529,184.3,0,1.0151
1595,264,2,fp16,T,T,88,-376,0.00838,0.00827,0.9864,4,849,201.8,0,0.9995
13720,2452,29458,bf16,T,T,39,-606619916,19.76560,32.73203,1.6560,4,5,55.0,0,1.0604
673,684,525,bf16,N,T,57,-606603153,0.02069,0.02067,0.9994,4,389,157.9,0,1.0092
1963,14437,1865,bf16,N,T,57,-606623199,1.19798,4.71541,3.9361,4,5,145.7,0,0.9723
215,1715,853,fp16,N,T,68,-606604773,0.02352,0.08014,3.4079,4,117,202.7,0,0.9992
541,2795,248,fp32,T,T,82,-606620823,0.03461,0.05272,1.5231,4,174,270.4,0,1.0416
31,35,394,bf16,N,T,57,-606623166,0.00834,0.00789,0.9450,4,675,6.8,0,0.9612
3315,199,736,fp32,N,T,612,-606618411,0.04047,0.04572,1.1297,4,188,320.8,0,0.8941
184,17372,16976,bf16,T,T,39,-606619908,1.52180,1.49124,0.9799,4,7,400.1,0,1.1501
287,8655,147,fp16,N,N,90,-606624259,0.02477,0.03334,1.3462,4,236,507.3,0,0.8485
105,465,20,fp16,T,N,245,-606622845,0.00908,0.00821,0.9047,4,581,24.0,0,0.9694
506,143,711,fp16,T,T,53,-606629612,0.01424,0.01393,0.9784,4,427,85.2,0,0.8626
201,6783,607,bf16,N,T,57,-606623140,0.05053,0.06317,1.2502,4,149,275.7,0,0.9982
4710,3814,6137,bf16,T,N,231,-606630834,1.91578,1.92967,1.0073,4,6,92.1,0,1.1638
1352,2375,9235,bf16,N,T,57,-606603161,0.76188,1.19682,1.5709,4,8,107.2,0,0.8848
30821,44,322,fp16,N,T,62,-606604827,0.05253,0.06931,1.3193,4,136,481.6,0,0.9659
2,92,4150,bf16,N,T,64,-606623202,0.01387,0.01935,1.3947,4,303,56.3,0,1.0041
446,1683,9523,fp32,T,T,82,-606620821,0.46732,0.47255,1.0112,4,21,180.0,0,0.8527
355,5313,574,fp32,T,T,82,-606620814,0.08632,0.11887,1.3772,4,82,238.2,0,1.0054
4,2,11436,bf16,N,T,64,-606603222,0.01519,0.01314,0.8649,4,465,9.0,0,0.9790
2741,1,10985,bf16,N,T,65,-606623149,0.07317,0.12736,1.7407,4,75,823.5,0,1.0067
313,3887,9441,fp16,N,T,68,-606604809,0.39594,0.42960,1.0850,4,23,212.6,0,1.0666
4840,1161,10909,bf16,N,N,166,-606629966,1.11294,1.30918,1.1763,4,8,137.8,0,0.9620
19,22,19798,fp32,T,N,519,-606603793,0.27252,0.31909,1.1709,4,34,11.9,0,0.9958
61,75,115,fp16,T,N,245,-606622845,0.00768,0.01058,1.3774,4,435,6.5,0,1.0030
3,2769,172,fp32,T,T,15,-606620762,0.01205,0.01242,1.0308,4,579,161.0,0,0.9813
686,179,455,fp32,N,N,556,-606604940,0.01120,0.02018,1.8029,4,399,184.5,0,0.9918
9090,16654,12037,fp16,N,N,98,-606603432,30.66765,32.06039,1.0454,4,5,40.0,0,1.2409
34,20,32,bf16,N,T,57,-606623200,0.00775,0.00787,1.0151,4,1020,0.8,0,0.8547
7225,788,9035,fp32,T,T,82,-606620781,3.65557,3.65484,0.9998,4,5,85.4,0,1.1875
1799,1939,3428,fp16,T,T,53,-606629620,0.34756,0.34058,0.9799,4,27,113.9,0,0.9315
16820,847,149,fp16,T,N,245,-606602999,0.12266,0.21321,1.7383,4,45,507.5,0,0.8608
48,2491,3916,bf16,T,T,39,-606619899,0.06929,0.09861,1.4231,4,97,293.9,0,0.9897
3384,2857,170,fp16,T,N,245,-606622962,0.08143,0.08132,0.9986,4,109,501.0,0,1.0142
8972,207,540,fp16,N,T,62,-606604870,0.04763,0.05511,1.1571,4,165,364.1,0,1.0173
22911,16,35,bf16,N,N,388,-606629870,0.00888,0.01217,1.3700,4,569,345.8,0,0.9602
473,685,30975,fp32,T,T,82,-606620800,0.82835,0.78283,0.9450,4,13,174.8,0,1.0649
8080,19998,6393,fp16,N,N,98,-606624263,19.29288,19.77252,1.0249,4,5,52.1,0,1.0887
3665,185,186,bf16,T,T,39,-606619899,0.01210,0.01837,1.5190,4,357,342.6,0,0.8820
382,19582,80,bf16,N,N,166,-606629868,0.06212,0.07587,1.2215,4,122,533.1,0,0.9231
1419,478,5078,fp32,T,T,82,-606620781,0.25390,0.34929,1.3757,4,27,162.4,0,1.0599
20,9,50,bf16,N,T,57,-606603187,0.00789,0.00783,0.9925,4,962,0.5,0,0.9149
51,75,6442,fp16,T,T,53,-606629621,0.10794,0.59903,5.5497,4,16,15.2,0,0.8302
855,273,52,fp32,N,T,612,-606601888,0.00823,0.00813,0.9878,4,873,142.0,0,1.0149
510,1912,114,fp32,T,T,82,-606620797,0.01656,0.02465,1.4887,4,338,302.2,0,0.9953
44,98,422,fp32,T,N,519,-606624688,0.00802,0.00802,1.0006,4,703,32.0,0,0.9943
5771,18267,11045,fp16,N,T,62,-606627760,34.57399,35.60615,1.0299,4,5,27.6,0,1.2221
1475,4651,829,fp32,N,N,556,-606605055,0.38685,0.43534,1.1254,4,23,123.4,0,0.9117
23,7,2257,bf16,N,N,33,-606605228,0.03327,0.04921,1.4791,4,122,4.1,0,0.9487
1017,42,19,bf16,T,N,231,-606630667,0.00799,0.00799,1.0001,4,967,26.4,0,1.0050
157,21,13329,bf16,T,N,247,-606605451,0.02448,0.02408,0.9836,4,298,194.4,0,0.9885
866,35,6274,bf16,N,N,176,-606629919,0.02664,0.02658,0.9977,4,317,428.9,0,0.9850
163,1725,260,fp32,T,T,82,-606620815,0.01256,0.02460,1.9579,4,334,245.8,0,1.0045
5121,18154,5045,bf16,T,T,39,-606619916,8.87927,13.16358,1.4825,4,5,68.3,0,1.0027
7699,2,6720,bf16,T,T,39,-606619899,0.15660,0.22380,1.4292,4,44,661.3,0,1.0020
23,1282,23,fp16,T,T,53,-376,0.00828,0.00788,0.9525,4,795,21.5,0,0.9915
769,131,29,fp32,T,N,519,-606603782,0.00801,0.00802,1.0008,4,924,63.3,0,1.0019
25350,1296,11954,bf16,T,T,39,-606619916,8.14126,11.37581,1.3973,4,5,94.4,0,1.0841
2057,2328,10565,fp32,N,N,556,-606605071,3.17599,5.46332,1.7202,4,5,64.4,0,1.0228
191,80,41,bf16,T,N,441,-606605517,0.00870,0.00793,0.9112,4,967,9.6,0,0.9559
3396,11149,14167,fp16,N,T,62,-606604822,17.07708,17.21756,1.0082,4,5,33.0,0,1.0980
18019,32321,3760,fp16,N,T,62,-606627698,38.68462,39.19342,1.0132,4,5,70.0,0,1.0687
5713,23721,5939,fp16,T,N,245,-606603106,13.42145,13.48743,1.0049,4,5,66.4,0,1.1553
258,92,23,bf16,T,T,39,-606619917,0.00796,0.00775,0.9740,4,772,14.0,0,0.8314
28126,6867,2336,fp16,N,N,94,-606624261,8.31832,9.34190,1.1231,4,5,112.5,0,1.1596
2171,4086,3891,bf16,T,N,231,-606605608,0.64158,1.48658,2.3171,4,7,131.2,0,0.9048
4828,679,475,fp16,N,T,62,-606604827,0.06153,0.09037,1.4686,4,104,298.1,0,0.9940
2,23,462,fp32,N,N,556,-606627932,0.00823,0.00804,0.9769,4,611,5.6,0,0.9676
1377,13,2287,fp32,N,T,612,-606602197,0.02381,0.03427,1.4393,4,270,537.0,0,1.0123
2396,3428,8277,fp16,T,N,382,-606622954,1.26649,1.58823,1.2540,4,7,102.1,0,1.1401
1141,157,1495,fp16,T,N,250,-606622750,0.03067,0.03059,0.9972,4,273,149.9,0,0.9014
505,28,3681,fp16,N,T,68,-606627647,0.03257,0.03254,0.9988,4,270,122.2,0,0.9494
265,1956,367,fp16,T,N,382,-606622771,0.01541,0.02542,1.6495,4,330,240.4,0,1.0715
6139,537,29220,bf16,T,N,231,-606605594,2.31136,3.78905,1.6393,4,5,174.5,0,1.0300
2845,10198,20099,fp16,N,N,92,-606624260,10.67528,10.09397,0.9455,4,5,60.0,0,0.9757
5809,24,65,bf16,T,N,441,-606630721,0.00877,0.00800,0.9129,4,893,150.1,0,0.9475
9,404,29191,fp16,T,N,396,-606622882,0.04562,0.04558,0.9992,4,188,528.9,0,1.0089
4,22408,37,fp16,T,T,36,-378,0.00991,0.01430,1.4440,4,516,203.6,0,1.0024
901,155,18358,bf16,N,N,176,-606605183,0.15682,0.15647,0.9978,4,61,250.8,0,0.9415
2,1623,344,fp16,T,T,36,-374,0.01998,0.04450,2.2273,4,204,56.6,0,1.0059
23512,17634,248,bf16,T,T,39,-606619904,4.31100,4.30588,0.9988,4,5,389.4,0,1.0021
3631,838,3204,fp16,N,T,62,-606627760,0.23032,0.32429,1.4080,4,31,177.2,0,1.0135
213,4979,144,bf16,N,N,166,-606629829,0.01607,0.02132,1.3271,4,391,357.1,0,1.0016
913,713,249,fp16,T,T,53,-606629621,0.01381,0.05394,3.9054,4,176,247.1,0,1.0106
93,95,2980,fp32,T,T,82,-606620828,0.06785,0.17161,2.5294,4,58,33.6,0,0.9975
13,2442,56,fp32,N,T,612,-606618171,0.00713,0.00762,1.0686,4,933,95.0,0,0.9993
9,3,2,bf16,N,T,57,-606623200,0.00735,0.00775,1.0557,4,1003,0.0,0,1.0094
98,28730,156,fp16,T,N,245,-606622955,0.03935,0.05843,1.4851,4,158,514.8,0,1.0126
9165,243,383,fp16,N,N,90,-606603417,0.04448,0.04632,1.0415,4,191,362.3,0,1.0036
1692,3115,353,fp32,T,N,519,-606603863,0.12886,0.12668,0.9831,4,77,216.3,0,1.0818
10,31245,2493,bf16,T,T,39,-606619899,0.22147,0.25296,1.1422,4,39,709.3,0,0.9762
1597,15155,4302,bf16,N,T,57,-606623140,2.13680,8.30613,3.8872,4,5,112.8,0,1.0140
2020,825,6886,fp16,T,N,250,-606622789,0.27623,0.45275,1.6390,4,22,166.0,0,1.0074
5703,540,94,fp16,N,T,62,-606627760,0.03567,0.10294,2.8862,4,92,378.3,0,1.0040
3147,1002,76,fp32,N,T,612,-606618089,0.02815,0.04193,1.4895,4,213,492.9,0,0.9987
11151,4404,2243,bf16,N,T,57,-606623199,2.40745,2.41801,1.0044,4,5,110.6,0,0.9975
814,2269,495,bf16,T,T,39,-606619909,0.04230,0.04461,1.0547,4,188,246.8,0,0.9250
1901,241,7347,fp32,T,N,519,-606624919,0.25885,0.32618,1.2601,4,31,250.3,0,1.0014
4199,1330,18626,bf16,T,T,39,-606619916,2.07078,2.95843,1.4287,4,5,110.3,0,1.0529
460,8375,295,fp32,N,T,612,-606602015,0.08885,0.10094,1.1361,4,95,290.8,0,0.9799
7,67,365,bf16,N,T,57,-606623167,0.00860,0.00804,0.9356,4,716,6.5,0,0.9861
218,226,288,fp32,N,T,612,-606618313,0.00853,0.00797,0.9338,4,763,83.0,0,0.9839
5152,8219,4137,bf16,N,N,166,-606630013,3.15670,4.26930,1.3525,4,5,88.7,0,1.0845
3553,31,4,fp16,N,T,62,-606627725,0.00868,0.00892,1.0279,4,943,54.1,0,0.9465
18406,457,132,fp16,T,N,245,-606603076,0.07276,0.15939,2.1907,4,61,530.9,0,1.0138
913,15207,70,fp16,N,N,90,-606624255,0.10004,0.10901,1.0896,4,78,577.7,0,0.8439
7966,40,431,fp16,N,N,358,-606624142,0.01970,0.03193,1.6206,4,278,415.0,0,0.9934
5165,29565,12462,fp16,T,T,53,-606629611,63.89562,68.72694,1.0756,4,5,23.1,0,1.0627
4796,21706,3490,bf16,T,T,39,-606619916,7.18169,8.38290,1.1673,4,5,83.7,0,1.1296
4448,2194,310,fp32,N,N,556,-606634135,0.21437,0.23232,1.0837,4,42,220.5,0,0.8738
1266,97,15650,fp32,N,T,612,-606602166,0.25427,0.25428,1.0000,4,40,337.5,0,1.1596
7069,14256,2144,bf16,T,T,39,-606619901,3.72099,3.75439,1.0090,4,5,132.9,0,0.9425
150,4592,524,fp16,T,N,519,-606602912,0.02383,0.03028,1.2708,4,297,324.2,0,0.9416
2921,20333,4349,bf16,N,N,166,-606630018,4.62911,23.48637,5.0736,4,5,95.0,0,1.0008
41,91,179,fp16,T,N,245,-606622898,0.00749,0.02512,3.3525,4,285,8.3,0,0.9979
194,6684,1081,bf16,T,N,339,-606605505,0.05748,0.06039,1.0507,4,155,349.0,0,1.0043
2800,7567,1647,bf16,N,N,166,-606605353,0.81420,0.90247,1.1084,4,12,146.0,0,1.1631
1890,5430,26,fp16,N,N,98,-606603313,0.06099,0.07952,1.3037,4,113,679.3,0,0.9301
18587,357,4,fp16,T,N,245,-606602871,0.02947,0.10533,3.5740,4,88,905.7,0,0.9563
15825,738,4100,fp16,T,N,245,-606603121,0.88289,0.85907,0.9730,4,11,206.7,0,1.0084
8465,11,16664,bf16,N,N,176,-606605266,0.32564,0.80999,2.4874,4,13,868.6,0,0.9607
1497,3049,808,fp16,T,T,53,-606629607,0.10389,0.53910,5.1891,4,19,246.4,0,1.0049
10193,5,150,bf16,T,N,35,-606630818,0.00950,0.00999,1.0516,4,711,343.4,0,0.9982
3372,1773,13225,fp16,N,T,62,-606604851,1.90944,3.26476,1.7098,4,5,83.8,0,1.0896
3771,6935,1089,bf16,N,N,166,-606629916,0.67398,2.36361,3.5069,4,5,189.8,0,0.9452
889,164,5711,bf16,T,T,39,-606619899,0.10667,0.16469,1.5440,4,65,118.2,0,1.0013
9026,23413,104,fp32,N,N,556,-606605054,1.87368,1.90725,1.0179,4,6,458.3,0,1.2764
1621,184,563,fp16,N,N,364,-606603272,0.01666,0.02088,1.2532,4,348,193.6,0,0.8355
13,707,6839,bf16,T,T,39,-606619899,0.12540,0.19469,1.5525,4,50,78.8,0,0.9797
5962,10676,16968,bf16,T,T,39,-606619916,20.47572,32.95301,1.6094,4,5,40.0,0,1.0302
124,16477,24572,bf16,N,T,62,-606603153,2.01872,2.03416,1.0076,4,6,408.2,0,0.9394
662,278,335,bf16,N,T,57,-606623163,0.00979,0.03971,4.0548,4,207,139.5,0,0.9424
86,11922,29,fp16,T,T,53,-606629621,0.01232,0.01628,1.3217,4,463,389.5,0,1.0124
24343,544,56,fp16,T,T,88,-606629606,0.07440,0.09122,1.2262,4,107,749.5,0,1.0037
13011,9,26,fp32,T,N,519,-606624732,0.00876,0.00833,0.9516,4,785,208.1,0,1.0105
5,462,43,fp16,N,N,92,-606603276,0.00885,0.00813,0.9188,4,745,5.6,0,1.0040
1435,2249,541,fp32,N,T,612,-606618197,0.12743,0.12968,1.0176,4,75,163.9,0,1.0102
2359,919,370,bf16,N,N,166,-606629917,0.03249,0.05332,1.6409,4,170,341.5,0,1.0000
196,22930,1653,fp16,N,N,98,-606603407,0.22962,0.23817,1.0372,4,41,411.3,0,1.0066
6029,30520,163,bf16,N,N,388,-606605188,1.23688,1.27352,1.0296,4,8,604.7,0,0.9451
848,8,2965,fp16,T,N,572,-606622839,0.01478,0.38073,25.7610,4,27,345.3,0,1.0007
17,1071,8155,fp32,N,T,612,-606618433,0.06753,0.18135,2.6856,4,52,526.6,0,0.8577
6190,1621,25807,bf16,T,N,231,-606630837,4.50774,7.86818,1.7455,4,5,98.3,0,1.1447
2739,1706,1621,fp16,T,T,53,-606629618,0.19579,0.19755,1.0090,4,46,169.1,0,0.9042
29658,1715,11,bf16,T,N,231,-606630771,0.20873,0.45749,2.1917,4,22,978.0,0,0.9987
10074,548,162,fp32,T,N,525,-606624801,0.07007,0.06830,0.9746,4,139,413.4,0,1.0864
5021,32583,4034,fp16,N,T,62,-606604809,13.49608,13.56395,1.0050,4,5,71.0,0,1.1644
11276,13955,1146,bf16,N,T,57,-606603219,3.83788,4.11110,1.0712,4,5,179.1,0,1.0108
6842,3663,21342,bf16,N,T,57,-606623140,17.46065,25.68506,1.4710,4,5,31.4,0,0.9087
5305,5525,4132,bf16,N,T,57,-606603218,2.41113,2.37686,0.9858,4,5,85.7,0,1.0680
6297,2274,12051,fp16,N,N,92,-606624185,3.27001,3.30012,1.0092,4,5,80.7,0,0.9584
5145,698,618,fp16,T,N,245,-606622954,0.07450,0.40961,5.4985,4,25,289.8,0,1.0379
91,87,650,fp16,T,N,245,-606602886,0.01079,0.08027,7.4401,4,110,24.4,0,0.9665
2975,19393,27643,fp16,N,N,90,-606603433,26.20340,29.01264,1.1072,4,5,56.0,0,1.2081
1653,9399,8400,bf16,T,T,39,-606619915,2.62278,2.89293,1.1030,4,5,94.5,0,0.9070
87,16,2898,fp32,T,N,525,-606624704,0.03576,0.03839,1.0736,4,203,33.5,0,0.9614
27757,498,46,fp32,T,T,82,-606620832,0.09626,0.22415,2.3285,4,43,628.4,0,0.9688
291,5,9073,fp32,T,N,519,-606624704,0.12568,0.18792,1.4953,4,51,85.5,0,0.9093
9595,20845,1118,bf16,N,N,166,-606630018,4.52243,5.34044,1.1809,4,5,192.0,0,1.0123
243,5365,7152,fp32,N,N,556,-606605138,0.65401,0.71597,1.0947,4,14,253.3,0,0.9942
11294,2342,721,bf16,T,N,231,-606605574,0.42065,0.41485,0.9862,4,25,298.3,0,1.1081
4560,5081,6168,fp16,N,T,62,-606604851,3.85574,3.83782,0.9954,4,5,54.9,0,0.9758
1770,21721,7439,fp16,N,T,62,-606627711,7.45795,7.38908,0.9908,4,5,67.5,0,1.0267
2359,2000,3272,fp16,T,T,88,-606629607,0.33043,1.85717,5.6205,4,6,143.4,0,0.9983
47,29,1038,fp16,N,T,68,-606627734,0.01009,0.01118,1.1080,4,547,16.2,0,0.9957
9564,11131,5517,fp16,N,N,94,-606624261,11.53641,11.76597,1.0199,4,5,56.7,0,1.1617
11228,69,261,fp16,T,T,53,-606629614,0.01861,0.07329,3.9386,4,117,483.4,0,0.8837
582,238,1034,fp16,N,N,105,-606624235,0.02285,0.02947,1.2900,4,291,98.5,0,0.9870
137,4203,226,fp32,N,N,556,-606604994,0.01677,0.02071,1.2350,4,392,371.3,0,1.0134
3270,4247,16,fp32,T,N,519,-606624738,0.05412,0.06693,1.2367,4,139,1035.3,0,1.0702
3739,126,95,fp32,N,T,612,-606601979,0.00986,0.01085,1.1011,4,636,340.2,0,0.9161
64,3953,2795,bf16,N,N,176,-606605266,0.06366,0.10776,1.6929,4,86,368.7,0,0.9235
3847,18859,3258,bf16,T,N,231,-606630896,4.08675,4.47024,1.0938,4,5,107.2,0,1.0097
1014,293,336,bf16,T,N,231,-606630713,0.01646,0.01934,1.1748,4,411,125.6,0,1.0015
761,89,499,bf16,N,T,57,-606623185,0.00979,0.02198,2.2459,4,341,114.4,0,1.0003
5238,9068,301,fp16,N,T,62,-606604827,0.53165,0.62682,1.1790,4,16,373.6,0,0.9043
18145,14973,1708,fp16,T,N,245,-606603079,7.57455,8.38022,1.1064,4,5,158.4,0,1.1150
35,7,11,fp16,T,N,73,-606622900,0.00815,0.00725,0.8896,4,947,0.2,0,0.9295
2274,3516,4862,fp16,T,T,88,-606629610,0.85597,5.11798,5.9792,4,5,103.1,0,1.2117
70,25,21722,fp16,N,N,103,-606603283,0.05049,0.13672,2.7079,4,64,81.9,0,0.8679
769,9850,25829,bf16,T,T,39,-606619907,5.03817,6.38451,1.2672,4,5,114.9,0,1.0987
19707,3254,3203,fp16,N,T,62,-606604822,4.61699,4.56368,0.9885,4,5,87.4,0,1.0112
6799,6378,7046,bf16,N,N,166,-606605359,5.41612,8.53807,1.5764,4,5,66.3,0,1.0721
513,1923,1063,fp16,N,N,97,-606603383,0.04581,0.07380,1.6111,4,123,199.2,0,0.9700
18193,1272,23,bf16,N,N,388,-606629869,0.10333,0.11310,1.0945,4,79,904.5,0,0.9320
2727,2,2809,fp16,N,N,42,-606603392,0.05210,0.34770,6.6731,4,29,294.7,0,0.9940
106,369,5,bf16,T,N,231,-606630723,0.00714,0.00759,1.0624,4,924,22.6,0,1.0033
8058,19,335,fp16,N,N,94,-606603313,0.01729,0.06902,3.9909,4,129,348.3,0,1.0054
25550,2471,8626,bf16,N,T,57,-606603145,16.03704,16.78098,1.0464,4,5,45.9,0,1.0573
49,2459,16039,bf16,T,T,39,-606619899,0.29174,0.45400,1.5562,4,23,277.4,0,0.9594
4218,2239,7713,fp32,N,T,612,-606618424,4.37187,4.66003,1.0659,4,5,54.2,0,1.0459
292,11188,371,bf16,T,T,39,-606619925,0.05586,0.05988,1.0719,4,153,386.4,0,1.0028
20,1858,40,fp16,T,N,245,-606602969,0.00741,0.00880,1.1874,4,560,40.3,0,0.8201
28940,14546,115,bf16,N,N,166,-606605263,3.05718,5.55977,1.8186,4,5,554.1,0,1.0566
12387,4896,2540,fp16,T,N,513,-606623022,2.70531,2.73200,1.0099,4,5,122.1,0,1.1142
539,14122,1243,bf16,T,N,231,-606605609,0.23079,0.23357,1.0120,4,41,289.8,0,1.0208
29716,147,8043,fp16,N,T,62,-606604851,1.22372,1.20124,0.9816,4,8,406.8,0,0.9314
1625,550,991,fp16,N,T,68,-606627760,0.04516,0.04712,1.0435,4,191,174.6,0,0.9641
726,1452,5575,fp32,T,T,82,-606620798,0.41198,0.41190,0.9998,4,23,128.1,0,0.9113
119,143,27674,fp32,N,T,612,-606618433,0.20640,0.44312,2.1469,4,23,140.8,0,0.9681
12724,248,1127,bf16,N,N,398,-606629954,0.08708,0.09153,1.0511,4,106,480.7,0,1.0574
57,17876,4935,bf16,T,T,39,-606619899,0.25532,0.28893,1.1316,4,35,709.2,0,1.0732
8760,3,783,fp32,T,N,212,-606624713,0.02652,0.06272,2.3653,4,147,1039.0,0,0.9144
8259,2672,22605,fp16,T,T,53,-606629615,15.32268,66.54308,4.3428,4,5,38.0,0,1.0529
6118,2159,12633,fp16,T,N,245,-606603110,3.03827,3.49773,1.1512,4,5,86.2,0,1.2288
4576,118,77,fp16,N,N,98,-606624140,0.01097,0.02191,1.9983,4,320,262.9,0,0.8228
54,50,20871,bf16,N,N,176,-606605266,0.04816,0.13028,2.7051,4,70,90.4,0,0.9774
327,622,2728,fp16,T,N,255,-606622912,0.04845,0.35526,7.3331,4,28,123.7,0,1.0123
2205,20,1246,bf16,N,N,281,-606605204,0.01659,0.01752,1.0566,4,460,344.9,0,0.9930
25,147,21979,bf16,T,T,39,-606619899,0.43204,0.66499,1.5392,4,16,17.5,0,1.0001
8846,7626,1254,fp16,T,T,88,-606629620,2.01712,2.01160,0.9973,4,6,154.3,0,1.2097
27729,3533,17,bf16,N,T,57,-606603193,0.49374,0.73553,1.4897,4,13,795.8,0,0.8306
2624,1662,9148,bf16,T,N,231,-606630854,0.70213,0.90179,1.2844,4,12,136.5,0,1.0210
1150,549,6684,bf16,N,T,62,-606623132,0.13541,0.13546,1.0004,4,72,186.4,0,0.9965
13210,477,21591,fp16,N,T,62,-606604870,3.93011,6.95276,1.7691,4,5,156.8,0,1.0556
20611,585,1283,fp32,N,T,612,-606618357,1.05531,1.13494,1.0755,4,10,148.8,0,1.1348
13,59,389,fp32,N,T,612,-606601942,0.00813,0.00810,0.9965,4,665,14.2,0,0.8902
17716,1151,385,fp32,N,N,556,-606634135,0.48150,0.48106,0.9991,4,21,229.7,0,1.0123
10850,4781,10930,bf16,T,N,231,-606605631,8.65629,13.18646,1.5233,4,5,63.4,0,1.0075
19376,223,2403,fp16,T,N,245,-606622961,0.23227,0.28051,1.2077,4,35,479.9,0,1.0568
1651,57,5,fp16,N,T,62,-606627737,0.00794,0.00768,0.9662,4,972,49.5,0,0.9663
13249,15611,9761,fp16,T,T,53,-606629620,64.06046,71.41447,1.1148,4,5,21.7,0,1.1052
16065,265,455,fp32,T,N,519,-606624701,0.16482,0.17280,1.0485,4,61,283.6,0,1.0134
6222,760,16862,fp16,T,T,88,-606629610,1.55174,9.49290,6.1176,4,5,163.9,0,0.8899
10067,13107,112,bf16,T,T,39,-606619911,1.87603,2.39382,1.2760,4,5,284.1,0,1.0016
22661,5956,1894,bf16,T,T,39,-606619916,4.97696,5.15353,1.0355,4,5,130.3,0,1.0071
294,2105,1838,fp32,T,N,519,-606604052,0.09210,0.11609,1.2605,4,83,218.4,0,1.0004
1713,9387,9171,bf16,T,N,231,-606605657,2.61338,6.86253,2.6259,4,5,102.5,0,1.0628
41,26,1211,fp16,T,T,53,-606629622,0.02169,0.12037,5.5492,4,60,7.7,0,0.9600
3125,1997,8172,fp16,N,N,90,-606603432,0.90117,0.98214,1.0899,4,10,120.6,0,1.0219
9824,2399,1245,bf16,N,T,57,-606603219,0.71109,0.72153,1.0147,4,14,175.4,0,1.0084
439,2,3291,fp16,T,N,57,-606603020,0.11831,0.41339,3.4940,4,24,24.6,0,1.0007
9409,23,2553,bf16,N,N,176,-606629944,0.07730,0.10103,1.3070,4,96,634.2,0,1.0017
856,439,1366,bf16,N,T,62,-606603153,0.02924,0.02921,0.9990,4,300,172.4,0,1.0103
4625,6569,1788,fp32,N,N,556,-606628012,3.16064,3.92499,1.2418,4,5,63.8,0,1.0701
664,1046,3283,fp32,N,T,612,-606602208,0.16459,0.16365,0.9943,4,58,153.3,0,0.9655
3316,5896,681,fp32,N,N,562,-606605134,0.78394,0.80405,1.0257,4,13,131.8,0,1.0086
589,494,3959,fp32,N,N,556,-606605148,0.09856,0.11011,1.1172,4,89,185.8,0,1.0098
1933,81,90,fp16,N,T,62,-606604846,0.00799,0.00811,1.0158,4,869,123.8,0,1.0097
4985,1563,1620,fp16,N,N,90,-606624258,0.27033,0.32975,1.2198,4,30,193.8,0,1.0073
5712,1928,5558,fp16,T,N,513,-606603126,1.10519,1.16331,1.0526,4,9,116.7,0,1.1118
15,605,202,fp32,T,N,519,-606624688,0.00769,0.00794,1.0323,4,911,69.8,0,0.9281
27865,82,124,fp32,T,N,519,-606634109,0.03763,0.04847,1.2881,4,191,611.2,0,1.0023
18049,204,18354,bf16,T,T,39,-606619927,1.66400,1.65840,0.9966,4,7,411.5,0,1.0156
151,140,1588,bf16,N,N,281,-606605172,0.01426,0.01418,0.9939,4,449,70.7,0,1.0029
134,16,1312,fp16,T,T,88,-606629622,0.02128,0.19685,9.2489,4,38,18.9,0,1.0060
488,9097,8428,fp32,N,N,556,-606628040,2.20954,3.28864,1.4884,4,5,154.3,0,1.1230
43,108,23865,bf16,T,T,39,-606619899,0.43784,0.61805,1.4116,4,16,16.5,0,0.8951
9951,3331,4235,bf16,N,T,57,-606603218,3.20365,3.10906,0.9705,4,5,76.5,0,1.0868
9460,12517,7357,bf16,N,T,57,-606603181,24.12232,25.28917,1.0484,4,5,33.0,0,0.9863
23394,10890,26,fp32,T,T,82,-606620831,1.43559,2.53139,1.7633,4,5,712.3,0,0.9977
8734,2198,3758,fp16,T,T,88,-606629611,1.39095,8.14926,5.8588,4,5,114.3,0,1.0094
7841,75,1,bf16,T,T,39,-606619930,0.01085,0.00918,0.8467,4,670,218.3,0,0.9841
12647,2,17,fp32,T,N,212,-606603848,0.00989,0.00777,0.7857,4,962,97.2,0,0.9991
1924,5419,1016,bf16,T,T,39,-606619911,0.25176,0.24644,0.9789,4,40,224.9,0,1.0350
3819,14,4866,bf16,N,T,64,-606603205,0.05818,0.05981,1.0281,4,160,644.9,0,0.9741
11961,29601,13,bf16,N,N,166,-714,1.90283,5.72536,3.0089,4,5,744.8,0,1.0319
5830,271,27188,bf16,N,T,62,-606623161,1.19140,1.98699,1.6678,4,5,283.8,0,1.0318
2,16382,332,fp32,N,T,612,-606601956,0.02606,0.03438,1.3190,4,247,839.8,0,0.9899
2,3,4,fp32,N,T,612,-606618328,0.01023,0.00902,0.8823,4,1066,0.0,0,0.9851
6861,119,24,bf16,T,N,231,-606605462,0.01002,0.03530,3.5233,4,251,359.4,0,1.0068
27,48,35,fp32,N,T,614,-606618319,0.00683,0.00705,1.0330,4,782,2.3,0,1.0075
239,154,147,fp16,N,N,92,-606624243,0.00667,0.02111,3.1645,4,289,39.4,0,1.0003
22871,444,7,bf16,T,T,39,-355,0.05235,0.12863,2.4570,4,76,782.1,0,1.0041
5126,9241,28652,bf16,N,T,57,-606603181,45.73309,61.78276,1.3509,4,5,22.1,0,0.9992
14976,1141,1196,bf16,T,N,231,-606605574,0.39276,0.39438,1.0041,4,26,272.2,0,1.0806
44,219,5082,fp16,T,T,53,-606629622,0.09054,0.50356,5.5616,4,20,29.9,0,0.9447
5,72,10608,bf16,N,N,425,-606629823,0.02087,0.19779,9.4774,4,49,78.3,0,1.0035
3,2834,25588,fp16,N,T,70,-606627650,0.16778,0.28447,1.6955,4,35,865.5,0,1.0033
23193,6712,1665,bf16,N,N,388,-606605362,4.66282,5.19459,1.1140,4,5,154.9,0,1.0369
3,119,12,fp16,N,N,90,-606624100,0.00797,0.00818,1.0268,4,853,0.5,0,1.0003
260,4,22,fp16,N,N,121,-606624091,0.00797,0.00836,1.0491,4,798,2.0,0,1.0039
1057,3727,909,bf16,T,T,39,-606619900,0.10758,0.12229,1.1367,4,80,227.3,0,1.0052
10,10850,25130,fp32,T,N,519,-606604014,0.98584,0.98048,0.9946,4,11,1107.8,0,1.1088
177,1300,27,fp16,N,T,62,-606627733,0.00795,0.00789,0.9916,4,823,125.8,0,0.9030
5436,619,439,fp32,N,N,556,-606605053,0.11079,0.13011,1.1743,4,75,217.5,0,1.0487
10831,5364,960,bf16,T,N,332,-606605627,1.09451,1.10947,1.0137,4,10,240.7,0,0.9947
4,30,2,fp32,N,N,556,-606604969,0.00793,0.00815,1.0270,4,1054,0.1,0,1.0079
2,5845,2,fp16,T,N,49,-606603054,0.00734,0.00724,0.9868,4,924,9.6,0,1.0006
981,17736,19,bf16,N,T,201,-606623134,0.09224,0.17130,1.8571,4,56,762.2,0,1.0001
149,667,1268,fp16,N,N,97,-606603403,0.02465,0.03334,1.3528,4,269,100.1,0,0.9986
72,16044,266,bf16,N,T,57,-606623173,0.04080,0.04666,1.1435,4,203,323.4,0,1.0008
5463,46,29499,bf16,N,N,176,-606605228,0.47535,0.51227,1.0777,4,20,685.9,0,1.0019
1286,584,54,fp16,N,N,358,-606603315,0.00854,0.00848,0.9923,4,823,375.3,0,1.0006
16,1606,1,bf16,N,N,166,-606605260,0.00851,0.00806,0.9468,4,992,12.5,0,1.0021
5750,46,2,fp16,T,N,245,-606603013,0.00850,0.00860,1.0121,4,823,127.3,0,1.0134
1,15,2,fp32,T,T,13,-606620831,0.00491,0.00449,0.9151,4,1500,0.0,0,1.0128
4,54,157,bf16,T,T,4,-354,0.01128,0.01669,1.4793,4,390,1.7,0,1.0022
110,4,9926,bf16,T,T,39,-606619899,0.17419,0.24364,1.3987,4,40,13.0,0,0.9963
2283,11,4,fp32,T,T,82,-606620814,0.00817,0.00745,0.9128,4,772,16.8,0,0.9848
6438,1313,25,bf16,N,N,166,-606629829,0.05315,0.05310,0.9990,4,173,643.5,0,1.0015
5,1161,23699,fp32,N,T,612,-606618433,0.17453,0.57540,3.2968,4,18,633.4,0,1.0050
22,32,6,fp32,N,N,556,-606604881,0.00855,0.00806,0.9432,4,1025,0.5,0,1.0191
6417,1169,87,fp16,N,T,62,-606604827,0.05852,0.09454,1.6157,4,101,535.3,0,1.0154
9807,13954,35,fp32,N,N,556,-606627855,0.75774,0.83477,1.1017,4,12,726.8,0,1.0202
167,26936,31,fp16,T,N,513,-606622783,0.02610,0.03694,1.4155,4,195,753.9,0,1.0076
180,1,29290,bf16,N,T,65,-606623202,0.02851,0.40413,14.1765,4,25,372.0,0,0.9806
38,16,129,fp16,N,T,227,-606604834,0.00814,0.00760,0.9339,4,739,2.0,0,1.0023
9064,713,1,bf16,T,T,39,-355,0.03184,0.08927,2.8034,4,108,812.4,0,0.9891
215,8734,10,bf16,N,N,166,-714,0.01411,0.01520,1.0772,4,498,544.9,0,1.0018
31,2904,24,bf16,T,T,39,-606619917,0.00805,0.00795,0.9872,4,911,62.2,0,1.0085
152,115,13,bf16,T,T,39,-606619917,0.00752,0.00769,1.0224,4,967,10.2,0,1.0004
2464,7,357,bf16,T,T,39,-606619899,0.01088,0.01083,0.9950,4,661,168.4,0,0.9973
28,18,2731,bf16,T,N,244,-606605534,0.01301,0.01328,1.0211,4,498,19.5,0,1.0053
723,4686,54,fp16,T,N,245,-606603013,0.02732,0.04854,1.7770,4,188,517.5,0,0.9888
14,2,6,fp16,T,T,88,-606629545,0.00744,0.00798,1.0726,4,911,0.0,0,0.9969
1,19,1137,fp16,N,N,98,-9,0.01132,0.13683,12.0844,4,68,4.0,0,1.0077
1398,970,35,fp32,T,T,82,-606620781,0.01584,0.01710,1.0793,4,416,363.4,0,1.0029
14,906,3,fp16,T,N,245,-606622900,0.00745,0.00789,1.0581,4,947,7.5,0,0.9968
226,3110,21,bf16,N,N,166,-606629829,0.00765,0.00756,0.9883,4,772,385.8,0,0.9950
740,23,5,fp16,N,T,62,-606604845,0.00725,0.00751,1.0368,4,977,10.4,0,1.0074
33,21207,288,bf16,T,T,39,-606619899,0.02193,0.02792,1.2735,4,312,685.6,0,1.0050
16304,1407,3,fp32,N,T,612,-606618207,0.08178,0.12175,1.4888,4,79,1124.6,0,0.9983
11593,50,50,fp16,T,T,88,-606629622,0.00805,0.01434,1.7813,4,554,432.5,0,1.0014
2,525,8,fp32,T,T,15,-606620755,0.00743,0.00787,1.0595,4,943,2.8,0,1.0090
342,130,1,fp16,N,T,62,-606627721,0.00751,0.00801,1.0662,4,982,23.8,0,1.0074
269,18358,1,fp16,N,T,62,-606627728,0.02925,0.06537,2.2353,4,142,676.7,0,1.0026
370,2300,13,fp32,N,N,556,-606604959,0.00810,0.00896,1.1060,4,745,437.3,0,1.0050
533,71,194,fp16,T,T,53,-606629613,0.00749,0.02271,3.0330,4,284,51.5,0,1.0033
2138,441,2019,bf16,T,N,244,-606605583,0.06074,0.16430,2.7048,4,60,233.5,0,1.0045
1644,12590,8,bf16,N,T,57,-606603193,0.09243,0.23694,2.5635,4,42,898.2,0,1.0059
198,11,6,bf16,N,N,166,-606605223,0.00751,0.00785,1.0454,4,906,1.5,0,1.0082
8511,161,24314,fp16,N,N,97,-606624242,1.16038,1.25815,1.0843,4,8,368.1,0,1.0514
146,4418,111,fp16,N,T,62,-606627735,0.01163,0.01195,1.0272,4,557,309.0,0,0.9819
3,6,11,fp32,N,T,612,-606602088,0.00744,0.00782,1.0500,4,1048,0.1,0,0.9916
120,5476,77,fp32,T,N,539,-606624729,0.00883,0.01080,1.2233,4,598,492.9,0,1.0051
124,4904,1808,fp16,N,T,241,-606627670,0.04505,0.15628,3.4688,4,63,457.5,0,1.0046
8567,135,5,fp32,T,N,519,-606624756,0.00851,0.00892,1.0482,4,778,564.4,0,0.9866
1,3,9,fp16,T,T,23,-606629600,0.00441,0.00442,1.0009,4,1705,0.0,0,1.0011
1214,543,7,fp32,N,N,556,-606627925,0.00776,0.00815,1.0502,4,898,346.1,0,1.0013
1,11060,3883,fp16,T,T,23,-606629598,0.11595,0.11595,1.0000,4,85,741.2,0,1.0031
43,8,6,bf16,T,N,441,-606630762,0.00721,0.00782,1.0842,4,982,0.3,0,0.9925
7,6,614,fp16,N,N,53,-606624224,0.01140,0.02727,2.3916,4,225,1.4,0,0.9966
806,34,84,fp16,T,N,245,-606602969,0.00753,0.01577,2.0952,4,358,33.3,0,1.0025
18,419,24222,bf16,N,T,64,-606623202,0.06402,0.31808,4.9682,4,32,331.1,0,1.0001
8,2,4,bf16,T,T,39,-606619918,0.00766,0.00797,1.0407,4,911,0.0,0,1.0001
1,28,15,bf16,T,T,4,-356,0.00443,0.00442,0.9982,4,1769,0.2,0,0.9999
302,3979,9,fp16,T,T,53,-606629599,0.00864,0.00886,1.0252,4,716,565.0,0,1.0014
27,96,641,fp16,N,N,364,-606624074,0.00843,0.02989,3.5462,4,226,19.9,0,1.0015
1,4154,177,fp32,N,T,613,-9,0.00620,0.00777,1.2534,4,865,477.1,0,1.0080
478,174,50,fp16,N,N,98,-606603411,0.00748,0.01125,1.5032,4,484,53.2,0,1.0017
843,190,268,bf16,N,N,166,-606605260,0.00997,0.01032,1.0351,4,594,119.8,0,1.0041
695,118,21,fp16,N,N,92,-606624140,0.00752,0.00822,1.0936,4,570,48.2,0,1.0006
590,173,3,bf16,T,N,231,-606605476,0.00741,0.00772,1.0416,4,962,55.7,0,0.9980
774,70,10282,fp16,N,T,70,-606627650,0.07277,0.13338,1.8327,4,74,241.5,0,1.0034
226,681,40,fp16,T,T,53,-376,0.00772,0.00897,1.1627,4,636,89.2,0,0.9972
3,8,2,fp16,T,T,60,-606629555,0.00764,0.00806,1.0543,4,982,0.0,0,1.0022
187,22,136,fp32,N,T,612,-606618306,0.00744,0.00780,1.0483,4,957,17.5,0,1.0052
32,8728,671,fp32,T,N,539,-606624664,0.02746,0.04055,1.4766,4,223,896.9,0,1.0466
18807,110,338,fp32,N,T,612,-606618420,0.06557,0.07422,1.1319,4,126,516.2,0,1.0196
60,543,3,fp16,T,N,245,-606602969,0.00747,0.00806,1.0791,4,826,17.9,0,0.9680
5,2,2761,bf16,T,T,4,-354,0.14281,0.53093,3.7177,4,19,0.3,0,1.0012
309,2513,77,bf16,T,T,39,-606619917,0.00973,0.00970,0.9962,4,760,363.8,0,1.0033
83,11,8121,bf16,T,T,39,-606619899,0.13080,0.18160,1.3884,4,46,11.7,0,0.9988
19,103,32,bf16,N,T,57,-606623167,0.00745,0.00770,1.0338,4,998,2.1,0,1.0082
27,17,1,bf16,N,N,166,-606605261,0.00736,0.00770,1.0470,4,873,0.3,0,1.0008
610,12099,2541,fp32,N,T,612,-606618421,1.19071,1.19331,1.0022,4,9,133.3,0,1.0060
146,1,1,fp32,T,N,130,-9,0.00447,0.00784,1.7516,4,987,0.3,0,1.0002
9,285,18940,bf16,T,N,248,-606630698,0.03182,0.03187,1.0018,4,265,350.4,0,1.0041
3269,1,98,fp16,N,T,63,-606627724,0.00852,0.00805,0.9452,4,881,76.8,0,1.0136
19,115,1800,fp16,N,T,68,-606627654,0.01340,0.01319,0.9846,4,445,36.7,0,1.0138
3,18,16,fp32,T,N,253,-606603838,0.00838,0.00793,0.9458,4,1008,0.2,0,0.9995
6,3,22411,fp16,N,T,70,-606604754,0.01520,0.01386,0.9120,4,346,26.5,0,1.0042
66,13,2,bf16,N,N,166,-606605218,0.00862,0.00800,0.9278,4,885,0.4,0,1.0136
19,1329,1,fp32,N,T,612,-606618321,0.00860,0.00796,0.9253,4,992,12.4,0,1.0175
2915,19,16,fp16,T,N,245,-606622940,0.00878,0.00826,0.9407,4,861,35.9,0,1.0109
985,251,2,fp32,N,T,612,-606618435,0.00829,0.00761,0.9172,4,893,120.5,0,1.0017
29802,39,3540,bf16,T,T,39,-606619917,0.25200,0.27685,1.0986,4,36,856.8,0,1.0057
7,58,3,fp16,T,T,36,-606629605,0.00893,0.00814,0.9106,4,943,0.2,0,0.9984
10169,270,290,fp32,T,T,82,-606620832,0.06735,0.09316,1.3831,4,102,342.8,0,1.0450
114,178,14509,fp16,T,N,258,-606622882,0.09306,0.09303,0.9997,4,99,91.9,0,0.9712
1,16,2,fp32,T,N,131,-9,0.00509,0.00809,1.5903,4,1025,0.0,0,1.0235
455,8802,1,fp16,T,N,245,-606622933,0.01936,0.02235,1.1544,4,360,828.5,0,1.0060
624,1479,4,fp16,T,N,245,-606603047,0.00966,0.00882,0.9129,4,805,384.0,0,1.0143
2,153,49,bf16,N,T,57,-606603220,0.00858,0.00798,0.9299,4,952,1.9,0,1.0112
61,122,2379,bf16,N,T,62,-606623168,0.01779,0.01783,1.0026,4,359,50.6,0,1.0064
2,9,190,fp16,N,T,62,-606627668,0.00837,0.00797,0.9517,4,661,0.5,0,0.9984
4773,23,323,fp32,N,T,612,-606608172,0.01269,0.01842,1.4520,4,442,523.1,0,1.0065
11318,513,48,fp32,N,T,612,-606618419,0.03619,0.07080,1.9560,4,134,704.4,0,1.0097
22380,1330,892,fp32,N,N,556,-606627839,1.69984,1.75722,1.0338,4,7,119.8,0,1.0831
67,65,34,bf16,T,N,231,-606605476,0.00829,0.00788,0.9497,4,906,3.2,0,0.9396
132,613,1976,fp16,T,N,255,-606622748,0.03012,0.06860,2.2774,4,143,108.5,0,1.0058
1718,9655,637,fp16,T,T,53,-606629618,0.31092,1.39882,4.4990,4,8,260.0,0,1.0224
20827,412,473,fp16,T,T,53,-606629615,0.15069,0.58921,3.9101,4,17,361.1,0,1.0354
1099,9137,9,bf16,T,T,39,-355,0.05448,0.14604,2.6808,4,65,740.7,0,0.9529
69,18082,48,fp16,N,N,92,-606603313,0.01653,0.01651,0.9989,4,474,407.3,0,1.0084
47,880,77,bf16,N,T,201,-606623200,0.00842,0.00787,0.9349,4,967,36.6,0,1.0016
370,22,2,fp16,T,N,245,-606622900,0.00883,0.00851,0.9642,4,841,3.9,0,0.9957
13489,5,2,fp32,N,N,556,-606627865,0.00880,0.00823,0.9360,4,834,42.9,0,1.0031
870,4,5070,bf16,N,N,87,-606629822,0.04763,0.08308,1.7445,4,113,186.4,0,1.0136
85,123,4939,fp32,T,T,82,-606620827,0.11094,0.27929,2.5175,4,36,37.4,0,1.0003
4832,9625,9,fp32,T,N,519,-606603772,0.16041,0.22611,1.4096,4,44,1163.0,0,1.0344
3,1431,6254,fp32,T,T,15,-606620762,0.21965,0.31354,1.4274,4,32,163.4,0,0.9677
149,29,1,fp32,N,T,612,-606602087,0.00832,0.00831,0.9993,4,1054,2.2,0,0.9970
3,1,214,fp16,T,N,30,-606622733,0.00514,0.00459,0.8922,4,977,0.3,0,1.0017
11,19,79,fp16,T,T,53,-378,0.00817,0.01571,1.9233,4,339,0.7,0,0.9964
5,23825,3,fp32,T,T,82,-606620781,0.00715,0.01329,1.8601,4,542,106.7,0,1.0035
1,12,1672,bf16,T,N,9,-9,0.01501,0.04611,3.0713,4,150,2.9,0,0.9954
3510,8461,1035,fp16,T,N,245,-606603091,0.65049,0.64513,0.9918,4,17,220.7,0,1.0683
3766,446,4,fp32,T,T,82,-193,0.01124,0.01599,1.4225,4,447,603.7,0,0.9470
85,11,6485,bf16,T,T,39,-606619899,0.09948,0.11789,1.1851,4,62,12.6,0,1.0026
3,13765,16476,bf16,T,N,28,-606605522,0.75145,0.75453,1.0041,4,14,604.0,0,1.0071
47,220,4,fp32,N,T,614,-606618330,0.00843,0.00801,0.9509,4,1048,5.4,0,1.0076
3531,557,147,fp32,T,N,519,-606608181,0.02667,0.03307,1.2400,4,265,385.1,0,1.0061
1,253,56,bf16,N,T,58,-9,0.00497,0.00791,1.5903,4,938,5.9,0,1.0021
6952,3,23,bf16,N,T,57,-606623200,0.00883,0.00811,0.9192,4,911,45.7,0,1.0031
329,45,3106,fp16,N,T,68,-606627650,0.02496,0.02531,1.0142,4,332,95.5,0,1.0021
11885,187,31,fp32,T,T,82,-193,0.02122,0.02679,1.2627,4,317,489.5,0,1.0040
3,29425,374,fp32,T,N,253,-606603828,0.04144,0.06103,1.4727,4,153,1070.9,0,1.0059
20554,3,841,fp16,T,T,53,-606629613,0.04506,0.28170,6.2518,4,35,772.9,0,1.0067
303,24250,1,bf16,T,T,39,-355,0.03938,0.09826,2.4951,4,96,747.5,0,1.0042
3599,3922,2223,fp32,N,N,556,-606605017,2.07832,2.45719,1.1823,4,5,59.3,0,1.1151
88,3,9,bf16,T,N,19,-606630711,0.00841,0.00776,0.9226,4,998,0.3,0,0.9172
30,55,77,bf16,T,N,231,-606605566,0.00826,0.00790,0.9565,4,915,2.4,0,1.0102
164,4798,38,fp16,N,T,62,-606627737,0.00969,0.00978,1.0095,4,658,363.6,0,1.0016
29,109,3,bf16,T,N,231,-606605566,0.00786,0.00785,0.9983,4,998,1.7,0,1.0030
4,883,16,fp16,N,N,94,-606603368,0.00781,0.00768,0.9833,4,957,5.4,0,1.0024
149,2,3168,fp32,T,N,212,-606603811,0.04786,0.06752,1.4109,4,133,40.0,0,1.0021
2647,93,1,fp32,N,T,612,-606618244,0.00700,0.00731,1.0438,4,877,142.1,0,1.0042
1,1947,305,fp16,T,T,23,-606629598,0.00757,0.00756,0.9989,4,877,158.0,0,1.0026
25882,475,9,fp16,N,T,62,-524,0.06215,0.10163,1.6352,4,96,798.9,0,1.0084
4641,3,13,fp16,T,T,53,-606629612,0.00734,0.00765,1.0422,4,929,24.0,0,0.9866
5394,2,3485,fp16,T,N,57,-606603020,0.11864,0.47465,4.0006,4,21,317.4,0,1.0082
7646,453,8,bf16,N,N,166,-714,0.02075,0.03582,1.7260,4,227,673.8,0,1.0015
167,7,5839,fp16,T,T,53,-606629622,0.10326,1.10637,10.7145,4,9,19.7,0,1.0038
123,3317,1855,fp16,N,N,99,-606624224,0.05117,0.10433,2.0389,4,94,281.3,0,1.0110
37,7302,29201,bf16,N,T,64,-606603153,0.54209,0.54021,0.9965,4,20,792.7,0,1.0021
1,5316,27424,fp32,T,T,13,-606620753,0.49657,0.49428,0.9954,4,18,1174.6,0,1.0310
2533,4657,1980,bf16,N,T,57,-606603161,0.52192,0.50379,0.9652,4,20,145.0,0,0.9982
98,6,13,bf16,T,N,35,-606605476,0.00730,0.00762,1.0426,4,972,0.7,0,0.9819
18,27236,2,bf16,N,N,273,-606629849,0.00769,0.01338,1.7390,4,517,269.1,0,0.9992
14,26242,27847,fp32,N,T,612,-606601886,2.72693,2.72431,0.9990,4,5,1073.0,0,1.0025
1851,10,45,fp32,N,N,556,-606605146,0.00799,0.00785,0.9816,4,987,51.2,0,1.0041
254,785,14,fp16,N,N,94,-606603411,0.00800,0.01233,1.5413,4,564,103.3,0,1.0155
2146,49,23,bf16,T,N,231,-606630723,0.00877,0.00802,0.9145,4,906,59.5,0,1.0030
1041,90,359,bf16,N,T,57,-606623200,0.00920,0.01605,1.7438,4,458,129.0,0,0.9956
7,44,48,fp32,N,N,556,-606605144,0.00888,0.00824,0.9278,4,792,1.2,0,1.0088
26,6,133,fp32,T,T,82,-606620789,0.00892,0.00843,0.9454,4,554,2.0,0,1.0001
5,17516,1056,bf16,T,T,4,-357,0.16496,0.16493,0.9998,4,60,226.5,0,1.0205
61,6,17231,bf16,T,T,39,-606619899,0.31816,0.46953,1.4758,4,23,7.3,0,1.0040
5550,10297,8,bf16,T,N,231,-606630771,0.21237,0.80052,3.7695,4,13,1077.6,0,1.0021
1943,882,364,bf16,T,T,39,-606619915,0.03814,0.04729,1.2400,4,198,233.7,0,1.0155
7,1,57,fp16,N,T,63,-9,0.00470,0.00802,1.7075,4,962,0.2,0,0.9837
40,83,3,bf16,T,T,39,-606619918,0.00814,0.00815,1.0005,4,877,1.7,0,1.0024
107,6468,22,fp16,T,T,88,-606629547,0.00828,0.01027,1.2396,4,640,369.1,0,1.0218
8415,22,26325,fp32,T,N,519,-606603771,0.87761,1.14099,1.3001,4,9,1013.2,0,1.1037
11,117,11,bf16,T,N,231,-606605463,0.00779,0.00768,0.9854,4,1003,1.0,0,0.9305
2,129,28383,bf16,T,N,28,-148,0.05696,1.30777,22.9582,4,8,130.6,0,1.0040
1572,168,1,bf16,T,T,39,-606619917,0.00825,0.00810,0.9819,4,902,128.5,0,0.9969
1020,1738,52,bf16,T,N,231,-606630786,0.01681,0.02747,1.6342,4,297,438.9,0,1.0040
506,319,4,fp16,N,T,62,-606627733,0.00793,0.00782,0.9850,4,873,82.2,0,1.0107
876,12212,7954,bf16,T,N,332,-606605608,1.65362,1.57483,0.9524,4,7,151.8,0,1.1358
32526,12,154,fp32,T,N,525,-606624716,0.02300,0.04614,2.0061,4,194,939.3,0,0.8969
37,2066,1,fp32,T,T,82,-606620761,0.00742,0.00778,1.0491,4,943,42.3,0,0.9983
7,870,1057,fp32,T,N,519,-606624689,0.01608,0.01642,1.0209,4,467,232.1,0,1.0014
87,5530,143,fp32,T,N,519,-606624664,0.01183,0.01462,1.2360,4,498,434.3,0,1.0098
8190,29,18,fp16,N,N,94,-606624247,0.00745,0.01405,1.8866,4,514,167.3,0,0.9982
48,37,19,fp16,N,T,62,-606627728,0.00738,0.00792,1.0740,4,947,1.4,0,0.9975
6604,1,995,bf16,T,T,40,-606619929,0.02773,0.02785,1.0042,4,330,474.9,0,0.9958
1219,735,5285,fp16,N,T,68,-606627698,0.15321,0.20506,1.3384,4,49,158.2,0,1.0071
29657,125,6,bf16,T,T,39,-355,0.02389,0.04543,1.9016,4,196,635.6,0,1.0027
3462,1315,917,fp32,N,N,556,-606604948,0.26565,0.30268,1.1394,4,33,134.5,0,1.0112
70,36,8,fp16,N,N,223,-606624086,0.00750,0.00778,1.0369,4,1031,1.6,0,0.9934
40,466,14798,bf16,T,T,39,-606619899,0.25066,0.37458,1.4944,4,27,60.0,0,1.0088
292,586,2060,bf16,T,T,39,-606619899,0.03993,0.05342,1.3378,4,181,107.7,0,1.0080
4229,16,3,bf16,T,N,441,-606630678,0.00705,0.00754,1.0683,4,987,42.0,0,1.0044
67,4110,2,fp32,T,T,82,-606620797,0.00765,0.00950,1.2427,4,663,148.4,0,1.0018
1951,4,299,fp32,N,N,556,-606628038,0.00738,0.00793,1.0749,4,834,321.0,0,1.0034
621,15962,1171,bf16,T,T,39,-606619900,0.29280,0.29235,0.9985,4,34,268.1,0,1.1804
17537,4,204,fp32,T,T,82,-606620762,0.02074,0.02102,1.0139,4,381,703.8,0,0.9408
13282,42,5541,bf16,N,N,176,-606629944,0.18867,0.31116,1.6492,4,32,794.4,0,1.0109
2,24324,26533,bf16,N,N,283,-606605207,1.17910,1.86386,1.5807,4,6,1095.0,0,1.0238
30,3,34,bf16,N,N,12,-606629829,0.00851,0.00784,0.9210,4,893,0.3,0,1.0132
2959,44,947,fp16,T,N,386,-606622740,0.01987,0.03302,1.6624,4,267,312.5,0,0.9983
28,9,1099,fp16,T,N,249,-606622748,0.01315,0.12652,9.6229,4,65,6.3,0,1.0136
2743,14109,83,bf16,T,N,231,-606630786,0.29402,0.32330,1.0996,4,31,536.0,0,1.0022
12073,33,4,fp32,T,N,519,-606624793,0.00858,0.00798,0.9294,4,849,208.2,0,0.9999
14,4101,33,bf16,N,T,57,-606623219,0.00853,0.00800,0.9378,4,933,58.8,0,1.0015
9,1,3092,bf16,N,T,63,-9,0.00537,0.01487,2.7681,4,351,11.5,0,1.0026
48,24254,5,fp16,T,N,245,-606602866,0.00975,0.02252,2.3112,4,337,502.8,0,1.0211
3,2,296,bf16,T,T,4,-354,0.01708,0.05949,3.4820,4,133,0.2,0,1.0004
2,131,8665,fp16,N,N,103,-606603283,0.02368,0.02316,0.9778,4,322,97.4,0,1.0025
8,2,2709,fp32,N,T,612,-606602200,0.01849,0.03768,2.0375,4,159,5.9,0,1.0065
19544,1,6,fp32,N,N,203,-606604989,0.00652,0.00651,0.9979,4,1031,84.0,0,1.0029
6883,8,593,fp16,N,N,364,-606624085,0.01852,0.11661,6.2976,4,83,453.3,0,1.0031
2,2,324,fp16,N,T,62,-606627668,0.00850,0.00816,0.9600,4,645,0.3,0,1.0016
12789,43,115,fp16,N,N,90,-606624243,0.01445,0.02072,1.4340,4,389,356.4,0,1.0032
10,1,24,fp16,N,N,18,-9,0.00517,0.00816,1.5786,4,727,0.1,0,1.0023
2045,28692,3824,fp16,T,N,382,-606603104,3.76756,3.76868,1.0003,4,5,124.7,0,1.1074
42,29,1,fp16,N,N,94,-606624200,0.00807,0.00817,1.0126,4,933,0.6,0,0.9396
3,2,465,bf16,N,T,57,-606623223,0.00805,0.00787,0.9780,4,682,0.6,0,1.0033
10,88,41,bf16,N,N,388,-606629849,0.00806,0.00804,0.9976,4,929,1.4,0,0.9945
9661,44,17,fp16,T,T,53,-376,0.00872,0.00908,1.0411,4,722,232.9,0,1.0029
859,952,4155,fp32,T,T,82,-606620831,0.29243,0.47342,1.6189,4,21,114.1,0,1.0170
4117,207,1802,bf16,N,T,62,-606623140,0.06548,0.20273,3.0963,4,49,290.1,0,1.0032
156,18483,3023,fp32,N,N,556,-606628007,0.56540,0.81575,1.4428,4,13,419.0,0,1.1170
70,8533,14761,bf16,T,T,39,-606619903,0.44826,0.51477,1.1484,4,18,571.9,0,0.9345
17905,4,20192,fp32,N,N,556,-606605146,1.26608,1.83741,1.4513,4,5,1142.7,0,1.0658
2,2,3,fp32,T,N,201,-606603825,0.00825,0.00778,0.9435,4,826,0.0,0,0.9624
13570,3,5342,bf16,T,N,29,-606630723,0.24312,0.24294,0.9993,4,40,597.1,0,1.0103
273,20399,131,fp32,T,T,82,-606620831,0.08294,0.11408,1.3756,4,85,399.2,0,1.0852
923,49,59,fp16,T,T,53,-606629622,0.00759,0.01014,1.3351,4,472,38.9,0,0.9264
1636,7192,3,fp16,N,T,227,-524,0.05285,0.05308,1.0044,4,170,891.5,0,1.0788
16029,5,174,fp16,N,N,51,-606624140,0.01631,0.02526,1.5489,4,324,361.8,0,0.9402
14013,17,331,bf16,T,N,231,-606605476,0.02105,0.03099,1.4720,4,288,486.4,0,0.9876
2,203,18251,fp32,N,N,556,-606605147,0.10393,0.30339,2.9191,4,34,144.0,0,0.9927
1,319,639,fp16,T,T,23,-606629600,0.00509,0.00490,0.9621,4,1303,80.6,0,1.0090
3293,110,216,bf16,T,T,39,-606619899,0.01039,0.01899,1.8274,4,417,281.0,0,1.0059
1344,8199,30,fp32,N,T,612,-606601989,0.05242,0.08485,1.6185,4,112,862.7,0,1.0018
1913,2,215,bf16,N,N,12,-606605179,0.00842,0.00781,0.9272,4,795,99.6,0,1.0084
1649,4,40,fp32,N,N,556,-606628038,0.00899,0.00812,0.9027,4,967,32.3,0,1.0015
1133,244,8,bf16,N,T,57,-606623163,0.00847,0.00810,0.9563,4,893,133.1,0,1.0161
105,9458,22,fp16,N,N,92,-606624140,0.01043,0.00977,0.9368,4,654,421.3,0,1.0001
410,20,45,fp16,N,T,62,-606604834,0.00879,0.00790,0.8992,4,972,8.1,0,1.0069
944,111,53,fp16,N,T,62,-606627724,0.00882,0.00802,0.9089,4,802,60.2,0,1.0023
2319,1476,2323,fp16,T,T,53,-606629607,0.23468,0.23521,1.0023,4,42,133.5,0,1.0078
3,135,546,fp16,N,T,62,-606627734,0.00817,0.00888,1.0868,4,601,18.6,0,0.9930
130,12,29015,bf16,T,N,349,-606605451,0.04139,0.03933,0.9502,4,201,199.2,0,1.0033
141,549,42,fp16,N,N,90,-606624243,0.00866,0.00799,0.9225,4,792,42.4,0,1.0091
2,13,3653,bf16,T,T,4,-354,0.17893,0.33866,1.8927,4,26,0.6,0,1.0161
86,498,4,fp32,T,T,82,-606620755,0.00892,0.00821,0.9210,4,802,20.3,0,1.0013
2,2505,510,fp32,T,N,253,-606624665,0.01144,0.01057,0.9237,4,685,448.8,0,1.0101
2038,174,5,fp16,T,T,53,-378,0.00960,0.00855,0.8899,4,853,150.0,0,1.0056
2,6,1,bf16,T,N,17,-606630723,0.00809,0.00767,0.9477,4,1025,0.0,0,0.8420
8,918,7566,fp16,T,N,258,-606603003,0.02290,0.02273,0.9927,4,335,613.3,0,1.0046
309,55,2837,bf16,N,T,62,-606623130,0.02578,0.02582,1.0014,4,328,82.8,0,1.0034
31,26206,7,bf16,T,N,231,-144,0.01040,0.01217,1.1693,4,577,347.6,0,1.0057
16,31,2228,fp16,N,T,68,-606604760,0.01498,0.01486,0.9918,4,343,14.1,0,1.0020
2,1,45,bf16,T,T,5,-357,0.00529,0.00505,0.9551,4,1294,0.1,0,1.0035
27,28780,14837,bf16,N,T,62,-606603153,1.02654,1.23667,1.2047,4,9,835.7,0,0.9971
6212,191,527,fp32,N,T,612,-606602207,0.05020,0.06806,1.3556,4,138,363.4,0,1.0234
28224,826,15,fp16,T,N,245,-606603047,0.10533,0.30074,2.8551,4,33,893.6,0,1.0148
19155,274,1,fp32,N,N,556,-606608213,0.02317,0.02559,1.1046,4,330,909.4,0,0.9722
43,19,1824,fp16,T,N,255,-606622839,0.01446,0.04434,3.0656,4,125,15.9,0,1.0140
10,119,23533,fp32,N,N,556,-606628038,0.15504,0.40917,2.6392,4,25,78.4,0,1.0007
3861,26113,2,fp16,N,T,62,-520,0.50048,0.60176,1.2024,4,17,806.0,0,1.0028
253,6,39,fp16,T,T,53,-606629612,0.00922,0.00797,0.8646,4,579,2.8,0,1.0086
197,2664,206,bf16,T,T,39,-606619899,0.01162,0.01068,0.9188,4,617,282.0,0,1.0041
1,11857,15078,fp32,N,N,557,-606628034,0.61429,0.74035,1.2052,4,14,1164.3,0,1.0337
6,2,3,fp32,T,N,212,-606603885,0.00829,0.00786,0.9481,4,1031,0.0,0,0.9692
92,3,3,fp16,N,N,39,-606624071,0.00895,0.00840,0.9394,4,816,0.2,0,1.0045
1205,2819,1,bf16,T,N,231,-606605522,0.01698,0.02548,1.5007,4,320,800.8,0,1.0617
46,2081,3737,fp16,N,T,68,-606627647,0.04673,0.04660,0.9973,4,188,348.4,0,0.9467
80,16,41,bf16,T,T,39,-606619917,0.00884,0.00791,0.8948,4,792,1.5,0,0.9802
27,991,192,bf16,T,N,231,-606630722,0.00813,0.00829,1.0199,4,567,61.2,0,0.9986
1,23181,20,bf16,N,T,58,-606623200,0.00899,0.01524,1.6942,4,465,113.4,0,0.9982
1,2,2201,fp32,T,T,13,-606620754,0.00508,0.00450,0.8865,4,1009,5.2,0,0.9827
45,2,4,fp32,N,T,612,-606618321,0.00861,0.00824,0.9578,4,1031,0.1,0,0.9970
25,4,12085,fp32,N,T,614,-606618431,0.08620,0.47826,5.5483,4,21,16.3,0,1.0129
9,121,26,fp32,T,T,82,-606620754,0.00903,0.00812,0.8992,4,873,2.0,0,1.0003
902,47,1637,bf16,T,N,239,-606630790,0.02412,0.02397,0.9936,4,360,135.8,0,1.0114
15,8225,1641,fp16,N,N,97,-606603313,0.04894,0.04886,0.9984,4,187,562.7,0,1.0130
5211,9,143,fp16,T,N,245,-606622898,0.00930,0.02160,2.3221,4,377,180.7,0,1.0067
1051,51,210,bf16,T,N,231,-606630784,0.00903,0.00805,0.8909,4,757,75.0,0,0.9986
19,4,1096,fp32,T,N,525,-606624680,0.01232,0.01700,1.3803,4,338,8.2,0,1.0105
245,24838,10039,fp16,N,T,62,-606604809,1.62164,1.63382,1.0075,4,7,325.6,0,1.0976
627,7483,10697,bf16,T,T,39,-606619921,1.10676,1.10573,0.9991,4,9,173.7,0,1.0044
4,487,15351,fp32,N,N,558,-606627927,0.03774,0.03773,0.9997,4,184,799.1,0,0.9668
474,346,41,bf16,T,N,231,-606630714,0.00749,0.00778,1.0392,4,782,96.6,0,1.0062
2540,6403,273,fp16,N,T,62,-606627717,0.19747,0.30879,1.5637,4,33,354.2,0,1.0055
7915,7501,318,bf16,N,N,166,-606629916,0.66186,0.66380,1.0029,4,16,373.6,0,1.0895
40,6,7,fp32,N,T,612,-606618309,0.00732,0.00778,1.0628,4,1019,0.3,0,0.9159
247,505,392,fp16,T,T,53,-606629613,0.01014,0.04331,4.2691,4,174,107.3,0,0.9910
658,7,64,fp32,T,T,82,-606620754,0.00749,0.00775,1.0347,4,778,25.2,0,1.0004
525,18,231,fp16,T,N,245,-606602969,0.00755,0.03192,4.2281,4,218,38.2,0,0.9992
100,13330,8,fp16,N,N,98,-606624071,0.00952,0.01245,1.3077,4,574,582.8,0,0.9968
4537,35,1358,fp32,N,T,612,-606618386,0.03576,0.04610,1.2891,4,197,712.2,0,0.9998
42,5841,30,fp16,N,T,62,-606604836,0.00774,0.01351,1.7458,4,510,172.4,0,1.0036
942,253,5980,bf16,N,N,176,-606605183,0.06672,0.09772,1.4646,4,97,228.5,0,1.0017
2266,9294,435,bf16,T,T,39,-606619914,0.29714,0.30236,1.0176,4,33,317.4,0,1.0098
4,5,18,fp16,T,N,63,-606603020,0.00748,0.00775,1.0367,4,792,0.1,0,0.9969
1,88,191,fp32,T,T,13,-606620758,0.00443,0.00443,1.0012,4,1525,15.4,0,1.0050
4,525,9,fp16,N,T,62,-606604834,0.00741,0.00773,1.0429,4,1019,2.4,0,1.0049
36,14557,1288,bf16,N,T,62,-606623132,0.06558,0.09312,1.4200,4,106,605.2,0,1.0338
85,4360,14681,bf16,T,T,39,-606619899,0.36653,0.61184,1.6693,4,17,360.1,0,0.9623
1,23,571,fp16,T,N,31,-606622736,0.00653,0.00651,0.9965,4,812,4.2,0,0.9958
2,81,1600,fp16,N,T,68,-606604844,0.00983,0.01161,1.1819,4,468,27.1,0,1.0015
10984,515,10,bf16,T,T,39,-355,0.03628,0.08761,2.4148,4,110,630.0,0,1.0068
2078,141,17901,fp16,N,N,103,-606624235,0.30354,0.86102,2.8366,4,12,265.6,0,1.0068
41,2,6,fp16,N,N,37,-606603313,0.00756,0.00790,1.0449,4,933,0.1,0,0.9962
24,45,29177,fp32,T,T,82,-606620827,0.64035,0.63833,0.9968,4,16,12.6,0,1.0021
8,32318,25,bf16,N,N,166,-606605179,0.00958,0.00953,0.9941,4,713,276.6,0,1.0023
20273,18225,573,fp16,T,T,53,-606629608,6.03445,6.16777,1.0221,4,5,252.2,0,1.0844
3670,70,136,bf16,N,N,166,-606629913,0.01019,0.00992,0.9730,4,617,200.7,0,0.9659
6,2257,2320,fp32,T,T,82,-606620796,0.05795,0.12108,2.0894,4,82,363.3,0,1.0099
25483,423,11,fp16,N,T,62,-524,0.06289,0.09233,1.4682,4,103,694.7,0,1.0064
2,2,5050,bf16,T,N,27,-153,0.03515,0.11945,3.3981,4,55,1.1,0,0.9949
15445,28962,1,fp16,N,T,62,-606604838,2.04487,2.55053,1.2473,4,5,875.0,0,1.1337
503,19,6,fp32,T,N,519,-606624753,0.00871,0.00778,0.8937,4,952,5.8,0,0.9044
40,45,411,fp32,T,N,519,-606603830,0.00876,0.00813,0.9283,4,697,16.8,0,1.0078
3,5527,14,bf16,N,N,166,-606605260,0.00875,0.00810,0.9254,4,920,25.3,0,1.0032
536,836,5,fp32,T,N,539,-606624722,0.00833,0.00855,1.0255,4,857,218.4,0,1.0011
2224,55,4545,fp32,T,N,519,-606603891,0.07879,0.07966,1.0110,4,125,532.1,0,1.0067
96,1,3,bf16,N,T,58,-9,0.00511,0.00790,1.5458,4,972,0.2,0,1.0001
18,16,1,bf16,N,N,388,-606605211,0.00838,0.00833,0.9937,4,1048,0.1,0,0.9983
1690,90,6658,bf16,T,N,247,-606605453,0.08433,0.29827,3.5368,4,32,288.3,0,1.0060
5048,32,1,fp16,T,N,513,-606622849,0.00846,0.00794,0.9384,4,957,77.6,0,1.0068
3492,21855,5,fp16,N,N,94,-606624140,0.33384,0.49390,1.4795,4,20,915.2,0,1.0022
79,4,402,fp32,N,T,614,-606601890,0.00866,0.00793,0.9159,4,697,15.6,0,1.0075
274,34,6353,fp32,N,T,612,-606602200,0.04820,0.13938,2.8913,4,68,163.1,0,1.0095
5,2,184,fp16,T,T,71,-606629541,0.01020,0.02446,2.3980,4,280,0.3,0,1.0001
5347,1,40,bf16,T,T,40,-606619932,0.00525,0.00481,0.9157,4,1097,85.5,0,1.0187
13,14,173,bf16,T,T,39,-606619917,0.00925,0.00824,0.8909,4,570,1.1,0,1.0031
929,1681,834,fp32,T,T,82,-606620789,0.09313,0.16523,1.7742,4,60,160.6,0,1.0359
64,1962,993,fp32,T,T,82,-606620792,0.02823,0.05751,2.0372,4,169,302.8,0,1.0124
6,78,34,bf16,N,N,166,-606629958,0.00799,0.00809,1.0118,4,938,0.9,0,0.9723
13063,4347,387,fp16,T,N,245,-606603092,0.57785,0.76423,1.3226,4,14,416.4,0,1.0626
35,4343,2347,fp16,T,T,53,-606629613,0.04678,0.24890,5.3202,4,39,452.3,0,0.9434
2,18868,2,fp16,N,T,62,-606604838,0.00865,0.00832,0.9616,4,745,26.2,0,1.0020
375,5,44,fp16,N,T,62,-606627724,0.00806,0.00784,0.9732,4,952,5.1,0,0.9808
83,633,70,fp16,N,N,90,-606624243,0.00797,0.00785,0.9848,4,769,39.0,0,1.0035
15,19,22,fp16,T,T,53,-606629621,0.00827,0.00831,1.0053,4,565,0.3,0,0.9969
26,14726,3725,bf16,N,T,62,-606603150,0.14243,0.14186,0.9960,4,69,782.4,0,1.0119
13530,358,11759,fp16,N,N,98,-606603414,1.35628,1.77945,1.3120,4,6,255.1,0,1.0787
3,85,11,fp32,T,N,253,-606624685,0.00776,0.00772,0.9947,4,1014,0.6,0,0.9446
10115,5,2373,bf16,N,T,62,-606603225,0.05753,0.09951,1.7296,4,96,838.3,0,1.0108
474,164,816,fp32,N,T,614,-606618191,0.01507,0.01575,1.0449,4,500,158.8,0,1.0216
41,20901,6,fp16,T,N,245,-606622728,0.00980,0.01887,1.9258,4,366,375.4,0,0.9936
1144,9,25,fp16,T,N,245,-606603020,0.00893,0.00835,0.9351,4,695,11.1,0,0.9949
1632,19,17,fp16,N,N,94,-606624101,0.00876,0.00849,0.9689,4,853,20.6,0,0.9974
324,44,124,fp32,N,N,562,-606627931,0.00759,0.00790,1.0406,4,792,31.6,0,0.9989
14442,30,4,bf16,T,N,231,-144,0.00795,0.01230,1.5477,4,567,232.6,0,1.0000
25,5691,10853,fp16,T,N,258,-606603032,0.18646,0.71201,3.8187,4,14,668.5,0,0.9797
16,8,41,fp32,N,T,616,-606601934,0.00731,0.00772,1.0558,4,993,0.6,0,1.0017
7254,46,273,fp16,T,T,53,-606629622,0.01395,0.04574,3.2790,4,204,381.5,0,1.0010
2,4,145,bf16,N,T,57,-606623166,0.00746,0.00776,1.0402,4,736,0.2,0,1.0015
1457,38,5993,fp32,N,T,612,-606602198,0.06538,0.10023,1.5330,4,99,551.5,0,1.0731
25483,1086,1031,fp32,N,N,556,-606627852,1.90845,2.15755,1.1305,4,5,115.4,0,1.0077
3445,47,28557,fp32,T,N,519,-606603985,0.54285,0.75230,1.3858,4,14,736.0,0,1.0779
2709,18,16,fp32,N,T,612,-606618206,0.00881,0.00800,0.9082,4,972,42.0,0,0.8969
5173,1976,5,bf16,T,T,39,-355,0.04701,0.07582,1.6129,4,121,871.3,0,0.9980
665,3,182,fp16,T,N,51,-606603020,0.00906,0.02474,2.7317,4,295,27.7,0,1.0109
1257,38,59,fp32,T,T,82,-606620755,0.00881,0.00807,0.9162,4,680,56.4,0,1.0127
711,212,37,bf16,N,N,273,-606605211,0.00848,0.00800,0.9440,4,933,79.2,0,1.0040
38,10,55,bf16,T,N,231,-606605566,0.00842,0.00912,1.0829,4,877,0.8,0,1.0114
4693,4,26,fp16,N,T,62,-606604847,0.00803,0.00809,1.0071,4,924,39.8,0,1.0035
14,414,821,fp16,T,T,53,-606629612,0.01523,0.01525,1.0007,4,389,47.7,0,1.0029
1503,6046,10,fp32,T,N,519,-606603835,0.03489,0.05252,1.5053,4,172,1050.5,0,0.9995
6,9622,14,fp16,N,N,98,-606624243,0.00780,0.00774,0.9922,4,924,64.2,0,1.0036
6781,45,2,fp32,T,N,519,-606603857,0.00783,0.00796,1.0165,4,906,162.9,0,1.0014
1056,347,112,bf16,N,T,57,-606623163,0.00776,0.00778,1.0025,4,788,229.4,0,1.0172
7595,10619,4720,fp32,T,T,82,-606620816,22.24776,23.71452,1.0659,4,5,30.0,0,1.0726
1,17434,274,fp16,T,T,23,-606629599,0.05192,0.05189,0.9994,4,182,185.3,0,1.0053
51,110,65,fp16,N,N,92,-606624100,0.00823,0.01318,1.6008,4,374,5.3,0,0.9983
4,2,60,bf16,T,N,19,-606630771,0.00785,0.00781,0.9949,4,920,0.1,0,1.0015
270,48,144,fp32,T,N,525,-606603797,0.00760,0.00808,1.0633,4,865,30.9,0,0.9994
15,268,2,fp32,T,T,82,-606620798,0.00789,0.00819,1.0375,4,938,2.3,0,0.9973
1,2423,232,bf16,T,T,4,-357,0.00807,0.00804,0.9970,4,885,140.6,0,1.0016
7787,6666,3982,bf16,N,T,57,-606623198,4.30194,4.28924,0.9970,4,5,75.0,0,1.1133
27181,2507,8,bf16,T,T,39,-355,0.31097,1.07294,3.4503,4,9,878.1,0,0.9203
5404,1,836,fp16,N,T,69,-606627721,0.01623,0.01840,1.1336,4,425,558.1,0,0.9961
2,1414,457,bf16,N,T,57,-606623166,0.00807,0.01036,1.2828,4,596,161.7,0,0.9946
43,1,2092,fp16,N,T,69,-9,0.00444,0.01275,2.8701,4,416,41.5,0,1.0066
119,16,25,fp16,N,T,227,-606627724,0.00729,0.00760,1.0425,4,992,2.0,0,0.9917
5,9892,250,fp32,T,N,525,-606624713,0.01134,0.01733,1.5281,4,462,890.4,0,1.0363
12,2,2976,fp16,N,N,48,-606603392,0.03737,0.35400,9.4735,4,28,2.2,0,0.9637
3,189,3315,bf16,N,N,176,-606605266,0.01286,0.01319,1.0257,4,446,99.1,0,1.0037
29,10833,791,bf16,T,N,238,-606630743,0.03508,0.03567,1.0171,4,244,525.7,0,1.0057
9,4,6493,fp32,N,N,556,-606628038,0.02228,0.13366,5.9987,4,70,15.2,0,0.9880
938,63,3,bf16,T,N,231,-606605421,0.00821,0.00796,0.9697,4,962,29.5,0,1.0094
5,111,38,fp16,T,N,63,-606603020,0.00820,0.00839,1.0222,4,569,1.3,0,1.0038
128,130,1714,bf16,N,T,62,-606603151,0.01430,0.01447,1.0118,4,434,66.5,0,1.0036
7,2,903,fp32,N,N,329,-606605146,0.00805,0.01111,1.3812,4,422,4.0,0,1.0093
39,4373,1342,bf16,T,N,239,-606605499,0.03425,0.03584,1.0465,4,249,365.7,0,1.0051
163,146,480,fp16,N,N,92,-606624243,0.00888,0.00979,1.1026,4,605,44.1,0,1.0157
13,4,226,fp16,T,T,88,-606629613,0.00849,0.02939,3.4628,4,248,0.9,0,0.9998
1,12,177,bf16,N,T,58,-9,0.00486,0.00801,1.6479,4,647,1.0,0,0.9961
1,3,3862,fp32,T,N,121,-9,0.02864,0.07693,2.6863,4,109,2.2,0,0.9975
3241,367,608,fp32,N,T,612,-606618441,0.04901,0.05562,1.1350,4,169,276.1,0,1.0060
653,10,397,fp32,T,T,82,-606620797,0.01343,0.01940,1.4439,4,343,80.3,0,0.9971
4,37,44,bf16,T,T,4,-354,0.00821,0.00836,1.0182,4,652,0.5,0,1.0017
4205,6603,1047,fp32,N,T,612,-606602188,1.81057,1.99354,1.1011,4,6,86.3,0,1.0665
176,22,2,bf16,T,N,231,-606630723,0.00745,0.00788,1.0582,4,920,2.2,0,0.9579
6,4075,27297,fp16,T,T,36,-374,1.73893,3.38641,1.9474,4,5,128.2,0,1.0031
7,898,8133,fp16,N,T,70,-606627643,0.04172,0.04174,1.0005,4,207,353.5,0,0.9893
14453,250,295,fp32,T,N,519,-606624770,0.07727,0.07777,1.0065,4,122,411.6,0,1.0366
3511,81,1678,fp32,N,N,556,-606627918,0.05650,0.07926,1.4028,4,119,446.8,0,0.9835
8172,68,7988,fp32,N,N,564,-606605086,0.41555,0.52511,1.2636,4,20,638.9,0,1.0025
77,1961,138,fp32,N,T,612,-606618151,0.00864,0.00791,0.9157,4,849,200.1,0,1.0075
14,111,20,fp16,N,T,62,-606604846,0.00852,0.00800,0.9383,4,933,1.3,0,1.0113
454,515,22,fp32,N,N,556,-606605027,0.00891,0.00826,0.9273,4,845,114.6,0,1.0031
21,13,2,bf16,N,N,166,-606605261,0.00844,0.00806,0.9555,4,853,0.1,0,0.9999
214,62,10,fp16,T,T,88,-606629568,0.00928,0.01178,1.2696,4,334,6.3,0,1.0095
4675,164,10,bf16,N,N,273,-606629831,0.00933,0.00884,0.9473,4,778,339.0,0,1.0053
28,638,721,bf16,T,N,231,-606605540,0.01228,0.01188,0.9679,4,472,84.0,0,1.0169
1499,16,1722,bf16,T,N,476,-606630765,0.01504,0.02369,1.5752,4,370,353.3,0,1.0186
63,16,19,fp32,N,T,614,-606618306,0.00885,0.00804,0.9080,4,802,1.1,0,1.0136
7,5683,11137,fp16,N,N,99,-606603283,0.17447,0.20672,1.1849,4,48,727.3,0,1.0126
6375,1093,345,bf16,N,N,166,-606629868,0.08875,0.14415,1.6242,4,67,372.1,0,1.0058
2,54,7,bf16,T,N,17,-606630771,0.00736,0.00790,1.0732,4,1054,0.2,0,0.9926
353,648,23,fp32,N,N,556,-606604965,0.00749,0.00786,1.0491,4,906,134.5,0,1.0115
23678,91,46,bf16,T,N,231,-606605462,0.02178,0.02263,1.0389,4,359,496.1,0,1.0049
18,2,882,bf16,T,N,26,-606630723,0.01750,0.02344,1.3393,4,212,2.0,0,0.9985
24,117,16328,fp16,T,T,53,-606629613,0.26701,1.56172,5.8490,4,7,17.3,0,0.9990
12481,3925,723,bf16,T,T,39,-606619900,0.95276,0.94217,0.9889,4,11,230.6,0,1.0814
125,52,123,bf16,T,T,39,-606619899,0.00754,0.00773,1.0246,4,601,9.2,0,0.9437
24,5,27053,fp16,T,N,85,-606622882,0.02951,0.02955,1.0015,4,228,53.2,0,0.9999
144,1199,15032,fp32,T,T,82,-606620814,0.35269,0.35245,0.9993,4,29,230.9,0,1.0190
33,42,490,fp32,T,N,519,-606603811,0.00900,0.00814,0.9044,4,621,17.0,0,0.9993
5314,1659,3597,bf16,N,T,57,-606603161,0.71916,0.72519,1.0084,4,14,118.8,0,1.0541
2,4834,3471,bf16,T,T,4,-354,0.24986,0.38147,1.5267,4,26,134.5,0,0.9638
2,13691,370,fp32,N,T,612,-606601956,0.02541,0.03902,1.5358,4,221,801.9,0,1.0024
57,110,63,bf16,N,T,57,-606623200,0.00868,0.00789,0.9089,4,967,5.3,0,1.0034
2,18,66,fp16,N,N,98,-606624200,0.00911,0.01190,1.3052,4,424,0.3,0,1.0136
33,1023,36,fp32,T,N,519,-606624792,0.00793,0.00786,0.9912,4,972,36.2,0,1.0103
6076,6,16391,fp32,N,N,558,-606605146,0.40547,0.47555,1.1728,4,22,983.8,0,1.0146
6,10,95,fp32,N,N,556,-606605144,0.00910,0.00813,0.8940,4,889,0.7,0,0.9916
679,4,3,bf16,T,N,104,-606630687,0.00862,0.00820,0.9519,4,1014,1.7,0,1.0021
2,169,8,fp32,N,N,556,-606605039,0.00862,0.00818,0.9488,4,1003,0.8,0,1.0108
12056,91,2,fp32,N,N,556,-606608208,0.00969,0.00942,0.9715,4,739,462.7,0,1.0037
9,1,1129,bf16,T,T,40,-606619922,0.01090,0.01084,0.9952,4,476,2.1,0,1.0012
3,2520,150,fp16,N,N,352,-606624091,0.00891,0.00812,0.9106,4,929,88.3,0,1.0019
649,2905,21,fp16,T,T,53,-606629587,0.01665,0.01677,1.0074,4,444,462.0,0,1.0105
202,53,236,bf16,T,N,231,-606630790,0.00887,0.00812,0.9158,4,703,18.4,0,1.0050
5196,44,12,fp16,N,N,223,-606624207,0.00881,0.00801,0.9089,4,938,118.0,0,1.0035
26,34,568,fp16,T,N,245,-606602886,0.01016,0.07063,6.9553,4,118,7.1,0,1.0160
1,71,18633,fp32,N,T,613,-9,0.03148,0.30668,9.7411,4,33,170.5,0,1.0007
106,152,155,bf16,T,T,39,-606619899,0.00894,0.00788,0.8821,4,619,16.2,0,1.0132
2328,2,1673,fp32,N,T,612,-606618433,0.02194,0.02979,1.3577,4,306,711.4,0,0.9969
54,6414,25250,fp16,N,N,107,-606603392,0.48736,0.51429,1.0553,4,20,673.1,0,1.0940
4,1630,369,fp32,T,T,82,-606620789,0.01402,0.02248,1.6031,4,356,173.8,0,0.9246
3,2,134,fp16,N,T,62,-606627668,0.00894,0.00805,0.9013,4,753,0.2,0,0.9972
5650,137,388,bf16,T,N,231,-606630743,0.02200,0.04068,1.8495,4,220,344.9,0,1.0003
5352,37,1938,bf16,T,T,39,-606619899,0.03826,0.07040,1.8399,4,130,566.6,0,0.9861
6,7522,5417,fp16,T,N,74,-606622839,0.12028,0.96157,7.9943,4,11,679.6,0,1.0001
8,168,4646,fp16,T,T,88,-606629622,0.07750,0.87750,11.3223,4,11,21.2,0,0.9784
1076,4,256,fp32,N,T,616,-606618247,0.00833,0.00795,0.9551,4,845,134.9,0,0.9977
18,4884,9461,fp16,N,T,70,-606627662,0.13894,0.15508,1.1161,4,63,670.1,0,1.0020
51,252,180,fp16,T,N,382,-606622742,0.00894,0.00826,0.9244,4,877,18.0,0,0.9903
1232,2,1653,bf16,N,T,62,-606623135,0.01758,0.01755,0.9981,4,452,232.6,0,1.0001
10,740,1288,fp16,N,T,68,-606604765,0.01433,0.01434,1.0004,4,517,136.9,0,1.0037
15461,19978,2,bf16,N,T,57,-606603193,1.37247,1.78153,1.2980,4,6,900.3,0,1.0498
2,9,28,bf16,T,N,17,-606630723,0.00835,0.00764,0.9148,4,972,0.1,0,0.9523
2,5,6,fp16,N,T,62,-606604842,0.00855,0.00805,0.9420,4,998,0.0,0,1.0000
678,412,277,fp16,N,N,223,-606624089,0.01071,0.01036,0.9673,4,638,160.6,0,0.9935
11166,11,60,fp16,T,N,245,-606622900,0.00870,0.01339,1.5383,4,541,210.6,0,0.9910
536,155,545,bf16,T,T,39,-606619899,0.01251,0.01190,0.9511,4,510,86.7,0,0.9931
55,6324,16322,fp16,T,T,88,-606629613,0.33218,2.26933,6.8317,4,5,631.1,0,1.0126
112,2000,3,fp16,T,T,53,-606629622,0.00922,0.00811,0.8793,4,873,98.5,0,0.9960
517,12109,2,fp16,T,N,245,-606603047,0.02985,0.09267,3.1043,4,107,840.6,0,0.9983
2,3,231,bf16,T,N,17,-606630723,0.00878,0.00844,0.9606,4,539,0.3,0,0.9856
1444,15,65,bf16,T,N,231,-606630722,0.00914,0.00821,0.8981,4,885,30.2,0,1.0006
4,2598,15341,fp16,T,N,74,-606622839,0.10208,0.15477,1.5161,4,62,782.5,0,1.0121
6,3479,1,fp32,N,N,556,-606604969,0.00840,0.00799,0.9519,4,1019,11.6,0,1.0023
211,805,11828,fp32,N,N,556,-606627955,0.17643,0.34595,1.9608,4,29,276.3,0,1.0052
52,72,3,fp32,T,N,539,-606624793,0.00861,0.00804,0.9333,4,998,1.9,0,1.0004
13,2,3272,fp32,T,N,212,-606603788,0.03677,0.04334,1.1787,4,148,5.3,0,1.0024
2944,38,47,bf16,T,T,39,-606619917,0.00825,0.00808,0.9785,4,889,88.2,0,1.0026
11,16,3767,fp32,N,T,614,-606602200,0.02548,0.05117,2.0082,4,140,16.0,0,1.0018
880,94,64,bf16,N,T,57,-606623165,0.00724,0.00781,1.0781,4,962,62.9,0,1.0024
4,5204,15155,bf16,N,T,64,-606603151,0.17176,0.22621,1.3170,4,44,919.5,0,0.9943
7,8,1,fp32,T,N,525,-606603848,0.00736,0.00758,1.0309,4,1091,0.0,0,0.9964
3,7553,23,bf16,N,N,166,-606605262,0.00744,0.00760,1.0222,4,920,58.9,0,1.0063
13854,10217,53,fp32,N,T,612,-606602009,0.88423,0.92313,1.0440,4,11,646.1,0,1.0563
25072,497,1666,fp16,T,T,53,-606629620,0.46279,0.46259,0.9996,4,21,291.8,0,0.9916
31,9822,14069,fp32,T,N,519,-606624908,0.51469,1.25522,2.4388,4,9,1079.7,0,1.0553
181,34,9814,fp16,T,N,258,-606622882,0.02393,0.02368,0.9897,4,309,177.4,0,0.9350
304,1,171,bf16,N,T,58,-9,0.00516,0.00814,1.5799,4,654,20.5,0,0.9950
20839,1437,227,bf16,N,T,57,-606623199,0.30616,0.36560,1.1942,4,28,424.3,0,1.0034
2,6,106,fp16,T,T,60,-606629542,0.00849,0.01866,2.1963,4,332,0.2,0,0.9984
612,61,109,fp32,N,N,556,-606605045,0.00845,0.00808,0.9560,4,574,52.4,0,1.0017
25,15,9,fp32,N,N,556,-606605144,0.00820,0.00805,0.9814,4,1014,0.4,0,0.9997
14,944,64,fp32,N,N,556,-606605038,0.00815,0.00805,0.9886,4,1014,36.6,0,1.0124
10,21,6898,fp32,N,N,556,-606628038,0.02540,0.14199,5.5906,4,64,33.7,0,1.0097
2,5166,3585,fp16,T,T,36,-374,0.23442,0.45362,1.9351,4,22,158.2,0,1.0043
25,313,73,bf16,N,T,57,-606623166,0.00759,0.00791,1.0427,4,947,10.6,0,1.0048
113,30,2791,fp16,T,N,255,-606622839,0.01377,0.31219,22.6671,4,26,58.9,0,1.0011
5356,593,2057,fp32,N,N,556,-606628025,0.44814,0.78897,1.7605,4,13,137.6,0,1.0324
2,40,23,bf16,T,T,4,-356,0.00783,0.00790,1.0088,4,845,0.3,0,0.9863
4950,2,26100,fp32,T,T,82,-606620797,0.59437,0.59030,0.9932,4,18,869.9,0,1.0503
3,6357,57,bf16,T,T,4,-354,0.00781,0.00860,1.1007,4,617,102.6,0,0.9589
14849,8744,773,bf16,T,T,39,-606619916,2.33902,2.36232,1.0100,4,5,237.6,0,1.0080
37,8,4,fp16,N,T,227,-606604838,0.00742,0.00772,1.0407,4,1031,0.2,0,0.9941
3,70,17,bf16,N,N,166,-606605223,0.00744,0.00772,1.0368,4,798,0.4,0,1.0025
3,8,1,bf16,T,T,4,-354,0.00776,0.00793,1.0217,4,1003,0.0,0,1.0002
2813,1251,3,bf16,T,N,231,-144,0.01778,0.02202,1.2384,4,375,793.1,0,1.0042
22,17,87,fp16,T,T,53,-606629613,0.00762,0.01649,2.1644,4,320,1.1,0,0.9931
2533,802,8,fp32,N,N,556,-606604943,0.01095,0.01440,1.3145,4,532,751.6,0,1.0005
35,111,31,bf16,T,T,39,-606619899,0.00749,0.00764,1.0198,4,757,3.3,0,1.0039
22643,9287,224,fp32,T,T,82,-606620816,2.95028,3.01317,1.0213,4,5,294.8,0,1.1083
3,9869,1,fp16,T,N,49,-606622730,0.00894,0.00829,0.9267,4,915,15.5,0,0.9293
54,2,66,fp16,N,T,62,-606604831,0.00851,0.00816,0.9583,4,952,0.9,0,1.0004
5,17,27,fp16,T,T,36,-374,0.00944,0.00845,0.8951,4,692,0.2,0,1.0105
9168,3,5254,fp32,N,N,331,-606628038,0.18224,0.28157,1.5450,4,35,1058.2,0,1.0223
104,1330,3974,fp16,T,N,258,-606622763,0.05239,0.05237,0.9996,4,169,228.1,0,1.0161
29,12,13086,fp32,N,N,556,-606628038,0.08974,0.38009,4.2356,4,25,23.9,0,0.9974
4047,20,498,fp16,T,T,88,-606629613,0.01405,0.06419,4.5683,4,146,311.3,0,1.0036
1661,22614,22,fp16,N,N,92,-606624071,0.23431,0.28915,1.2341,4,32,645.8,0,1.0008
104,9332,239,bf16,N,N,273,-606629837,0.01706,0.02832,1.6606,4,300,492.1,0,1.0079
1264,25,5,bf16,T,N,231,-606630710,0.00846,0.00783,0.9258,4,957,16.5,0,0.9848
2,5121,30,fp32,T,N,253,-606624732,0.00889,0.00822,0.9243,4,967,73.8,0,0.9972
1161,2290,2,bf16,N,N,166,-714,0.01486,0.03269,2.2005,4,259,716.7,0,1.0001
3724,29,167,bf16,N,T,57,-606623167,0.00849,0.01700,2.0025,4,463,198.6,0,0.9993
5873,2188,32,bf16,N,T,57,-606603193,0.04883,0.15725,3.2204,4,62,1063.2,0,1.0188
28,1062,17192,fp16,T,N,259,-606602963,0.12475,0.14660,1.1751,4,66,301.4,0,0.9726
784,2,21562,bf16,T,N,30,-606630723,0.69426,1.05187,1.5151,4,10,48.8,0,0.9936
1,17211,10547,fp32,N,N,557,-606627902,0.61422,0.70543,1.1485,4,15,1182.3,0,1.0175
102,2,76,bf16,N,N,12,-606605179,0.00725,0.00754,1.0404,4,826,2.3,0,0.9884
6948,1,343,fp16,T,T,54,-606629617,0.01207,0.01173,0.9711,4,670,397.1,0,0.9984
47,510,37,fp32,T,N,519,-606603838,0.00749,0.00801,1.0687,4,933,23.8,0,1.0048
25,2,19,bf16,N,N,12,-606605228,0.00766,0.00782,1.0211,4,849,0.2,0,1.0058
17,38,9,fp16,T,T,53,-606629585,0.00775,0.00796,1.0271,4,651,0.5,0,0.9947
35,16479,1095,fp16,T,T,53,-606629622,0.06001,0.23056,3.8419,4,43,641.1,0,1.0048
128,1545,23,bf16,T,T,39,-357,0.00773,0.00779,1.0081,4,766,112.3,0,0.9963
45,1,85,fp32,T,N,130,-9,0.00450,0.00781,1.7377,4,869,3.5,0,1.0041
13957,50,24316,bf16,T,N,244,-606605556,0.92396,0.89852,0.9725,4,12,740.3,0,1.0452
17,26242,1064,fp16,N,N,99,-606603411,0.06192,0.08971,1.4489,4,107,931.3,0,1.0153
1,3,2,fp32,T,T,13,-606620755,0.00506,0.00476,0.9422,4,1151,0.0,0,0.9942
6303,8281,13485,fp32,T,T,82,-606620831,40.02761,43.28408,1.0814,4,5,24.9,0,1.0644
10,75,4,fp16,T,N,245,-606622900,0.00799,0.00805,1.0082,4,972,0.5,0,0.9731
447,2,5291,fp32,N,N,329,-606605146,0.03274,0.11426,3.4894,4,81,290.3,0,1.0137
211,6,12121,fp16,N,T,70,-606627643,0.02290,0.19293,8.4264,4,53,230.0,0,1.0113
23,30,399,fp16,N,N,92,-606624200,0.00830,0.05229,6.2978,4,155,5.4,0,1.0055
4484,8700,2431,bf16,N,N,273,-606629809,1.82958,1.94809,1.0648,4,6,120.3,0,1.0891
19633,8884,243,bf16,T,T,39,-606619905,1.75216,1.78264,1.0174,4,6,406.1,0,0.9745
1177,21870,172,fp16,T,N,245,-606622955,0.20490,0.34713,1.6941,4,27,541.2,0,1.0045
373,20755,3449,fp32,T,N,519,-606604052,1.65594,1.66077,1.0029,4,6,194.7,0,0.9982
5,114,87,fp32,N,N,556,-606605146,0.00812,0.00783,0.9646,4,952,5.4,0,0.9748
67,6,144,fp16,N,T,62,-606627734,0.00811,0.00796,0.9816,4,716,2.8,0,1.0091
28,112,1,fp32,N,N,562,-606628037,0.00883,0.00811,0.9184,4,805,1.5,0,1.0005
222,63,2026,fp16,N,T,68,-606627654,0.01737,0.01740,1.0021,4,399,69.7,0,1.0041
1337,147,17,fp16,N,N,90,-606624243,0.00850,0.00774,0.9106,4,739,98.5,0,1.0111
5,1094,15427,fp16,N,T,70,-606604754,0.08152,0.08132,0.9975,4,112,416.2,0,0.9999
28,18,1278,fp32,N,N,556,-606605146,0.00882,0.01335,1.5131,4,382,26.9,0,0.9978
7,344,31,bf16,T,N,159,-606630671,0.00829,0.00785,0.9469,4,972,3.8,0,1.0117
17,17,237,fp32,N,T,612,-606601893,0.00846,0.00808,0.9550,4,845,3.9,0,0.9953
14,12,4343,fp32,N,N,556,-606605146,0.01523,0.05164,3.3904,4,121,29.7,0,0.9980
5432,7,16665,fp16,T,N,85,-606622752,0.27414,0.43440,1.5846,4,24,661.8,0,1.0004
4643,1,23,fp16,T,N,30,-606622737,0.00507,0.00481,0.9491,4,1234,45.8,0,0.9863
43,89,10,fp16,T,N,245,-606622845,0.00871,0.00845,0.9698,4,623,2.1,0,1.0031
1,223,62,bf16,N,N,167,-9,0.00502,0.00797,1.5879,4,739,5.7,0,1.0003
733,183,3988,bf16,T,T,39,-606619899,0.07615,0.11608,1.5245,4,91,103.0,0,1.0047
6917,13,56,bf16,T,T,39,-606619917,0.00845,0.01237,1.4642,4,559,134.4,0,1.0018
6,2428,4,fp32,N,T,614,-606601956,0.00854,0.00804,0.9409,4,1003,11.4,0,1.0427
1,130,17,fp32,T,T,13,-606620756,0.00511,0.00494,0.9674,4,1330,1.8,0,1.0091
21914,1,19,bf16,N,T,58,-606603220,0.00875,0.02185,2.4974,4,336,105.2,0,0.9955
9596,9,5,fp32,T,T,82,-606620796,0.00875,0.00807,0.9227,4,947,61.5,0,0.9979
7,1,118,bf16,N,N,2,-9,0.00520,0.01947,3.7404,4,293,0.4,0,0.9923
25,12667,1619,bf16,N,N,174,-606605260,0.05163,0.05213,1.0096,4,178,820.5,0,1.0263
2,12491,17151,bf16,T,T,4,-354,2.11120,2.21089,1.0472,4,5,203.0,0,0.9861
312,944,40,bf16,T,N,441,-606630671,0.00892,0.00804,0.9014,4,869,143.3,0,1.0007
37,48,26810,fp32,T,T,82,-606620798,0.59100,0.59014,0.9985,4,17,15.4,0,0.9984
6,743,2384,fp16,N,N,103,-606603283,0.01394,0.02765,1.9832,4,337,257.4,0,1.0048
1,816,4777,bf16,N,N,426,-606605275,0.01724,0.04896,2.8399,4,166,453.0,0,1.0039
25,531,246,fp16,T,N,245,-606622898,0.00886,0.03710,4.1866,4,215,36.9,0,0.9982
8,6695,1,bf16,T,N,231,-606605566,0.00876,0.00809,0.9239,4,947,26.0,0,1.0037
12215,21135,4,fp16,T,T,53,-606629603,1.10975,4.30932,3.8832,4,5,930.8,0,1.0410
273,114,30,bf16,T,T,39,-357,0.00802,0.00758,0.9452,4,841,18.4,0,0.9579
123,426,695,bf16,T,T,39,-606619899,0.01462,0.01434,0.9812,4,429,66.5,0,1.0005
1598,8,1224,bf16,T,N,464,-606630679,0.01709,0.01780,1.0414,4,450,233.1,0,0.9980
9111,3908,188,fp32,T,T,82,-606620801,0.47611,0.48917,1.0274,4,23,319.7,0,1.1817
11239,22,3102,fp32,T,T,82,-606620762,0.15221,0.17063,1.1210,4,52,924.5,0,0.9728
1,32413,766,fp32,N,N,557,-606627903,0.08200,0.11209,1.3669,4,79,1212.7,0,0.9810
2,277,1,bf16,T,N,17,-606630723,0.00809,0.00790,0.9766,4,920,0.3,0,0.9193
7282,73,11,bf16,T,T,39,-606619917,0.00929,0.01023,1.1019,4,613,246.4,0,1.0156
4,8,2,fp16,N,N,358,-606603293,0.00857,0.00829,0.9674,4,957,0.0,0,0.9967
115,231,18,fp16,N,N,90,-606624140,0.00892,0.01693,1.8991,4,314,13.3,0,0.9888
16042,10,28,bf16,T,N,231,-606630723,0.00801,0.01623,2.0248,4,466,192.2,0,1.0071
9,10638,837,fp16,T,N,249,-606622868,0.03303,0.03714,1.1244,4,233,551.2,0,1.0109
837,9,3,fp16,N,T,62,-606604834,0.00818,0.00803,0.9817,4,972,4.3,0,0.9989
532,939,3,fp32,N,T,612,-606618246,0.00828,0.00872,1.0536,4,685,243.5,0,0.9988
312,4,9,fp16,T,T,53,-375,0.00836,0.00833,0.9966,4,775,1.3,0,1.0050
143,4,5527,fp16,N,N,120,-606603264,0.04900,0.08347,1.7035,4,97,33.2,0,1.0085
1,2,1489,bf16,N,N,19,-9,0.01349,0.05334,3.9552,4,129,0.7,0,1.0010
3,155,6,bf16,T,N,17,-606605476,0.00791,0.00785,0.9917,4,1009,0.5,0,1.0063
2,1318,5,fp16,N,T,62,-606627724,0.00819,0.00802,0.9792,4,869,2.9,0,1.0129
21,2087,110,fp16,T,T,53,-606629622,0.00856,0.01655,1.9328,4,375,74.6,0,1.0037
153,89,11,fp16,T,T,53,-606629622,0.00851,0.00823,0.9665,4,661,7.0,0,1.0014
107,705,550,fp32,N,T,612,-606618087,0.01119,0.01087,0.9716,4,636,186.6,0,1.0026
126,25,216,fp32,N,N,556,-606605146,0.00827,0.00853,1.0319,4,505,17.3,0,1.0014
7,48,6,bf16,N,N,388,-606605181,0.00838,0.00805,0.9610,4,1009,0.2,0,1.0051
1326,4762,33,bf16,N,N,166,-606629829,0.04136,0.04094,0.9898,4,220,620.4,0,1.0022
362,12857,539,bf16,N,N,166,-606605209,0.08990,0.23939,2.6628,4,41,365.6,0,1.0061
75,1448,5258,fp16,N,T,243,-606627756,0.03947,0.07508,1.9023,4,125,416.8,0,1.0040
2243,15,12386,fp32,N,T,612,-606618433,0.12349,0.19890,1.6106,4,51,907.0,0,0.9992
1,438,8978,fp16,N,N,102,-606624108,0.02497,0.02483,0.9946,4,281,315.8,0,0.9973
498,21501,103,fp32,N,T,612,-606602185,0.11049,0.13213,1.1958,4,74,469.7,0,0.9966
21,5,2,fp16,N,T,62,-606627724,0.00784,0.00796,1.0159,4,1008,0.1,0,1.0072
206,104,2,bf16,N,N,388,-606629874,0.00830,0.00825,0.9934,4,1048,10.5,0,1.0178
42,18450,36,fp16,N,T,62,-606604846,0.01250,0.02065,1.6521,4,413,354.4,0,1.0068
4,19,8561,fp32,N,N,558,-606627927,0.01887,0.01863,0.9872,4,332,41.8,0,1.0011
4975,809,1963,fp32,T,T,82,-606620815,0.49500,0.59667,1.2054,4,17,124.3,0,1.0070
61,116,18668,bf16,N,T,64,-606603222,0.03363,0.31428,9.3454,4,34,197.3,0,0.9946
3,19407,259,fp32,T,N,253,-606603819,0.01796,0.02503,1.3941,4,356,1132.8,0,0.9977
41,288,3,fp32,N,T,614,-606602087,0.00737,0.00772,1.0478,4,1054,6.9,0,1.0008
684,741,6,bf16,T,N,231,-606630818,0.00786,0.00969,1.2319,4,665,260.0,0,1.0019
61,11156,11,fp16,N,T,62,-606604843,0.00826,0.01344,1.6281,4,554,359.6,0,1.0044
2,26,28294,fp16,T,T,60,-606629570,0.90971,3.34198,3.6737,4,5,1.7,0,0.9854
590,620,4216,fp32,T,N,525,-606604051,0.10843,0.10663,0.9833,4,88,201.7,0,1.0418
5,479,296,bf16,N,N,166,-606629876,0.00749,0.00762,1.0179,4,611,39.5,0,0.9759
2706,2198,3455,bf16,T,T,39,-606619911,0.44201,0.49219,1.1135,4,21,130.5,0,1.0054
922,4555,714,fp16,N,N,94,-606603423,0.08505,0.16682,1.9615,4,59,289.5,0,1.0002
411,118,3,bf16,T,T,39,-606619899,0.00757,0.00777,1.0261,4,898,26.0,0,1.0006
128,3,3,fp32,T,T,82,-606620755,0.00752,0.00781,1.0391,4,933,0.4,0,1.0012
12,67,19495,fp32,N,N,558,-606605034,0.03924,0.34886,8.8895,4,30,157.1,0,1.0025
2,26302,24773,fp16,N,T,70,-606604760,1.27889,1.43172,1.1195,4,7,1019.2,0,1.0027
262,106,1,bf16,N,T,57,-606623200,0.00738,0.00762,1.0330,4,1060,15.2,0,1.0066
2096,50,22,bf16,T,N,231,-606630714,0.00738,0.00786,1.0648,4,952,69.6,0,0.9789
3,54,54,fp32,N,T,612,-606618306,0.00736,0.00769,1.0449,4,881,1.8,0,1.0010
397,30,831,bf16,N,N,174,-606629876,0.01117,0.02592,2.3207,4,220,67.8,0,1.0048
15,315,4,fp32,N,N,556,-606627766,0.00751,0.00784,1.0443,4,1025,3.2,0,0.9962
496,4035,3588,bf16,T,T,39,-606619908,0.20689,0.21619,1.0449,4,45,195.8,0,1.0061
5869,4060,108,bf16,N,N,273,-606629911,0.15842,0.22450,1.4171,4,45,615.2,0,1.0070
3,51,14660,fp32,T,N,253,-606624704,0.21817,0.30548,1.4002,4,34,14.5,0,0.9718
35,13,1,bf16,N,N,166,-606629829,0.00862,0.00783,0.9089,4,906,0.2,0,1.0209
4,9753,14,fp16,T,T,36,-378,0.00937,0.01073,1.1454,4,623,45.8,0,1.0030
2,8,52,fp32,N,N,556,-606628037,0.00884,0.00817,0.9238,4,947,0.2,0,1.0179
65,1356,382,fp32,N,N,556,-606628037,0.01061,0.02330,2.1962,4,339,237.9,0,1.0010
320,51,5,bf16,T,T,39,-356,0.00890,0.00809,0.9092,4,798,7.7,0,1.0039
2,95,27,bf16,N,T,57,-606623218,0.00859,0.00797,0.9279,4,972,0.7,0,1.0116
2987,7909,687,fp16,T,N,245,-606622969,0.38498,0.43195,1.1220,4,24,284.3,0,1.0725
5,3,3012,fp16,T,T,36,-374,0.13543,0.35860,2.6478,4,28,0.4,0,0.9956
195,19,1,fp16,N,T,62,-606604842,0.00877,0.00813,0.9268,4,1031,1.7,0,1.0227
1,27192,86,fp32,N,T,615,-9,0.01378,0.02238,1.6238,4,379,686.6,0,1.0018
6,92,12,fp16,T,T,71,-606629565,0.00881,0.00831,0.9433,4,849,0.5,0,1.0085
32,884,451,bf16,T,T,39,-606619899,0.01153,0.01083,0.9394,4,498,81.5,0,1.0052
11,2123,5792,fp16,T,N,258,-606622882,0.04582,0.09499,2.0731,4,106,541.5,0,1.0059
19983,23,4013,fp32,T,N,519,-606603998,0.28171,0.40260,1.4292,4,26,1146.5,0,1.0022
3,16275,1515,fp16,T,T,36,-374,0.19253,0.43743,2.2720,4,23,257.2,0,1.0018
8,112,583,fp32,T,N,539,-606624804,0.00888,0.00989,1.1138,4,458,31.9,0,0.9977
324,3,469,fp16,N,N,39,-606603313,0.01166,0.05883,5.0453,4,145,26.6,0,1.0038
1686,66,734,fp32,N,T,612,-606601936,0.01656,0.03249,1.9623,4,273,337.6,0,1.0097
34,1,49,fp32,N,N,203,-606627951,0.00460,0.00458,0.9943,4,1660,1.5,0,1.0052
9626,18,118,fp16,T,T,88,-606629613,0.00982,0.02171,2.2104,4,382,302.3,0,1.0261
31522,3951,19,fp32,T,T,82,-606620831,0.69601,1.43119,2.0563,4,8,719.6,0,1.0049
10732,3,1,fp16,N,N,39,-606624069,0.00796,0.00911,1.1449,4,700,18.9,0,0.9954
1377,13080,441,fp16,N,T,227,-606627749,0.23410,0.33844,1.4457,4,29,362.2,0,1.0026
1246,5633,5,fp32,N,N,556,-606627845,0.02999,0.03264,1.0882,4,261,940.6,0,1.0384
18860,22,1253,bf16,N,T,62,-606623205,0.06702,0.07554,1.1271,4,124,730.8,0,0.9557
110,281,6,fp16,T,T,53,-376,0.00836,0.00817,0.9770,4,775,15.3,0,0.9830
998,1,6663,fp16,N,T,71,-9,0.02796,0.04618,1.6515,4,206,476.2,0,0.9996
1,1,19,fp16,T,T,23,-606629592,0.00467,0.00461,0.9874,4,1513,0.0,0,1.0108
111,1,5866,bf16,T,N,10,-152,0.09455,0.09445,0.9990,4,79,13.9,0,1.0039
4,4,1959,bf16,N,N,87,-606605172,0.01406,0.02656,1.8882,4,194,2.2,0,0.9984
7,14,18187,fp16,N,N,101,-606603283,0.02569,0.08474,3.2992,4,89,29.8,0,1.0019
1,53,5,fp32,T,T,13,-606620759,0.00472,0.00462,0.9786,4,1369,0.3,0,0.9971
3,79,1308,fp32,T,T,15,-606620762,0.04598,0.05194,1.1296,4,131,9.4,0,0.9999
12,2,1763,fp16,T,N,56,-545,0.02281,0.20059,8.7924,4,43,2.2,0,0.9963
7,1,638,fp32,T,N,130,-9,0.00699,0.01044,1.4930,4,336,2.9,0,0.9985
5343,151,134,bf16,N,T,57,-606623173,0.01551,0.02478,1.5979,4,334,303.1,0,0.9966
2,13902,15,bf16,T,T,4,-355,0.00846,0.00820,0.9694,4,873,62.5,0,1.0038
1,10227,2613,bf16,T,N,10,-9,0.06726,0.14756,2.1940,4,62,795.3,0,1.0128
693,7147,271,fp32,T,T,82,-606620821,0.10733,0.10696,0.9966,4,90,263.8,0,1.0165
7,542,5435,fp16,N,T,70,-606627643,0.02031,0.03712,1.8279,4,227,294.6,0,1.0022
3136,21,13748,fp32,T,T,82,-606620796,0.30787,0.30789,1.0000,4,33,564.8,0,1.0027
58,9447,7470,fp32,T,N,519,-606624905,0.33582,0.36024,1.0727,4,27,852.2,0,1.0250
9,247,2,fp16,T,N,245,-606602969,0.00811,0.00807,0.9940,4,987,1.2,0,0.9909
7469,20,8493,fp16,T,N,395,-606622822,0.18732,0.32162,1.7170,4,33,682.3,0,1.0113
447,24595,535,bf16,N,T,57,-606623199,0.20798,0.22170,1.0660,4,44,340.3,0,1.0357
5806,74,2753,fp32,T,T,82,-606620762,0.13772,0.19145,1.3902,4,50,482.7,0,1.0078
4,26242,6784,fp32,T,N,519,-606604014,0.63059,0.72852,1.1553,4,15,1130.1,0,1.1036
8,4,257,bf16,T,T,39,-606619917,0.00873,0.00784,0.8973,4,601,0.7,0,0.8965
2,2,24758,fp32,N,T,612,-606618433,0.14298,0.50117,3.5051,4,20,2.8,0,0.9895
80,20,7,bf16,N,N,273,-606605224,0.00819,0.00798,0.9740,4,1042,1.0,0,0.9921
17,78,17,fp16,N,T,62,-606604834,0.00829,0.00809,0.9756,4,1003,1.0,0,1.0468
3794,5,32061,fp16,N,T,70,-606627650,0.24062,0.44252,1.8391,4,23,1012.7,0,1.0080
2,1184,6563,bf16,T,T,4,-354,0.42593,0.70788,1.6620,4,15,36.6,0,1.0062
61,7,33,fp16,N,N,51,-606624140,0.00750,0.00805,1.0735,4,554,0.8,0,1.0025
1063,14,6639,fp16,T,N,258,-606622882,0.02559,0.02556,0.9991,4,328,561.3,0,1.0063
8610,9,35,bf16,N,T,57,-606603220,0.00749,0.00870,1.1609,4,705,121.9,0,1.0027
24,933,27494,fp32,N,N,558,-606605034,0.16113,0.40826,2.5338,4,25,653.7,0,1.0053
5,2158,206,fp16,T,N,63,-606622845,0.00745,0.02769,3.7191,4,307,125.5,0,1.0069
2932,40,791,fp16,T,N,543,-606602878,0.01676,0.02751,1.6409,4,317,308.5,0,1.0000
3,2471,6,fp32,T,N,253,-606624792,0.00741,0.00766,1.0337,4,1019,12.0,0,0.9989
4,2,1272,fp16,N,N,48,-606624224,0.01865,0.15264,8.1831,4,61,0.8,0,1.0010
672,4036,2,fp16,N,T,62,-520,0.01602,0.03227,2.0145,4,272,678.4,0,1.0016
19949,115,7,fp16,N,N,90,-606603245,0.01276,0.03167,2.4816,4,264,741.0,0,1.0028
11956,4513,5914,fp16,N,T,62,-606604822,7.96500,8.17035,1.0258,4,5,51.6,0,1.1091
523,14732,1006,fp32,T,T,82,-606620797,0.56467,0.71918,1.2736,4,14,163.3,0,0.9652
3223,28579,4,bf16,N,N,166,-606629918,0.43098,0.49422,1.1467,4,21,855.5,0,0.9622
90,4,43,fp32,N,T,614,-606601891,0.00898,0.00785,0.8739,4,947,2.0,0,1.0089
12,12372,17297,fp16,N,T,70,-606627662,0.43690,0.47184,1.0800,4,22,981.9,0,1.0143
30,2873,24870,fp32,T,N,519,-606603778,0.37051,0.39575,1.0681,4,25,780.4,0,1.0859
12,394,309,bf16,N,N,166,-606605223,0.00831,0.00809,0.9737,4,603,32.5,0,0.9318
1813,30,9995,bf16,T,T,39,-606619899,0.17429,0.25806,1.4806,4,38,212.6,0,0.9883
450,8,4,fp32,N,N,556,-606604993,0.00792,0.00795,1.0037,4,1014,2.7,0,0.9984
13167,4,15,bf16,T,T,39,-606619899,0.00816,0.01194,1.4640,4,569,74.3,0,1.0051
41,1,15,fp32,N,T,613,-9,0.00499,0.00801,1.6053,4,1003,0.5,0,1.0066
4128,13967,1096,fp32,T,T,82,-606620774,3.75591,3.70231,0.9857,4,5,82.5,0,1.0635
9,3,18158,bf16,N,N,18,-606629879,0.22607,0.22598,0.9996,4,36,1.9,0,0.9507
1016,12,11751,bf16,T,T,39,-606619899,0.18972,0.26072,1.3743,4,38,127.6,0,1.0099
46,43,18,fp16,N,T,62,-606627664,0.00864,0.00793,0.9169,4,943,1.3,0,1.0096
3946,7,205,fp16,N,N,55,-606603313,0.01022,0.02910,2.8466,4,296,169.4,0,1.0065
14,1074,18628,fp16,N,T,70,-606604754,0.08492,0.08489,0.9997,4,111,478.1,0,0.9998
13211,1880,370,fp32,N,N,556,-606605052,0.57218,0.56104,0.9805,4,18,212.7,0,1.1720
725,3428,594,bf16,T,T,39,-606619919,0.05425,0.05721,1.0546,4,144,274.2,0,0.8752
3332,432,5,fp16,T,N,513,-606602996,0.00897,0.00887,0.9892,4,798,645.9,0,1.0056
59,65,453,bf16,N,N,166,-606629876,0.01032,0.00970,0.9395,4,524,12.4,0,0.9829
1012,15593,952,fp16,N,T,62,-606604851,0.38028,1.36154,3.5804,4,8,249.1,0,1.0495
31,48,9243,bf16,N,N,425,-606629823,0.01895,0.15766,8.3185,4,58,77.4,0,0.9956
1635,11,28189,bf16,T,T,39,-606619899,0.46635,0.66429,1.4244,4,15,199.1,0,0.9952
720,1,11,fp32,T,T,83,-9,0.00513,0.00793,1.5457,4,933,6.7,0,1.0018
213,10,133,fp16,N,N,92,-606603411,0.00812,0.00799,0.9832,4,692,8.4,0,1.0025
18368,41,69,fp16,T,T,53,-606629622,0.01151,0.02160,1.8771,4,377,482.5,0,1.0105
15022,177,42,fp32,N,N,556,-606605032,0.02188,0.02371,1.0838,4,351,602.9,0,1.0139
9,7,29155,fp32,T,T,82,-606620827,0.59574,0.59833,1.0044,4,17,3.1,0,0.9910
664,9075,1,bf16,N,T,57,-609,0.03261,0.05785,1.7741,4,157,739.8,0,1.0050
84,504,637,bf16,T,T,39,-606619899,0.01389,0.01383,0.9956,4,444,66.1,0,0.9986
4592,1,830,bf16,N,T,63,-606623166,0.01631,0.01685,1.0336,4,459,468.7,0,0.9988
8754,23931,6,bf16,T,N,231,-606630723,1.00483,1.09216,1.0869,4,10,834.3,0,0.9991
126,1,1011,bf16,N,N,4,-9,0.00914,0.05232,5.7249,4,143,28.2,0,1.0020
2982,49,16061,bf16,N,T,64,-606603150,0.22180,0.25412,1.1457,4,39,441.6,0,1.0136
42,154,8605,fp16,N,T,70,-606604754,0.02475,0.02135,0.8623,4,326,137.3,0,1.0086
9262,71,103,fp16,T,T,53,-606629612,0.01282,0.02779,2.1669,4,308,355.0,0,1.0091
417,112,53,fp16,T,N,513,-606622870,0.01010,0.00881,0.8724,4,902,24.1,0,1.0085
394,1590,19981,fp16,T,N,255,-606603005,0.37777,0.36434,0.9644,4,27,216.5,0,1.0108
5019,42,13976,bf16,T,N,247,-606605499,0.18499,1.01757,5.5008,4,9,769.3,0,0.9382
4,6,5,fp32,T,T,82,-606620754,0.01029,0.00798,0.7760,4,938,0.0,0,0.9911
3,13541,30722,bf16,N,N,176,-606605179,1.01137,1.34258,1.3275,4,8,823.0,0,1.0083
78,1,35,fp32,N,N,203,-606605045,0.00669,0.00562,0.8402,4,1563,1.7,0,1.0067
2425,444,3,bf16,N,T,57,-613,0.01105,0.01009,0.9132,4,654,391.2,0,1.0179
1533,626,104,fp32,T,T,82,-606620797,0.01659,0.01979,1.1928,4,390,285.5,0,1.0063
5563,849,1756,fp32,T,T,82,-606620781,0.55748,0.66533,1.1934,4,16,114.7,0,1.1471
611,1,12,bf16,N,N,2,-9,0.00669,0.00851,1.2736,4,788,2.6,0,0.9111
46,4875,25,bf16,N,N,166,-606629913,0.00975,0.00853,0.8746,4,826,117.2,0,1.0244
361,2,2,fp32,T,N,212,-606603886,0.00991,0.00836,0.8438,4,1003,0.6,0,1.1010
12654,6,4,bf16,T,N,35,-606630723,0.00991,0.00848,0.8560,4,881,40.9,0,1.0207
662,58,1306,fp16,N,T,68,-606627653,0.01665,0.01631,0.9795,4,470,122.2,0,1.0086
3,6988,3,fp16,T,N,100,-606622867,0.01022,0.00874,0.8558,4,877,12.3,0,1.0097
3,102,23,fp16,T,T,36,-606629580,0.00939,0.00905,0.9635,4,560,0.6,0,1.0141
42,75,2786,bf16,N,T,62,-606623182,0.01741,0.01708,0.9806,4,324,38.2,0,1.0148
16,5462,54,bf16,N,T,57,-606603238,0.00843,0.00775,0.9195,4,911,111.7,0,1.0057
11,5669,470,fp16,N,T,62,-606627721,0.01351,0.01303,0.9650,4,567,413.8,0,1.0056
24,58,1,bf16,N,T,57,-606603156,0.00896,0.00899,1.0031,4,998,0.6,0,1.0017
397,23839,32182,bf16,T,N,231,-606630873,6.27791,8.51042,1.3556,4,5,254.5,0,1.0266
209,811,3431,fp32,T,N,519,-606624772,0.06278,0.06321,1.0069,4,148,233.8,0,1.0113
2,4,255,fp32,T,N,253,-606603783,0.01065,0.00838,0.7871,4,742,0.6,0,1.0061
4400,4,66,fp32,T,N,539,-606603897,0.01071,0.00891,0.8314,4,924,115.1,0,1.0305
55,490,1955,bf16,N,T,62,-606623139,0.02048,0.02030,0.9910,4,384,109.3,0,1.0086
1071,324,2,fp32,T,N,525,-606603857,0.01023,0.00852,0.8323,4,853,136.7,0,1.0213
1791,2,16324,fp16,T,N,59,-606603020,0.52226,2.06352,3.9511,4,5,112.1,0,1.0178
13,268,6468,bf16,N,T,64,-606603222,0.01901,0.09760,5.1346,4,107,192.0,0,0.9947
1485,53,3,bf16,T,T,39,-357,0.01073,0.00851,0.7932,4,841,30.2,0,1.0024
15927,4648,5940,fp16,N,T,227,-606604826,7.95648,11.33499,1.4246,4,5,67.9,0,1.0069
710,43,355,bf16,N,T,57,-606623185,0.01051,0.01084,1.0311,4,567,62.5,0,1.0004
1,356,3,fp32,T,T,13,-606620760,0.00718,0.00608,0.8467,4,1443,0.8,0,1.0132
5387,872,13418,fp16,T,N,513,-606622952,1.10716,1.63680,1.4784,4,7,168.7,0,1.0934
193,2,18482,fp16,T,T,88,-606629612,0.31413,2.19651,6.9925,4,5,23.0,0,0.9442
715,8,1416,bf16,T,N,476,-606630765,0.01623,0.01869,1.1515,4,445,127.6,0,1.0120
145,87,3,fp16,N,T,62,-606604842,0.00987,0.00850,0.8609,4,987,5.3,0,1.0008
9,114,1,fp16,N,T,62,-606627725,0.00972,0.00863,0.8879,4,1003,0.4,0,1.0033
1,5203,78,bf16,T,T,4,-356,0.01395,0.01392,0.9978,4,550,59.7,0,1.0065
51,2652,2,fp16,N,N,217,-606624089,0.01101,0.00861,0.7823,4,902,50.1,0,1.0024
900,25741,10377,fp16,T,N,245,-606622964,4.25881,4.17301,0.9799,4,5,151.6,0,1.0974
12015,9738,84,fp32,N,T,612,-606602102,0.88333,1.02496,1.1603,4,10,538.1,0,0.9492
1206,11,14563,fp32,N,N,556,-606605146,0.10966,0.40953,3.7346,4,23,647.0,0,1.0125
16,4,69,fp16,N,N,121,-606603396,0.01018,0.00804,0.7899,4,967,0.3,0,1.0070
3243,13,4,fp32,T,N,519,-606624723,0.01023,0.00853,0.8337,4,993,21.6,0,1.0042
14,4,2,fp32,T,T,82,-606620754,0.01090,0.00866,0.7939,4,865,0.0,0,1.0116
8,253,260,fp16,T,N,245,-606622943,0.01099,0.03835,3.4902,4,212,13.1,0,1.0113
318,555,341,fp16,N,N,94,-606624243,0.01304,0.01949,1.4948,4,381,99.8,0,1.0076
169,16591,93,fp16,T,T,53,-606629620,0.03766,0.06289,1.6700,4,148,380.6,0,1.0048
38,4419,5109,bf16,N,T,64,-606603225,0.08131,0.16020,1.9701,4,62,568.3,0,1.0046
10,25334,87,bf16,T,N,231,-606605476,0.01340,0.01279,0.9545,4,588,404.8,0,1.0140
8020,19061,242,fp16,T,N,245,-606603073,1.32473,2.07769,1.5684,4,5,471.5,0,1.0020
80,59,2,fp32,T,T,82,-606620815,0.00756,0.00797,1.0537,4,809,2.6,0,1.0054
8028,37,39,fp32,T,N,519,-606604000,0.00732,0.00750,1.0252,4,853,334.4,0,1.0033
2,78,30,fp16,T,N,49,-606622900,0.00748,0.00814,1.0876,4,539,0.7,0,1.0064
4,1580,15,bf16,N,T,57,-606603220,0.00735,0.00767,1.0438,4,943,9.9,0,1.0006
235,4,10,fp32,N,N,556,-606628038,0.00751,0.00776,1.0343,4,993,1.8,0,0.9990
2624,1157,178,fp32,N,N,556,-606604877,0.04606,0.05234,1.1362,4,172,322.1,0,1.0013
43,5,20,fp16,N,T,62,-606627646,0.00745,0.00791,1.0612,4,982,0.4,0,1.0041
370,13,209,fp32,T,N,519,-606624665,0.00748,0.00776,1.0371,4,857,45.4,0,1.0003
20,42,26,fp32,T,N,519,-606603825,0.00745,0.00790,1.0600,4,826,1.3,0,1.0040
2074,10,6,fp16,N,T,62,-606627724,0.00743,0.00787,1.0593,4,982,14.5,0,1.0040
1,119,212,fp32,N,N,557,-606627932,0.00750,0.00760,1.0135,4,802,13.6,0,1.0017
23,3,39,bf16,N,T,57,-606623200,0.00747,0.00768,1.0276,4,775,0.3,0,1.0030
1312,1467,178,fp16,T,N,245,-606622936,0.02434,0.03097,1.2721,4,279,356.9,0,1.0003
60,20,370,bf16,N,T,57,-606623166,0.00749,0.00977,1.3050,4,552,8.5,0,1.0037
2617,2516,19631,fp16,T,N,382,-606622952,2.47291,3.05373,1.2349,4,5,92.1,0,1.0233
4461,59,1,fp32,N,T,612,-606618194,0.00771,0.00754,0.9781,4,929,138.9,0,0.9978
212,938,384,fp32,N,T,612,-606618313,0.01172,0.01326,1.1318,4,549,218.6,0,0.9995
1,79,8445,fp32,T,T,13,-9,0.01568,0.01566,0.9992,4,533,172.4,0,1.0019
6386,2765,59,fp32,N,T,612,-606618190,0.10981,0.15438,1.4058,4,64,662.8,0,1.0027
8,1792,259,fp16,N,T,227,-606627724,0.00771,0.00807,1.0473,4,788,128.4,0,1.0065
7742,74,242,fp32,N,T,612,-606601960,0.02343,0.02966,1.2663,4,298,420.8,0,1.0022
2,138,9770,fp16,N,N,107,-606603283,0.02475,0.02469,0.9973,4,311,110.6,0,1.0098
391,129,7096,fp32,N,N,556,-606605050,0.09428,0.20793,2.2055,4,49,158.7,0,1.0032
13,25,188,fp16,N,T,62,-606627668,0.00812,0.00845,1.0411,4,601,1.9,0,1.0130
1,781,23,fp16,N,N,91,-9,0.00514,0.00788,1.5337,4,915,7.6,0,1.0117
15,7,2245,bf16,N,T,62,-606623139,0.01464,0.01460,0.9976,4,322,6.8,0,1.0068
180,6461,8637,bf16,N,N,176,-606605264,0.34164,0.44932,1.3152,4,22,349.4,0,1.0064
142,163,68,fp32,T,T,82,-606620797,0.00813,0.00798,0.9816,4,745,21.6,0,0.9991
3,36,17,bf16,N,N,273,-606605254,0.00773,0.00793,1.0253,4,1036,0.2,0,0.9949
14989,59,1,bf16,N,T,57,-613,0.00866,0.01935,2.2354,4,414,412.2,0,1.0038
3,5,2,fp32,N,N,556,-606627865,0.00751,0.00791,1.0527,4,1137,0.0,0,1.0020
7100,450,165,fp32,T,N,519,-606604052,0.04776,0.06137,1.2850,4,151,371.9,0,1.0301
2,7,743,fp16,N,N,55,-606603392,0.01429,0.03176,2.2221,4,173,0.9,0,0.9829
2,291,68,bf16,T,N,17,-606630714,0.00759,0.00777,1.0239,4,772,5.6,0,1.0022
3,41,3558,bf16,T,T,4,-354,0.17520,0.33065,1.8872,4,27,1.8,0,1.0072
4061,29,2110,fp32,N,N,556,-606627918,0.04627,0.06955,1.5033,4,135,756.2,0,1.0023
229,7268,10942,fp16,N,N,224,-606624147,0.49707,0.52025,1.0466,4,20,343.5,0,1.0081
16314,40,370,fp32,T,N,525,-606608179,0.03397,0.03683,1.0844,4,244,789.5,0,1.0839
1,1,27,bf16,N,T,58,-9,0.00445,0.00772,1.7333,4,1003,0.0,0,0.9316
622,9,4246,fp32,N,N,556,-606628038,0.03112,0.06461,2.0759,4,136,345.0,0,1.0043
21,17,16,fp16,T,N,245,-606622900,0.00740,0.00778,1.0517,4,1003,0.4,0,0.9890
2,202,3516,fp16,N,N,107,-606603283,0.01293,0.01316,1.0178,4,462,111.1,0,0.9984
935,5,2307,fp16,N,N,56,-606603392,0.04876,0.08410,1.7249,4,110,89.3,0,0.9992
32757,3740,233,fp32,N,T,614,-606618380,1.80388,2.25974,1.2527,4,5,290.5,0,1.0708
1,3,2832,fp16,N,N,41,-9,0.02312,0.33705,14.5792,4,29,1.0,0,0.9568
73,1188,475,bf16,T,T,39,-606619899,0.01273,0.01266,0.9945,4,527,121.4,0,1.0015
27044,5130,388,fp16,N,N,98,-606603422,1.48934,1.57415,1.0569,4,7,389.4,0,1.0040
1661,3838,51,fp16,N,T,62,-606627728,0.05455,0.06936,1.2716,4,133,477.7,0,0.9993
11,2,2,fp16,N,N,37,-606624069,0.00738,0.00765,1.0375,4,1031,0.0,0,1.0025
22,3,2,bf16,N,T,57,-606623200,0.00742,0.00783,1.0553,4,1025,0.0,0,1.0031
13,1411,1362,fp16,N,N,97,-606603275,0.01890,0.03388,1.7929,4,246,209.1,0,1.0071
2284,8,62,fp32,N,N,562,-606605095,0.00753,0.00785,1.0426,4,915,85.2,0,1.0009
6,29367,282,fp16,N,N,94,-606624140,0.02449,0.05791,2.3643,4,156,705.1,0,1.0052
13,362,1207,fp16,N,T,68,-606627721,0.01288,0.01328,1.0306,4,430,71.7,0,0.9934
233,21030,1,fp16,N,N,92,-606603249,0.02369,0.02803,1.1831,4,306,829.0,0,1.0016
459,7048,542,bf16,T,T,39,-606619929,0.06582,0.07402,1.1245,4,125,320.2,0,1.0043
3,6,18,bf16,T,N,17,-606605476,0.00742,0.00765,1.0306,4,1019,0.1,0,0.9962
108,633,233,bf16,N,T,57,-606623166,0.00743,0.01186,1.5953,4,559,83.2,0,0.9947
18470,2,2864,fp32,T,N,212,-606603838,0.16947,0.31396,1.8527,4,34,1249.6,0,1.0943
52,252,2,bf16,N,T,57,-606603220,0.00729,0.00758,1.0399,4,1014,7.4,0,0.9293
26,13433,3,fp32,N,T,612,-606618239,0.00756,0.00847,1.1200,4,730,206.2,0,0.9997
7577,5024,8110,fp16,T,T,88,-606629618,8.14460,34.05720,4.1816,4,5,43.8,0,1.1062
39,4,12794,bf16,N,N,87,-606629822,0.08020,0.13928,1.7365,4,54,13.7,0,0.9479
4079,758,2237,fp32,N,T,612,-606618440,0.42182,0.48019,1.1384,4,21,131.9,0,1.0513
15,3424,3,fp32,T,T,82,-606620754,0.00756,0.00781,1.0331,4,933,32.6,0,0.9739
1,35,2,bf16,T,T,4,-356,0.00440,0.00439,0.9966,4,1821,0.1,0,1.0082
1878,2382,1,fp16,T,N,245,-606603047,0.02022,0.02336,1.1551,4,364,885.2,0,1.0066
7537,2,3,bf16,N,N,12,-606605218,0.00750,0.00763,1.0181,4,826,14.1,0,1.0024
56,314,36,bf16,T,T,39,-606619917,0.00761,0.00782,1.0273,4,747,12.7,0,1.0027
393,16,30,fp32,T,N,525,-606624792,0.00748,0.00781,1.0447,4,987,9.9,0,0.9998
29120,34,5288,bf16,T,N,244,-606605511,0.36593,0.41774,1.1416,4,26,853.4,0,1.0625
47,6037,24235,fp32,T,N,519,-606603990,0.59388,0.84173,1.4173,4,13,995.0,0,1.0188
18,73,50,fp32,N,T,612,-606618309,0.00742,0.00783,1.0557,4,865,3.2,0,0.9598
564,1316,10811,fp16,N,T,68,-606627711,0.28492,0.27917,0.9798,4,36,153.1,0,1.0153
227,1,5276,fp32,T,T,83,-9,0.09242,0.29349,3.1757,4,38,52.1,0,0.9699
262,702,8,bf16,N,N,166,-606629913,0.00745,0.00759,1.0190,4,795,100.8,0,1.0019
2111,1325,3,bf16,T,T,39,-356,0.01783,0.03081,1.7278,4,263,628.6,0,1.0100
2052,10,392,fp16,N,N,98,-606603368,0.00931,0.01669,1.7925,4,401,182.5,0,0.9837
10,215,32418,fp16,T,T,53,-606629622,0.53148,3.84493,7.2344,4,5,27.5,0,1.0000
2317,749,20,fp32,N,T,612,-606618311,0.01107,0.01534,1.3861,4,493,649.3,0,1.0041
2543,3,352,fp16,N,N,35,-606603313,0.01103,0.04661,4.2252,4,193,165.3,0,0.9893
1,3,2447,fp16,T,T,23,-606629594,0.00442,0.00437,0.9890,4,915,4.4,0,0.9890
2,7999,29126,fp16,T,T,36,-374,2.37671,5.51178,2.3191,4,5,196.1,0,1.0045
1436,233,2981,bf16,N,T,62,-606623129,0.05594,0.05574,0.9964,4,168,201.8,0,1.0035
8,323,27,fp16,N,N,94,-606624200,0.00743,0.01020,1.3728,4,412,3.8,0,0.9964
5699,116,12,bf16,N,T,57,-606603238,0.00919,0.00899,0.9789,4,713,303.0,0,1.0094
268,42,30053,fp16,N,T,70,-606604754,0.07965,0.49185,6.1750,4,21,234.5,0,0.9832
1104,945,8209,bf16,N,N,176,-606605259,0.31181,0.58488,1.8758,4,17,121.3,0,1.0012
407,20951,2,bf16,N,T,57,-613,0.04725,0.07082,1.4989,4,133,723.7,0,1.0314
7253,20,126,fp32,T,T,82,-606620796,0.01302,0.01376,1.0575,4,564,326.2,0,0.9643
2,293,6526,fp16,T,T,36,-374,0.39735,0.77794,1.9578,4,13,9.7,0,0.9863
8,11,3,fp16,N,N,94,-606624126,0.00758,0.00790,1.0423,4,957,0.1,0,1.0038
12981,1,19274,fp16,T,T,54,-606629611,0.51221,0.51334,1.0022,4,20,977.1,0,1.0053
4,3,4731,fp32,N,T,612,-606602200,0.03010,0.06616,2.1983,4,100,4.4,0,1.0015
57,13,37,bf16,N,N,166,-606605179,0.00739,0.00774,1.0479,4,812,1.1,0,1.0033
14,58,3,bf16,N,T,57,-606603220,0.00747,0.00782,1.0466,4,998,0.5,0,1.0036
21292,27,996,bf16,N,T,62,-606603225,0.06347,0.08849,1.3941,4,109,705.3,0,1.0024
19,5,5730,fp32,N,N,556,-606605146,0.01984,0.11827,5.9624,4,77,27.7,0,1.0014
4,2658,16964,fp32,T,N,519,-606624704,0.23695,0.70352,2.9691,4,15,762.5,0,0.9876
14,178,5,fp16,N,N,98,-606603415,0.00743,0.00971,1.3069,4,487,1.6,0,1.0062
3,1,23399,fp32,N,N,203,-606627942,0.02021,0.02020,0.9993,4,235,18.5,0,0.9973
12,282,2133,bf16,T,N,244,-606630783,0.01317,0.05513,4.1851,4,140,96.2,0,1.0051
19645,121,184,fp32,T,N,519,-606608181,0.04119,0.04232,1.0274,4,215,584.0,0,1.1304
22,12,143,bf16,N,T,57,-606603220,0.00749,0.00783,1.0460,4,708,1.4,0,0.8995
2,9972,4,fp32,T,N,253,-606603857,0.00745,0.00789,1.0587,4,943,32.1,0,0.9868
148,2,1002,fp32,N,T,612,-606618431,0.01012,0.01020,1.0078,4,472,59.5,0,1.0043
7,45,756,fp16,T,T,36,-374,0.03593,0.09881,2.7505,4,78,2.2,0,1.0032
13,12,31,fp32,N,T,614,-606618315,0.00743,0.00783,1.0538,4,1014,0.5,0,1.0047
3800,6498,4,fp32,T,T,82,-606620755,0.12827,0.31502,2.4560,4,32,771.3,0,1.0041
7077,8446,618,bf16,N,T,57,-606623199,0.95830,1.60541,1.6753,4,7,269.5,0,1.0066
3345,165,87,fp16,N,T,62,-606627728,0.00978,0.01031,1.0541,4,647,288.1,0,1.0065
32,25595,2,fp32,T,T,82,-192,0.00903,0.01457,1.6132,4,502,385.5,0,1.0094
2,12,149,fp16,T,T,36,-374,0.00957,0.02034,2.1252,4,313,0.4,0,1.0021
3,530,5,fp32,T,N,253,-606624752,0.00735,0.00789,1.0745,4,1019,2.3,0,1.0044
30,2522,74,fp16,N,N,98,-606603411,0.00722,0.00772,1.0697,4,775,94.3,0,0.9820
3534,24,2062,bf16,T,T,39,-606619899,0.04011,0.07100,1.7700,4,126,374.3,0,0.9828
1,1842,8,fp32,N,T,613,-606618204,0.00419,0.00419,0.9995,4,1550,15.8,0,1.0052
15,13,1457,fp16,N,N,97,-606624200,0.01564,0.17463,11.1663,4,54,5.3,0,1.0016
14163,28431,30,bf16,T,T,39,-355,3.58818,5.55357,1.5477,4,5,449.6,0,1.0062
3,62,376,bf16,N,N,166,-606605223,0.00871,0.00796,0.9140,4,601,5.7,0,1.0023
7,1160,3,fp16,T,N,219,-606622851,0.00838,0.00812,0.9688,4,1019,4.7,0,1.0114
195,8,116,bf16,T,T,39,-606619917,0.00889,0.00805,0.9050,4,656,6.0,0,1.0118
472,4522,3,fp16,N,N,98,-606624066,0.01306,0.01459,1.1168,4,506,655.9,0,1.0126
3,4570,3,fp16,T,T,36,-378,0.00926,0.00833,0.8995,4,929,8.9,0,1.0035
6,501,2,fp16,N,N,94,-606603415,0.00900,0.00831,0.9230,4,885,1.6,0,1.0066
3,4,28031,fp32,N,N,556,-606605146,0.09546,0.32371,3.3910,4,25,8.2,0,1.0020
252,2131,65,bf16,T,N,231,-606630709,0.00911,0.01250,1.3723,4,562,269.9,0,1.0160
545,14,7,bf16,N,N,166,-606605260,0.00810,0.00791,0.9764,4,885,4.7,0,1.0047
3,24,85,bf16,T,N,84,-606605429,0.00790,0.00800,1.0127,4,785,0.6,0,1.0045
1200,3636,802,fp16,T,T,88,-606629607,0.09675,0.42432,4.3857,4,24,260.6,0,1.0185
40,18562,53,fp16,T,T,53,-606629612,0.01170,0.01961,1.6759,4,406,422.4,0,1.0140
2236,2,1516,bf16,N,T,62,-606623151,0.01834,0.01824,0.9947,4,435,371.0,0,1.0027
320,84,23326,fp16,T,N,396,-606622882,0.16776,0.16728,0.9972,4,58,113.0,0,0.9909
16494,1275,7978,bf16,T,T,39,-606619907,3.39732,3.50795,1.0326,4,5,108.2,0,1.0000
1518,191,9569,fp16,N,N,103,-606603283,0.17573,0.47771,2.7185,4,20,192.7,0,1.0092
6,1452,74,fp32,N,N,556,-606604970,0.00872,0.00810,0.9285,4,972,53.5,0,1.0191
182,1541,216,bf16,N,T,57,-606623219,0.01016,0.01142,1.1236,4,621,183.7,0,1.0151
2,1661,2911,fp16,T,N,55,-548,0.03314,0.37302,11.2561,4,27,292.6,0,1.0040
211,4095,31880,fp16,T,T,53,-606629614,1.11361,6.25776,5.6193,4,5,249.6,0,1.0037
166,785,19,fp32,T,N,519,-606603858,0.00725,0.00790,1.0890,4,947,81.8,0,0.9966
11,2901,9372,fp32,N,T,612,-606602197,0.10583,0.15721,1.4855,4,63,1032.7,0,1.0035
22844,3,15793,fp16,T,T,53,-606629614,0.78122,5.10667,6.5368,4,5,924.1,0,1.0129
181,592,4,fp32,T,T,82,-606620789,0.00818,0.00798,0.9755,4,906,53.9,0,0.9962
21,163,37,fp16,N,T,62,-606604834,0.00794,0.00802,1.0095,4,972,3.4,0,1.0039
34,1,545,fp16,N,N,18,-9,0.00508,0.06728,13.2516,4,127,7.5,0,1.0024
23,27,1152,fp16,N,T,68,-606627654,0.00805,0.00803,0.9968,4,739,14.6,0,1.0054
6929,2,1664,bf16,N,T,62,-606603152,0.02111,0.02117,1.0027,4,405,1095.0,0,1.0020
10505,22,30109,fp32,T,N,519,-606624798,1.16668,1.68270,1.4423,4,7,1087.5,0,1.0595
2,18,29,fp32,N,T,612,-606602081,0.00799,0.00788,0.9864,4,993,0.3,0,0.9900
32490,2,116,fp32,N,T,612,-606618194,0.01899,0.02892,1.5226,4,304,807.5,0,1.0026
3,361,6308,bf16,N,T,64,-606603222,0.01704,0.08708,5.1106,4,111,269.8,0,1.0011
129,20417,32,fp32,T,T,82,-606620800,0.02888,0.03874,1.3415,4,213,455.9,0,1.0036
38,2871,278,fp16,N,T,62,-606627736,0.00895,0.00869,0.9706,4,739,229.5,0,1.0021
2308,1065,9,bf16,T,T,39,-355,0.01638,0.02600,1.5870,4,295,604.0,0,1.0010
75,28514,14573,fp32,T,T,82,-606620831,2.97254,3.96736,1.3347,4,5,563.5,0,1.0840
3656,196,69,fp32,N,N,562,-606604897,0.01084,0.01293,1.1927,4,567,362.5,0,1.0035
7985,849,7,fp32,N,N,556,-606627769,0.02958,0.03165,1.0703,4,270,925.2,0,1.0001
10,513,330,fp16,T,T,53,-606629622,0.00914,0.04772,5.2233,4,179,40.0,0,0.9972
67,4268,1090,fp32,T,T,82,-606620815,0.05748,0.07795,1.3563,4,122,348.7,0,1.0094
3834,7220,14,fp32,N,N,556,-606605031,0.11789,0.12785,1.0845,4,76,944.5,0,1.0060
4,2787,38,bf16,N,N,166,-606605260,0.00789,0.00775,0.9831,4,938,32.6,0,1.0083
8948,898,8145,bf16,T,N,231,-606605599,1.24683,2.08786,1.6745,4,5,154.4,0,1.0351
3121,131,8770,fp32,T,T,82,-606620762,0.39720,0.40530,1.0204,4,25,291.3,0,0.9930
4,10667,64,fp32,T,T,82,-606620814,0.00834,0.01438,1.7244,4,538,348.0,0,1.0004
18,35,39,fp32,T,T,82,-606620815,0.00814,0.00791,0.9708,4,920,1.3,0,0.9963
1,1296,246,bf16,N,T,202,-9,0.00561,0.00791,1.4105,4,889,114.7,0,1.0089
2431,2,2555,fp32,T,T,82,-606620815,0.06185,0.13273,2.1461,4,75,402.4,0,1.0023
3036,13,3690,fp32,T,T,82,-606620797,0.08713,0.18649,2.1404,4,53,518.3,0,1.0025
2000,2476,9015,bf16,N,N,273,-606605361,0.90151,1.10691,1.2278,4,9,111.5,0,1.0163
4073,1103,8437,bf16,N,N,166,-606629917,0.83059,0.98664,1.1879,4,11,126.8,0,1.0028
6297,2,781,fp16,T,T,53,-606629612,0.01761,0.10361,5.8827,4,93,561.5,0,0.9993
8648,31,5,bf16,T,T,39,-606619917,0.00771,0.00931,1.2078,4,654,150.3,0,1.0004
3,130,3909,fp16,N,N,101,-606603283,0.01314,0.01336,1.0164,4,469,79.2,0,1.0011
18,4747,150,fp16,N,T,62,-606627724,0.00711,0.00741,1.0422,4,857,249.2,0,1.0013
43,5175,25,fp32,T,T,82,-606620798,0.00747,0.00835,1.1181,4,747,189.0,0,1.0026
19,1,29,fp32,T,N,130,-9,0.00445,0.00790,1.7771,4,1048,0.5,0,1.0035
2939,11902,261,fp16,T,N,245,-606622961,0.31932,0.47085,1.4746,4,21,462.4,0,1.0065
5,16,3,fp32,N,T,614,-606618330,0.00746,0.00782,1.0480,4,1025,0.1,0,0.9968
183,232,25,fp16,N,T,227,-606604842,0.00745,0.00766,1.0286,4,952,25.6,0,1.0033
2,6,19920,fp16,N,T,70,-606604754,0.01332,0.01331,0.9993,4,420,23.9,0,1.0078
127,20815,487,bf16,T,N,231,-606630861,0.04577,0.04759,1.0397,4,180,676.7,0,1.0043
188,1081,808,fp32,T,T,82,-606620814,0.02473,0.04711,1.9050,4,199,198.7,0,1.0032
17,11,5096,fp32,T,T,82,-606620792,0.10772,0.20040,1.8605,4,35,5.3,0,1.0020
18,7,6283,fp32,T,T,82,-606620828,0.13158,0.24469,1.8596,4,31,4.8,0,0.9998
3,367,579,bf16,T,N,17,-606605476,0.01459,0.01885,1.2919,4,285,29.7,0,1.0031
1901,3907,108,fp16,N,T,62,-606604827,0.07446,0.09345,1.2551,4,103,415.9,0,1.0032
2745,1331,13788,fp32,N,T,612,-606602207,2.91436,4.96814,1.7047,4,5,82.1,0,1.0043
1,138,229,bf16,T,T,4,-355,0.00510,0.00475,0.9310,4,1410,12.6,0,1.0131
30394,533,109,bf16,T,T,39,-606619917,0.19449,0.21889,1.1254,4,44,367.8,0,1.0043
2,359,6,bf16,N,N,166,-606605226,0.00846,0.00795,0.9404,4,906,0.9,0,0.9986
30286,17,72,bf16,T,T,39,-606619899,0.01408,0.02091,1.4853,4,396,456.3,0,1.0141
2230,57,4,fp32,T,N,519,-606624722,0.00859,0.00807,0.9394,4,906,63.5,0,0.9980
532,1083,105,fp32,N,N,556,-606627848,0.01014,0.00946,0.9332,4,634,294.1,0,1.0033
688,8,480,fp16,T,N,513,-606602964,0.00914,0.01253,1.3703,4,366,75.5,0,1.0055
30,645,347,fp32,N,T,612,-606618171,0.00829,0.00816,0.9837,4,792,122.3,0,0.9942
4,1,88,fp16,T,N,30,-606622732,0.00514,0.00484,0.9421,4,1103,0.2,0,1.0036
40,62,2,fp16,T,T,88,-606629543,0.00883,0.00840,0.9516,4,647,1.2,0,1.0029
11,2,601,bf16,T,N,19,-606630723,0.01377,0.01791,1.3013,4,271,1.1,0,1.0053
8686,17,2663,fp32,N,N,556,-606605020,0.10987,0.11715,1.0663,4,83,849.2,0,1.0497
10,21504,3,bf16,T,N,441,-606630691,0.00863,0.02074,2.4016,4,370,114.6,0,0.9671
49,383,1462,fp32,N,N,556,-606605145,0.01162,0.02168,1.8661,4,376,224.0,0,0.9952
4,381,6,fp32,N,T,612,-606618319,0.00849,0.00800,0.9426,4,1003,1.8,0,0.9972
3322,31,11145,fp32,N,N,556,-606627841,0.19246,0.33497,1.7405,4,30,778.8,0,1.0503
115,205,20531,bf16,N,N,176,-606605266,0.05937,0.16438,2.7689,4,57,222.9,0,0.9524
386,412,20744,fp16,T,N,395,-606622884,0.16923,0.90146,5.3269,4,11,199.4,0,1.0033
2,7,932,fp16,N,T,68,-606627734,0.00891,0.00889,0.9984,4,562,1.9,0,1.0059
25,8,4,fp32,T,T,82,-606620815,0.00822,0.00800,0.9733,4,952,0.2,0,1.0053
412,2844,81,fp32,T,N,539,-606603898,0.01338,0.01368,1.0226,4,533,429.1,0,1.0230
2,12,17,bf16,N,N,273,-606629849,0.00800,0.00819,1.0240,4,1025,0.1,0,0.9850
2,9,3227,fp16,N,T,68,-606627654,0.01600,0.01604,1.0021,4,317,4.4,0,1.0070
192,8938,1108,bf16,N,N,174,-606605265,0.06417,0.14041,2.1879,4,70,422.2,0,1.0222
11495,4,30197,fp16,N,T,70,-606604761,0.63903,0.70447,1.1024,4,14,1087.0,0,0.9863
451,2258,2,bf16,T,T,39,-606619917,0.00892,0.00890,0.9975,4,682,457.8,0,1.0003
1314,50,98,fp16,T,N,245,-606622868,0.00801,0.01017,1.2708,4,463,66.2,0,1.0012
26713,11,314,bf16,T,N,231,-606630818,0.02612,0.04254,1.6284,4,206,687.4,0,1.0047
56,1134,48,fp16,T,N,245,-606603020,0.00824,0.01084,1.3153,4,502,44.7,0,1.0032
30204,2424,5445,bf16,T,T,39,-606619916,7.10044,10.74290,1.5130,4,5,91.3,0,1.0373
8,13,24977,bf16,N,T,64,-606603222,0.01824,0.20564,11.2768,4,33,57.5,0,0.9908
5,388,3582,fp32,T,T,82,-606620827,0.08079,0.18639,2.3070,4,56,69.8,0,0.9851
18,496,17721,fp32,N,T,614,-606618433,0.12731,0.26135,2.0528,4,39,286.5,0,1.0030
7,14760,5469,fp16,N,N,393,-606603255,0.14514,0.35440,2.4418,4,28,1115.7,0,1.0039
220,1798,16090,bf16,N,N,176,-606605183,0.25099,0.38180,1.5212,4,26,265.0,0,1.0128
85,2261,25,fp32,T,T,82,-606620761,0.00798,0.00818,1.0258,4,788,125.8,0,1.0037
6,85,475,bf16,T,T,4,-354,0.02580,0.04553,1.7648,4,166,3.4,0,1.0003
27,1,463,bf16,N,T,58,-9,0.00471,0.00770,1.6350,4,722,5.5,0,1.0011
2,32,280,bf16,T,T,4,-354,0.01630,0.02781,1.7064,4,255,1.2,0,1.0023
637,1,3,fp16,N,N,18,-9,0.00486,0.00833,1.7138,4,865,1.3,0,1.0146
8,26,1046,fp32,N,T,612,-606602200,0.01041,0.01068,1.0261,4,467,13.7,0,1.0024
32352,934,625,fp32,N,T,612,-606602004,1.21777,1.33983,1.1002,4,8,167.6,0,1.0152
876,5008,18,bf16,T,T,39,-606619899,0.02443,0.03624,1.4839,4,242,727.1,0,1.0017
24831,248,4371,fp32,T,N,525,-606604030,1.66959,1.73876,1.0414,4,6,277.4,0,1.1234
19279,58,136,fp32,T,T,82,-606620789,0.02150,0.03823,1.7783,4,235,697.3,0,0.9029
7380,2,10,fp32,N,T,612,-606618206,0.00841,0.00794,0.9445,4,993,42.1,0,1.0008
5837,1587,39,bf16,N,T,57,-606603219,0.06790,0.09234,1.3599,4,103,554.2,0,1.0046
49,33,46,bf16,N,N,166,-606605256,0.00838,0.00797,0.9509,4,805,1.7,0,1.0034
29529,21609,574,fp16,N,T,62,-606627717,9.73978,11.31728,1.1620,4,5,268.1,0,1.0400
164,1,6,fp16,N,T,63,-9,0.00468,0.00781,1.6691,4,982,0.6,0,0.9781
49,12,14606,bf16,N,N,283,-606629919,0.03357,0.26161,7.7923,4,39,53.1,0,1.0058
115,1329,196,bf16,N,N,166,-606629913,0.00878,0.00982,1.1180,4,585,134.1,0,0.9859
149,2143,1278,fp16,T,T,53,-606629622,0.03021,0.17397,5.7579,4,58,236.2,0,1.0083
5151,10,3273,fp32,T,N,519,-606624684,0.06042,0.05990,0.9913,4,163,1121.6,0,1.0798
384,2,210,fp32,T,N,212,-606624791,0.00800,0.00804,1.0049,4,920,40.9,0,0.9241
96,11563,5,bf16,T,N,231,-606605522,0.00898,0.01090,1.2143,4,590,507.4,0,1.0042
283,3,846,fp16,T,N,55,-606603020,0.01997,0.03420,1.7125,4,173,24.4,0,0.9915
4725,6,23972,fp16,N,T,70,-606627649,0.23020,0.31832,1.3828,4,32,985.8,0,1.0645
30,45,2,fp32,N,T,612,-606618108,0.00862,0.00829,0.9619,4,1042,0.7,0,0.9575
8251,830,5,bf16,T,T,39,-355,0.03602,0.08958,2.4868,4,107,763.0,0,0.9930
2900,10824,133,bf16,N,T,201,-606623177,0.23136,0.31753,1.3725,4,32,558.5,0,1.0798
1,2118,52,fp16,T,T,23,-606629592,0.00694,0.00694,0.9996,4,898,33.0,0,0.9122
220,278,60,fp16,N,N,98,-606624100,0.00872,0.01697,1.9461,4,362,34.9,0,1.0035
184,14,3016,fp16,T,T,88,-606629622,0.04826,0.47716,9.8880,4,17,25.0,0,1.0049
194,459,17,fp16,T,N,245,-606622900,0.00869,0.00837,0.9630,4,785,43.5,0,0.9750
750,162,75,fp16,N,T,62,-606627735,0.00847,0.00828,0.9780,4,889,73.5,0,0.9841
24151,4,41,fp32,N,T,614,-606618246,0.00919,0.01457,1.5857,4,524,473.3,0,0.9857
192,3035,65,fp32,T,N,519,-606624668,0.00814,0.00816,1.0020,4,727,389.2,0,0.9687
2,4248,20,fp16,N,N,358,-606603263,0.00795,0.00800,1.0067,4,977,25.7,0,1.0020
808,69,6835,bf16,T,T,39,-606619899,0.11950,0.16575,1.3870,4,60,102.2,0,1.0054
9625,313,680,fp32,T,T,82,-606620800,0.16050,0.25241,1.5726,4,40,243.5,0,1.1871
619,140,10271,bf16,T,N,348,-606605453,0.09899,0.23203,2.3440,4,38,161.0,0,0.8490
4,16,2,bf16,T,T,4,-354,0.00838,0.00808,0.9640,4,987,0.0,0,1.0027
2,3,10684,fp32,N,N,329,-606628038,0.03680,0.25185,6.8445,4,35,5.8,0,0.9985
388,2435,87,bf16,N,N,166,-606629829,0.01145,0.01549,1.3530,4,497,373.0,0,1.0017
2877,617,28628,fp16,T,T,53,-606629611,1.61174,10.45804,6.4887,4,5,128.5,0,1.0444
16,16599,6,bf16,T,N,231,-606630709,0.00771,0.01246,1.6162,4,533,163.7,0,0.9334
296,213,4548,fp32,N,T,612,-606602199,0.04841,0.15216,3.1428,4,68,196.5,0,0.9943
8908,1107,6641,fp16,N,N,94,-606603414,1.35534,1.61156,1.1890,4,7,127.2,0,1.0650
8,12141,3792,bf16,N,T,62,-606623129,0.10482,0.10463,0.9981,4,82,882.7,0,0.9565
29,316,1,fp32,T,T,82,-606620799,0.00894,0.00839,0.9379,4,929,4.3,0,1.0019
61,55,255,fp16,N,T,62,-606627724,0.00839,0.00918,1.0946,4,588,8.7,0,1.0045
744,123,80,fp32,T,N,519,-606624705,0.00878,0.00801,0.9122,4,924,73.3,0,1.0005
3,18,149,fp16,N,N,92,-606624243,0.00899,0.02116,2.3546,4,299,0.7,0,0.9968
92,6,242,bf16,T,T,39,-606619917,0.00900,0.00828,0.9200,4,611,5.5,0,1.0044
8,8817,6560,fp16,N,N,103,-606624243,0.15735,0.20527,1.3045,4,49,737.6,0,1.0151
21841,14,23724,fp32,T,N,519,-606603998,1.97896,2.61876,1.3233,4,5,1048.6,0,1.1487
95,208,11476,fp32,T,N,525,-606624663,0.15860,0.18779,1.1841,4,51,88.2,0,0.8954
1861,313,88,fp32,T,N,519,-606634109,0.00981,0.00926,0.9447,4,690,315.7,0,1.0111
1,2,38,fp32,T,T,13,-606620760,0.00507,0.00482,0.9511,4,1589,0.1,0,1.0212
29,15,145,fp16,N,N,90,-606603411,0.00799,0.00816,1.0219,4,603,1.8,0,1.0004
129,3925,8,fp16,N,T,62,-520,0.00898,0.02398,2.6693,4,340,232.7,0,1.0049
2,7,10803,bf16,N,N,33,-606629879,0.14172,0.14174,1.0001,4,43,1.4,0,1.0006
649,111,478,fp32,T,N,519,-606624689,0.00970,0.01708,1.7612,4,420,179.5,0,1.0018
1622,70,1457,fp32,N,N,556,-606627955,0.02934,0.03108,1.0594,4,291,351.6,0,1.0108
5322,68,12,fp16,N,T,62,-606604847,0.00869,0.00846,0.9739,4,778,181.5,0,0.9940
26,28029,2733,fp32,T,N,519,-606624730,0.27453,0.34977,1.2741,4,29,1127.8,0,1.0007
2,73,14100,fp32,T,T,15,-606620762,0.45496,0.80197,1.7627,4,15,9.3,0,1.0003
1331,36,28,fp16,N,T,62,-606627732,0.00864,0.00788,0.9114,4,982,31.0,0,1.0049
1,2163,29521,bf16,N,N,177,-606605183,0.17586,0.17589,1.0002,4,54,726.6,0,1.0191
180,107,149,bf16,T,T,39,-606619899,0.00883,0.00791,0.8961,4,698,18.4,0,1.0058
5,287,13,bf16,T,T,4,-355,0.00860,0.00840,0.9767,4,819,1.5,0,0.9992
28,1743,150,fp32,N,T,612,-606601896,0.00787,0.00822,1.0446,4,877,159.8,0,1.0030
1,8528,477,bf16,T,N,4,-9,0.01674,0.03483,2.0810,4,258,488.2,0,1.0123
723,115,1708,bf16,T,T,39,-606619899,0.03240,0.05194,1.6028,4,187,98.6,0,1.0027
4,108,30975,fp16,T,N,163,-606622882,0.04304,0.04291,0.9969,4,198,161.2,0,0.9981
16988,11,1255,bf16,N,N,174,-606605256,0.06743,0.07780,1.1538,4,124,643.8,0,1.1637
179,22,4997,fp32,N,N,556,-606605146,0.03149,0.07971,2.5311,4,115,128.1,0,0.8758
7,3546,251,fp32,N,N,556,-606628038,0.00909,0.00822,0.9043,4,853,403.2,0,0.9913
2,7312,65,fp16,T,N,131,-606602994,0.00915,0.03475,3.7957,4,230,110.3,0,0.9853
5525,246,3721,fp16,N,N,99,-606603427,0.15549,1.21032,7.7839,4,9,311.2,0,1.0106
7111,379,2,fp16,T,N,245,-606622727,0.01362,0.01353,0.9935,4,538,793.6,0,1.0012
9089,20,23,bf16,T,T,39,-606619917,0.00836,0.01098,1.3137,4,601,137.2,0,1.0071
7,2207,25,fp16,T,T,36,-606629579,0.00792,0.00821,1.0363,4,838,21.8,0,0.9993
1,3,14279,fp16,T,N,38,-544,0.10110,0.10102,0.9992,4,75,1.1,0,0.9883
22,45,182,bf16,N,T,57,-606623167,0.00770,0.00849,1.1031,4,607,3.7,0,1.0042
5560,247,58,fp16,T,N,245,-606622894,0.01435,0.02942,2.0501,4,296,429.7,0,1.0037
32261,27003,43,bf16,T,T,39,-606619916,9.36117,12.95590,1.3840,4,5,372.8,0,1.0008
8,2641,4697,fp16,T,N,258,-606622839,0.03946,0.59644,15.1167,4,17,632.8,0,1.0007
5,7051,1580,fp32,T,T,82,-606620828,0.07839,0.17755,2.2649,4,55,570.7,0,1.0082
97,449,21,bf16,T,T,39,-606619899,0.00751,0.00769,1.0240,4,869,26.2,0,0.9613
4564,126,4808,fp16,N,T,68,-606604779,0.10639,0.13308,1.2508,4,80,445.5,0,1.0079
2541,23520,192,fp32,N,T,614,-606618367,0.71980,0.75459,1.0483,4,14,359.9,0,1.1819
156,24041,472,fp32,N,N,556,-606627895,0.14933,0.15237,1.0204,4,65,406.4,0,1.0521
2,29783,30,fp16,T,T,36,-378,0.01012,0.02533,2.5030,4,283,200.1,0,0.8290
1064,2319,6716,bf16,T,N,238,-606630851,0.35763,0.73283,2.0492,4,14,154.7,0,1.0568
1,2,6086,bf16,N,T,65,-9,0.00722,0.02338,3.2378,4,238,5.1,0,0.9529
2,5583,3,fp32,N,T,612,-606618171,0.00748,0.00775,1.0362,4,987,14.9,0,0.9961
2,1361,1229,bf16,T,N,24,-151,0.04110,0.05235,1.2735,4,179,81.8,0,1.0007
4,5,113,fp32,N,T,612,-606618430,0.00740,0.00751,1.0152,4,906,0.6,0,0.9853
2,26,130,bf16,T,N,17,-606605467,0.00739,0.00758,1.0259,4,708,1.0,0,0.9818
1097,28466,8054,bf16,T,T,39,-606619916,5.43144,6.46665,1.1906,4,5,110.7,0,1.0356
12,16900,25213,fp16,N,N,232,-606603293,0.87755,1.26171,1.4378,4,8,972.7,0,1.1083
15,194,14,fp16,T,N,245,-606602969,0.00873,0.00807,0.9246,4,782,2.0,0,0.9165
10311,314,10208,fp16,T,N,245,-606603049,0.81776,6.54861,8.0080,4,5,281.1,0,1.1227
10,10,54,fp32,T,N,519,-606603841,0.00837,0.00798,0.9530,4,885,0.6,0,0.9038
34,2817,9,fp32,N,T,612,-606601988,0.00884,0.00807,0.9125,4,933,54.9,0,0.9850
2,41,524,fp32,N,N,556,-606605041,0.00818,0.00810,0.9910,4,601,11.1,0,0.9837
37,1,13,fp16,T,N,30,-9,0.00473,0.00478,1.0111,4,1349,0.2,0,0.9792
2,14660,12166,fp16,T,T,60,-606629560,0.79033,2.82929,3.5799,4,5,451.5,0,0.9927
15,13923,25673,fp16,N,T,70,-606627734,0.80383,1.54159,1.9178,4,7,891.4,0,1.0054
124,52,2,fp32,T,T,82,-606620814,0.00868,0.00775,0.8937,4,785,3.1,0,1.0094
22595,3,1924,fp32,T,T,82,-606620762,0.14967,0.15667,1.0468,4,64,1163.8,0,1.0108
4,3,39,fp32,T,T,82,-606620754,0.00816,0.00797,0.9770,4,972,0.1,0,0.9997
13960,9235,42,fp32,N,N,556,-606605033,0.74942,0.79905,1.0662,4,13,693.3,0,1.1581
886,23502,16322,bf16,T,T,39,-606619916,7.44230,11.31884,1.5209,4,5,118.2,0,1.0352
5,3,2795,fp16,T,N,57,-548,0.02575,0.30416,11.8123,4,28,1.7,0,0.8699
23367,45,1,bf16,T,T,39,-606619899,0.00894,0.01480,1.6556,4,491,475.8,0,1.0178
592,2,4,fp32,N,T,612,-606601988,0.00805,0.00801,0.9946,4,730,1.8,0,0.9793
22935,126,894,bf16,N,N,166,-606629859,0.11394,0.10888,0.9555,4,90,463.3,0,1.0151
3,53,5464,bf16,T,N,27,-153,0.03534,0.15803,4.4723,4,44,17.3,0,0.9983
48,8376,5399,fp16,N,T,243,-606604781,0.12433,0.16413,1.3201,4,61,744.5,0,1.1404
2,166,54,fp16,N,N,98,-606603415,0.00813,0.01127,1.3865,4,409,2.4,0,0.8952
37,17260,2057,bf16,N,N,283,-606629837,0.09631,0.11018,1.1440,4,88,765.4,0,1.0079
5,12829,2,bf16,N,T,57,-606623167,0.00786,0.00789,1.0050,4,861,39.2,0,0.9735
5909,10501,2675,fp16,N,N,90,-606603431,3.21840,3.29270,1.0231,4,5,104.4,0,1.0662
1,679,62,fp32,N,N,557,-606605046,0.00829,0.00790,0.9528,4,972,20.7,0,0.9875
3053,221,6080,fp16,N,T,68,-606627668,0.10362,0.29059,2.8044,4,34,410.3,0,1.0050
297,15254,163,fp16,T,T,53,-606629615,0.07323,0.12693,1.7333,4,76,316.7,0,1.0003
16745,6185,2,fp16,N,N,90,-606624248,0.35303,0.68197,1.9318,4,15,1173.7,0,1.0087
26478,117,3,fp32,T,N,519,-606624938,0.01477,0.01902,1.2877,4,420,860.6,0,0.9879
28,9413,4651,fp16,T,N,258,-606622752,0.11355,0.84283,7.4225,4,12,782.7,0,1.0075
1622,1935,302,fp16,N,T,62,-606604827,0.04232,0.06173,1.4587,4,150,347.4,0,0.9991
219,7789,641,fp32,N,T,612,-606634096,0.09404,0.09427,1.0025,4,102,290.9,0,1.0354
2118,2,93,fp16,N,T,62,-606627718,0.00737,0.00783,1.0624,4,962,55.8,0,0.9638
43,17003,1141,bf16,N,T,62,-606603153,0.06668,0.10138,1.5205,4,96,627.2,0,1.0077
273,240,416,bf16,N,N,388,-606629925,0.00741,0.00773,1.0441,4,736,93.0,0,1.0047
6,6164,30413,fp32,T,N,525,-606603796,0.64622,0.64349,0.9958,4,16,1161.7,0,1.1136
14315,1570,138,bf16,N,N,166,-606605218,0.16460,0.16570,1.0067,4,58,572.8,0,0.9115
2168,7,31,fp16,N,T,62,-606604834,0.00747,0.00797,1.0668,4,962,26.2,0,1.0101
468,57,65,fp16,N,N,94,-606624243,0.00760,0.01326,1.7445,4,403,23.0,0,1.0118
9,2675,2,fp16,T,N,245,-606602969,0.00750,0.00789,1.0527,4,957,14.3,0,1.0118
3572,85,39,fp32,N,N,556,-606608207,0.00795,0.00835,1.0511,4,795,224.6,0,1.0119
12138,7,5053,fp32,N,T,612,-606602199,0.24827,0.27633,1.1130,4,32,990.1,0,1.0060
288,4340,2314,fp16,T,N,387,-606602924,0.06817,0.06814,0.9995,4,133,387.5,0,1.0790
266,9,20278,fp16,T,N,259,-606622882,0.03259,0.03256,0.9991,4,243,342.5,0,0.9438
2,3,10,fp16,T,T,36,-606629585,0.00902,0.00822,0.9114,4,889,0.0,0,1.0008
1163,1,39,fp16,N,T,63,-9,0.00517,0.00788,1.5230,4,962,18.4,0,1.0175
3,54,66,bf16,N,N,166,-606605260,0.00854,0.00793,0.9280,4,778,1.0,0,1.0076
32349,1,7,bf16,T,N,3,-9,0.00520,0.00505,0.9720,4,1195,112.0,0,1.0066
3,5422,658,bf16,N,N,166,-606605260,0.01769,0.02043,1.1550,4,412,407.3,0,1.0061
178,8,677,fp32,T,N,525,-606603788,0.00983,0.01110,1.1284,4,379,51.8,0,0.9920
1435,13,3,fp32,T,N,519,-606603886,0.00784,0.00780,0.9956,4,1003,11.7,0,0.9947
3,19,14780,bf16,N,N,176,-606605266,0.02369,0.02368,0.9996,4,223,27.5,0,1.0027
197,1,540,fp16,T,T,54,-606629584,0.00827,0.00827,0.9998,4,554,25.9,0,0.9848
25,27,23,bf16,T,T,39,-606619917,0.00910,0.00844,0.9271,4,766,0.6,0,1.0008
17317,3478,5,fp16,T,T,53,-606629603,0.24383,0.90437,3.7089,4,11,988.9,0,1.0186
6,38,21,bf16,T,N,31,-606605463,0.00797,0.00796,0.9990,4,982,0.3,0,0.9576
69,1,12,fp32,N,N,203,-606605041,0.00473,0.00467,0.9877,4,1379,0.8,0,1.0015
1195,2,22530,fp16,T,T,88,-606629622,0.35774,2.70574,7.5634,4,5,150.8,0,0.9965
326,2,12,fp32,N,T,612,-606618323,0.00814,0.00831,1.0208,4,1036,2.3,0,1.0129
3760,874,7809,fp32,T,T,82,-606620781,1.49382,1.52918,1.0237,4,6,105.7,0,1.0022
281,27,10,fp16,N,T,62,-606604834,0.00844,0.00781,0.9247,4,972,4.3,0,0.9985
67,1002,25494,fp16,T,N,259,-606603005,0.19217,0.78569,4.0886,4,13,285.0,0,1.0052
9,20644,4,bf16,N,N,273,-606629849,0.00816,0.00875,1.0720,4,695,111.4,0,1.0176
23,1766,16,bf16,N,T,57,-606603187,0.00803,0.00784,0.9761,4,929,27.4,0,1.0133
31782,2118,2836,fp16,T,N,245,-606603099,3.31046,3.48832,1.0537,4,5,139.4,0,1.2183
30,708,171,fp32,N,T,614,-606601920,0.00806,0.00796,0.9875,4,893,73.2,0,0.8529
10942,433,1327,bf16,T,N,231,-606605607,0.15660,0.15720,1.0038,4,59,313.8,0,0.9955
4850,1432,22471,bf16,N,N,388,-606605295,2.66797,3.43949,1.2892,4,5,116.2,0,1.0513
5,4,169,fp16,N,T,62,-606627668,0.00798,0.00784,0.9823,4,677,0.4,0,0.9649
42,11,3338,fp32,T,N,519,-606603782,0.03154,0.04426,1.4031,4,149,22.5,0,1.0084
4,488,535,fp32,T,N,539,-606624804,0.00837,0.00884,1.0561,4,663,126.7,0,1.0024
9,32,572,bf16,T,T,39,-606619899,0.01210,0.01206,0.9969,4,425,4.0,0,1.0118
18,417,19,bf16,T,T,39,-606619899,0.00823,0.00791,0.9614,4,938,5.7,0,1.0116
11,203,34,fp32,T,N,519,-606603857,0.00819,0.00800,0.9765,4,943,4.6,0,1.0006
4,61,28,fp32,N,T,612,-606601956,0.00804,0.00815,1.0135,4,778,1.0,0,1.0036
51,23,675,bf16,T,T,39,-606619899,0.01353,0.01360,1.0053,4,388,7.7,0,0.9986
1,104,14808,fp16,N,N,394,-606624073,0.02381,0.27377,11.5002,4,36,130.6,0,1.0115
15880,2,3,fp16,T,T,53,-606629603,0.00857,0.00818,0.9543,4,881,26.0,0,1.0027
19,2,5,fp32,N,N,329,-606604993,0.00830,0.00834,1.0046,4,993,0.1,0,1.0007
9,2,19,fp32,T,N,212,-606624684,0.00790,0.00813,1.0285,4,1031,0.1,0,0.9810
68,178,11729,fp32,T,N,519,-606624694,0.15793,0.24581,1.5565,4,40,73.4,0,1.0054
3,24,2,fp16,T,T,60,-606629541,0.00828,0.00829,1.0010,4,967,0.0,0,0.9997
175,4,120,fp32,N,N,556,-606628038,0.00835,0.00820,0.9817,4,668,10.6,0,1.0028
8,429,10,fp32,N,T,612,-606618309,0.00815,0.00797,0.9783,4,957,3.8,0,1.0140
424,55,740,bf16,T,T,39,-606619899,0.01447,0.01423,0.9830,4,406,55.4,0,1.0042
15856,1468,2,fp16,T,N,382,-606602987,0.07549,0.29042,3.8472,4,35,1234.3,0,1.0014
15,964,7,fp16,T,T,53,-606629596,0.00849,0.00816,0.9603,4,929,8.4,0,1.0006
1530,21491,1029,fp32,T,N,519,-606624820,2.06794,2.07946,1.0056,4,6,109.4,0,1.1254
23407,303,2023,fp16,T,N,245,-606603110,0.34295,0.40670,1.1859,4,24,362.4,0,0.9146
23,46,677,fp16,T,T,53,-606629613,0.01387,0.06806,4.9087,4,106,7.0,0,1.0034
10362,258,3610,fp32,T,N,519,-606624945,0.71288,0.71702,1.0058,4,15,230.1,0,1.0377
282,382,232,bf16,T,N,231,-606630723,0.00845,0.00908,1.0743,4,692,87.5,0,0.9969
462,2298,10,bf16,T,N,231,-606605522,0.00878,0.01816,2.0686,4,426,490.2,0,1.0034
6,4104,510,bf16,T,T,4,-354,0.03866,0.05977,1.5461,4,154,111.0,0,1.0105
346,5,63,fp32,T,T,82,-606620755,0.00796,0.00789,0.9914,4,682,12.0,0,1.0213
4732,3,2,bf16,N,T,57,-606603220,0.00808,0.00782,0.9673,4,967,9.4,0,1.0005
736,9372,64,fp16,T,T,88,-606629547,0.05876,0.08331,1.4177,4,114,491.6,0,1.0072
2,10802,2,fp32,N,N,556,-606627925,0.00849,0.00817,0.9624,4,929,20.4,0,0.9906
7394,92,1054,fp32,N,N,556,-606604927,0.06407,0.08621,1.3456,4,112,535.1,0,1.0225
1279,8,101,fp16,T,T,53,-606629612,0.00898,0.01302,1.4501,4,435,33.5,0,0.9934
120,33,9,fp32,N,N,556,-606604969,0.00871,0.00806,0.9256,4,962,2.5,0,1.0007
61,7743,4,fp16,N,N,90,-563,0.00939,0.00903,0.9621,4,795,207.9,0,1.0082
16,2,4,bf16,T,N,19,-606605467,0.00841,0.00821,0.9757,4,993,0.0,0,1.0101
151,5421,8,bf16,N,N,166,-714,0.00938,0.00802,0.8550,4,750,358.5,0,1.0052
2316,363,11,bf16,N,T,57,-606623219,0.00978,0.00912,0.9324,4,673,349.9,0,1.0017
2163,9527,3679,fp16,N,N,90,-606603427,1.67011,2.05124,1.2282,4,5,100.9,0,1.0668
13,2355,18385,fp16,N,T,70,-606627666,0.12345,0.19302,1.5636,4,48,706.3,0,0.9602
4,411,92,bf16,T,N,31,-606630710,0.00871,0.00774,0.8882,4,757,9.5,0,1.0057
6,362,2,bf16,T,N,31,-606605467,0.00855,0.00798,0.9337,4,1014,1.2,0,1.0246
3,16,575,fp32,T,T,15,-606620762,0.02293,0.02318,1.0111,4,247,1.9,0,1.0035
72,837,124,fp16,N,N,94,-606603411,0.00814,0.00808,0.9922,4,700,57.3,0,1.0051
26,141,12486,fp32,N,T,612,-606618433,0.09650,0.34937,3.6204,4,28,86.6,0,1.0024
1536,14,3672,bf16,N,N,176,-606605266,0.02270,0.02227,0.9808,4,304,505.2,0,1.0060
260,275,4154,fp16,T,N,258,-606622884,0.05189,0.08968,1.7282,4,103,91.2,0,1.0024
1735,63,19,bf16,T,T,39,-354,0.00825,0.00793,0.9607,4,933,61.2,0,1.0122
555,451,3,fp16,T,N,245,-606602992,0.00813,0.01154,1.4199,4,583,123.9,0,1.0116
407,4198,382,bf16,N,N,166,-606605265,0.03328,0.04462,1.3408,4,205,311.1,0,1.0033
17,43,7,fp16,T,N,245,-606603020,0.00819,0.00836,1.0213,4,885,0.5,0,1.0125
22604,120,4841,fp32,T,N,539,-606604049,0.86209,0.86890,1.0079,4,12,523.0,0,1.0527
3,5149,28704,fp32,T,T,15,-606620832,1.32565,1.80015,1.3579,4,6,446.3,0,0.9852
2929,327,7253,fp16,N,T,68,-606627760,0.19630,0.19693,1.0032,4,49,260.1,0,1.0048
10,51,1823,fp32,N,N,556,-606628038,0.00922,0.02427,2.6329,4,256,48.5,0,0.9972
32,15191,21389,fp16,T,T,53,-606629621,0.94061,4.14159,4.4031,4,5,694.4,0,1.0135
1747,3,2,fp16,N,N,35,-606603313,0.00879,0.00816,0.9287,4,947,3.2,0,0.9993
10,4,1015,bf16,T,N,111,-606630798,0.01170,0.02549,2.1793,4,205,2.4,0,1.0039
89,14,6,fp16,N,T,62,-606627654,0.00850,0.00817,0.9606,4,1009,0.7,0,1.0019
1672,6,579,fp16,T,T,53,-606629613,0.01438,0.07791,5.4175,4,121,137.9,0,1.0000
3899,1261,55,bf16,T,N,231,-606605537,0.03738,0.04316,1.1544,4,206,541.3,0,1.0048
19,9,73,fp32,T,T,82,-606620797,0.00813,0.00797,0.9806,4,742,1.1,0,0.9987
37,4547,195,fp32,N,N,556,-606627763,0.00986,0.00988,1.0017,4,711,430.9,0,0.8872
35,2362,2,fp32,N,N,556,-606627861,0.00806,0.00791,0.9805,4,957,43.4,0,1.0024
14171,3,19340,bf16,N,T,64,-606623131,0.61490,0.68143,1.1082,4,15,891.9,0,1.0106
4653,23,1705,fp16,T,N,250,-606602890,0.03369,0.03520,1.0449,4,252,486.1,0,1.0036
1040,11,10,bf16,T,T,39,-606619917,0.00885,0.00792,0.8954,4,826,7.5,0,1.0060
1,7730,3,bf16,N,N,167,-9,0.00498,0.00817,1.6398,4,957,15.5,0,1.0011
8957,56,4,fp32,N,T,614,-606618199,0.00897,0.00900,1.0043,4,823,239.8,0,1.0025
341,6,3,bf16,T,N,35,-606605476,0.00835,0.00800,0.9579,4,1014,1.2,0,0.9949
28697,153,41,fp16,N,T,62,-606604838,0.04204,0.05701,1.3561,4,164,474.0,0,1.0007
288,930,21,fp16,N,N,98,-606603313,0.00861,0.00825,0.9578,4,816,130.4,0,1.0153
1781,41,28820,fp32,N,N,556,-606605062,0.41178,0.44922,1.0909,4,23,510.8,0,1.0059
54,21,29,fp16,N,N,94,-606624170,0.00895,0.00920,1.0277,4,569,1.0,0,0.9847
8,3789,2275,fp16,N,N,103,-606603283,0.03723,0.05636,1.5140,4,166,467.3,0,1.0146
6987,4312,709,fp32,T,T,82,-606620807,1.43957,1.52904,1.0621,4,7,106.0,0,1.1324
42,2,66,fp32,N,T,612,-606618321,0.00874,0.00803,0.9178,4,952,1.4,0,0.9225
18,319,986,fp32,T,T,82,-606620789,0.02597,0.04670,1.7979,4,174,52.1,0,1.0055
833,97,6237,fp16,N,T,70,-606604766,0.06240,0.06240,1.0000,4,145,191.1,0,1.0095
160,692,981,bf16,N,N,281,-606629924,0.01753,0.01961,1.1187,4,393,120.6,0,0.9862
27,5,3,bf16,T,N,35,-606605476,0.00798,0.00795,0.9963,4,987,0.1,0,0.9977
14445,12,20,bf16,N,N,273,-606629817,0.00806,0.01160,1.4389,4,585,157.8,0,1.0031
433,36,55,fp16,T,N,382,-606602975,0.00787,0.00781,0.9923,4,972,14.5,0,0.9999
25,37,6432,bf16,T,T,39,-606619899,0.09305,0.10730,1.1532,4,53,8.6,0,0.9982
25,152,8,fp32,T,N,525,-606603841,0.00802,0.00828,1.0326,4,1009,2.6,0,1.0079
1145,3,3161,bf16,T,N,28,-606605476,0.11568,0.16986,1.4684,4,57,62.9,0,1.0019
7,2,5,fp16,T,N,51,-606622900,0.00798,0.00817,1.0241,4,924,0.0,0,0.9992
361,147,406,fp32,T,T,82,-606620798,0.01403,0.02137,1.5230,4,304,73.9,0,1.0023
148,14,3,fp16,T,N,245,-546,0.00801,0.00831,1.0376,4,915,1.2,0,1.0028
112,464,12,fp16,N,N,358,-606624090,0.00795,0.00789,0.9924,4,977,27.9,0,1.0011
337,12,11,bf16,N,N,273,-606605181,0.00813,0.00802,0.9867,4,993,2.9,0,0.9968
7,9,4,fp32,N,T,612,-606601985,0.00882,0.00806,0.9144,4,1025,0.1,0,1.0182
27,6,701,fp16,T,N,73,-606602890,0.01103,0.08835,8.0105,4,84,4.3,0,1.0014
1862,41,9,fp16,T,T,53,-376,0.00918,0.00828,0.9021,4,826,37.0,0,1.0004
28,2,10406,bf16,N,T,64,-606603222,0.01434,0.07613,5.3093,4,70,43.6,0,1.0001
28,6,4,fp32,N,N,556,-606605095,0.00799,0.00794,0.9941,4,1009,0.2,0,0.9971
10468,12,77,fp32,T,N,539,-606603805,0.00884,0.00942,1.0662,4,730,422.1,0,1.0011
1271,4,8,fp16,T,N,163,-606622867,0.00852,0.00824,0.9669,4,869,4.8,0,1.0045
98,125,45,fp32,N,N,556,-606627932,0.00882,0.00813,0.9217,4,716,10.1,0,0.9972
217,150,4949,fp16,T,N,258,-606602963,0.05166,0.05168,1.0005,4,169,72.8,0,1.0083
122,6627,1,fp32,N,N,556,-606604944,0.00876,0.00898,1.0255,4,853,372.3,0,1.0008
223,7,9953,fp32,N,T,612,-606602198,0.07860,0.21480,2.7329,4,45,116.6,0,1.0004
7134,9,402,bf16,T,T,39,-606619899,0.01588,0.02524,1.5891,4,334,377.7,0,1.0015
13622,151,4,fp16,N,T,62,-520,0.01516,0.02843,1.8752,4,296,550.0,0,1.0042
219,9745,4060,fp16,T,N,249,-606603126,0.22712,0.22712,1.0000,4,43,393.8,0,1.0160
610,148,3,fp16,T,N,382,-606602991,0.00811,0.00824,1.0164,4,967,45.1,0,1.0121
4302,171,10,fp32,T,N,519,-606624677,0.00843,0.00876,1.0396,4,638,370.4,0,1.0005
295,4000,289,fp32,N,N,556,-606627765,0.03313,0.04320,1.3039,4,208,292.3,0,1.0156
253,837,20,bf16,N,T,57,-606623167,0.00829,0.00845,1.0192,4,898,107.5,0,1.0018
7309,116,14049,fp16,T,T,53,-606629619,0.52351,2.85486,5.4533,4,5,405.0,0,1.0033
19,23644,4,bf16,N,T,57,-609,0.00869,0.01752,2.0161,4,442,228.5,0,1.0050
28,50,17968,bf16,N,T,64,-606603222,0.01883,0.25359,13.4684,4,40,149.2,0,1.0005
8,2628,111,bf16,T,T,39,-606619917,0.00828,0.00811,0.9789,4,889,80.8,0,1.0036
19,8364,2,bf16,N,N,273,-606629849,0.00811,0.00807,0.9943,4,929,82.5,0,0.9904
473,19,7,fp16,T,T,53,-606629621,0.00836,0.00852,1.0191,4,733,5.1,0,1.0020
9,160,89,fp32,N,N,556,-606628039,0.00817,0.00799,0.9786,4,802,8.1,0,1.0042
9511,13,331,fp32,T,T,82,-606620815,0.02229,0.02341,1.0502,4,368,587.8,0,1.0023
1109,1148,9,fp16,N,N,217,-606603375,0.00879,0.01096,1.2458,4,636,583.7,0,1.0021
71,1,2,bf16,N,N,2,-9,0.00482,0.00831,1.7253,4,775,0.1,0,0.9899
2240,14320,3,bf16,N,N,388,-606629900,0.10872,0.13132,1.2078,4,74,1181.1,0,1.0709
868,22,108,bf16,N,N,166,-606605262,0.00803,0.00789,0.9826,4,911,33.5,0,0.9423
15651,21071,484,fp16,T,T,53,-606629618,4.51777,5.29229,1.1714,4,5,299.9,0,1.0328
69,31,5040,bf16,N,N,176,-606629919,0.01566,0.01478,0.9437,4,350,64.9,0,0.9973
62,14502,2,fp32,N,T,612,-606618311,0.00888,0.01246,1.4037,4,564,418.2,0,1.0014
4,1,76,fp32,N,T,613,-9,0.00476,0.00804,1.6903,4,947,0.3,0,0.9997
24,19,84,fp32,T,N,519,-606624685,0.00812,0.00816,1.0044,4,853,2.0,0,1.0020
5379,1114,13,fp32,N,T,612,-606602019,0.02397,0.03064,1.2781,4,305,1014.0,0,1.0444
4875,40,8295,fp16,N,N,393,-606603377,0.11132,0.37840,3.3993,4,27,739.5,0,0.9892
31297,41,1,bf16,T,T,39,-606619899,0.01122,0.01753,1.5619,4,425,462.9,0,0.9981
23,713,188,fp16,T,T,53,-606629622,0.00784,0.02053,2.6188,4,299,43.7,0,1.0054
1506,5466,2,fp16,T,T,88,-377,0.03568,0.04807,1.3474,4,189,923.7,0,1.0063
3,2357,2029,bf16,T,N,26,-152,0.06626,0.09128,1.3776,4,106,145.0,0,1.0113
3,3,18,bf16,T,T,4,-355,0.00784,0.00834,1.0637,4,819,0.0,0,0.9986
5100,15544,222,fp32,T,N,539,-606624846,1.08316,1.46905,1.3563,4,8,309.7,0,1.0889
71,110,6891,fp32,T,N,519,-606603811,0.09460,0.11802,1.2475,4,85,53.1,0,0.9400
107,38,925,bf16,N,T,62,-606623185,0.00998,0.01150,1.1530,4,527,28.5,0,1.0091
229,7808,20,fp16,T,N,513,-606622820,0.01008,0.01040,1.0322,4,654,741.5,0,1.0042
492,1560,28,fp16,N,N,358,-606624203,0.00811,0.00890,1.0982,4,838,392.9,0,0.9983
1622,3036,84,fp32,N,N,556,-606605142,0.04224,0.04855,1.1494,4,192,503.4,0,1.0767
4,304,7734,fp32,T,N,539,-606603897,0.06225,0.12736,2.0461,4,75,153.2,0,0.9227
56,2,394,fp32,N,T,612,-606618171,0.00744,0.00791,1.0627,4,692,12.3,0,1.0077
198,18174,66,fp32,N,T,612,-606602021,0.04090,0.05070,1.2396,4,180,470.5,0,1.0053
2,5,10,fp16,T,T,36,-606629587,0.00782,0.00817,1.0454,4,929,0.0,0,0.9998
4,9,5488,fp32,T,T,82,-606620827,0.11493,0.20946,1.8225,4,36,2.5,0,1.0067
178,3854,49,fp32,N,T,612,-606602084,0.00810,0.01274,1.5724,4,581,436.2,0,1.0086
2,23098,28084,bf16,T,N,28,-606630771,1.62902,1.61649,0.9923,4,7,796.6,0,1.0505
1917,9435,20889,bf16,N,N,166,-606630013,6.21869,12.16515,1.9562,4,5,87.9,0,1.0213
31,2,18,bf16,T,N,19,-606605476,0.00839,0.00767,0.9140,4,987,0.2,0,0.9521
8138,1254,7,fp16,N,T,62,-524,0.05112,0.09329,1.8247,4,103,801.0,0,1.0092
801,395,549,fp16,T,N,245,-606602926,0.02432,0.02714,1.1159,4,322,106.0,0,1.0050
18,5,101,fp16,N,T,62,-606627724,0.00873,0.00807,0.9247,4,585,0.6,0,1.0099
22,4,3,bf16,T,N,104,-606630679,0.00846,0.00805,0.9505,4,1003,0.1,0,1.0517
25957,642,3,fp32,T,N,519,-606603888,0.05622,0.07024,1.2495,4,133,1191.4,0,1.0291
1131,3,20,fp32,T,N,212,-606603784,0.00864,0.00814,0.9415,4,1003,12.1,0,0.9798
1,3,4344,fp16,T,N,38,-606622729,0.03243,0.03243,0.9999,4,211,1.1,0,1.0038
3,209,1005,fp16,N,N,97,-606624200,0.01226,0.04078,3.3252,4,161,35.0,0,1.0038
11,235,23,fp16,T,N,245,-606622900,0.00887,0.00851,0.9585,4,668,2.4,0,1.0033
11920,3,2351,fp32,N,T,612,-606602199,0.11492,0.12566,1.0934,4,76,976.9,0,1.0148
2171,7124,4971,fp16,T,T,53,-606629619,1.83472,10.57722,5.7650,4,5,84.1,0,1.1341
5909,49,17,fp16,T,T,53,-606629612,0.00929,0.00842,0.9061,4,772,146.4,0,0.9023
76,723,12,fp16,N,N,94,-606624200,0.00885,0.00803,0.9067,4,742,27.0,0,0.9949
22,3710,10,fp16,T,N,245,-606622900,0.00875,0.00840,0.9596,4,885,45.8,0,0.9972
28,682,2615,fp16,N,T,68,-606604757,0.02625,0.02644,1.0074,4,332,144.4,0,1.0012
11302,2,21,bf16,N,T,57,-606623200,0.00851,0.00817,0.9601,4,745,66.5,0,1.0067
1895,1700,8064,fp16,T,N,382,-606602962,0.56817,0.61520,1.0828,4,17,124.7,0,1.0988
41,12,491,bf16,T,N,332,-606630719,0.00896,0.00806,0.8993,4,638,6.0,0,0.9312
117,271,227,fp16,N,N,90,-606603313,0.00914,0.02354,2.5745,4,272,33.1,0,1.0010
74,7568,1,fp32,T,N,525,-606624795,0.00897,0.00819,0.9131,4,857,253.1,0,1.0050
2,630,31,fp16,N,N,98,-606624200,0.00880,0.00800,0.9093,4,849,5.0,0,1.0012
10483,1786,26,bf16,T,N,231,-606605522,0.10446,0.14263,1.3654,4,65,723.1,0,1.0048
3,16337,52,fp16,N,T,62,-606627733,0.00871,0.00999,1.1469,4,675,217.5,0,0.9903
4716,3,4,fp16,T,T,53,-376,0.00927,0.00838,0.9048,4,889,10.2,0,1.0092
1,1044,5,fp16,T,N,31,-606622737,0.00530,0.00506,0.9544,4,1158,2.8,0,0.9955
41,939,2,fp16,T,T,53,-376,0.00782,0.00823,1.0523,4,782,20.2,0,0.9978
1,2611,1496,bf16,N,T,63,-9,0.01730,0.01800,1.0400,4,450,452.2,0,1.0058
1,135,812,fp32,T,T,13,-606620757,0.00443,0.00443,1.0011,4,1195,99.9,0,1.0010
17,71,162,bf16,N,T,57,-606603186,0.00749,0.00807,1.0776,4,685,4.5,0,0.9966
5158,162,334,bf16,N,T,57,-606603193,0.02214,0.02270,1.0252,4,363,311.5,0,1.0054
46,18573,485,fp32,N,N,556,-606627765,0.04871,0.06288,1.2910,4,152,811.7,0,0.9902
21,16,2,fp16,N,N,352,-606624091,0.00749,0.00796,1.0625,4,987,0.2,0,1.0091
1687,4824,7,fp16,T,T,53,-606629594,0.03547,0.04037,1.1383,4,205,920.4,0,1.0031
4,32,11,fp16,T,N,219,-606602975,0.00757,0.00828,1.0947,4,853,0.2,0,1.0069
582,16974,66,bf16,N,N,166,-606629868,0.07058,0.09125,1.2929,4,102,592.7,0,0.9256
73,918,86,fp32,T,T,82,-606620789,0.00764,0.00816,1.0681,4,713,79.7,0,0.9668
3930,27314,7,fp32,T,T,82,-606620831,0.56966,1.23537,2.1686,4,9,755.3,0,0.9834
7770,175,5,fp16,N,N,94,-606624068,0.00878,0.01401,1.5950,4,419,628.4,0,1.0012
817,693,12345,fp32,N,T,612,-606602209,0.43931,0.73862,1.6813,4,14,174.9,0,0.9937
6,110,2,fp16,N,N,98,-606624200,0.00763,0.00825,1.0825,4,722,0.4,0,0.9962
2,5607,46,fp32,N,N,556,-606605045,0.00754,0.01017,1.3484,4,592,142.8,0,1.0047
238,987,6013,bf16,N,N,176,-606629833,0.07164,0.10680,1.4908,4,90,218.8,0,1.0116
4739,20,207,fp32,T,N,525,-606624665,0.00796,0.01128,1.4182,4,605,542.9,0,1.0027
96,17,156,fp32,T,N,519,-606624744,0.00752,0.00785,1.0437,4,816,10.2,0,1.0059
3,25,17307,bf16,N,T,64,-606623202,0.01367,0.14594,10.6797,4,42,70.9,0,1.0037
5782,28060,305,bf16,N,N,273,-606605353,1.57235,2.10651,1.3397,4,5,425.9,0,1.0018
19247,351,9257,fp32,T,N,519,-606603959,3.87499,4.01182,1.0353,4,5,194.2,0,1.0050
3097,6727,11344,fp16,N,T,62,-606627741,5.54494,5.42084,0.9776,4,5,55.2,0,1.1115
34,55,19,fp32,N,N,556,-606605036,0.00844,0.00840,0.9956,4,645,1.7,0,0.9245
4848,912,6,fp32,N,T,616,-606618239,0.01688,0.01955,1.1578,4,418,1055.8,0,1.0047
27962,7882,4,fp16,N,N,98,-606603416,0.77816,1.11856,1.4374,4,9,1133.3,0,1.0015
5617,2,2022,bf16,N,T,62,-606603151,0.03115,0.03110,0.9984,4,259,730.8,0,1.0070
4748,300,7,bf16,T,N,332,-606630673,0.00863,0.00896,1.0380,4,769,668.3,0,1.0034
22162,1013,908,fp16,T,T,53,-606629607,0.47308,0.46930,0.9920,4,22,278.8,0,1.0151
24878,228,4031,fp16,N,T,62,-606627741,0.59738,0.59765,1.0005,4,17,376.8,0,1.0099
2,79,789,bf16,N,N,174,-606629876,0.00996,0.01904,1.9123,4,296,12.9,0,0.9968
5177,1192,31767,fp16,T,T,53,-606629618,5.43949,27.74314,5.1003,4,5,78.9,0,1.0051
3558,294,5,bf16,T,N,231,-606630709,0.00810,0.00894,1.1031,4,736,521.3,0,1.0023
4366,19,1,bf16,T,T,39,-606619899,0.00748,0.00757,1.0113,4,826,45.5,0,1.0008
1581,2,2,fp32,N,N,329,-606627774,0.00747,0.00770,1.0307,4,998,3.4,0,1.0045
20419,2238,25718,bf16,N,T,57,-606603161,40.77556,41.50986,1.0180,4,5,33.1,0,1.0783
468,6,16,bf16,T,T,39,-606619899,0.00750,0.00774,1.0326,4,881,3.5,0,0.9488
2815,59,23736,fp32,T,N,519,-606603859,0.40073,0.42208,1.0533,4,25,682.6,0,1.0822
1654,18311,2,fp32,T,T,82,-606620755,0.18055,0.45038,2.4945,4,22,671.9,0,0.9325
7217,1,207,bf16,T,T,40,-606619903,0.00925,0.00895,0.9671,4,838,326.1,0,1.0111
99,1,7684,fp16,N,N,21,-9,0.01397,1.42426,101.9792,4,7,110.1,0,0.9982
3241,26381,8,fp32,N,T,612,-606618197,0.35409,0.51944,1.4670,4,19,968.5,0,0.9188
5430,44,2,fp16,T,N,382,-606602994,0.00945,0.00797,0.8436,4,962,103.5,0,1.0074
262,6,576,fp16,T,N,73,-606622752,0.00986,0.02045,2.0741,4,261,32.0,0,1.0090
1,6,6377,bf16,N,N,34,-9,0.04879,0.06817,1.3972,4,88,1.8,0,1.0096
45,95,60,fp16,N,N,90,-606624101,0.00952,0.01301,1.3676,4,367,3.6,0,1.0069
129,97,10770,fp16,T,T,53,-606629621,0.18729,1.34209,7.1660,4,8,26.3,0,1.0059
1237,28,2452,fp16,N,N,226,-606603283,0.02087,0.05967,2.8598,4,162,303.9,0,1.0098
3,10,4,fp16,N,T,62,-606604842,0.00946,0.00776,0.8202,4,911,0.0,0,1.0060
25,1670,3077,fp32,N,N,556,-606628037,0.04290,0.05016,1.1694,4,187,490.2,0,1.0059
111,279,1230,fp16,N,N,97,-606603368,0.01612,0.01536,0.9530,4,441,67.2,0,1.0197
1,17,4892,fp16,N,T,71,-9,0.00716,0.02112,2.9483,4,261,24.6,0,1.0024
85,3754,3603,fp16,N,N,101,-606603403,0.08788,0.08794,1.0006,4,111,329.3,0,1.0026
3263,10369,3,fp16,N,T,62,-606604838,0.15336,0.28066,1.8301,4,35,883.0,0,1.0080
909,26918,1611,bf16,N,N,166,-606605353,0.89853,3.74343,4.1662,4,5,208.7,0,1.0239
2,2,8296,fp32,T,T,15,-606620762,0.26721,0.31423,1.1760,4,28,0.5,0,0.9600
1324,13252,81,fp32,T,T,82,-606620832,0.15137,0.19617,1.2959,4,51,494.8,0,1.0384
129,9671,1,bf16,N,N,166,-714,0.01117,0.00980,0.8770,4,647,448.4,0,0.9760
54,3,67,bf16,N,T,57,-606623165,0.00955,0.00812,0.8498,4,861,0.9,0,1.0026
4026,1036,13,bf16,N,N,273,-606605192,0.02284,0.02457,1.0754,4,338,736.1,0,1.0062
38,1343,11,fp32,N,T,612,-606618323,0.01103,0.00895,0.8110,4,920,24.0,0,0.9978
3,48,590,bf16,N,N,398,-606629872,0.01239,0.01426,1.1511,4,337,4.9,0,1.0054
15,125,2775,fp16,T,N,255,-606602963,0.01975,0.30449,15.4151,4,29,39.7,0,1.0077
15061,185,7747,fp32,N,N,556,-606605148,1.31479,1.84580,1.4039,4,6,367.8,0,1.0230
1864,3847,7,bf16,N,N,166,-714,0.03364,0.03832,1.1391,4,229,855.0,0,1.0033
13,26,956,fp16,N,N,99,-606603275,0.01298,0.11584,8.9252,4,79,5.8,0,1.0058
607,15,5,fp16,T,T,53,-376,0.01091,0.00854,0.7823,4,849,3.9,0,1.0026
142,3764,102,fp16,N,N,223,-606624207,0.00910,0.01087,1.1950,4,623,322.6,0,1.0114
29792,4042,275,fp32,N,T,612,-606618380,2.26475,2.64544,1.1681,4,5,229.1,0,1.1487
4,267,32,fp32,T,N,519,-606624732,0.00933,0.00852,0.9137,4,957,4.2,0,0.8988
549,15,19950,bf16,N,T,64,-606623202,0.05424,0.25983,4.7902,4,37,415.5,0,0.9037
10,2136,10,bf16,T,N,441,-606630778,0.01097,0.00861,0.7852,4,962,11.7,0,0.9991
11,9,55,bf16,N,N,166,-606629829,0.01032,0.00877,0.8496,4,778,0.3,0,1.0091
7488,660,608,fp32,N,N,562,-606605148,0.20951,0.21477,1.0251,4,50,188.9,0,1.0839
738,481,13,bf16,T,T,39,-356,0.01143,0.00848,0.7420,4,849,127.0,0,0.9400
2903,646,13138,fp16,N,N,99,-606603416,0.65832,0.65385,0.9932,4,16,153.0,0,1.0654
19,292,10,bf16,T,T,39,-606619926,0.01148,0.00845,0.7365,4,830,2.5,0,0.9623
25,28,10,fp32,T,N,525,-606603838,0.01061,0.00914,0.8617,4,972,0.5,0,1.0096
409,3249,920,fp16,N,T,68,-606604851,0.05226,0.22482,4.3023,4,44,230.5,0,1.0116
20042,3,45,bf16,T,T,39,-606619917,0.01138,0.01645,1.4453,4,461,179.7,0,1.0023
3,61,232,fp16,T,N,49,-606603020,0.01171,0.03054,2.6075,4,226,2.6,0,1.0057
4,1,813,fp32,T,T,83,-9,0.00857,0.03034,3.5388,4,181,1.9,0,1.0245
4915,1,3,bf16,T,N,3,-9,0.00747,0.00557,0.7463,4,1110,6.6,0,1.0587
7615,3,4728,bf16,N,T,64,-606623149,0.07477,0.10440,1.3964,4,93,964.7,0,1.0078
32,492,1424,bf16,T,N,340,-606630798,0.01733,0.01769,1.0205,4,404,89.7,0,1.0091
14,16607,2775,fp16,N,N,103,-606624140,0.09831,0.18757,1.9079,4,53,947.8,0,1.0039
32415,1664,2,fp32,T,T,82,-606620832,0.15597,0.34214,2.1937,4,29,1385.1,0,1.0001
874,13294,19,fp16,N,N,98,-606603425,0.06948,0.09270,1.3342,4,102,676.7,0,1.0108
26,4435,3730,fp32,N,T,612,-606618203,0.08004,0.08506,1.0627,4,115,837.3,0,1.0092
2,7829,226,fp32,T,T,15,-606620831,0.02415,0.03138,1.2991,4,269,295.7,0,1.0365
2115,2242,1,fp16,N,T,62,-524,0.02442,0.04402,1.8022,4,197,776.9,0,0.9956
391,1,28891,bf16,N,N,4,-9,0.04953,1.50520,30.3876,4,7,457.3,0,1.0079
1929,5,11,fp16,T,T,53,-378,0.01148,0.00863,0.7520,4,861,7.1,0,1.0017
123,150,312,fp32,N,T,612,-606618108,0.01178,0.00886,0.7522,4,719,35.2,0,1.0021
736,135,13499,bf16,N,N,176,-606605266,0.11397,0.11386,0.9990,4,83,209.8,0,1.0125
4,2,1,fp32,N,N,329,-606627934,0.01049,0.00874,0.8330,4,736,0.0,0,1.0020
14,23660,56,fp16,N,T,62,-606627735,0.01196,0.02038,1.7043,4,402,332.6,0,1.0034
2,2,10320,bf16,N,N,18,-606629879,0.10506,0.10491,0.9986,4,74,0.8,0,1.0246
634,10,164,bf16,T,N,231,-606630723,0.01064,0.00876,0.8238,4,719,22.2,0,1.0106
666,3513,24,bf16,N,T,57,-606603193,0.01799,0.03302,1.8351,4,262,531.3,0,1.0103
18031,638,160,bf16,T,N,231,-606605602,0.07609,0.07578,0.9959,4,123,683.2,0,1.0018
3132,1454,858,bf16,N,N,166,-606629917,0.10668,0.19790,1.8552,4,50,244.5,0,1.0048
1,23768,2,fp32,N,N,557,-9,0.00735,0.00900,1.2256,4,861,38.8,0,1.0094
30698,21897,274,bf16,T,T,39,-606619900,7.15254,7.24096,1.0124,4,5,379.9,0,1.0213
6867,239,4,fp32,N,T,612,-606618245,0.01155,0.00974,0.8427,4,700,578.0,0,1.0241
6,46,22541,bf16,N,N,176,-606629919,0.04364,0.11842,2.7136,4,78,53.7,0,1.0038
17,52,6179,fp32,N,N,556,-606628038,0.03766,0.13094,3.4770,4,71,45.4,0,1.0030
1,2,185,fp16,T,N,31,-606602867,0.00440,0.00441,1.0016,4,1036,0.3,0,1.0002
7,21857,4,bf16,N,T,57,-606603238,0.00741,0.01471,1.9842,4,487,106.2,0,1.0055
1005,13315,10,fp32,N,N,556,-606627764,0.05771,0.07239,1.2543,4,131,937.4,0,0.9925
331,705,6,fp16,T,N,245,-606603020,0.00744,0.00813,1.0930,4,865,127.1,0,1.0039
143,125,19,fp32,T,N,519,-606624762,0.00744,0.00789,1.0598,4,967,12.3,0,0.9987
2299,39,1,bf16,T,T,39,-606619917,0.00762,0.00776,1.0183,4,757,47.7,0,1.0036
10258,11,6312,bf16,T,N,247,-606605544,0.15598,0.15535,0.9959,4,63,834.0,0,1.0128
34,5354,1,fp16,T,T,53,-606629613,0.00758,0.00806,1.0634,4,915,97.5,0,0.9977
19,21574,25,fp16,T,N,245,-606602969,0.00883,0.01869,2.1162,4,370,307.9,0,1.0059
1,7140,4962,bf16,N,N,284,-606629825,0.09580,0.09630,1.0053,4,103,740.1,0,0.9996
12324,208,6475,fp16,T,N,543,-606623022,0.34987,0.34745,0.9931,4,29,493.2,0,1.0567
40,62,74,fp16,T,N,245,-606602969,0.00731,0.00771,1.0547,4,902,3.4,0,0.9805
11,18,86,bf16,T,T,39,-606619917,0.00773,0.00781,1.0097,4,647,0.7,0,1.0026
2,5403,581,fp32,N,N,556,-606628037,0.01392,0.01714,1.2308,4,474,905.2,0,0.9984
2,10314,894,fp32,N,N,556,-606627846,0.03436,0.04926,1.4336,4,187,1076.0,0,1.0030
169,91,38,bf16,N,N,166,-606605260,0.00732,0.00759,1.0368,4,865,11.1,0,1.0024
1,10998,66,bf16,T,N,4,-9,0.00577,0.00909,1.5760,4,727,259.5,0,0.9988
6,135,24,bf16,T,T,4,-354,0.00772,0.00785,1.0170,4,805,1.3,0,0.9994
4,579,18372,bf16,T,T,4,-354,1.16500,1.99164,1.7096,4,6,18.4,0,1.0020
9,730,6,fp16,N,N,92,-606603275,0.00745,0.00762,1.0231,4,933,4.7,0,1.0037
537,364,183,bf16,N,T,57,-606603237,0.00731,0.00838,1.1466,4,692,152.1,0,1.0044
17904,1,1115,fp32,N,T,613,-606618433,0.08005,0.10074,1.2585,4,88,998.5,0,1.0038
3652,2,5,fp32,N,T,612,-606618171,0.00729,0.00768,1.0529,4,1014,14.0,0,1.0109
92,14,130,bf16,T,T,39,-606619917,0.00740,0.00762,1.0299,4,656,4.4,0,0.9980
4423,248,2,bf16,N,T,201,-606603184,0.00796,0.01205,1.5139,4,600,553.4,0,1.0042
3335,4,9855,fp16,N,T,70,-606604760,0.07477,0.14255,1.9066,4,68,880.9,0,1.0066
5,282,3315,fp32,T,T,82,-606620792,0.07597,0.17657,2.3241,4,58,50.2,0,0.9940
14,2151,1818,fp32,T,N,519,-606624689,0.02882,0.03100,1.0757,4,302,550.5,0,1.0171
337,42,2,bf16,T,N,231,-606630710,0.00750,0.00782,1.0427,4,830,7.8,0,0.9928
220,30,1,fp32,N,T,612,-606618309,0.00742,0.00785,1.0579,4,1048,3.7,0,1.0080
8,19,43,bf16,N,T,57,-606603220,0.00734,0.00755,1.0279,4,957,0.4,0,1.0108
90,187,66,fp16,N,T,62,-606627721,0.00738,0.00770,1.0437,4,816,14.1,0,1.0029
8,691,295,fp16,N,N,94,-606603275,0.00792,0.00801,1.0109,4,677,54.9,0,0.9974
20,51,11,bf16,T,T,39,-606619917,0.00841,0.00803,0.9544,4,733,0.7,0,0.9961
12564,16,574,fp32,T,N,539,-606603805,0.02854,0.03417,1.1974,4,267,1040.3,0,1.1399
5,2383,23,fp32,N,T,612,-606601985,0.00886,0.00813,0.9182,4,967,30.2,0,0.8882
16,220,72,fp32,T,T,82,-606620755,0.00892,0.00802,0.8996,4,677,9.2,0,1.0003
96,1309,122,fp16,N,N,94,-606603411,0.00836,0.00812,0.9705,4,757,101.1,0,0.9934
118,152,8,bf16,T,T,39,-355,0.00886,0.00827,0.9334,4,865,8.6,0,0.9946
3296,16,33,bf16,N,N,388,-606605272,0.00853,0.00806,0.9453,4,938,50.4,0,1.0029
2,10224,26560,fp16,N,N,399,-606624210,0.48873,1.50131,3.0719,4,7,1111.6,0,1.0017
486,7893,1042,bf16,N,T,57,-606603161,0.12256,0.29098,2.3742,4,32,267.7,0,1.0007
6,8387,214,bf16,N,T,57,-606603220,0.00896,0.01328,1.4824,4,581,423.4,0,1.0050
288,787,45,fp32,T,N,519,-606603796,0.00807,0.00801,0.9919,4,760,136.3,0,1.0158
14,855,174,fp32,N,N,556,-606627932,0.00826,0.00807,0.9763,4,763,79.0,0,1.0047
15258,3,189,fp32,T,T,82,-606620761,0.01758,0.01789,1.0178,4,456,666.8,0,1.0043
190,142,282,fp32,N,N,556,-606605038,0.00831,0.00812,0.9764,4,757,58.0,0,0.9991
7244,1784,5,fp16,N,N,358,-606624204,0.04898,0.04951,1.0108,4,180,1057.3,0,1.0030
35,255,2,fp16,T,N,245,-606622845,0.00808,0.00840,1.0397,4,849,4.6,0,1.0045
809,24,101,fp16,N,T,227,-606627721,0.00813,0.00807,0.9931,4,893,30.2,0,1.0046
1,136,775,fp16,T,N,35,-606602870,0.01060,0.01053,0.9937,4,498,20.1,0,1.0024
480,3697,1947,fp16,T,N,249,-606622985,0.11663,0.74915,6.4231,4,14,200.3,0,1.0086
11,9204,38,bf16,N,N,273,-606605199,0.00819,0.00786,0.9603,4,920,135.0,0,1.0030
713,157,29813,bf16,N,T,64,-606603150,0.42425,0.45882,1.0815,4,22,123.3,0,1.0147
730,8,20,fp32,T,T,82,-606620759,0.00817,0.00804,0.9836,4,877,10.1,0,1.0043
113,7289,34,fp16,N,T,62,-606627735,0.01072,0.01671,1.5585,4,465,354.2,0,1.0069
6,131,18,fp16,T,T,36,-606629603,0.00828,0.00824,0.9953,4,598,1.0,0,0.9943
5,2935,17,bf16,T,N,31,-606630710,0.00805,0.00783,0.9727,4,885,19.7,0,0.9978
2,906,19,fp16,N,N,98,-606624100,0.00805,0.00791,0.9828,4,938,5.2,0,1.0019
58,412,2278,bf16,T,N,345,-606605534,0.02176,0.06946,3.1920,4,128,102.8,0,1.0042
4238,11,503,fp16,N,T,62,-606627734,0.01237,0.01668,1.3488,4,479,360.7,0,1.0026
80,11,6,bf16,N,N,166,-606605218,0.00805,0.00791,0.9831,4,838,0.6,0,1.0035
300,7955,1,bf16,N,N,166,-606629829,0.01498,0.01489,0.9938,4,493,638.4,0,1.0005
11646,263,66,bf16,N,N,166,-606629917,0.02691,0.02721,1.0112,4,308,513.7,0,1.0136
598,18698,5434,fp32,T,N,519,-606624850,3.89300,4.08603,1.0496,4,5,119.2,0,1.0309
7,48,3662,fp32,T,T,82,-606620792,0.07902,0.14210,1.7983,4,54,10.2,0,0.9997
422,6,9498,fp16,N,T,70,-606604754,0.02666,0.13074,4.9032,4,76,305.3,0,1.0033
1,179,41,fp16,N,T,63,-9,0.00453,0.00808,1.7813,4,947,3.4,0,1.0047
4033,2302,3,fp32,T,N,519,-606603818,0.03410,0.03812,1.1179,4,225,1091.2,0,1.0043
1513,200,10,fp32,T,N,525,-606624685,0.00796,0.00795,0.9986,4,902,160.6,0,0.9973
2576,3,293,fp32,T,N,212,-606603783,0.00854,0.00879,1.0300,4,857,357.7,0,1.0101
32,9,3,bf16,T,N,231,-606630710,0.00797,0.00843,1.0577,4,993,0.2,0,1.0081
79,10610,12314,fp32,N,N,556,-606604984,0.84085,1.38147,1.6429,4,8,630.1,0,1.0663
17624,1822,3,bf16,T,T,39,-355,0.14720,0.42655,2.8978,4,23,873.4,0,0.9686
1,686,241,fp32,N,N,557,-606627940,0.00806,0.00805,0.9987,4,830,82.5,0,1.0035
10808,116,31,bf16,N,T,57,-606603238,0.01564,0.02645,1.6909,4,318,363.9,0,0.9991
3,3408,35,bf16,T,T,4,-357,0.00840,0.00822,0.9776,4,849,33.3,0,0.9776
17924,389,23,fp16,N,T,62,-606604838,0.04330,0.07367,1.7011,4,128,663.5,0,1.0222
48,10,7362,bf16,N,N,176,-606605266,0.01605,0.01461,0.9107,4,358,53.3,0,0.9812
10279,4,7,fp16,T,T,53,-378,0.00930,0.00854,0.9183,4,778,33.2,0,1.0043
13,40,34,bf16,N,N,388,-606605199,0.00849,0.00805,0.9479,4,1014,0.7,0,1.0089
371,1678,534,fp32,N,N,556,-606627761,0.03203,0.03929,1.2266,4,228,214.4,0,1.0107
2092,12095,486,bf16,N,N,166,-606605263,0.37265,1.10290,2.9596,4,9,308.6,0,1.0038
1,19410,389,fp16,N,N,93,-9,0.01676,0.01885,1.1246,4,419,905.7,0,1.0131
2,4,89,fp16,T,T,36,-374,0.00783,0.01615,2.0627,4,352,0.1,0,0.9994
2259,630,4242,fp16,T,N,250,-606603068,0.12814,0.47074,3.6736,4,22,235.7,0,0.9933
102,12697,1629,bf16,N,N,174,-606605264,0.09429,0.21749,2.3066,4,44,497.2,0,1.0038
11,1,1388,fp16,N,T,69,-9,0.00452,0.01057,2.3361,4,476,7.4,0,1.0067
18,16257,2,fp16,N,T,62,-520,0.00758,0.00978,1.2897,4,665,162.9,0,0.9884
132,1,354,fp16,N,T,63,-9,0.00456,0.00809,1.7752,4,607,20.8,0,1.0062
2238,24,5620,bf16,T,N,502,-606630769,0.03867,0.19548,5.0553,4,52,663.1,0,0.9945
477,85,134,fp32,T,T,82,-606620814,0.00787,0.01030,1.3081,4,557,58.9,0,0.9997
200,92,19841,fp16,T,N,396,-606603003,0.10050,0.95484,9.5011,4,11,116.0,0,0.9950
1037,138,12,fp16,T,T,88,-606629555,0.00907,0.00829,0.9137,4,798,66.2,0,1.0023
18,2,14746,fp16,N,N,48,-606603392,0.15195,0.15173,0.9985,4,47,3.9,0,0.9856
6,4739,22,fp16,N,N,94,-606624243,0.00846,0.00813,0.9615,4,893,38.1,0,1.0055
114,7,2,fp32,N,N,556,-606604955,0.00860,0.00833,0.9683,4,1054,0.5,0,0.9878
293,5,9,bf16,N,T,57,-606603183,0.00884,0.00830,0.9392,4,1009,1.3,0,1.0023
1679,13,6,fp16,T,N,245,-606622900,0.00866,0.00844,0.9748,4,889,12.4,0,1.0111
7,11465,135,bf16,N,N,166,-606629913,0.01025,0.00994,0.9694,4,697,333.5,0,1.0086
40,21,2,bf16,N,T,57,-606623163,0.00864,0.00814,0.9416,4,841,0.4,0,0.9970
7891,1949,4358,fp32,T,T,82,-606620827,3.98209,3.98087,0.9997,4,5,58.5,0,1.0971
60,17078,764,fp32,T,N,519,-606634109,0.07151,0.07252,1.0141,4,130,789.8,0,1.0918
22472,127,384,bf16,T,N,231,-606630849,0.03493,0.04188,1.1991,4,196,823.8,0,1.0027
3,480,795,fp32,T,N,253,-606624704,0.01246,0.02206,1.7706,4,301,123.7,0,0.8689
551,78,996,bf16,T,N,238,-606605540,0.01604,0.01812,1.1298,4,394,88.8,0,1.0149
2,3,236,bf16,N,T,57,-606623163,0.00803,0.00774,0.9636,4,753,0.3,0,1.0036
7017,739,50,fp32,N,T,612,-606618425,0.03692,0.05560,1.5057,4,167,603.8,0,1.0168
6,387,354,bf16,N,N,166,-606629876,0.00875,0.00837,0.9563,4,503,32.8,0,0.9864
14,5251,4529,fp16,N,N,103,-606624108,0.08691,0.08917,1.0260,4,107,552.1,0,1.0129
3,14,2,bf16,T,T,4,-354,0.00847,0.00846,0.9986,4,1042,0.0,0,0.9869
6442,1,85,fp32,N,T,613,-9,0.00516,0.00806,1.5614,4,893,429.4,0,0.9946
2,40,13041,fp32,T,T,15,-606620762,0.41876,0.67754,1.6180,4,14,5.2,0,0.9791
389,7,2805,fp32,T,N,519,-606603811,0.04151,0.04763,1.1473,4,194,107.3,0,1.0164
561,69,7386,fp16,T,T,53,-606629622,0.12792,0.92589,7.2382,4,11,74.0,0,1.0001
7,15729,352,fp16,T,N,63,-606622868,0.01821,0.08922,4.8994,4,108,632.5,0,1.0149
105,542,6,fp32,T,N,519,-606624792,0.00749,0.00784,1.0473,4,962,32.5,0,0.9823
20398,9,7,bf16,N,T,57,-606623163,0.00744,0.02079,2.7947,4,362,137.1,0,1.0012
1589,28,2342,fp16,N,T,68,-606627650,0.02443,0.02447,1.0015,4,357,317.3,0,0.9971
19400,9691,148,fp16,N,N,94,-606603419,1.40281,1.39829,0.9968,4,8,542.2,0,1.0517
2,1,141,bf16,N,N,2,-9,0.00450,0.02257,5.0200,4,279,0.2,0,0.9565
4498,3,13638,bf16,N,N,18,-606629879,0.22596,0.22600,1.0002,4,42,543.6,0,1.0089
144,21008,96,bf16,N,N,388,-606629838,0.01796,0.01794,0.9989,4,440,900.0,0,0.9901
3,280,2149,fp32,T,T,15,-606620762,0.07365,0.11384,1.5458,4,85,33.1,0,1.0054
5,56,14958,fp32,N,T,614,-606602200,0.12246,0.65087,5.3148,4,16,29.8,0,1.0043
100,620,8221,fp32,T,N,539,-606624705,0.12184,0.17698,1.4525,4,55,196.4,0,1.0033
4,2059,8025,fp16,N,N,103,-606603403,0.05693,0.06364,1.1180,4,146,582.2,0,0.9936
2089,13,22,fp32,N,N,556,-606627988,0.00764,0.00793,1.0385,4,982,38.5,0,0.9946
28791,145,28,bf16,N,T,57,-606623173,0.03292,0.05614,1.7052,4,164,556.4,0,1.0073
12,145,1934,bf16,T,N,244,-606605534,0.01303,0.04354,3.3419,4,141,47.1,0,0.9891
435,646,6,fp32,T,N,519,-606624685,0.00739,0.00766,1.0366,4,952,155.6,0,0.9926
523,538,118,bf16,N,T,57,-606623163,0.00733,0.00921,1.2567,4,700,187.6,0,1.0005
3,6,279,fp16,N,T,62,-606627668,0.00737,0.00771,1.0461,4,692,0.7,0,0.9842
3,25738,3,fp32,T,N,253,-606624792,0.00744,0.00764,1.0273,4,889,83.0,0,0.9965
8,1279,19144,fp16,T,N,259,-606602963,0.06794,0.07773,1.1441,4,117,725.8,0,0.9979
12478,95,2,bf16,N,N,166,-714,0.00871,0.01791,2.0573,4,430,550.4,0,0.9824
123,14380,3587,bf16,N,N,281,-606629921,0.19130,0.27012,1.4120,4,37,580.9,0,1.0068
1,2305,68,fp32,N,T,613,-9,0.00444,0.00793,1.7844,4,972,143.2,0,1.0007
9,19269,29079,fp32,N,T,612,-606618439,2.11905,2.25288,1.0632,4,5,1058.5,0,1.1120
18,8668,2,fp32,T,T,82,-606620797,0.00816,0.00803,0.9845,4,736,85.0,0,0.9274
11147,2,63,bf16,T,T,39,-606619917,0.00821,0.01381,1.6820,4,535,182.0,0,1.0030
3238,143,19,fp32,N,N,556,-606627835,0.00857,0.00865,1.0095,4,834,246.0,0,0.9968
13,553,7,bf16,N,N,166,-606605226,0.00810,0.00790,0.9761,4,812,4.5,0,1.0056
3400,4163,83,fp16,N,N,94,-606624255,0.09953,0.11192,1.1245,4,84,581.5,0,1.0093
2622,54,2,fp32,N,T,612,-606618206,0.00809,0.00796,0.9838,4,911,72.7,0,1.0070
41,467,972,fp16,T,N,249,-606622748,0.01403,0.01538,1.0958,4,403,75.8,0,0.9999
5436,1,90,fp16,T,T,54,-606629617,0.00548,0.00541,0.9877,4,1009,182.5,0,1.0011
6,6883,40,bf16,T,N,31,-606630818,0.00778,0.00734,0.9432,4,915,92.1,0,1.0045
1152,26369,455,fp32,N,N,556,-606628015,0.83942,0.83706,0.9972,4,12,204.4,0,1.1501
10164,95,5,fp32,N,T,612,-606602084,0.00891,0.01542,1.7298,4,535,456.4,0,0.8885
19,4,8587,bf16,N,T,64,-606623202,0.01402,0.06836,4.8765,4,79,28.2,0,1.0008
5,572,1438,fp16,N,T,68,-606627646,0.01450,0.01466,1.0106,4,500,115.2,0,1.0036
14140,67,386,fp16,N,T,62,-606627668,0.04232,0.04234,1.0003,4,214,348.7,0,1.0003
5437,15117,6019,fp16,N,N,90,-606624264,8.89448,8.98213,1.0099,4,5,64.8,0,1.1992
4896,1723,2035,bf16,N,T,57,-606623161,0.42964,0.43505,1.0126,4,23,141.2,0,0.9397
186,6455,5,bf16,T,N,231,-606630771,0.00967,0.00888,0.9179,4,703,503.4,0,0.9449
207,23,9,bf16,N,N,166,-606605226,0.00849,0.00806,0.9494,4,845,2.7,0,0.9880
11285,4,2120,bf16,T,T,39,-606619899,0.05581,0.08055,1.4434,4,124,860.9,0,1.0181
110,326,3,fp16,N,N,98,-606624100,0.00836,0.01516,1.8134,4,400,17.5,0,0.9782
8,40,1127,fp32,N,T,616,-606602200,0.01105,0.03032,2.7435,4,243,19.7,0,1.0164
310,9,8,fp32,N,T,612,-606618206,0.00860,0.00800,0.9300,4,967,2.5,0,0.9978
10,267,16,fp16,T,T,53,-606629612,0.00902,0.00807,0.8945,4,647,2.2,0,0.9506
913,1584,165,fp16,T,N,513,-606603059,0.01365,0.01354,0.9916,4,527,484.0,0,0.9932
2,2,1,bf16,N,N,12,-606629829,0.00792,0.00790,0.9976,4,838,0.0,0,0.9858
13,440,3,bf16,T,N,441,-606630671,0.00799,0.00829,1.0372,4,1042,3.2,0,0.9957
13871,1668,91,fp32,N,N,556,-606627767,0.17653,0.17511,0.9919,4,57,556.3,0,1.0665
200,4579,70,fp16,N,N,94,-606603313,0.01112,0.01088,0.9785,4,625,389.5,0,0.9611
1034,38,2704,fp16,N,N,107,-606624108,0.02121,0.02903,1.3684,4,307,280.7,0,1.0125
47,7179,3,fp32,N,T,612,-606618201,0.00798,0.00867,1.0869,4,695,180.1,0,1.0002
5,35,2208,fp16,N,T,68,-606627654,0.01345,0.01353,1.0064,4,381,13.2,0,1.0124
1200,121,1372,fp32,N,N,556,-606605100,0.02702,0.02940,1.0882,4,297,289.9,0,1.0061
3,3692,3,fp32,T,T,15,-606620754,0.00800,0.00801,1.0013,4,943,11.1,0,1.0008
1,7008,6688,fp16,N,N,394,-606624109,0.09194,0.14825,1.6125,4,67,1020.0,0,1.0008
151,89,17913,bf16,T,T,39,-606619899,0.33895,0.53939,1.5913,4,22,25.5,0,1.0079
48,170,13,fp16,T,N,245,-606622868,0.00799,0.00815,1.0191,4,661,4.8,0,1.0084
43,104,7,bf16,N,T,201,-606623200,0.00780,0.00802,1.0275,4,1042,2.6,0,1.0101
10524,9,7969,fp32,N,N,558,-606605146,0.33676,0.43697,1.2976,4,23,998.1,0,1.0107
9031,3497,253,fp32,T,T,82,-606620801,0.51139,0.59429,1.1621,4,17,271.8,0,1.0181
82,18846,3270,fp16,N,T,68,-606604809,0.19719,0.45768,2.3210,4,20,659.1,0,1.0988
1473,320,7,fp32,N,N,556,-606605027,0.00835,0.00845,1.0126,4,838,231.9,0,0.9058
95,7312,2007,fp32,N,N,556,-606628005,0.10837,0.12578,1.1607,4,77,574.3,0,0.9974
2,568,5,fp16,T,N,131,-606602975,0.00747,0.00824,1.1037,4,952,1.4,0,1.0027
33,371,9470,bf16,T,N,247,-606630698,0.04043,0.04037,0.9987,4,219,190.5,0,1.0056
564,12,206,bf16,N,T,57,-606603186,0.00741,0.00855,1.1542,4,692,35.7,0,0.9995
668,127,26,bf16,N,T,57,-606623167,0.00728,0.00761,1.0454,4,967,52.3,0,1.0062
1091,22,18967,fp16,T,T,53,-606629612,0.31358,2.41282,7.6945,4,5,134.9,0,1.0020
1,9544,738,bf16,T,N,4,-9,0.02191,0.05085,2.3208,4,185,644.7,0,1.0029
3,1831,9,fp32,T,N,253,-606624732,0.00737,0.00778,1.0562,4,982,11.9,0,0.9981
4438,30,2669,bf16,T,N,244,-606630768,0.04418,0.04411,0.9985,4,215,551.9,0,1.0060
475,464,1904,bf16,N,N,421,-606629833,0.03135,0.05979,1.9075,4,161,142.2,0,1.0034
223,12,13934,fp16,T,T,88,-606629622,0.24639,1.65583,6.7205,4,7,26.6,0,0.9987
1092,2,21588,fp16,N,N,48,-606624224,0.30307,0.30252,0.9982,4,33,155.9,0,1.0044
6155,5,20,fp32,N,T,612,-606601928,0.00875,0.00807,0.9226,4,967,70.4,0,0.9916
5581,302,10442,fp32,T,T,82,-606620815,1.24628,1.75601,1.4090,4,6,202.6,0,1.0028
47,105,12,bf16,T,N,231,-606630818,0.00832,0.00795,0.9546,4,977,2.8,0,1.0027
43,1056,2212,fp32,N,N,556,-606605146,0.02283,0.03421,1.4984,4,260,433.9,0,0.9998
551,19235,45,fp16,N,N,90,-606624258,0.07490,0.08337,1.1130,4,114,589.7,0,1.0144
6,40,394,fp16,T,T,71,-606629542,0.01686,0.05290,3.1382,4,146,2.2,0,1.0024
1,1400,34,bf16,T,N,4,-9,0.00525,0.00795,1.5135,4,638,19.2,0,1.0039
23,276,2296,bf16,T,N,345,-606605534,0.01445,0.06682,4.6252,4,119,96.8,0,1.0220
1954,14641,5709,fp16,N,N,94,-606624261,3.10071,4.33099,1.3968,4,5,98.0,0,1.0598
68,4169,23481,fp32,T,N,519,-606604027,0.78184,0.78692,1.0065,4,13,510.5,0,1.1212
2221,7045,8,fp32,N,T,612,-606602019,0.05553,0.07304,1.3154,4,128,1132.5,0,0.9398
205,366,20,bf16,N,N,166,-606605226,0.00909,0.00827,0.9092,4,885,35.5,0,0.9329
10,946,5,bf16,T,N,231,-606630714,0.00878,0.00827,0.9411,4,730,5.4,0,0.9867
1,31434,7593,bf16,T,T,4,-9,0.82553,0.82558,1.0001,4,13,578.4,0,1.0016
96,68,13981,fp16,T,T,53,-606629622,0.24932,1.83902,7.3763,4,6,18.5,0,1.0017
11445,7597,4602,bf16,N,N,166,-606630018,6.98225,8.12418,1.1635,4,5,74.9,0,1.0864
60,5,2220,fp32,N,T,612,-606618433,0.01698,0.03347,1.9710,4,166,34.1,0,0.9701
423,105,2,fp16,T,N,245,-606622845,0.00868,0.00835,0.9620,4,742,20.7,0,1.0072
3123,57,2290,fp16,T,N,255,-606622750,0.04095,0.04101,1.0016,4,221,373.1,0,1.0203
1339,4075,166,fp32,N,N,556,-606628035,0.07371,0.08484,1.1510,4,113,344.9,0,0.9923
3,30,125,fp16,N,N,92,-606624100,0.00828,0.02020,2.4385,4,272,1.0,0,1.0035
34,5596,1,fp32,T,N,525,-606624762,0.00810,0.00800,0.9879,4,911,96.7,0,1.0000
1431,10,3287,bf16,T,T,39,-606619899,0.06237,0.08986,1.4408,4,113,152.8,0,1.0044
107,229,1,fp32,N,N,556,-606605146,0.00816,0.00828,1.0143,4,1048,12.2,0,0.9841
1,26,2,fp32,N,T,613,-606618322,0.00475,0.00471,0.9905,4,1443,0.1,0,1.0022
24,4303,2,fp32,N,T,612,-606618246,0.00813,0.00841,1.0344,4,920,55.1,0,0.9989
773,239,10,bf16,T,N,231,-606630723,0.00805,0.00887,1.1015,4,590,94.3,0,1.0015
5,4555,2,fp16,N,N,90,-606624069,0.00821,0.00801,0.9759,4,967,13.3,0,0.9985
7037,25,1,fp32,N,T,612,-606601988,0.00804,0.00792,0.9848,4,865,91.0,0,1.0038
2325,10113,1,fp16,N,N,90,-606624072,0.09995,0.14401,1.4408,4,62,941.2,0,0.9966
7416,3,2,bf16,N,N,12,-606605218,0.00800,0.00776,0.9697,4,830,14.8,0,1.0088
18,9266,813,bf16,N,N,174,-606629913,0.02772,0.02871,1.0358,4,315,568.6,0,1.0043
3848,63,8,bf16,T,N,231,-606605476,0.00800,0.00781,0.9765,4,869,129.0,0,1.0026
15899,23777,22,fp32,T,N,519,-606624770,1.76646,2.15921,1.2223,4,5,858.0,0,1.0277
2,312,26877,fp32,N,N,556,-606628039,0.14325,0.40477,2.8256,4,24,235.7,0,0.9999
128,3267,2,bf16,N,T,57,-609,0.00791,0.00870,1.0986,4,830,213.1,0,0.9964
3589,24,740,fp32,N,T,614,-606601956,0.01912,0.02422,1.2670,4,356,577.4,0,0.9928
17,1679,102,fp32,T,N,519,-606624732,0.00744,0.00770,1.0342,4,943,108.3,0,0.9935
3,1431,12905,fp16,T,T,36,-374,0.80218,1.55242,1.9353,4,7,46.2,0,1.0037
1466,292,3815,bf16,N,T,62,-606623132,0.08057,0.09904,1.2292,4,96,187.7,0,1.0074
1642,6,1853,fp32,N,T,612,-606618430,0.02143,0.03058,1.4273,4,295,571.9,0,0.9969
10563,253,396,fp16,T,N,245,-606622954,0.04185,0.21226,5.0716,4,47,460.1,0,1.0068
12,805,3,fp16,T,T,53,-606629597,0.00789,0.00804,1.0188,4,952,5.5,0,0.9950
5,10915,1,fp32,T,N,519,-606624753,0.00735,0.00774,1.0535,4,943,35.6,0,1.0030
9812,4,426,fp32,N,T,616,-606601979,0.02192,0.04658,2.1251,4,197,770.3,0,1.0095
20,53,6325,fp32,T,N,519,-606624665,0.08771,0.09832,1.1209,4,96,21.1,0,0.9897
11628,12,2782,fp32,T,T,82,-606620762,0.10723,0.15119,1.4100,4,66,1213.2,0,1.0052
8603,872,1446,bf16,T,N,441,-606605574,0.21173,0.26222,1.2385,4,38,271.1,0,1.0524
4,988,1562,bf16,T,T,4,-354,0.09841,0.17042,1.7318,4,57,31.7,0,0.9602
9,32,2428,bf16,N,N,421,-606605266,0.01452,0.01690,1.1635,4,313,13.8,0,1.0058
1784,4,5743,fp32,N,T,616,-606602200,0.05208,0.09818,1.8851,4,99,789.2,0,1.0040
131,14092,34,fp16,T,N,382,-606622874,0.01483,0.02374,1.6005,4,279,563.1,0,1.0197
6984,1228,7126,bf16,T,N,332,-606605607,1.09290,1.49664,1.3694,4,7,138.5,0,1.0056
1,17,6070,fp32,T,T,13,-9,0.00722,0.00718,0.9939,4,656,60.5,0,0.9974
6252,14991,468,bf16,T,T,39,-606619900,1.22594,1.22498,0.9992,4,9,322.0,0,1.0860
1759,20,16754,bf16,T,T,39,-606619899,0.28413,0.42325,1.4897,4,24,210.3,0,0.9350
1881,4,852,fp32,N,N,556,-606605146,0.01053,0.01685,1.5999,4,497,613.0,0,1.0041
87,774,8,bf16,T,T,39,-606619917,0.00764,0.00773,1.0121,4,972,37.1,0,1.0037
2201,13,201,bf16,N,N,166,-606605260,0.00790,0.01176,1.4887,4,449,127.1,0,1.0021
13,206,7,fp32,T,T,82,-606620797,0.00760,0.00796,1.0484,4,915,2.2,0,0.9986
1812,17699,3,fp32,T,T,82,-606620755,0.17210,0.47258,2.7460,4,21,746.8,0,1.0019
332,14142,449,fp16,N,N,98,-606603425,0.07877,0.20458,2.5973,4,48,403.5,0,1.0045
306,9,29739,fp32,T,N,519,-606603802,0.39827,0.45012,1.1302,4,23,94.1,0,1.0026
446,4026,508,bf16,N,N,166,-606605264,0.03873,0.05863,1.5136,4,159,302.7,0,1.0061
2,236,3371,bf16,T,N,63,-606630798,0.03293,0.03292,0.9999,4,254,48.8,0,1.0074
115,56,2,fp16,T,N,513,-606602991,0.00754,0.00794,1.0528,4,1031,3.5,0,1.0004
1209,13,481,bf16,N,T,57,-606603186,0.00914,0.01137,1.2434,4,555,135.5,0,1.0037
498,1100,1501,fp32,N,N,556,-606628041,0.07385,0.08603,1.1649,4,109,159.6,0,1.0470
550,2,108,fp32,N,T,612,-606618319,0.00747,0.00780,1.0446,4,977,32.5,0,0.9630
32435,172,2285,bf16,T,N,332,-606630860,0.32720,0.73962,2.2605,4,14,523.6,0,1.0786
4756,20822,2290,fp16,N,T,62,-606627711,4.56146,4.41979,0.9689,4,5,112.5,0,0.9664
8401,33,346,bf16,T,N,231,-606630743,0.01915,0.03823,1.9964,4,236,362.7,0,0.9815
2,14,30737,bf16,N,T,64,-606623202,0.02022,0.24595,12.1651,4,28,48.7,0,0.9912
1007,59,111,fp32,N,T,612,-606601950,0.00881,0.00817,0.9269,4,906,80.7,0,1.0034
59,8381,3055,fp16,T,T,53,-606629613,0.08894,0.43145,4.8509,4,24,602.0,0,1.0185
18,21,5,fp32,T,N,519,-606603825,0.00734,0.00763,1.0403,4,865,0.3,0,0.9823
13004,5,7267,bf16,T,N,49,-606630808,0.22722,0.22725,1.0002,4,45,833.3,0,1.0099
5,1771,2131,bf16,N,T,62,-606623182,0.02280,0.02261,0.9916,4,378,333.6,0,0.9996
7,37,2645,fp16,N,T,68,-606627654,0.01635,0.01644,1.0051,4,331,14.3,0,1.0031
5947,536,384,fp16,T,T,88,-606629615,0.04369,0.16841,3.8550,4,58,405.8,0,1.0148
5606,8,3,fp16,N,T,227,-606604834,0.00751,0.00781,1.0392,4,982,28.4,0,0.9825
654,1504,18443,fp32,N,T,614,-606602207,1.26191,1.69096,1.3400,4,6,129.3,0,1.0327
3445,290,3,fp32,N,N,556,-606605028,0.00838,0.00882,1.0522,4,823,482.2,0,0.9775
2097,7,1060,fp16,T,N,77,-606602890,0.02247,0.07061,3.1426,4,119,201.1,0,1.0030
2735,1,1489,fp16,T,T,54,-606629587,0.02943,0.02952,1.0028,4,323,277.2,0,1.0026
37,3,571,bf16,N,T,57,-606623166,0.00742,0.00889,1.1981,4,559,6.2,0,1.0031
381,11056,57,bf16,N,N,388,-606629826,0.02538,0.03121,1.2298,4,277,715.4,0,1.0026
228,122,1,fp16,N,N,98,-606624140,0.00748,0.01542,2.0608,4,375,15.0,0,1.0032
1449,456,1130,fp32,T,T,82,-606620798,0.06172,0.08774,1.4216,4,111,182.3,0,1.0103
12339,863,10,fp32,T,N,519,-606634109,0.04014,0.05580,1.3901,4,163,1074.2,0,1.0001
2,1785,14,fp32,T,N,253,-606624744,0.00739,0.00777,1.0516,4,977,15.5,0,1.0035
699,923,15353,bf16,T,N,244,-606605453,0.32839,2.58978,7.8862,4,5,159.5,0,1.0478
1,1959,1,fp32,N,N,557,-606627980,0.00445,0.00444,0.9992,4,1303,3.5,0,0.9586
435,342,707,fp32,T,T,82,-606620815,0.02192,0.04164,1.8997,4,212,127.4,0,0.9852
1471,2848,3,bf16,T,T,39,-606619899,0.01801,0.02916,1.6189,4,280,931.6,0,0.9840
19255,31350,384,bf16,T,T,39,-606619900,7.24213,7.41896,1.0244,4,5,338.8,0,1.0522
7663,3,10,fp32,T,T,82,-606620798,0.00741,0.00787,1.0624,4,962,53.8,0,0.9613
288,4940,5,bf16,T,T,39,-355,0.01109,0.01486,1.3400,4,494,517.9,0,0.9906
10955,1,1082,fp16,T,T,54,-606629613,0.02994,0.02998,1.0013,4,297,793.2,0,0.9825
23,3,2440,fp16,N,T,68,-606604765,0.01355,0.01368,1.0097,4,384,9.4,0,0.9888
507,77,1357,fp32,N,N,556,-606605146,0.01641,0.02506,1.5277,4,360,202.7,0,1.0027
289,2146,2409,fp32,N,N,556,-606628040,0.11891,0.14845,1.2484,4,66,218.2,0,1.0060
810,21,21329,fp32,T,N,519,-606603802,0.27110,0.31244,1.1525,4,32,261.8,0,0.9972
3,405,1,fp32,T,T,15,-606620755,0.00764,0.00742,0.9704,4,1025,0.8,0,1.0093
4,5287,17,bf16,N,T,57,-606603220,0.00804,0.00923,1.1475,4,675,32.9,0,1.0013
16004,73,15078,fp16,N,N,103,-606603416,0.69408,1.56307,2.2520,4,7,705.2,0,1.0817
15514,37,21,fp16,T,T,53,-606629613,0.00889,0.01117,1.2568,4,600,331.9,0,0.9449
154,4,122,fp16,N,N,121,-606624205,0.00868,0.00802,0.9241,4,680,4.7,0,1.0010
3226,116,10,fp32,T,T,82,-606620755,0.00905,0.00827,0.9133,4,838,180.2,0,0.9968
2587,5504,3,fp16,N,N,352,-606603374,0.04903,0.05169,1.0543,4,180,1162.7,0,1.0044
485,6260,2,fp32,N,N,556,-606604914,0.01374,0.01784,1.2980,4,438,887.6,0,1.0023
13,3,577,fp16,T,N,51,-606622900,0.01493,0.07264,4.8662,4,102,1.2,0,0.9952
2130,5326,2078,fp32,N,T,612,-606602185,1.51726,1.57262,1.0365,4,7,70.8,0,1.1177
7,248,1,bf16,N,N,388,-606629861,0.00796,0.00795,0.9983,4,1042,0.9,0,0.9152
4245,1530,22,fp32,N,T,612,-606601982,0.03234,0.03469,1.0726,4,243,819.0,0,1.0038
128,4838,30997,bf16,N,T,62,-606603218,0.73846,0.71523,0.9686,4,14,420.3,0,1.0773
338,6011,38,bf16,T,T,39,-606619930,0.02275,0.02450,1.0768,4,342,378.4,0,0.9508
2481,227,444,bf16,N,T,57,-606623129,0.01883,0.09237,4.9060,4,101,247.4,0,0.9911
610,58,19455,fp32,T,N,519,-606603782,0.27735,0.27541,0.9930,4,39,187.9,0,0.9980
317,2,30,fp16,T,N,51,-546,0.00829,0.00820,0.9890,4,638,2.6,0,1.0043
3965,4931,3,bf16,N,N,166,-714,0.08526,0.09112,1.0688,4,104,917.9,0,1.0007
28254,31099,109,bf16,N,T,57,-606603219,6.28859,8.61983,1.3707,4,5,561.0,0,1.0157
15,9095,11,fp16,T,T,53,-606629583,0.00837,0.00908,1.0847,4,698,89.1,0,0.9964
67,4,212,fp16,T,T,88,-606629622,0.00833,0.02810,3.3725,4,271,3.7,0,0.9881
1051,24696,798,fp32,N,N,556,-606605139,1.33066,1.36928,1.0290,4,8,139.8,0,1.0915
11946,2295,102,fp16,T,N,245,-606602999,0.19704,0.42130,2.1381,4,23,571.3,0,0.9401
3134,111,49,fp32,T,T,82,-606620798,0.00805,0.00867,1.0768,4,733,251.9,0,0.9951
7,9,1488,bf16,N,T,62,-606603205,0.01126,0.01126,1.0000,4,424,4.2,0,1.0112
171,6256,1,fp32,T,T,82,-606620829,0.00891,0.01217,1.3666,4,576,483.3,0,1.0036
119,6412,5209,fp32,T,N,525,-606624866,0.27504,0.28464,1.0349,4,38,505.9,0,1.0812
2,4490,1237,bf16,N,N,174,-606605228,0.02932,0.03372,1.1500,4,258,380.2,0,0.9477
145,9042,94,bf16,N,T,57,-606603221,0.01770,0.03380,1.9094,4,259,393.8,0,1.0048
134,2106,10,fp32,T,N,519,-606624744,0.00860,0.00807,0.9387,4,792,141.7,0,1.0101
1,24381,227,bf16,N,T,58,-606603185,0.01869,0.03042,1.6274,4,293,597.4,0,1.0026
35,4,37,fp16,N,T,62,-606604834,0.00826,0.00795,0.9626,4,967,0.4,0,1.0028
859,3,674,fp16,T,T,53,-606629612,0.01408,0.08389,5.9557,4,107,83.2,0,1.0041
760,1,1241,fp16,T,N,33,-606622729,0.02583,0.02579,0.9986,4,351,73.3,0,1.0087
190,8171,190,fp32,N,T,612,-606618197,0.03158,0.03889,1.2315,4,234,397.9,0,1.0973
1020,35,20,fp16,T,N,245,-606603020,0.00848,0.00812,0.9577,4,560,21.8,0,0.9255
236,72,595,fp16,N,T,229,-606627734,0.00902,0.01645,1.8227,4,371,48.2,0,1.0027
9,79,40,fp16,N,N,90,-606624100,0.00883,0.00842,0.9540,4,539,1.1,0,1.0003
18,2,2352,fp16,T,N,57,-548,0.02351,0.25772,10.9637,4,33,4.0,0,1.0158
18,135,28690,fp32,N,N,556,-606628039,0.18376,0.48165,2.6210,4,21,95.6,0,0.9948
6466,16,3,fp32,T,T,82,-606620797,0.00771,0.00744,0.9644,4,952,63.7,0,1.0044
181,7,11,fp32,T,T,82,-606620797,0.00820,0.00823,1.0031,4,920,1.6,0,0.9917
1002,156,3963,bf16,N,T,64,-606623129,0.06449,0.09696,1.5036,4,96,152.0,0,1.0045
92,1151,115,fp32,N,N,556,-606605045,0.00803,0.00811,1.0098,4,719,123.9,0,0.9894
38,2,200,fp32,T,T,82,-606620829,0.00902,0.01072,1.1886,4,449,3.6,0,0.9959
12580,23645,774,fp16,N,T,62,-606627717,5.46786,6.09213,1.1142,4,5,227.9,0,1.0127
11124,15836,291,fp32,T,N,539,-606624838,3.12736,3.22151,1.0301,4,5,235.3,0,1.1080
5,14,38,fp16,N,T,62,-606627726,0.00747,0.00794,1.0620,4,722,0.2,0,0.9274
85,7,122,fp16,T,T,53,-606629612,0.00788,0.01750,2.2200,4,312,3.1,0,1.0110
830,11708,7,bf16,T,N,332,-606605428,0.03479,0.04644,1.3349,4,192,1122.2,0,1.0006
111,21,4,fp32,N,N,556,-606605027,0.00757,0.00791,1.0459,4,902,1.5,0,1.0005
451,403,225,fp32,T,N,519,-606624689,0.00767,0.01130,1.4727,4,581,195.0,0,1.0101
18,60,5,bf16,N,N,273,-606629849,0.00771,0.00792,1.0276,4,1048,0.7,0,1.0002
4,44,545,fp32,T,T,82,-606620797,0.01557,0.02147,1.3789,4,283,6.8,0,1.0071
17,19,11853,bf16,N,T,64,-606623202,0.01346,0.01297,0.9634,4,424,63.5,0,1.0184
12,413,15,fp32,N,T,612,-606618149,0.00772,0.00817,1.0590,4,982,5.9,0,1.0035
20,538,8,fp16,N,T,62,-606627724,0.00769,0.00812,1.0553,4,1003,6.8,0,1.0005
15,183,26,bf16,N,T,57,-606603187,0.00765,0.00811,1.0595,4,911,2.8,0,1.0011
4366,1,16663,fp16,N,T,71,-606604758,0.15109,0.23600,1.5620,4,42,963.4,0,1.0090
3773,33,1075,fp16,T,T,53,-606629613,0.02478,0.13997,5.6489,4,69,350.4,0,0.9944
819,4,174,bf16,N,T,57,-606603183,0.00760,0.00774,1.0188,4,736,39.4,0,1.0126
3601,205,15828,fp16,T,N,255,-606603068,0.41569,0.79283,1.9072,4,13,296.9,0,0.9883
352,526,1,fp32,T,N,519,-606603797,0.00717,0.00748,1.0438,4,938,103.8,0,0.9993
12266,121,20,fp16,T,N,245,-606603012,0.01406,0.02816,2.0036,4,288,457.6,0,1.0035
2,83,7514,fp32,T,N,253,-606603811,0.11508,0.12870,1.1184,4,76,22.2,0,1.0040
2,19003,31435,fp16,N,T,70,-606627647,1.21994,2.49144,2.0423,4,5,979.6,0,1.0073
16261,3,20976,bf16,N,T,64,-606603225,0.67594,0.73839,1.0924,4,13,1009.7,0,0.9834
14,706,1,bf16,T,T,39,-606619917,0.00748,0.00779,1.0413,4,889,5.5,0,1.0050
2691,101,241,bf16,N,N,166,-606629913,0.01244,0.01655,1.3298,4,457,195.5,0,1.0092
31983,1233,2,bf16,N,T,57,-606603193,0.18305,0.23876,1.3044,4,42,862.5,0,1.0087
3414,10809,1347,fp32,N,T,612,-606602014,2.95888,3.10772,1.0503,4,5,75.8,0,1.0016
21133,1357,2,bf16,N,N,166,-606629917,0.12059,0.15238,1.2637,4,64,952.0,0,0.9972
5400,241,6143,fp16,T,N,250,-606603075,0.18089,0.62323,3.4454,4,16,411.9,0,1.0165
50,28193,8,fp16,N,N,94,-606624071,0.01043,0.03596,3.4485,4,244,584.1,0,0.9998
186,329,3,fp16,N,T,62,-606627718,0.00829,0.00783,0.9444,4,972,29.9,0,1.0066
2478,4,1582,fp16,T,T,88,-606629622,0.03130,0.19712,6.2977,4,50,252.2,0,1.0039
15411,601,8,fp16,N,N,90,-606624071,0.03931,0.07921,2.0152,4,116,949.1,0,1.0029
10171,113,16721,fp16,T,N,255,-606622961,0.46254,5.16957,11.1764,4,5,753.5,0,1.0062
15698,324,23,fp16,T,N,382,-606622781,0.02450,0.08883,3.6251,4,105,860.3,0,1.0053
13,5065,9276,fp32,N,T,612,-606602198,0.18450,0.20998,1.1381,4,48,1022.6,0,1.0071
344,2139,20412,fp16,N,T,68,-606604809,0.46141,0.53431,1.1580,4,19,226.1,0,1.0212
1,6986,1982,bf16,T,N,10,-9,0.05075,0.06872,1.3541,4,131,546.3,0,1.0034
1,2,837,fp16,N,T,69,-9,0.00495,0.00832,1.6809,4,586,1.0,0,1.0000
137,4856,1851,fp32,N,N,556,-606628007,0.09881,0.12257,1.2404,4,79,401.1,0,1.0277
6,2922,17,fp32,T,T,82,-606620761,0.00798,0.00791,0.9909,4,962,33.7,0,0.9890
24846,23,9148,fp16,N,T,68,-606627664,0.50470,0.56027,1.1101,4,17,906.1,0,1.0246
3,132,1,bf16,N,N,273,-606605199,0.00792,0.00801,1.0107,4,1078,0.2,0,0.9946
6,2,59,fp32,N,T,612,-606618149,0.00809,0.00788,0.9737,4,943,0.2,0,1.0092
41,26,505,fp32,T,T,82,-606620789,0.01583,0.02131,1.3465,4,249,8.8,0,1.0093
2,5519,1431,bf16,N,N,174,-606605260,0.03508,0.03720,1.0605,4,240,451.7,0,1.0037
51,14,157,fp32,N,T,612,-606601967,0.00780,0.00795,1.0198,4,838,5.6,0,1.0107
8844,101,2,bf16,T,T,39,-355,0.00846,0.01016,1.2010,4,615,426.4,0,1.0177
173,14,24,fp32,N,N,556,-606605095,0.00806,0.00779,0.9661,4,977,3.4,0,1.0011
9,8061,42,fp32,N,N,556,-606605038,0.00813,0.00812,0.9985,4,865,202.4,0,1.0090
21,7546,303,fp16,N,T,62,-606604836,0.01301,0.01682,1.2929,4,479,401.2,0,1.0046
2367,18,751,fp16,N,T,62,-606604831,0.01386,0.01683,1.2143,4,473,270.7,0,1.0014
6,27033,110,fp32,T,T,82,-606620798,0.02576,0.05820,2.2591,4,161,487.0,0,1.0006
13350,7782,27,fp32,T,T,82,-606620831,0.60229,1.11184,1.8460,4,9,693.7,0,1.0134
91,620,3,bf16,N,T,57,-606623166,0.00796,0.00805,1.0111,4,987,28.9,0,1.0083
159,273,39,fp16,N,T,62,-606604842,0.00803,0.00795,0.9907,4,805,25.8,0,1.0053
3516,2947,37,fp32,N,T,612,-606618242,0.05643,0.05884,1.0427,4,150,751.4,0,1.0191
7166,4,26,fp32,T,T,82,-606620798,0.00815,0.00791,0.9712,4,915,105.6,0,0.9882
423,30727,1,fp32,T,T,82,-606620831,0.06852,0.13708,2.0006,4,70,760.6,0,1.0000
3827,2,2,bf16,T,N,19,-606630714,0.00790,0.00804,1.0179,4,1019,5.8,0,1.0052
107,7,3860,fp16,T,N,84,-606603003,0.01442,0.01358,0.9413,4,461,61.2,0,1.0097
27,3,1,fp32,T,T,82,-606620773,0.00817,0.00808,0.9896,4,947,0.1,0,0.9980
6247,893,2,fp16,N,T,62,-524,0.02859,0.05622,1.9662,4,163,781.4,0,1.0172
56,7508,11,fp32,T,N,539,-606603898,0.00906,0.00874,0.9646,4,834,222.3,0,0.9924
1231,223,1887,bf16,T,T,39,-606619899,0.04025,0.05745,1.4275,4,170,163.6,0,1.0086
25,7,11524,fp32,N,N,556,-606605146,0.06410,0.29508,4.6035,4,28,23.0,0,0.9767
2430,14095,9,fp32,T,N,519,-606603817,0.12285,0.18555,1.5104,4,53,1120.0,0,1.0317
204,23,3,fp32,T,T,82,-606620814,0.00755,0.00779,1.0326,4,898,2.8,0,0.9708
221,2,21463,fp16,T,T,53,-606629621,0.37624,2.54904,6.7751,4,5,25.4,0,1.0019
8,570,6700,fp16,N,N,107,-606603283,0.02161,0.02158,0.9987,4,363,359.3,0,1.0048
516,521,3,fp32,T,T,82,-606620755,0.00747,0.00784,1.0494,4,902,145.7,0,1.0014
257,27,402,bf16,T,T,39,-606619899,0.01025,0.01024,0.9989,4,510,25.0,0,1.0007
13898,12176,1172,fp16,N,T,227,-606604859,4.20938,4.46427,1.0606,4,5,175.3,0,1.1169
8,6878,20579,fp32,T,N,519,-606604023,0.59346,0.91629,1.5440,4,11,955.5,0,0.9310
10,19,66,fp32,T,T,82,-606620754,0.00806,0.00794,0.9858,4,753,1.0,0,1.0079
1,38,620,fp16,N,N,93,-9,0.00787,0.02782,3.5358,4,215,6.2,0,1.0123
13,640,10748,bf16,N,N,425,-606605173,0.02610,0.18776,7.1930,4,49,539.0,0,1.0044
11289,6739,73,bf16,N,N,166,-606605264,0.54082,0.55496,1.0262,4,18,567.5,0,1.0098
2,8,6759,bf16,N,N,425,-606605266,0.01433,0.01391,0.9705,4,393,9.4,0,1.0084
623,9408,11,fp16,N,T,227,-606627713,0.02700,0.05293,1.9606,4,173,876.5,0,1.0112
4,39,12,bf16,T,T,4,-356,0.00848,0.00817,0.9637,4,952,0.2,0,1.0013
1215,5,17713,fp16,N,T,70,-606627643,0.09532,0.26637,2.7945,4,38,453.7,0,1.0098
6807,33,253,bf16,T,T,39,-606619899,0.01364,0.02140,1.5689,4,380,319.6,0,0.9925
25,10,15,fp32,T,N,519,-606603885,0.00802,0.00812,1.0123,4,881,0.4,0,1.0025
3,293,2,fp32,T,T,15,-606620755,0.00818,0.00808,0.9878,4,898,0.7,0,0.9840
239,2,37,fp32,T,T,82,-606620789,0.00826,0.00826,0.9998,4,898,4.5,0,1.0012
267,235,105,fp16,T,T,53,-606629613,0.00835,0.01695,2.0298,4,354,42.7,0,1.0094
19,41,30,fp32,T,T,82,-606620796,0.00823,0.00810,0.9847,4,819,1.3,0,0.9929
7092,5,25,bf16,N,N,27,-606605179,0.00805,0.00789,0.9797,4,598,61.7,0,1.0019
13,21,6636,fp32,T,N,519,-606624680,0.05966,0.13261,2.2229,4,66,15.1,0,0.9983
617,40,33,bf16,T,N,441,-606630691,0.00785,0.00774,0.9868,4,993,18.1,0,1.0013
6717,15098,1,fp16,T,N,245,-606622933,0.37062,1.42478,3.8443,4,7,1094.7,0,0.9895
4,23,1073,fp16,T,T,36,-374,0.04914,0.13365,2.7196,4,69,1.2,0,0.9994
35,3,56,bf16,N,N,12,-606629879,0.00830,0.00798,0.9605,4,645,0.6,0,0.9955
14414,99,1506,fp32,N,T,612,-606602209,0.18288,0.23034,1.2595,4,45,509.3,0,1.0559
139,26505,10,bf16,N,N,166,-714,0.02553,0.02730,1.0694,4,298,598.2,0,0.9555
12,17,121,fp16,N,T,62,-606627724,0.00819,0.00830,1.0134,4,611,1.0,0,0.9807
9564,26079,17,bf16,T,T,39,-355,1.68981,3.76770,2.2297,4,5,591.1,0,0.9792
31,12127,1506,fp16,N,T,68,-606604773,0.05532,0.05108,0.9234,4,171,689.2,0,1.0034
21300,155,12222,fp16,N,T,62,-606627741,1.38616,1.39452,1.0060,4,8,387.9,0,1.0836
15388,835,53,bf16,N,N,166,-606605218,0.09179,0.09318,1.0151,4,102,578.6,0,0.9596
15,18035,559,fp16,T,N,245,-606622868,0.03084,0.05170,1.6764,4,177,689.5,0,1.0134
354,2,6,bf16,T,N,19,-606630714,0.00787,0.00791,1.0056,4,1003,0.9,0,1.0011
5,101,59,bf16,T,T,4,-356,0.00844,0.00823,0.9743,4,630,1.7,0,1.0080
128,18,4,bf16,N,T,57,-606623167,0.00816,0.00812,0.9952,4,998,1.3,0,1.0067
11,1023,24913,bf16,T,N,248,-606605451,0.08406,0.08383,0.9973,4,111,613.4,0,1.0025
4,1456,286,fp32,T,T,82,-606620798,0.01195,0.01691,1.4150,4,454,141.8,0,1.0044
32554,38,1518,fp16,N,T,68,-606604779,0.14464,0.15868,1.0971,4,62,718.3,0,1.0060
1334,12933,2,fp16,T,T,53,-606629603,0.07755,0.14183,1.8289,4,71,890.6,0,1.0015
127,12,5105,bf16,N,T,64,-606603222,0.01404,0.03341,2.3798,4,226,101.5,0,1.0062
3642,3,18,bf16,N,N,12,-606605179,0.00783,0.00794,1.0138,4,938,22.3,0,1.0087
1,18266,2,fp32,T,T,13,-9,0.00588,0.00588,0.9987,4,1165,37.3,0,1.0034
39,156,57,fp16,N,N,217,-606603263,0.00815,0.00822,1.0088,4,632,5.7,0,1.0030
2991,686,58,fp32,N,N,556,-606627765,0.01782,0.02864,1.6074,4,299,508.4,0,1.0178
229,2501,4,bf16,T,T,39,-606619899,0.00881,0.00866,0.9829,4,873,262.7,0,1.0111
66,7,364,fp32,N,T,612,-606601893,0.00800,0.00815,1.0187,4,700,13.5,0,1.0043
5224,6,2315,bf16,T,N,46,-606630722,0.04257,0.06847,1.6083,4,139,571.7,0,1.0055
2,574,73,fp16,N,T,62,-606627732,0.00800,0.00803,1.0037,4,962,11.1,0,1.0000
17325,4,11,fp16,T,N,163,-606622854,0.00820,0.01204,1.4689,4,476,80.3,0,1.0159
71,3,28059,fp16,N,N,40,-606603392,0.56023,0.55823,0.9964,4,18,7.4,0,1.0007
2546,79,11928,fp32,N,T,612,-606618432,0.25747,0.31978,1.2420,4,32,489.6,0,1.0227
24,21394,118,bf16,N,N,166,-606629829,0.01576,0.01576,1.0000,4,499,451.1,0,1.0035
2,197,8353,bf16,N,N,176,-606605266,0.02382,0.02372,0.9960,4,298,139.6,0,1.0087
2,7,219,bf16,N,T,57,-606603205,0.00830,0.00825,0.9931,4,760,0.5,0,1.0042
16665,309,563,bf16,N,T,57,-606623161,0.11911,0.12437,1.0442,4,78,333.4,0,1.0037
3,2,117,fp32,N,T,612,-606602088,0.00807,0.00798,0.9885,4,861,0.3,0,0.9957
4,1277,1,fp32,T,N,519,-606624741,0.00806,0.00838,1.0387,4,1036,3.2,0,0.9894
16,2384,1096,fp32,N,N,562,-606605146,0.01348,0.02098,1.5563,4,406,792.0,0,1.0074
450,146,2,fp16,T,T,88,-606629545,0.00832,0.00864,1.0393,4,772,31.9,0,0.9852
77,2850,12,fp16,T,N,245,-606603020,0.00753,0.00820,1.0894,4,819,125.9,0,1.0040
572,24665,2,fp32,T,N,519,-606624687,0.05441,0.07265,1.3353,4,136,1041.0,0,1.0378
8,906,141,fp16,T,T,53,-606629622,0.00761,0.01728,2.2706,4,345,37.7,0,0.9706
25247,29914,2075,fp16,N,N,92,-606624260,29.62989,29.45446,0.9941,4,5,109.7,0,1.1277
12486,5482,50,fp16,N,N,98,-606624260,0.41261,0.53987,1.3084,4,19,667.9,0,0.9839
1365,285,5,bf16,T,T,39,-606619917,0.00808,0.00797,0.9863,4,889,194.6,0,0.9926
269,974,2,bf16,N,N,166,-606605179,0.00764,0.00781,1.0221,4,893,137.9,0,0.9953
93,70,273,bf16,N,N,166,-606605226,0.00822,0.00818,0.9955,4,615,14.0,0,0.9911
56,2224,483,fp16,N,T,227,-606604828,0.01231,0.01304,1.0595,4,562,219.4,0,0.9980
2577,74,40,fp16,T,N,245,-606603020,0.00820,0.01023,1.2472,4,541,118.8,0,0.9934
426,7,12736,bf16,T,N,49,-606630698,0.02345,0.02324,0.9912,4,330,470.9,0,0.9932
1081,2920,8,fp32,T,N,525,-606624794,0.01370,0.01789,1.3054,4,422,930.7,0,0.9943
797,74,3849,bf16,N,N,176,-606605266,0.02978,0.06589,2.2122,4,145,233.0,0,1.0141
120,9583,564,bf16,T,T,39,-606619915,0.03265,0.03619,1.1085,4,241,476.1,0,1.0161
4,2,4677,fp16,N,T,70,-606627643,0.01433,0.01964,1.3701,4,264,3.9,0,0.9987
795,11859,635,bf16,N,T,57,-606603219,0.19385,0.54041,2.7878,4,19,277.4,0,1.0346
974,245,11796,fp32,N,T,612,-606618439,0.22304,0.50505,2.2644,4,20,262.2,0,0.9772
54,5,34,bf16,T,T,39,-606619917,0.00915,0.00787,0.8600,4,782,0.6,0,0.9795
23748,8,491,fp16,N,N,358,-606624142,0.03434,0.05387,1.5689,4,173,701.5,0,1.0079
3889,5,9,bf16,T,N,35,-606630723,0.00864,0.00796,0.9209,4,993,17.1,0,1.0001
9,2,369,fp16,N,N,37,-606603313,0.00965,0.04822,4.9993,4,160,0.8,0,1.0033
31,167,42,bf16,T,N,231,-606605566,0.00893,0.00807,0.9040,4,747,4.2,0,1.0164
147,25,12,fp32,N,N,556,-606605146,0.00847,0.00818,0.9656,4,972,2.7,0,1.0011
12,254,1851,fp32,T,T,82,-606620796,0.04556,0.09679,2.1245,4,98,43.5,0,1.0009
3,589,21642,fp32,N,T,612,-606602200,0.15631,0.94470,6.0437,4,11,327.9,0,1.0031
15,82,76,fp16,T,T,88,-606629542,0.00830,0.01198,1.4433,4,460,2.4,0,1.0030
29,46,5,fp32,T,T,82,-606620797,0.00822,0.00815,0.9913,4,906,0.8,0,1.0013
172,4123,1830,fp16,N,T,68,-606604779,0.05348,0.17220,3.2199,4,57,347.0,0,1.0037
1330,2,18275,bf16,N,T,64,-606623151,0.10560,0.26880,2.5455,4,38,461.1,0,1.0035
13642,17,3,bf16,T,N,231,-606605476,0.00801,0.01164,1.4526,4,594,126.0,0,1.0033
3,17,10312,fp32,T,N,253,-606603802,0.11385,0.20476,1.7986,4,43,7.2,0,1.0092
5,3029,9869,fp16,T,T,36,-374,0.60999,1.21209,1.9871,4,9,98.3,0,1.0016
481,1027,8,bf16,T,T,39,-606619917,0.00874,0.00833,0.9534,4,865,228.8,0,1.0092
914,2,32,fp32,N,T,612,-606618108,0.00880,0.00811,0.9216,4,982,14.1,0,1.0125
330,27,21825,fp32,N,T,612,-606618433,0.15776,0.45269,2.8694,4,22,197.8,0,1.0018
23,18432,11019,bf16,N,T,214,-606623210,0.43206,0.53427,1.2365,4,19,945.2,0,1.0015
116,6610,16833,fp32,T,T,82,-606620788,0.91504,0.87537,0.9566,4,12,498.3,0,1.1594
4,6,11575,fp16,T,T,36,-374,0.57156,1.36960,2.3963,4,8,0.4,0,0.8793
548,488,3298,fp32,T,N,539,-606603985,0.07321,0.09183,1.2544,4,106,201.3,0,1.0310
104,918,8794,fp32,N,T,612,-606618430,0.11558,0.15296,1.3234,4,66,314.3,0,0.9994
246,92,1962,bf16,T,N,345,-606605534,0.01916,0.05609,2.9278,4,137,74.0,0,1.0028
65,1564,301,bf16,N,T,57,-606623165,0.00929,0.00938,1.0097,4,670,149.3,0,1.0064
1070,3483,11962,fp32,N,T,612,-606601879,2.77939,2.87258,1.0335,4,5,83.7,0,1.0072
8471,19445,7757,fp16,N,N,90,-606603431,21.46497,22.36649,1.0420,4,5,50.9,0,1.0688
8444,8579,10426,bf16,T,T,39,-606619916,12.47016,23.27719,1.8666,4,5,51.7,0,1.0444
542,103,27547,fp16,N,T,70,-606627655,0.18168,0.43339,2.3855,4,24,196.8,0,0.9436
1504,11,22581,fp16,T,T,53,-606629612,0.34693,2.71871,7.8365,4,5,197.4,0,1.0011
310,109,9,bf16,T,T,39,-606619899,0.00722,0.00735,1.0183,4,865,19.8,0,1.0024
13683,122,3126,fp16,T,T,88,-606629614,0.19457,0.91908,4.7236,4,11,477.9,0,1.0044
479,11460,436,bf16,T,T,39,-606619903,0.09237,0.10732,1.1618,4,88,350.4,0,1.0089
1211,210,2373,bf16,T,T,39,-606619899,0.04616,0.06504,1.4091,4,138,168.1,0,1.0097
97,415,30368,fp32,N,T,612,-606618433,0.22773,1.33409,5.8582,4,8,273.8,0,0.9847
46,333,13339,fp16,T,T,53,-606629613,0.21995,1.38536,6.2984,4,8,46.2,0,0.9792
31665,11312,908,bf16,N,N,388,-606605353,5.91709,5.91203,0.9991,4,5,255.3,0,1.0285
11,32,175,fp16,T,N,513,-606622742,0.00718,0.00742,1.0336,4,911,2.3,0,0.9964
7608,7767,5448,fp16,N,N,94,-606624264,5.41639,6.16318,1.1379,4,5,74.6,0,1.0927
5158,12067,9594,fp16,T,T,53,-606629620,18.32479,21.03456,1.1479,4,5,31.6,0,0.9469
108,1494,6456,fp16,N,N,107,-606603403,0.06577,0.08090,1.2300,4,108,324.3,0,1.0035
868,738,4650,fp16,N,T,68,-606604779,0.10134,0.10105,0.9971,4,94,172.7,0,1.0087
5598,4073,13160,fp32,T,T,82,-606620770,17.21618,18.67267,1.0846,4,5,34.9,0,1.0611
739,24939,2775,fp32,N,N,556,-606605053,2.97632,4.14524,1.3927,4,5,120.5,0,0.9768
2835,14795,1658,fp16,T,T,53,-606629620,1.49045,9.00902,6.0445,4,5,151.8,0,1.0070
287,131,320,fp16,T,N,245,-606622752,0.01065,0.00819,0.7693,4,745,39.3,0,1.0087
13108,22,31,fp16,N,T,62,-606627726,0.01066,0.01092,1.0244,4,628,184.6,0,1.0199
10848,701,522,fp32,T,N,519,-606624768,0.24099,0.24231,1.0055,4,41,226.3,0,1.0428
17998,5336,5444,fp16,T,T,88,-606629617,11.90954,12.43046,1.0437,4,5,53.6,0,1.3153
2909,140,2265,fp32,N,N,556,-606605019,0.11372,0.11271,0.9911,4,83,257.2,0,0.9214
3200,534,157,fp16,N,T,62,-606627698,0.02447,0.03028,1.2375,4,245,327.3,0,0.8633
960,172,11369,fp16,T,N,395,-606603005,0.11589,0.50887,4.3909,4,20,227.8,0,0.9266
3,8,11,fp32,N,N,556,-606605037,0.01111,0.00864,0.7781,4,982,0.1,0,1.0089
4221,2901,6992,fp16,N,T,62,-606627711,1.54595,1.52410,0.9859,4,7,96.1,0,1.0190
11355,18671,1506,bf16,N,T,57,-606603161,7.12785,7.20139,1.0103,4,5,131.7,0,1.2239
13250,820,1695,fp16,N,T,62,-606604827,0.46422,0.68171,1.4685,4,13,196.4,0,0.8530
90,15055,3,fp16,T,N,245,-606622940,0.01189,0.02034,1.7102,4,357,463.4,0,1.0048
1448,9859,436,bf16,T,N,231,-606630861,0.17544,0.17554,1.0005,4,56,381.7,0,1.1283
891,21353,1062,fp16,T,T,53,-606629618,0.49831,0.50133,1.0061,4,20,247.5,0,0.9670
1273,436,5,fp32,T,T,82,-606620815,0.01154,0.00918,0.7953,4,636,195.3,0,0.9159
90,1263,1049,bf16,T,T,39,-606619899,0.02398,0.02332,0.9728,4,352,137.4,0,1.0066
371,1173,20,fp32,T,T,82,-606620797,0.01136,0.01021,0.8985,4,613,164.0,0,0.9915
4476,6253,24070,fp16,N,N,94,-606603420,12.68349,12.53730,0.9885,4,5,49.5,0,1.1566
13672,92,167,bf16,N,N,273,-606605187,0.01916,0.02538,1.3241,4,323,502.4,0,0.9008
13006,688,67,fp16,N,N,358,-606603314,0.04843,0.05453,1.1258,4,159,776.9,0,1.0045
8854,6881,7921,bf16,N,T,57,-606623161,12.16141,12.83380,1.0553,4,5,40.5,0,1.1290
1752,31222,658,fp16,N,T,62,-606604827,0.97390,1.09342,1.1227,4,9,269.2,0,0.9889
28430,6,11,fp32,T,N,519,-606603886,0.01044,0.01136,1.0874,4,617,185.1,0,0.9553
189,237,6358,fp16,T,T,53,-606629613,0.11497,0.61553,5.3540,4,16,48.7,0,1.0006
8082,4818,6704,bf16,T,T,39,-606619911,4.58906,4.72900,1.0305,4,5,71.6,0,1.0155
23,26459,158,fp32,T,N,519,-606624669,0.02255,0.02542,1.1273,4,331,850.1,0,1.0326
2044,1650,25653,fp16,T,N,245,-606603099,1.34631,3.56651,2.6491,4,5,150.8,0,1.1417
12123,2949,13604,bf16,N,N,166,-606630014,8.03048,8.90687,1.1091,4,5,68.9,0,0.9032
247,53,18,fp32,N,T,612,-606601997,0.01021,0.00850,0.8323,4,785,7.2,0,0.9943
6765,456,247,fp32,N,N,556,-606605059,0.06758,0.06932,1.0257,4,135,288.2,0,1.0258
178,10108,20414,bf16,N,T,62,-606623198,0.91095,1.51548,1.6636,4,7,468.9,0,0.9952
37,223,10796,bf16,T,T,39,-606619899,0.18987,0.29236,1.5398,4,38,29.7,0,1.0001
2103,501,616,fp32,N,N,556,-606627966,0.05183,0.06118,1.1805,4,152,205.1,0,1.0264
3063,2159,14038,fp32,T,N,519,-606634108,5.23811,5.34592,1.0206,4,5,61.0,0,1.0033
63,210,28,fp16,N,T,62,-606627724,0.01017,0.00791,0.7774,4,933,6.7,0,1.0031
106,530,1334,fp16,N,T,68,-606627734,0.01809,0.01858,1.0271,4,391,106.2,0,0.9517
11,347,8591,bf16,T,N,247,-606630698,0.02099,0.01740,0.8291,4,296,293.8,0,0.9827
1283,8967,424,fp32,N,N,556,-606605142,0.31699,0.31921,1.0070,4,31,200.0,0,1.0120
6245,6878,5350,fp16,N,T,62,-606604851,4.36178,4.39369,1.0073,4,5,71.6,0,1.0174
9130,24112,7838,bf16,T,T,39,-606619916,29.76056,45.19686,1.5187,4,5,47.1,0,0.9397
13397,5344,521,fp16,N,N,352,-606624259,0.85885,0.86292,1.0047,4,12,356.2,0,1.0096
3170,13320,866,bf16,T,T,39,-606619900,0.77521,0.79113,1.0205,4,13,254.7,0,1.0089
574,79,1902,bf16,T,T,39,-606619899,0.03415,0.04782,1.4002,4,183,78.0,0,1.0038
41,26234,3203,bf16,N,T,62,-606603145,0.22902,0.23379,1.0208,4,43,753.7,0,1.0109
1529,9827,999,fp16,N,T,62,-606627717,0.38477,1.38903,3.6100,4,7,215.2,0,1.0175
19969,1539,267,fp32,N,N,556,-606628015,0.57409,0.53608,0.9338,4,19,254.1,0,1.0062
721,3690,1206,bf16,T,N,238,-606630856,0.08100,0.48877,6.0341,4,21,262.7,0,1.0132
522,5595,235,bf16,T,T,39,-606619926,0.05377,0.05708,1.0616,4,161,270.7,0,0.9913
3132,7257,12119,bf16,T,N,231,-606630826,4.39019,12.81472,2.9189,4,5,78.1,0,1.0081
6090,16021,7452,bf16,N,N,166,-606630017,11.61335,18.46407,1.5899,4,5,62.0,0,1.0035
390,5827,2320,fp32,T,N,519,-606624946,0.38641,0.39546,1.0234,4,25,172.8,0,1.0006
10839,3314,1430,bf16,N,T,57,-606603161,1.12139,1.12091,0.9996,4,9,164.2,0,1.0106
2710,3249,7472,fp16,N,T,62,-606627698,1.18983,1.18822,0.9986,4,9,104.4,0,1.0068
3559,189,25,fp32,T,N,519,-606603801,0.00871,0.00863,0.9906,4,802,351.9,0,1.0029
8,25,43,fp16,N,N,94,-606603411,0.01077,0.00863,0.8012,4,542,0.3,0,0.9943
18045,4500,71,fp16,T,T,53,-606629582,0.80151,0.87899,1.0967,4,11,409.2,0,1.0064
310,5491,7696,fp32,T,T,82,-606620797,0.91616,1.31202,1.4321,4,8,202.4,0,1.0122
299,1138,70,fp16,N,N,92,-606624243,0.01044,0.00830,0.7949,4,716,149.6,0,1.0077
52,2711,42,fp16,T,N,245,-606622900,0.01080,0.01031,0.9549,4,546,73.7,0,1.0063
132,42,673,bf16,T,N,231,-606605540,0.01200,0.01906,1.5891,4,295,21.4,0,0.9990
7772,1229,7114,fp16,T,T,53,-606629618,1.28598,9.05620,7.0423,4,5,129.3,0,1.0432
1300,1208,615,bf16,N,N,398,-606629837,0.03429,0.05285,1.5412,4,175,273.1,0,0.9991
765,1763,213,fp32,N,N,556,-606605032,0.02890,0.03447,1.1928,4,250,261.2,0,1.0035
407,9639,85,fp32,N,N,556,-606605059,0.03658,0.03892,1.0638,4,231,522.3,0,1.0049
14,31892,4,fp16,T,N,382,-606622862,0.01177,0.02199,1.8679,4,345,173.4,0,1.0042
11545,29476,85,fp16,N,N,217,-606624260,1.98768,2.16317,1.0883,4,5,688.3,0,1.0045
1920,14000,13877,fp16,T,T,53,-606629610,6.43243,47.25605,7.3465,4,5,85.4,0,1.0625
6,27,20,fp32,N,N,556,-606627793,0.01007,0.00824,0.8180,4,845,0.3,0,1.0068
296,957,3300,bf16,T,T,39,-606619899,0.06188,0.08818,1.4250,4,110,151.9,0,1.0097
530,2642,284,fp16,T,N,245,-606622888,0.02492,0.09398,3.7706,4,102,297.0,0,1.0223
210,3848,1278,bf16,T,N,464,-606605555,0.03907,0.04000,1.0239,4,205,348.2,0,1.0094
15003,18,16563,fp16,T,T,53,-606629613,0.61491,3.31894,5.3974,4,5,811.0,0,0.9935
119,53,180,fp16,T,N,245,-606622752,0.00929,0.01404,1.5115,4,399,9.4,0,1.0072
635,596,25198,bf16,N,T,64,-606623132,0.41050,0.40963,0.9979,4,25,154.8,0,1.0086
198,899,1464,fp32,T,N,519,-606603986,0.03232,0.03574,1.1057,4,249,220.8,0,1.0623
2514,19485,1027,bf16,T,N,231,-606605573,0.94958,1.00608,1.0595,4,10,253.9,0,1.0570
799,1202,587,bf16,N,T,57,-606623124,0.02935,0.03508,1.1953,4,227,210.9,0,0.9335
4119,7849,13742,fp16,T,T,53,-606629618,14.14654,59.92617,4.2361,4,5,32.4,0,1.1580
1659,912,3024,fp16,N,T,239,-606604812,0.09843,0.11443,1.1625,4,78,219.5,0,0.9294
48,27107,11163,fp16,T,T,53,-606629621,1.00495,1.14803,1.1424,4,9,608.5,0,0.9980
29693,13981,5710,bf16,T,T,39,-606619916,39.02160,57.04253,1.4618,4,5,55.3,0,1.1008
505,7784,7175,fp16,T,T,53,-606629610,0.75011,4.28474,5.7121,4,5,179.5,0,1.0164
952,12707,55,bf16,T,T,39,-606619902,0.16506,0.16537,1.0019,4,57,302.3,0,0.9293
30,16,10436,fp32,N,T,614,-606618431,0.08585,0.21705,2.5282,4,44,22.4,0,0.9848
8014,3117,19888,fp16,T,T,53,-606629618,12.55633,67.21912,5.3534,4,5,43.2,0,1.1296
599,15344,2546,bf16,N,T,201,-606603161,0.52625,0.52192,0.9918,4,19,224.1,0,0.9505
441,2354,870,fp16,T,N,249,-606622954,0.03332,0.15088,4.5281,4,65,270.6,0,1.0120
708,2015,2483,fp16,T,T,53,-606629606,0.11315,0.63860,5.6441,4,16,169.9,0,0.9857
6425,5582,10222,bf16,N,T,57,-606603218,9.84363,10.25568,1.0419,4,5,39.5,0,1.1030
53,59,66,bf16,T,T,39,-606619917,0.00755,0.00775,1.0273,4,690,3.6,0,0.9164
14230,10707,12024,bf16,T,T,39,-606619916,34.97785,59.97167,1.7146,4,5,34.6,0,0.8914
10,8,21430,bf16,T,N,503,-606605451,0.01958,0.10205,5.2119,4,88,39.4,0,0.9993
5835,4065,887,bf16,N,T,57,-606623199,0.58859,0.59094,1.0040,4,17,191.0,0,1.0174
774,3074,2038,fp16,T,N,249,-606623013,0.12197,1.04347,8.5549,4,10,206.6,0,1.0024
11344,661,205,fp32,N,T,612,-606618090,0.12875,0.13949,1.0834,4,70,309.4,0,1.0014
699,92,518,fp32,N,N,556,-606605050,0.01039,0.01168,1.1241,4,581,182.5,0,1.0005
6565,31977,10068,fp16,N,N,90,-606624262,34.74612,36.91398,1.0624,4,5,46.5,0,1.1995
27715,2683,2693,fp16,T,T,53,-606629615,4.62954,4.92427,1.0637,4,5,99.6,0,0.9496
18673,78,96,fp16,T,N,245,-606622955,0.01606,0.03268,2.0351,4,268,586.9,0,1.0024
3789,20270,1699,fp16,N,N,92,-606603427,2.55489,2.65544,1.0394,4,5,152.2,0,1.0007
989,11829,104,bf16,T,T,39,-606619904,0.16475,0.16440,0.9979,4,58,300.2,0,1.0090
1995,3293,4304,bf16,T,N,231,-606605646,0.45493,1.22083,2.6835,4,9,157.8,0,1.0032
788,375,140,fp32,N,T,612,-606634096,0.00873,0.01026,1.1745,4,654,209.9,0,0.9993
79,413,6,bf16,N,T,57,-606603205,0.00854,0.00794,0.9296,4,972,16.0,0,1.0015
17455,137,7932,fp16,T,N,249,-606622944,0.60266,0.76864,1.2754,4,13,479.0,0,1.2255
7089,4018,3197,fp16,N,N,92,-606603427,1.74798,2.27270,1.3002,4,5,105.8,0,0.8838
508,471,22804,fp16,T,N,258,-606603005,0.20974,2.47566,11.8036,4,5,217.5,0,0.9408
7975,23689,8735,fp16,T,T,53,-606629618,53.34953,60.03396,1.1253,4,5,24.5,0,1.0469
226,303,58,bf16,N,T,57,-606623200,0.00812,0.00770,0.9483,4,893,41.3,0,0.9882
3230,76,1458,fp32,T,N,525,-606604046,0.04303,0.05184,1.2050,4,183,470.9,0,1.0863
52,239,248,fp32,T,T,82,-606620814,0.01082,0.01360,1.2577,4,391,31.3,0,0.9246
16368,6804,21486,bf16,T,T,39,-606619916,38.55712,82.89024,2.1498,4,5,37.4,0,1.0838
19,1391,5979,fp16,N,T,70,-606604761,0.04623,0.04970,1.0752,4,183,367.0,0,1.0120
490,4993,1305,fp16,N,N,101,-606624258,0.09585,0.16120,1.6818,4,61,251.4,0,0.9893
97,117,298,fp16,T,T,53,-606629612,0.00897,0.03706,4.1328,4,200,19.3,0,0.9997
20461,10938,9352,fp16,N,N,92,-606603429,37.78988,39.22840,1.0381,4,5,39.2,0,1.1547
3233,11662,8262,bf16,N,N,166,-606630010,5.41465,8.43073,1.5570,4,5,73.3,0,1.0200
519,22678,6,bf16,T,T,39,-355,0.06549,0.15631,2.3868,4,63,723.1,0,0.9308
7,138,9256,fp16,T,T,71,-606629570,0.31098,1.63028,5.2423,4,7,8.6,0,0.9954
15817,7593,13900,fp16,N,N,90,-606603433,27.69439,30.10760,1.0871,4,5,40.8,0,1.0172
7362,17306,166,fp32,T,T,82,-606620763,1.39749,1.44054,1.0308,4,8,376.4,0,1.0532
178,55,1372,fp16,T,T,53,-606629612,0.02367,0.13107,5.5376,4,55,28.7,0,0.9706
5411,4,1673,fp32,T,T,82,-606620798,0.04386,0.08697,1.9831,4,106,828.2,0,0.9967
6431,9410,12698,fp32,T,T,82,-606620808,48.23017,50.57522,1.0486,4,5,21.7,0,1.2450
25,3866,9578,bf16,T,N,247,-606605499,0.14630,0.40495,2.7679,4,22,512.1,0,0.8237
6017,6663,169,fp32,N,T,612,-606618354,0.51197,0.59966,1.1713,4,18,330.0,0,1.1185
213,5015,185,bf16,T,N,231,-606605522,0.02068,0.02067,0.9993,4,370,300.1,0,0.9174
35,5322,124,fp32,N,N,556,-606604940,0.00913,0.01259,1.3786,4,550,372.6,0,0.9831
289,3562,1884,fp32,T,T,82,-606620828,0.15821,0.24900,1.5739,4,40,209.5,0,1.1215
9056,61,68,fp32,T,T,82,-606620814,0.01168,0.01611,1.3791,4,447,401.5,0,0.8921
4536,3858,25627,fp16,N,T,62,-606604809,14.02492,21.11171,1.5053,4,5,35.7,0,0.9716
1105,606,1685,bf16,N,T,62,-606623132,0.04771,0.04764,0.9987,4,191,177.0,0,1.0042
2010,18514,978,fp16,T,N,245,-606603091,0.72284,0.84199,1.1648,4,12,261.5,0,0.9997
304,518,2132,bf16,T,T,39,-606619899,0.04124,0.05566,1.3496,4,166,100.3,0,1.0087
937,325,11054,bf16,N,T,64,-606603225,0.17103,0.46825,2.7378,4,21,170.3,0,1.0037
5795,381,1797,bf16,N,T,62,-606623161,0.11184,0.15736,1.4071,4,62,277.4,0,1.0020
21260,324,3513,bf16,N,N,273,-606605263,0.56819,0.74321,1.3080,4,14,315.4,0,1.0638
1713,21882,582,fp32,N,T,612,-606602016,1.50093,1.60015,1.0661,4,7,136.5,0,1.1205
23099,445,5714,fp32,T,T,82,-606620798,3.49380,3.75614,1.0751,4,5,165.8,0,0.9635
4700,48,16,fp32,N,T,616,-606618201,0.00828,0.00801,0.9683,4,902,145.8,0,0.9667
230,8592,18796,fp16,T,T,88,-606629607,1.07354,5.47803,5.1028,4,5,316.3,0,1.0390
23260,56,25586,fp16,N,T,239,-606627681,1.36685,1.61073,1.1784,4,6,876.7,0,0.9668
26624,35,5,bf16,N,T,57,-609,0.01085,0.02595,2.3905,4,320,367.9,0,1.0040
1031,17532,277,bf16,T,T,39,-606619915,0.24058,0.26146,1.0868,4,37,343.3,0,1.0143
7,4,1460,bf16,N,N,87,-606629822,0.01160,0.01162,1.0012,4,439,2.8,0,1.0123
223,1532,1198,fp16,N,T,68,-606604779,0.02713,0.06948,2.5608,4,133,205.3,0,0.9722
209,8807,2132,bf16,T,N,238,-606630847,0.12435,0.29190,2.3474,4,33,368.4,0,0.9988
6,471,239,fp32,T,N,519,-606624665,0.00803,0.00782,0.9739,4,924,58.2,0,0.9958
29481,3854,4343,bf16,T,N,231,-606630846,8.87175,9.25030,1.0427,4,5,83.9,0,1.2146
8554,2729,8186,bf16,N,N,166,-606605363,3.59873,4.00853,1.1139,4,5,77.3,0,0.9810
3514,18,1330,fp16,T,T,88,-606629612,0.02758,0.16753,6.0752,4,56,349.9,0,0.9124
20418,1115,3737,fp16,N,T,62,-606604870,2.02248,1.92823,0.9534,4,5,124.6,0,0.9692
7388,5782,22317,fp16,N,T,62,-606604870,30.69021,41.69392,1.3585,4,5,24.7,0,0.8850
69,183,7065,fp16,T,N,258,-606603003,0.03240,0.03240,1.0001,4,248,111.5,0,0.9698
787,345,14,bf16,T,N,231,-606605467,0.00852,0.00786,0.9220,4,600,131.2,0,1.0004
706,547,510,bf16,N,N,166,-606629913,0.01917,0.02833,1.4781,4,289,147.3,0,1.0050
13,3970,8,fp32,N,N,556,-606627763,0.00866,0.00818,0.9447,4,987,38.6,0,1.0003
38,16,1,fp16,N,N,358,-606624091,0.00895,0.00840,0.9378,4,938,0.3,0,1.0117
1427,11054,1520,fp32,T,T,82,-606620795,1.43486,1.50874,1.0515,4,7,96.9,0,1.0395
8767,14,27,fp16,T,T,53,-606629621,0.00914,0.00836,0.9151,4,739,105.6,0,0.9799
2360,36,936,fp16,N,T,68,-606627734,0.01663,0.03936,2.3672,4,233,290.2,0,1.0133
4806,1280,2171,fp32,T,T,82,-606620831,0.79828,0.81242,1.0177,4,13,97.0,0,1.0634
2312,12287,9778,bf16,N,T,57,-606623198,7.40206,7.45631,1.0073,4,5,53.9,0,1.0925
3148,17417,6631,bf16,T,T,39,-606619916,6.62629,9.78973,1.4774,4,5,74.3,0,0.9118
165,6598,1182,bf16,N,T,62,-606623140,0.05211,0.09116,1.7493,4,105,390.4,0,0.9995
2247,13111,3246,fp16,N,N,90,-606603422,1.84764,1.91650,1.0373,4,6,117.7,0,1.0005
3026,17781,243,bf16,T,N,231,-606605607,0.48055,0.49294,1.0258,4,20,468.9,0,1.0022
66,53,697,fp32,N,N,556,-606628039,0.00747,0.00852,1.1401,4,554,46.3,0,0.9942
17,69,15749,bf16,N,T,64,-606603222,0.01725,0.24810,14.3838,4,40,157.3,0,1.0025
4414,2118,994,fp32,N,N,556,-606605073,0.56976,0.63317,1.1113,4,16,111.2,0,1.0324
283,1828,11,fp16,N,N,217,-606603267,0.00782,0.00828,1.0591,4,877,270.6,0,0.9987
18244,15,524,bf16,N,T,57,-606603225,0.03133,0.03939,1.2572,4,229,645.8,0,1.0038
243,5,14460,fp16,N,T,70,-606604754,0.02706,0.17894,6.6122,4,53,265.2,0,0.9989
692,257,1902,bf16,N,N,176,-606605183,0.02966,0.04973,1.6768,4,186,145.7,0,1.0031
12873,831,2288,fp32,T,T,82,-606620832,1.44641,1.47752,1.0215,4,7,116.3,0,1.0416
1914,2057,25335,fp16,N,N,94,-606603414,2.10523,2.73668,1.2999,4,5,103.1,0,0.9741
17029,2426,10833,fp16,N,T,62,-606604822,12.76443,12.41152,0.9724,4,5,46.0,0,0.9060
5187,11059,4783,fp16,N,T,62,-606627698,6.42126,6.24659,0.9728,4,5,59.9,0,1.1808
24,23,6,fp32,N,T,612,-606602085,0.00854,0.00823,0.9646,4,1036,0.4,0,0.8903
7690,81,35,fp16,T,T,53,-606629622,0.00822,0.01365,1.6599,4,533,369.2,0,1.0091
13986,1499,8926,fp16,N,N,94,-606624264,3.90033,4.01435,1.0292,4,5,92.4,0,1.1561
4285,439,491,fp32,N,N,556,-606605073,0.07659,0.08760,1.1438,4,115,219.4,0,0.9850
3799,8751,752,fp32,T,T,82,-606620810,1.62198,1.76817,1.0901,4,6,105.3,0,1.0302
9399,1556,3395,fp16,N,N,217,-606603333,0.97442,0.99216,1.0182,4,10,136.4,0,0.9231
3761,229,3676,fp32,N,N,556,-606628040,0.26150,0.37224,1.4235,4,27,237.5,0,0.9886
646,27333,33,fp32,N,N,556,-606627855,0.10448,0.12310,1.1783,4,78,711.4,0,1.0141
1082,1481,10246,fp16,T,N,250,-606622974,0.49629,0.64656,1.3028,4,16,118.7,0,1.0095
5943,13175,5398,bf16,T,T,39,-606619916,7.73221,10.64796,1.3771,4,5,67.2,0,1.1692
1695,10202,10579,fp16,N,T,62,-606627760,5.01829,5.07058,1.0104,4,5,63.9,0,0.9919
457,64,2,fp16,T,N,513,-606602992,0.00817,0.00802,0.9823,4,819,14.6,0,0.9227
6788,669,5683,bf16,T,T,39,-606619902,0.63670,0.63781,1.0017,4,16,161.6,0,1.0742
19468,10850,2657,fp16,T,N,245,-606603082,9.65215,9.59323,0.9939,4,5,104.2,0,1.0642
78,9461,3247,fp16,T,N,255,-606603068,0.10091,0.81319,8.0585,4,12,643.1,0,0.9340
253,22,14216,bf16,N,T,64,-606603222,0.02871,0.20516,7.1471,4,52,273.2,0,0.9828
29,8,19,bf16,T,T,39,-606619917,0.00821,0.00797,0.9713,4,760,0.3,0,0.9987
2466,29214,2420,fp16,N,N,98,-606603427,3.75092,3.87265,1.0325,4,5,117.7,0,1.1584
24574,1844,1711,fp16,T,N,382,-606622995,1.40736,1.47354,1.0470,4,7,193.0,0,0.8605
2820,5972,12065,fp16,N,T,62,-606627741,5.34044,8.54734,1.6005,4,5,52.3,0,1.1581
14825,575,724,bf16,T,N,231,-606630855,0.15435,0.15431,0.9998,4,56,365.4,0,0.8694
4234,2703,981,fp32,T,T,82,-606620795,0.71328,0.72465,1.0159,4,14,102.3,0,1.0330
63,458,6341,fp16,N,N,101,-606603283,0.02381,0.02376,0.9979,4,296,282.4,0,0.9404
2923,36,24,fp16,T,T,88,-606629568,0.00832,0.00823,0.9890,4,733,67.6,0,0.9422
760,1875,19,fp32,T,T,82,-606620815,0.01602,0.01709,1.0674,4,441,368.4,0,1.0054
2028,13165,17061,bf16,T,T,39,-606619916,7.37744,12.82000,1.7377,4,5,84.7,0,1.0060
2654,164,1400,fp32,T,N,525,-606604018,0.05513,0.08278,1.5015,4,106,317.8,0,1.0894
91,4,393,bf16,N,N,81,-606629831,0.00727,0.00755,1.0394,4,656,10.5,0,0.9274
191,6425,109,fp16,T,T,53,-606629606,0.01655,0.03294,1.9895,4,265,383.6,0,1.0006
821,653,2749,bf16,N,T,62,-606623132,0.07592,0.07259,0.9562,4,133,135.0,0,0.9641
1261,3343,7068,fp32,N,T,612,-606618436,1.84720,2.01479,1.0907,4,5,79.6,0,1.0727
28,10238,699,fp32,T,N,519,-606624697,0.03172,0.04283,1.3503,4,210,941.0,0,0.9399
2496,5210,5047,fp16,N,T,62,-606604851,1.36439,1.35379,0.9922,4,8,95.1,0,1.0816
17088,44,1274,fp32,N,N,562,-606628001,0.11692,0.12811,1.0957,4,69,772.4,0,1.0417
108,79,17,fp16,N,T,62,-606627724,0.00860,0.00787,0.9157,4,938,4.7,0,0.9294
85,159,107,fp16,T,T,53,-606629622,0.00925,0.01700,1.8382,4,329,11.5,0,0.9996
1903,8565,7041,fp32,T,N,519,-606603912,6.42793,6.64164,1.0332,4,5,56.0,0,1.0020
1110,5036,28685,fp16,N,T,62,-606604851,4.55766,7.10594,1.5591,4,5,82.3,0,0.9992
797,2439,3698,fp32,N,N,556,-606605073,0.51283,0.60000,1.1700,4,18,108.5,0,1.1729
84,23359,2953,fp16,T,T,53,-606629617,0.22260,0.22681,1.0189,4,43,657.3,0,0.9133
27,412,39,fp16,N,N,217,-606624090,0.00802,0.00802,1.0000,4,962,9.8,0,1.0011
2251,5446,2994,bf16,N,T,57,-606603145,0.73209,2.83123,3.8673,4,5,129.9,0,1.0090
98,37,2607,bf16,N,T,62,-606623139,0.01743,0.01759,1.0089,4,345,41.2,0,0.9978
852,326,31,fp32,T,T,82,-606620796,0.00810,0.00843,1.0412,4,730,155.2,0,0.9999
13639,9253,4923,fp16,T,T,53,-606629611,17.27835,18.02468,1.0432,4,5,42.3,0,1.0038
17055,928,3591,fp16,N,N,352,-606624255,1.12214,1.21105,1.0792,4,9,171.5,0,1.0071
2207,152,52,fp32,N,N,556,-606604959,0.00746,0.00873,1.1706,4,708,245.6,0,0.9983
1558,1105,4372,bf16,N,T,62,-606623161,0.18671,0.26249,1.4059,4,38,161.6,0,1.0099
178,2089,1018,fp32,T,T,82,-606620789,0.03315,0.07233,2.1821,4,133,323.4,0,0.9942
1517,9370,24,bf16,T,N,231,-606630771,0.07439,0.07419,0.9973,4,126,771.3,0,1.0001
1070,10861,19,bf16,N,N,166,-606605179,0.06899,0.06893,0.9992,4,134,680.4,0,0.9990
10,16170,710,bf16,N,N,166,-606629913,0.03119,0.03113,0.9981,4,277,757.4,0,1.0064
9449,665,3396,fp16,N,N,90,-606603384,0.49808,0.63292,1.2707,4,16,188.4,0,1.0130
6640,1143,62,bf16,T,N,231,-606605480,0.05692,0.26215,4.6056,4,38,550.3,0,1.0006
16968,1334,1268,fp16,N,N,98,-606603427,0.61272,0.67421,1.1003,4,15,223.5,0,1.0045
207,8,3,fp16,T,N,513,-606602880,0.00753,0.00799,1.0622,4,957,1.1,0,0.9972
200,28492,2740,bf16,T,N,332,-606630854,0.38133,0.40719,1.0678,4,25,472.1,0,1.0169
8909,677,888,fp32,N,N,556,-606605073,0.34842,0.35738,1.0257,4,28,167.0,0,1.0025
9151,16,104,fp16,N,N,352,-606603268,0.00825,0.01337,1.6201,4,565,302.0,0,0.9964
4537,578,31840,fp16,T,N,249,-606622995,1.58991,3.67916,2.3141,4,5,211.5,0,1.0188
45,7,30,fp32,T,T,82,-606620754,0.00794,0.00783,0.9869,4,830,0.9,0,0.9932
42,114,2824,bf16,N,N,176,-606605266,0.01360,0.01243,0.9140,4,457,66.2,0,1.0177
5204,254,38,fp16,T,T,88,-606629552,0.01367,0.01898,1.3882,4,416,417.1,0,0.9996
892,6367,227,fp32,N,N,556,-606605142,0.09574,0.11474,1.1985,4,83,306.1,0,1.0505
246,118,196,fp32,N,T,612,-606618106,0.00844,0.00767,0.9095,4,929,47.6,0,0.9492
5071,3592,15425,fp16,T,T,53,-606629608,7.83217,35.79150,4.5698,4,5,43.4,0,1.0122
4875,21,226,fp32,N,N,556,-606605144,0.00972,0.01445,1.4873,4,544,497.7,0,1.0107
4960,6813,982,fp16,T,N,245,-606603091,0.66718,0.76007,1.1392,4,14,237.3,0,0.9979
94,10447,71,fp16,N,N,94,-606624140,0.01266,0.01255,0.9917,4,570,428.6,0,1.0012
1121,1422,5,fp16,T,T,53,-606629598,0.00976,0.00948,0.9716,4,673,655.9,0,1.0190
1922,3684,6687,fp16,N,N,223,-606624193,0.90334,1.02571,1.1355,4,10,114.4,0,1.0024
9363,1327,29986,bf16,T,N,231,-606605657,6.87437,12.34694,1.7961,4,5,100.5,0,1.0018
5726,3992,8517,fp16,N,T,227,-606627758,3.52162,5.11723,1.4531,4,5,73.0,0,0.8420
38,2161,5939,bf16,T,N,247,-606605519,0.07462,0.21934,2.9393,4,41,354.4,0,1.0004
60,415,21537,fp16,N,N,103,-606624108,0.06248,0.13844,2.2158,4,66,329.1,0,1.0001
13,16,101,fp32,N,T,614,-606602097,0.00839,0.00796,0.9492,4,885,1.5,0,1.0017
144,4,961,fp32,N,N,562,-606628039,0.00814,0.01023,1.2567,4,469,70.1,0,1.0041
10,5,1262,fp16,N,T,68,-606627721,0.01064,0.01072,1.0074,4,452,3.6,0,1.0020
831,722,1709,bf16,T,T,39,-606619899,0.05000,0.05779,1.1559,4,163,154.2,0,1.0047
13111,2726,16249,bf16,T,T,39,-606619916,10.33080,17.84235,1.7271,4,5,63.7,0,1.0129
2879,69,430,fp16,N,T,62,-606627726,0.01333,0.04149,3.1132,4,218,249.8,0,1.0043
22029,4324,8690,bf16,N,T,57,-606623198,23.47072,23.79572,1.0138,4,5,35.7,0,1.0829
18109,475,262,bf16,T,T,39,-606619903,0.13485,0.14652,1.0866,4,65,327.4,0,0.9580
812,30398,9507,bf16,N,T,57,-606603181,6.58617,6.66515,1.0120,4,5,105.1,0,1.0998
922,570,529,fp16,T,N,245,-606602942,0.02362,0.03354,1.4199,4,254,155.8,0,0.9210
1849,1481,2037,bf16,T,T,39,-606619910,0.15040,0.14828,0.9859,4,66,163.0,0,1.0169
1387,179,142,bf16,T,T,39,-606619899,0.00823,0.00794,0.9642,4,753,174.7,0,0.9884
2627,374,26299,fp16,T,N,255,-606603068,0.69864,0.69176,0.9902,4,15,231.6,0,1.0236
328,177,60,fp32,N,T,612,-606601892,0.00888,0.00816,0.9189,4,603,39.8,0,0.9696
2201,501,254,bf16,T,T,39,-606619915,0.02192,0.02324,1.0601,4,354,263.8,0,1.0037
7,8372,10763,fp16,T,T,36,-374,0.88953,2.04656,2.3007,4,5,203.0,0,0.9906
4912,29533,19,fp16,N,T,62,-606604838,0.81629,1.14406,1.4015,4,9,712.5,0,1.0033
4050,1307,16699,fp16,T,T,53,-606629616,2.35310,12.47810,5.3028,4,5,85.0,0,1.0861
9250,14185,2066,bf16,T,N,231,-606605644,5.02595,5.50421,1.0952,4,5,123.7,0,1.1030
697,174,30162,fp32,N,T,612,-606618203,0.47424,1.34994,2.8466,4,8,222.6,0,0.8749
651,14628,11258,fp16,N,T,62,-606627741,2.49397,2.44305,0.9796,4,5,153.2,0,1.1825
8083,488,643,fp16,N,T,229,-606627713,0.09075,0.12818,1.4125,4,75,295.3,0,0.9997
22759,5612,4314,bf16,T,T,39,-606619916,10.86080,13.87939,1.2779,4,5,69.6,0,1.0239
3877,1746,29898,fp32,T,T,82,-606620807,13.73218,22.33134,1.6262,4,5,50.9,0,0.8816
9543,1665,24354,fp16,T,T,53,-606629618,11.82255,58.39111,4.9390,4,5,51.6,0,0.9986
2346,1805,1987,fp32,T,N,519,-606624942,0.50986,0.53649,1.0522,4,19,97.9,0,1.0579
483,9463,5432,fp32,N,T,612,-606602174,1.52010,1.73192,1.1393,4,6,154.2,0,0.9818
550,34,17388,bf16,T,N,248,-606605534,0.07613,0.09684,1.2720,4,97,267.7,0,0.9998
874,652,954,fp16,T,N,386,-606622766,0.02787,0.03337,1.1973,4,259,186.3,0,0.9988
264,115,19354,fp32,T,T,82,-606620815,0.41194,0.41068,0.9969,4,24,71.5,0,1.0005
125,1456,143,fp32,N,T,614,-606618314,0.00818,0.00814,0.9948,4,845,199.5,0,1.0044
7263,1096,4845,bf16,T,T,39,-606619913,0.90698,0.88118,0.9715,4,11,124.4,0,1.1316
1019,31930,2646,bf16,N,N,166,-606605364,1.58619,7.73157,4.8743,4,5,192.0,0,0.9119
316,6102,3,fp32,N,T,612,-606618240,0.01102,0.01665,1.5103,4,459,706.6,0,1.0416
1006,7981,452,bf16,T,N,231,-606605608,0.09819,0.22067,2.2474,4,43,409.8,0,1.0072
2581,585,900,bf16,T,N,238,-606630851,0.05890,0.08038,1.3648,4,111,199.3,0,0.9389
34,53,11,bf16,T,T,39,-356,0.00909,0.00810,0.8905,4,782,1.0,0,1.0015
4425,16327,55,fp32,T,N,519,-606624761,0.40595,0.57689,1.4211,4,18,723.1,0,1.1311
135,29239,819,bf16,T,N,231,-606605607,0.14277,0.26699,1.8701,4,36,447.6,0,0.9813
99,474,46,bf16,N,N,166,-606629958,0.00818,0.00817,0.9984,4,906,29.4,0,0.9522
10697,1083,1926,fp32,N,N,556,-606627966,1.33456,1.51104,1.1322,4,7,102.7,0,1.0573
11811,173,211,bf16,T,N,231,-606605511,0.02690,0.02802,1.0419,4,255,491.9,0,0.9756
2088,19491,1994,fp16,N,T,62,-606604822,1.67947,1.67765,0.9989,4,6,148.2,0,1.0042
534,1125,51,fp32,N,N,556,-606604959,0.00892,0.00865,0.9697,4,703,307.3,0,1.0010
3,6,19,bf16,N,T,57,-606623223,0.00843,0.00838,0.9938,4,1019,0.0,0,1.0111
138,8771,222,fp32,N,N,556,-606604875,0.03026,0.03001,0.9920,4,271,421.5,0,1.0228
202,24147,7447,bf16,T,T,39,-606619916,0.85556,1.13356,1.3249,4,9,446.7,0,1.1231
137,65,969,fp32,N,N,556,-606605095,0.00945,0.01085,1.1488,4,456,86.7,0,0.9120
9284,548,446,fp32,T,N,539,-606624805,0.17086,0.16881,0.9880,4,65,221.8,0,1.2160
164,49,711,fp16,T,T,53,-606629612,0.01378,0.01361,0.9876,4,407,24.3,0,0.9117
5830,23,42,fp32,T,T,82,-606620796,0.00834,0.00814,0.9760,4,778,182.2,0,1.0085
30176,9978,4392,bf16,T,T,39,-606619916,23.49248,26.29424,1.1193,4,5,66.3,0,1.2310
1776,43,4660,fp16,N,N,103,-606624108,0.04599,0.08818,1.9173,4,101,375.2,0,0.8562
13,19,80,fp32,N,T,612,-606618202,0.00756,0.00789,1.0435,4,869,1.5,0,0.9994
1460,5863,2107,bf16,N,T,57,-606603219,0.47637,0.83667,1.7563,4,13,136.7,0,1.1371
2617,31677,1359,fp16,N,N,90,-606624251,2.49499,2.53410,1.0157,4,5,170.3,0,0.9423
134,2,2310,fp16,N,T,68,-606627654,0.01345,0.01356,1.0081,4,397,46.8,0,0.9410
2,8,20228,fp16,T,T,60,-606629570,0.65586,2.39057,3.6449,4,5,0.6,0,0.9676
4142,189,1624,fp16,T,N,250,-606602902,0.05399,0.11733,2.1734,4,83,318.6,0,1.0389
23,4110,9,bf16,N,T,57,-606623223,0.00863,0.00764,0.8847,4,929,52.4,0,0.9975
7940,2145,7795,fp32,T,T,82,-606620795,9.09571,9.52612,1.0473,4,5,42.1,0,1.2564
2243,8342,4475,fp16,T,T,53,-606629611,1.85958,11.04780,5.9410,4,5,91.2,0,0.8158
66,18,6451,fp32,T,T,82,-606620820,0.14297,0.37617,2.6312,4,31,15.2,0,1.0142
10854,4298,2130,bf16,N,N,166,-606605353,1.92534,2.13815,1.1105,4,5,130.4,0,1.1474
11857,58,302,fp32,T,N,519,-606634109,0.02258,0.02579,1.1421,4,329,759.2,0,0.9281
218,230,28,bf16,T,T,39,-606619899,0.00900,0.00808,0.8971,4,845,25.1,0,0.9971
10848,10716,12,fp32,N,T,616,-606602019,0.39520,1.08040,2.7338,4,10,1179.2,0,1.0390
786,19598,20,bf16,T,T,39,-355,0.12093,0.20160,1.6671,4,49,516.3,0,0.9563
4566,1757,910,fp16,N,N,94,-606603427,0.17354,0.22570,1.3006,4,43,251.2,0,1.0955
497,25877,13039,bf16,T,T,39,-606619916,3.25802,4.08624,1.2542,4,5,226.9,0,1.0028
21906,726,2253,fp32,T,N,519,-606603944,2.15095,2.23482,1.0390,4,5,124.4,0,0.9319
46,1518,49,fp32,N,T,612,-606601979,0.00808,0.00810,1.0029,4,849,72.5,0,0.9943
30291,810,11458,fp32,T,T,82,-606620798,17.56643,17.25750,0.9824,4,5,86.7,0,1.0632
1653,26870,30683,fp16,N,T,62,-606604870,49.07603,49.55419,1.0097,4,5,39.3,0,1.0608
1423,2444,7618,fp32,N,T,614,-606602209,1.68690,1.73899,1.0309,4,6,78.1,0,0.9805
7,61,122,bf16,N,N,166,-606605260,0.00810,0.00798,0.9860,4,692,2.3,0,0.9698
15476,258,441,bf16,N,T,57,-606603181,0.09445,0.09522,1.0081,4,105,316.0,0,1.0889
552,173,184,bf16,N,T,57,-606603220,0.00783,0.01766,2.2559,4,382,82.9,0,0.9304
27,5261,57,fp32,T,T,82,-606620798,0.00803,0.00956,1.1896,4,680,220.8,0,0.9955
260,486,194,fp16,N,T,62,-606604836,0.00752,0.00796,1.0587,4,656,105.7,0,0.9986
9156,1432,13333,bf16,T,T,39,-606619911,4.23767,4.70040,1.1092,4,5,79.0,0,1.2238
3928,10183,5477,fp16,N,T,62,-606604822,5.45866,5.61451,1.0285,4,5,57.6,0,1.0174
24523,14555,6039,fp16,N,N,90,-606603431,37.16329,39.94062,1.0747,4,5,51.1,0,0.9905
6397,11581,16564,bf16,N,T,57,-606603181,39.55218,41.26142,1.0432,4,5,22.6,0,0.9319
4612,3464,6953,fp32,T,T,82,-606620772,6.70161,6.89796,1.0293,4,5,43.1,0,1.0140
13761,347,24874,bf16,N,T,57,-606603181,3.47034,6.97131,2.0088,4,5,207.7,0,0.9940
1759,22,4,fp32,N,N,556,-606627902,0.00754,0.00795,1.0552,4,1025,24.3,0,0.9966
157,925,289,fp16,N,T,62,-606627726,0.00837,0.01053,1.2575,4,601,144.1,0,1.0011
1380,1380,28388,bf16,T,N,339,-606630815,1.18417,1.28560,1.0856,4,8,138.8,0,1.0086
13120,3401,21017,fp16,N,N,94,-606603430,15.98777,17.66173,1.1047,4,5,54.6,0,1.0868
3495,13979,6053,bf16,T,N,231,-606630897,4.85093,7.29432,1.5037,4,5,83.9,0,1.0042
379,26,26,fp16,N,T,62,-606604834,0.00744,0.00773,1.0382,4,957,8.1,0,1.0063
1331,913,8689,fp32,N,T,612,-606618439,0.78209,0.96102,1.2288,4,11,105.9,0,1.0191
2138,1665,6130,fp32,T,T,82,-606620797,1.35354,1.35384,1.0002,4,8,79.4,0,1.0606
565,1566,934,fp32,N,N,556,-606605029,0.05750,0.07569,1.3164,4,125,200.0,0,0.9745
1377,204,651,fp32,N,T,614,-606618414,0.02091,0.04615,2.2070,4,196,250.6,0,1.0009
55,18,557,bf16,N,N,166,-606605226,0.01001,0.00934,0.9326,4,513,8.5,0,1.0071
773,884,16,fp32,T,T,82,-606620797,0.00833,0.00906,1.0871,4,763,340.8,0,1.0010
743,2209,28749,fp32,T,T,82,-606620797,3.38864,3.51591,1.0376,4,5,102.1,0,1.0052
3237,18148,1126,bf16,N,N,273,-606605353,1.31490,1.51854,1.1549,4,7,215.3,0,1.0049
67,85,167,bf16,N,N,166,-606629876,0.00883,0.00794,0.9000,4,690,8.3,0,0.9985
1498,183,23114,fp16,N,N,103,-606624108,0.34984,0.35670,1.0196,4,28,225.3,0,1.0012
18535,4435,4225,fp16,T,T,53,-606629611,9.81296,10.21889,1.0414,4,5,53.3,0,1.0042
4224,7583,7290,bf16,T,T,39,-606619928,3.93970,3.92815,0.9971,4,5,76.2,0,1.0872
12794,2845,5284,fp16,N,N,94,-606603430,3.48698,3.87147,1.1103,4,5,89.2,0,0.9899
1007,17444,1233,fp16,T,T,53,-606629607,0.51992,2.76555,5.3192,4,5,222.7,0,0.9959
218,164,2710,fp16,N,T,68,-606627654,0.02339,0.02347,1.0031,4,352,94.6,0,1.0109
3008,2096,25,fp32,T,T,82,-606620832,0.03363,0.04055,1.2059,4,209,765.2,0,1.0110
12363,56,3593,bf16,N,T,212,-606623169,0.11264,0.11251,0.9989,4,83,816.9,0,1.0029
53,3189,253,bf16,N,N,166,-606605260,0.01186,0.01168,0.9851,4,609,195.3,0,1.0029
27838,23461,256,bf16,T,T,39,-606619921,7.14763,7.27007,1.0171,4,5,369.2,0,1.0057
772,869,1937,fp16,N,N,103,-606624126,0.05575,0.05565,0.9983,4,165,162.2,0,1.0001
6197,3461,29060,fp16,T,N,245,-606622978,10.96809,11.08672,1.0108,4,5,59.0,0,1.0942
8131,4913,6186,bf16,T,T,39,-606619916,4.83614,5.82343,1.2041,4,5,66.4,0,0.9437
1669,27550,633,fp16,T,T,53,-606629620,0.80949,0.88760,1.0965,4,11,272.9,0,1.0012
16894,983,8690,bf16,T,N,231,-606605601,2.41949,2.46506,1.0188,4,5,155.9,0,1.0598
999,1571,3663,fp16,N,T,68,-606627698,0.16515,0.22236,1.3464,4,45,152.0,0,0.9720
1398,6,1083,bf16,N,T,62,-606623185,0.01570,0.01579,1.0053,4,518,195.8,0,0.9978
1410,29,13692,fp16,N,N,103,-606603283,0.05530,0.63809,11.5383,4,16,715.5,0,1.0034
333,2353,29716,bf16,T,N,244,-606605583,0.62842,0.75123,1.1954,4,14,259.0,0,1.0049
180,2027,1318,bf16,T,T,39,-606619899,0.02916,0.02856,0.9795,4,301,249.6,0,1.0038
10145,10602,8819,bf16,T,T,39,-606619916,16.25966,30.17682,1.8559,4,5,49.0,0,0.9998
702,411,1065,fp32,N,T,612,-606602181,0.03079,0.03910,1.2700,4,228,191.5,0,0.9965
1280,2768,15628,bf16,N,N,398,-606605300,0.89347,1.05821,1.1844,4,10,157.5,0,1.0111
74,16,31,bf16,N,T,201,-606623165,0.00815,0.00795,0.9754,4,929,1.3,0,0.9955
30986,548,5074,fp16,T,T,88,-606629609,1.76005,1.75904,0.9994,4,6,220.4,0,1.0075
9124,1027,16135,fp16,N,N,94,-606624263,3.21951,3.46519,1.0763,4,5,113.4,0,1.0066
3735,2729,2594,bf16,N,N,166,-606605218,0.59019,0.65627,1.1120,4,16,125.9,0,0.9959
71,6,280,fp16,N,T,62,-606627734,0.00750,0.00771,1.0275,4,713,6.0,0,0.9998
4667,543,18548,fp32,N,T,612,-606618436,2.86616,5.42191,1.8917,4,5,138.4,0,1.0031
117,10153,7653,fp32,T,N,519,-606603960,0.69883,0.72397,1.0360,4,14,456.7,0,0.9992
104,749,3850,fp16,N,T,70,-606627650,0.04045,0.04010,0.9913,4,221,170.1,0,1.0020
131,59,6985,fp32,N,T,612,-606618433,0.05780,0.11041,1.9101,4,89,92.4,0,0.9999
518,13539,2841,fp32,N,N,556,-606605122,1.30614,1.64994,1.2632,4,6,143.8,0,1.0026
1037,141,204,fp16,N,T,62,-606627725,0.00844,0.00771,0.9128,4,742,126.2,0,1.0085
18069,30650,107,fp16,N,N,92,-606603419,3.41139,3.44422,1.0096,4,5,652.4,0,1.0004
719,86,38,fp32,N,T,612,-606601988,0.00879,0.00790,0.8994,4,952,42.1,0,0.9988
1637,33,271,fp32,T,T,82,-606620798,0.01236,0.01778,1.4388,4,434,164.0,0,1.0191
17,21304,14653,fp16,T,T,53,-606629614,0.90409,3.57728,3.9568,4,5,692.7,0,1.0195
3847,2998,6693,bf16,N,T,57,-606623124,1.64194,1.64037,0.9990,4,6,83.9,0,1.0044
4,183,4421,bf16,N,T,64,-606603222,0.01378,0.03148,2.2854,4,268,120.2,0,0.9960
1759,11489,3,fp16,N,N,90,-606603249,0.08952,0.13931,1.5561,4,69,903.9,0,1.0030
25631,5892,110,fp32,T,T,82,-606620818,1.06904,1.13144,1.0584,4,9,578.0,0,1.0143
8227,29,107,fp32,N,T,612,-606618194,0.01004,0.01319,1.3135,4,574,446.8,0,1.0021
64,187,7223,fp32,T,T,82,-606620828,0.16239,0.39334,2.4223,4,26,45.0,0,0.9975
993,518,320,bf16,N,N,166,-606629944,0.01365,0.01357,0.9947,4,510,221.6,0,1.0047
24359,422,8,fp16,T,T,88,-606629602,0.04635,0.15691,3.3856,4,63,895.7,0,1.0040
73,9388,812,fp16,N,N,224,-606624148,0.03436,0.04675,1.3607,4,195,527.0,0,1.0142
89,38,8736,fp16,T,T,88,-606629622,0.16149,1.06464,6.5925,4,10,13.8,0,1.0017
25056,15,19470,fp16,T,N,258,-606603034,0.91135,1.05078,1.1530,4,10,1072.9,0,1.0116
34,12098,793,fp32,T,T,82,-606620828,0.05332,0.11577,2.1710,4,84,752.5,0,1.0071
621,20,25,bf16,T,T,39,-606619917,0.00754,0.00776,1.0286,4,830,10.8,0,0.9948
11451,3369,5341,fp32,T,T,82,-606620821,11.94795,12.30812,1.0301,4,5,39.4,0,1.0108
425,119,445,bf16,N,N,166,-606605226,0.01058,0.01057,0.9984,4,619,64.9,0,1.0021
5045,90,158,fp32,T,T,82,-606620815,0.01621,0.01893,1.1673,4,434,312.2,0,1.0049
3245,2,108,fp32,T,N,212,-606603830,0.00736,0.00756,1.0273,4,924,194.1,0,0.9999
7016,1337,18493,fp16,T,T,53,-606629618,4.26527,22.62834,5.3053,4,5,81.2,0,1.0147
174,25251,2322,bf16,T,T,39,-606619911,0.31159,0.36451,1.1698,4,27,435.3,0,0.9987
467,6271,17054,bf16,N,T,57,-606603145,1.11545,1.99074,1.7847,4,5,216.5,0,1.0039
188,4777,6249,fp32,T,T,82,-606620831,0.44145,0.71972,1.6304,4,14,289.3,0,1.0050
214,761,3307,fp16,N,N,103,-606624235,0.04373,0.07504,1.7161,4,124,162.4,0,1.0026
3018,929,11,fp32,N,N,556,-606604875,0.01421,0.01374,0.9672,4,516,801.4,0,1.0011
146,6,17536,fp16,T,T,88,-606629612,0.28906,3.35184,11.5955,4,5,18.5,0,1.0019
163,4,4307,fp16,N,T,70,-606604754,0.01373,0.02818,2.0530,4,274,105.0,0,1.0031
571,55,145,fp16,N,N,90,-606603276,0.00934,0.02426,2.5974,4,282,32.9,0,1.0027
209,480,11135,bf16,N,T,214,-606603212,0.06941,0.32779,4.7225,4,31,226.8,0,1.0060
883,1643,491,fp16,T,N,245,-606603068,0.02560,0.05976,2.3342,4,154,323.6,0,1.0023
1278,574,6716,fp16,T,N,255,-606622764,0.16469,0.21698,1.3175,4,46,168.9,0,1.0117
745,1019,160,fp16,N,N,90,-606603412,0.01260,0.03488,2.7673,4,227,285.7,0,1.0001
88,68,10,fp32,T,N,539,-606624793,0.00887,0.00797,0.8982,4,947,3.4,0,1.0102
2292,2187,669,fp32,N,T,612,-606618391,0.23393,0.27078,1.1575,4,36,136.9,0,1.0067
235,1987,7053,fp32,T,N,519,-606624920,0.25034,0.38470,1.5367,4,26,257.9,0,1.0032
5331,3647,575,bf16,N,N,166,-606629868,0.30644,0.44581,1.4548,4,23,287.5,0,1.0037
98,2384,10294,bf16,T,N,502,-606605481,0.08210,0.08176,0.9959,4,111,633.8,0,0.9966
25,6385,10,bf16,N,T,57,-606603220,0.00865,0.00784,0.9073,4,898,88.7,0,1.0132
28746,383,26228,bf16,T,N,231,-606605592,4.62787,5.59686,1.2094,4,5,339.7,0,1.0616
243,26415,15439,fp32,T,T,82,-606620767,5.86106,6.03949,1.0304,4,5,285.3,0,0.9919
2026,13129,236,fp16,N,N,94,-606624254,0.23280,0.25497,1.0952,4,38,487.8,0,1.0050
74,23,25479,fp32,N,N,556,-606605145,0.15776,0.41604,2.6371,4,26,62.7,0,0.9980
212,27605,12,fp16,T,N,245,-606622732,0.03383,0.10512,3.1078,4,87,711.8,0,1.0004
4,91,1916,fp32,N,T,612,-606602200,0.01509,0.07923,5.2497,4,109,48.3,0,0.9981
4451,841,9874,fp32,N,T,612,-606601941,2.33818,3.77956,1.6165,4,5,95.8,0,1.0103
143,485,1595,fp16,T,T,53,-606629612,0.03178,0.20976,6.6005,4,47,71.8,0,0.9986
7101,974,1041,fp16,T,N,245,-606623013,0.16869,0.24628,1.4599,4,40,263.7,0,1.0044
1199,22555,963,fp16,N,T,62,-606604827,0.66302,0.71157,1.0732,4,14,232.2,0,1.0004
2603,4273,10922,fp16,N,N,90,-606624263,2.23987,2.49799,1.1152,4,5,86.9,0,1.0091
3974,1124,189,fp16,N,T,62,-606604870,0.05803,0.07229,1.2457,4,129,341.1,0,1.0030
7531,658,3042,fp16,T,N,245,-606623014,0.32199,2.84181,8.8257,4,5,216.3,0,1.0019
69,4,2921,fp16,T,T,53,-606629612,0.04490,0.34887,7.7693,4,28,9.5,0,0.9955
8839,2895,911,bf16,N,T,57,-606623199,0.58734,0.63001,1.0727,4,16,210.7,0,1.0225
5,115,69,fp32,T,N,519,-606624798,0.00869,0.00796,0.9154,4,993,4.1,0,1.0034
40,437,201,fp16,T,T,53,-606629613,0.00930,0.02297,2.4690,4,267,28.1,0,1.0028
101,2349,1104,fp32,T,T,82,-606620815,0.03373,0.06254,1.8542,4,151,348.9,0,1.0056
9231,1383,2519,bf16,N,N,166,-606629908,0.68777,0.70494,1.0250,4,15,152.0,0,1.0068
21,70,828,fp16,T,N,249,-606622748,0.01261,0.09958,7.8986,4,96,12.4,0,0.9982
17938,1040,13943,bf16,N,N,388,-606605177,4.84304,5.95117,1.2288,4,5,124.7,0,1.0076
190,9603,14,fp32,T,N,519,-606603888,0.01148,0.01589,1.3843,4,481,683.6,0,0.9975
2994,202,15817,fp16,N,T,68,-606627741,0.38315,0.41250,1.0766,4,24,270.2,0,1.0182
3878,2609,2200,fp16,N,T,62,-606627698,0.47069,0.47041,0.9994,4,21,146.6,0,1.0064
7477,1140,80,fp32,N,N,556,-606608209,0.05777,0.06412,1.1099,4,143,637.9,0,1.0023
2915,37,8932,bf16,N,N,176,-606605183,0.08825,0.10614,1.2027,4,87,602.4,0,1.0015
485,202,9,fp16,N,T,62,-606604834,0.00762,0.00776,1.0176,4,906,53.0,0,1.0026
142,124,104,fp32,T,N,525,-606624680,0.00747,0.00781,1.0461,4,957,24.2,0,1.0012
2949,475,2913,bf16,N,N,174,-606629909,0.14277,0.50177,3.5145,4,20,179.0,0,1.0060
15865,30,23795,bf16,N,T,64,-606623205,0.84668,0.86109,1.0170,4,12,895.7,0,1.0019
4053,14623,264,bf16,N,N,166,-606629916,0.56755,1.19875,2.1121,4,9,435.1,0,1.0026
4,6,9,bf16,T,N,31,-606630723,0.00739,0.00765,1.0347,4,1014,0.0,0,0.9983
6204,1448,1470,fp32,N,T,616,-606618436,0.81058,1.12497,1.3879,4,9,99.8,0,1.0138
1644,6751,4597,fp16,N,N,94,-606624254,1.01251,1.31722,1.3009,4,8,120.1,0,0.9960
42,474,10045,fp32,T,T,82,-606620828,0.21878,0.21757,0.9944,4,44,95.1,0,1.0119
10776,12791,2198,fp32,T,T,82,-606620780,17.22075,17.18523,0.9979,4,5,44.0,0,1.0294
23566,1029,1793,bf16,N,N,166,-606605263,0.98934,1.02249,1.0335,4,10,187.2,0,0.9995
15,1448,4316,fp16,N,N,393,-606603284,0.01970,0.04705,2.3880,4,156,645.4,0,0.9985
15907,679,117,bf16,T,T,39,-606619917,0.14025,0.15912,1.1346,4,60,335.7,0,1.0078
26153,40,297,fp16,N,T,227,-606627738,0.03382,0.04813,1.4232,4,192,583.7,0,1.0064
8199,990,640,fp32,T,N,519,-606603944,0.31287,0.32100,1.0260,4,31,179.0,0,0.9968
1888,1974,7988,fp32,T,N,519,-606624942,1.69370,1.74810,1.0321,4,6,81.7,0,1.0314
24337,78,19365,fp32,N,T,612,-606602029,2.81470,3.59757,1.2781,4,5,674.6,0,0.9998
6328,9339,231,bf16,N,T,57,-606623199,0.57116,0.99088,1.7349,4,11,426.5,0,1.0100
14712,265,6115,fp16,T,N,245,-606622995,0.60114,0.65974,1.0975,4,15,330.6,0,1.0054
4946,2274,10730,fp32,T,N,519,-606624701,6.79349,7.11606,1.0475,4,5,52.2,0,1.0242
26833,3042,1237,bf16,N,T,57,-606603219,2.23440,2.40134,1.0747,4,5,179.2,0,1.0043
19989,5748,5679,bf16,T,T,39,-606619916,11.26971,17.30939,1.5359,4,5,66.7,0,1.0029
2010,2106,3856,fp16,N,T,62,-606627698,0.33473,0.33408,0.9981,4,30,145.4,0,1.0038
21214,13327,2685,bf16,T,N,231,-606605644,12.17558,12.31146,1.0112,4,5,108.1,0,1.0986
26977,7236,8735,bf16,T,T,39,-606619916,28.31969,50.63662,1.7880,4,5,48.7,0,0.9322
1535,307,271,fp16,T,N,245,-606622894,0.01717,0.05512,3.2111,4,165,168.0,0,1.0044
10590,4405,141,bf16,N,T,57,-606623199,0.38811,0.50573,1.3031,4,20,491.7,0,0.9972
2127,9550,3892,bf16,T,N,231,-606630826,1.35272,1.36994,1.0127,4,8,127.3,0,1.0657
1496,398,31866,fp32,N,T,612,-606618178,1.49277,1.59549,1.0688,4,7,163.3,0,0.9652
7588,7209,2264,fp16,N,T,62,-606604822,2.36752,2.39037,1.0097,4,5,120.7,0,1.0024
145,4734,2189,fp32,T,N,519,-606624692,0.12740,0.16071,1.2615,4,61,356.9,0,1.0204
347,2173,85,bf16,N,T,57,-606603221,0.01152,0.01157,1.0042,4,590,299.0,0,1.0018
8614,18652,11024,fp16,N,T,62,-606604851,46.32100,45.78320,0.9884,4,5,26.9,0,1.0029
12950,351,15551,bf16,N,T,57,-606623124,1.75986,1.73999,0.9887,4,6,245.4,0,1.0030
141,167,390,fp16,T,N,245,-606622752,0.00903,0.05776,6.3945,4,151,37.0,0,0.9985
915,270,351,fp16,T,T,53,-606629613,0.01102,0.04811,4.3666,4,184,165.2,0,1.0014
2191,427,179,fp32,T,T,82,-606620827,0.02164,0.02589,1.1964,4,327,259.6,0,1.0021
93,30,1590,bf16,N,N,174,-606605226,0.01450,0.01465,1.0105,4,374,27.7,0,1.0015
159,1442,717,fp32,T,T,82,-606620798,0.02366,0.04204,1.7766,4,222,232.8,0,1.0143
1519,1260,7853,fp16,T,N,386,-606622798,0.36833,0.40437,1.0978,4,25,139.3,0,1.0209
1637,1646,7651,fp32,T,T,82,-606620827,1.30505,1.30483,0.9998,4,8,85.2,0,1.0385
631,3289,583,fp16,N,N,90,-606603417,0.04781,0.06215,1.2998,4,149,269.2,0,0.9808
5068,638,4194,fp16,N,N,98,-606603407,0.27156,2.59891,9.5704,4,5,223.9,0,1.0020
275,80,157,fp16,T,N,513,-606622742,0.00845,0.00821,0.9716,4,915,23.6,0,1.0143
362,460,91,fp32,N,N,556,-606605049,0.00804,0.00783,0.9734,4,853,120.0,0,1.0090
1494,587,9791,fp16,N,N,103,-606624215,0.26740,0.49684,1.8580,4,21,165.5,0,1.0041
3117,45,827,fp16,T,N,249,-606622752,0.01986,0.03185,1.6036,4,281,291.5,0,1.0003
213,167,1127,fp16,T,N,249,-606602886,0.01551,0.01540,0.9930,4,426,64.4,0,0.9983
4551,3837,3656,fp32,T,N,519,-606603940,3.58787,3.72774,1.0390,4,5,53.7,0,0.9450
968,17,76,fp32,N,T,612,-606601940,0.00755,0.00793,1.0504,4,952,48.4,0,0.9996
288,146,3761,fp32,T,T,82,-606620815,0.08561,0.19818,2.3150,4,50,78.2,0,1.0025
358,2430,18754,fp32,T,N,519,-606624692,1.01228,2.96046,2.9245,4,5,210.0,0,0.9997
5,4,5,fp32,T,T,82,-606620814,0.00868,0.00786,0.9057,4,972,0.0,0,0.9981
16,10,1718,fp16,N,T,68,-606627647,0.01330,0.01294,0.9730,4,373,6.8,0,1.0138
32,1401,126,fp32,T,N,519,-606603784,0.00883,0.00841,0.9525,4,929,102.1,0,1.0012
26495,1064,3476,fp16,T,T,88,-606629619,2.07551,2.31206,1.1140,4,5,146.6,0,1.0097
17827,82,43,bf16,T,T,39,-606619906,0.01615,0.02098,1.2991,4,375,457.5,0,1.0120
30612,91,3141,bf16,N,N,174,-606629916,0.31778,0.38474,1.2107,4,27,642.0,0,1.0040
18576,14276,204,bf16,N,T,57,-606623199,2.22415,2.94353,1.3234,4,5,483.0,0,1.0007
23,1133,385,bf16,N,N,166,-606605226,0.00934,0.01044,1.1181,4,507,106.5,0,1.0112
368,2724,5631,bf16,T,T,39,-606619903,0.18186,0.21594,1.1874,4,46,213.5,0,1.0079
11107,27,264,fp16,N,N,90,-606603412,0.01768,0.02613,1.4782,4,328,400.4,0,1.0047
9927,14801,3543,fp16,N,T,62,-606604822,10.74290,10.75243,1.0009,4,5,71.0,0,1.0046
1376,937,430,bf16,T,T,39,-606619915,0.02777,0.03468,1.2485,4,265,257.3,0,1.0004
6354,5304,18892,fp32,T,T,82,-606620831,36.97242,39.60289,1.0711,4,5,27.5,0,1.0011
19540,1130,71,fp16,N,N,98,-606624256,0.12878,0.16702,1.2969,4,58,708.6,0,1.0030
535,5518,129,fp32,T,T,82,-606620823,0.04079,0.06214,1.5235,4,149,366.1,0,1.0004
9174,2085,1092,bf16,N,N,166,-606629868,0.47863,0.47978,1.0024,4,21,211.2,0,1.0064
952,761,611,bf16,N,T,57,-606603153,0.02603,0.02602,0.9998,4,324,191.8,0,0.9996
2276,501,1033,bf16,T,T,39,-606619915,0.04435,0.05458,1.2307,4,168,232.2,0,1.0170
92,167,17672,fp32,N,T,612,-606618433,0.12596,0.25201,2.0006,4,39,145.8,0,0.9984
2167,876,25740,bf16,N,T,62,-606623140,1.15691,1.86525,1.6123,4,6,142.0,0,1.0058
72,9799,19746,fp16,N,T,68,-606627698,0.48733,0.78603,1.6129,4,12,805.7,0,0.9108
787,1620,13188,fp16,T,N,387,-606622954,0.36160,0.66347,1.8348,4,16,189.7,0,1.0067
1108,19771,6427,fp16,T,N,245,-606603121,2.45846,2.44393,0.9941,4,5,144.8,0,1.0945
25813,9562,2588,bf16,N,T,57,-606623198,11.96008,12.15755,1.0165,4,5,97.9,0,0.9479
2869,19275,7801,bf16,N,N,166,-606629966,7.26178,10.95445,1.5085,4,5,78.0,0,1.0110
1406,1537,11353,bf16,N,T,62,-606603145,0.57776,0.93201,1.6131,4,11,130.6,0,1.0007
18928,34,18177,bf16,N,N,176,-606605264,0.88954,1.74826,1.9653,4,6,777.8,0,1.0049
2454,207,745,fp16,T,T,53,-606629613,0.02562,0.10672,4.1661,4,90,234.1,0,1.0143
1860,8,4,fp32,N,N,562,-606605005,0.00827,0.00805,0.9736,4,993,10.8,0,1.0049
1161,1446,3409,bf16,N,N,174,-606629917,0.16582,0.26522,1.5995,4,37,147.7,0,1.0032
615,5365,3127,bf16,N,T,57,-606623124,0.25585,1.29289,5.0534,4,8,197.8,0,1.0151
8373,8900,51,bf16,T,N,332,-606630772,0.36482,0.85450,2.3422,4,12,821.9,0,1.0079
461,67,63,bf16,T,T,39,-606619899,0.00875,0.00765,0.8743,4,805,21.7,0,1.0036
169,6797,2959,bf16,N,N,176,-606629917,0.13898,0.23960,1.7240,4,40,329.7,0,1.0153
157,82,55,fp16,N,T,62,-606604834,0.00868,0.00786,0.9061,4,977,9.0,0,0.9997
3065,3682,14639,bf16,T,T,39,-606619916,3.10721,4.17655,1.3441,4,5,78.1,0,1.0243
10,26,934,bf16,N,T,62,-606603186,0.01002,0.01048,1.0454,4,500,6.8,0,0.9988
10585,12238,163,fp32,N,N,556,-606628015,1.31629,1.38403,1.0515,4,8,405.0,0,1.0209
611,15402,1546,fp16,N,T,62,-606604809,0.36090,1.31455,3.6424,4,7,241.5,0,0.9970
296,108,117,bf16,T,T,39,-606619899,0.00875,0.00778,0.8894,4,719,25.4,0,1.0165
10336,828,14664,bf16,T,T,39,-606619920,2.33398,2.33030,0.9984,4,5,155.0,0,1.0213
550,1703,452,fp32,T,T,82,-606620815,0.04079,0.05377,1.3183,4,170,191.7,0,0.9968
422,194,21875,bf16,T,T,39,-606619899,0.36563,0.53518,1.4637,4,19,74.6,0,0.9882
532,9928,4316,bf16,N,T,201,-606603164,0.47774,1.21980,2.5533,4,9,233.2,0,1.0036
2614,1248,2344,fp32,N,T,614,-606618395,0.46081,0.60193,1.3062,4,17,106.9,0,1.0045
6036,1224,1120,bf16,N,T,201,-606603192,0.16544,0.20384,1.2321,4,48,276.9,0,0.9994
184,200,10,fp32,N,T,616,-606618206,0.00860,0.00798,0.9279,4,957,18.9,0,0.9964
180,11175,1444,bf16,T,N,238,-606630847,0.08602,0.09000,1.0463,4,104,474.8,0,1.0068
3585,350,10362,fp32,T,N,519,-606608180,0.95083,0.96625,1.0162,4,11,176.8,0,1.0021
3864,2409,1617,fp32,T,T,82,-606620791,0.92388,0.95617,1.0350,4,11,84.2,0,1.0054
441,3723,276,fp32,T,T,82,-606620829,0.04149,0.06522,1.5721,4,145,269.1,0,1.0016
2525,15440,4515,fp32,T,T,82,-606620821,10.22576,11.01717,1.0774,4,5,47.0,0,1.0138
29929,46,9722,fp16,T,N,250,-606603050,0.65718,1.34921,2.0530,4,8,895.3,0,0.9976
2691,17551,11106,bf16,N,T,57,-606603181,15.12197,15.21391,1.0061,4,5,42.2,0,1.0065
157,37,450,fp32,N,T,612,-606618135,0.00804,0.00799,0.9945,4,713,46.3,0,1.0004
926,3099,2917,fp16,T,N,245,-606603076,0.17484,0.29443,1.6840,4,34,200.0,0,1.0149
472,16149,7632,fp32,T,N,519,-606624942,3.46825,3.68400,1.0622,4,5,155.1,0,0.9978
2695,88,2265,fp16,T,T,53,-606629622,0.04546,0.29749,6.5434,4,34,298.2,0,1.0224
11385,140,4534,bf16,N,T,62,-606623124,0.27558,0.29152,1.0578,4,33,402.4,0,1.0000
180,2043,3289,fp16,N,N,103,-606603392,0.07191,0.15512,2.1573,4,63,223.8,0,1.0116
242,36,3128,bf16,T,N,345,-606630783,0.01580,0.01419,0.8978,4,486,112.3,0,0.9998
6517,2340,1650,fp32,N,N,556,-606605142,1.50182,1.67999,1.1186,4,6,79.5,0,1.0272
21664,1247,1573,fp32,T,T,82,-606620823,2.47283,2.48083,1.0032,4,5,102.0,0,1.0101
14118,14898,5329,fp16,T,T,53,-606629611,30.08624,35.43645,1.1778,4,5,38.2,0,0.9992
24670,697,14129,fp16,T,T,53,-606629616,7.67369,7.72467,1.0066,4,5,102.4,0,1.0016
488,315,848,fp16,N,T,68,-606627664,0.01624,0.01659,1.0216,4,467,121.7,0,1.0066
10885,11571,169,bf16,N,N,166,-606605263,1.01986,1.31585,1.2902,4,8,501.4,0,0.9950
1523,9724,3901,bf16,N,T,57,-606603145,1.25747,4.52366,3.5974,4,5,116.9,0,1.0105
2779,5563,2919,fp16,T,N,245,-606622990,0.77924,0.79084,1.0149,4,13,141.9,0,1.0660
10397,386,438,fp32,T,N,519,-606603863,0.12637,0.13300,1.0525,4,73,276.5,0,0.9700
548,3947,6829,bf16,T,N,238,-606605583,0.33120,0.65971,1.9919,4,16,211.5,0,1.0083
1149,2262,1500,fp16,T,N,249,-606623013,0.09496,0.09937,1.0465,4,94,217.2,0,1.0021
4,66,28037,fp16,T,N,75,-606603003,0.03500,0.03499,0.9995,4,232,112.2,0,0.9940
49,775,6511,fp32,T,T,82,-606620789,0.14492,0.31853,2.1979,4,31,149.1,0,1.0149
1026,46,4792,fp16,T,N,258,-606622748,0.05412,0.06384,1.1795,4,142,193.3,0,1.0172
20655,5147,9019,fp16,N,T,62,-606627760,28.13662,28.10311,0.9988,4,5,31.7,0,1.0017
15946,149,1287,fp32,N,N,556,-606605073,0.26054,0.31762,1.2191,4,32,354.5,0,1.0033
2485,1404,7579,bf16,N,T,57,-606603181,0.58992,0.90200,1.5290,4,11,123.6,0,1.0005
12,5612,140,fp16,T,T,88,-606629549,0.01021,0.02047,2.0044,4,396,180.6,0,1.0040
24,13646,52,fp32,T,T,82,-606620789,0.01175,0.02172,1.8475,4,364,353.4,0,0.9337
26963,1733,16277,fp16,N,N,90,-606603433,12.87451,25.00008,1.9418,4,5,87.1,0,1.0056
112,2796,114,bf16,N,T,57,-606623163,0.00864,0.01233,1.4260,4,588,221.6,0,0.9981
329,5479,5869,bf16,T,T,39,-606619908,0.32371,0.33841,1.0454,4,30,232.9,0,1.0023
259,16072,51,fp16,T,N,513,-606603062,0.02424,0.02917,1.2032,4,304,755.6,0,1.0081
494,24013,451,bf16,T,N,231,-606605608,0.14561,0.39389,2.7051,4,26,477.7,0,1.0011
241,8,238,fp32,N,T,614,-606601893,0.00864,0.00808,0.9344,4,869,28.3,0,1.0097
142,11415,1214,fp32,N,T,612,-606618115,0.14898,0.18765,1.2596,4,53,420.2,0,1.0045
880,628,7241,fp16,T,N,395,-606622766,0.14850,1.14984,7.7430,4,9,161.9,0,1.0019
89,3111,574,bf16,T,N,231,-606605475,0.01906,0.03923,2.0586,4,234,250.9,0,1.0111
111,794,10374,fp16,N,N,101,-606624108,0.06623,0.06613,0.9984,4,138,288.8,0,0.9971
394,20074,4580,fp16,N,T,62,-606604809,0.79558,0.79564,1.0001,4,13,275.4,0,1.0187
8040,44,298,fp16,N,T,62,-606627736,0.01596,0.05505,3.4486,4,169,390.5,0,1.0020
2764,2236,443,bf16,N,T,57,-606623161,0.11070,0.13977,1.2626,4,69,263.3,0,1.0157
10256,4608,238,fp16,N,T,227,-606604853,0.39586,0.53203,1.3440,4,19,495.4,0,1.0062
303,4299,8770,fp32,T,T,82,-606620788,0.81924,1.17834,1.4383,4,9,203.4,0,1.0068
4298,76,56,fp32,N,N,556,-606605021,0.00860,0.00865,1.0056,4,700,265.9,0,1.0157
4251,112,19,fp32,T,N,525,-606624703,0.00880,0.00854,0.9697,4,849,254.0,0,1.0003
1625,2158,2953,fp32,N,N,556,-606605017,0.62846,0.78766,1.2533,4,13,93.4,0,1.0048
265,3541,26094,bf16,N,T,62,-606623140,0.63214,1.13121,1.7895,4,9,320.2,0,0.9462
25262,4601,2252,bf16,N,T,57,-606603218,4.99522,5.07864,1.0167,4,5,120.0,0,1.0048
2329,28051,11798,bf16,N,N,166,-606630018,12.91853,21.06559,1.6306,4,5,75.7,0,1.0006
25,24412,17312,fp32,N,T,614,-606602204,1.53184,1.77546,1.1590,4,5,1106.3,0,0.9972
10846,370,5408,fp32,T,N,519,-606624850,1.26725,1.44287,1.1386,4,7,204.1,0,1.0069
10013,12348,6628,bf16,N,T,57,-606603181,20.38876,22.71019,1.1139,4,5,38.8,0,0.9993
44,3423,705,fp32,N,N,556,-606604892,0.02195,0.02469,1.1252,4,345,473.0,0,1.0010
5154,9871,825,fp16,T,N,245,-606603089,0.80815,0.86529,1.0707,4,12,282.5,0,1.0401
8347,234,1239,fp16,N,T,68,-606627760,0.08251,0.10598,1.2846,4,89,352.4,0,0.9916
276,3771,109,fp32,T,N,519,-606634109,0.01413,0.01639,1.1597,4,461,419.5,0,0.9972
348,16,2481,fp32,N,T,616,-606618431,0.02458,0.04568,1.8582,4,207,147.8,0,1.0126
1733,17482,6493,fp16,T,T,53,-606629618,5.30069,25.63117,4.8354,4,5,69.9,0,1.0117
1278,15302,12269,bf16,T,T,39,-606619916,4.03564,5.78489,1.4335,4,5,120.2,0,1.0026
29,2877,8,fp32,N,T,612,-606618323,0.00773,0.00787,1.0185,4,1003,55.2,0,0.9967
10230,31663,2358,bf16,N,T,57,-606623198,14.42667,14.69800,1.0188,4,5,103.5,0,1.0101
13616,17492,7167,fp16,N,T,62,-606627711,47.34275,47.49244,1.0032,4,5,29.5,0,1.0005
122,25,3669,fp32,N,T,612,-606602200,0.03203,0.06204,1.9370,4,153,67.7,0,0.9969
3727,5493,2483,fp16,T,N,245,-606603104,0.92281,0.94256,1.0214,4,11,138.4,0,1.0606
1604,20357,6715,bf16,N,N,166,-606629895,3.94600,5.64273,1.4300,4,5,107.8,0,0.9734
5059,3468,8300,bf16,N,T,57,-606603161,3.23382,3.19011,0.9865,4,5,65.5,0,1.0071
21203,3298,3314,fp32,T,T,82,-606620821,13.18326,13.36976,1.0141,4,5,45.9,0,0.9794
24,935,3771,fp16,T,N,255,-606602963,0.02894,0.48357,16.7109,4,21,253.0,0,0.9980
795,15101,1571,fp32,N,T,612,-606602015,1.15485,1.19801,1.0374,4,9,128.1,0,1.0087
12321,353,7709,bf16,N,N,166,-606605264,0.77812,0.90527,1.1634,4,12,273.5,0,0.9936
3083,21827,6008,bf16,T,T,39,-606619916,7.47720,11.10398,1.4850,4,5,76.0,0,0.9990
35,69,651,fp16,T,N,245,-606622748,0.01048,0.08105,7.7332,4,110,13.8,0,0.9981
25149,329,734,bf16,T,N,231,-606605603,0.16225,0.16220,0.9997,4,60,434.5,0,1.0050
18582,17474,2029,bf16,N,N,166,-606605363,11.53893,11.47676,0.9946,4,5,125.2,0,1.0109
27,658,43,bf16,N,N,166,-606629913,0.00850,0.00777,0.9137,4,733,15.3,0,0.9943
1068,59,627,bf16,N,T,57,-606623166,0.01202,0.01505,1.2517,4,497,138.5,0,1.0023
11,155,687,bf16,T,N,231,-606630790,0.01141,0.01107,0.9705,4,458,20.6,0,1.0049
20673,26,1022,bf16,T,N,238,-606605525,0.05415,0.06786,1.2533,4,140,821.1,0,1.0046
2,9,8,bf16,N,N,166,-606605259,0.00857,0.00780,0.9107,4,902,0.0,0,1.0069
6000,645,731,fp32,N,T,612,-606602004,0.19584,0.26075,1.3314,4,38,178.3,0,1.0047
2167,54,11,fp32,N,N,556,-606605043,0.00808,0.00811,1.0043,4,920,70.1,0,1.0075
14997,16,16538,fp32,N,T,614,-606618432,0.95627,1.57950,1.6517,4,7,1039.6,0,1.0070
1125,1689,162,fp16,T,N,245,-606622936,0.02306,0.02927,1.2695,4,283,369.2,0,0.9987
1742,1670,4267,bf16,N,T,57,-606603219,0.35009,0.45106,1.2884,4,22,116.4,0,1.0041
16029,1058,1250,bf16,N,T,57,-606603181,0.49383,0.51199,1.0368,4,20,223.9,0,1.0051
14792,6095,5249,bf16,T,N,231,-606630897,7.38714,11.08788,1.5010,4,5,78.5,0,1.0049
25816,1704,9768,fp16,T,N,513,-606603030,7.13558,7.12438,0.9984,4,5,100.0,0,1.0865
3748,5818,3109,bf16,N,N,166,-606605353,1.25611,1.56956,1.2495,4,7,116.8,0,0.9559
11375,263,6987,fp16,N,N,90,-606624259,0.62443,0.79067,1.2662,4,13,279.6,0,1.0075
30007,108,11434,fp32,T,T,82,-606620823,2.64251,3.11416,1.1785,4,5,526.1,0,1.0012
14275,9345,2914,fp16,N,T,62,-606627711,7.54291,7.53513,0.9990,4,5,89.0,0,0.9538
148,6102,1802,fp16,N,N,107,-606624215,0.06061,0.10407,1.7170,4,94,431.2,0,1.0005
103,1527,68,bf16,T,T,39,-606619917,0.00886,0.00778,0.8782,4,857,96.1,0,1.0027
400,137,918,bf16,N,N,174,-606629873,0.01378,0.03267,2.3703,4,217,87.4,0,1.0139
412,1911,19,fp16,N,T,62,-606627737,0.00958,0.00870,0.9083,4,698,338.0,0,1.0089
28299,3252,162,fp16,N,N,217,-606624258,0.64486,0.65627,1.0177,4,16,586.7,0,1.0105
1119,2447,3171,bf16,N,N,174,-606629908,0.20288,0.96199,4.7416,4,11,165.5,0,1.0039
1344,14265,260,fp32,T,N,519,-606624671,0.30871,0.31878,1.0326,4,31,301.0,0,1.0076
354,789,3142,fp32,N,T,612,-606618437,0.06735,0.09835,1.4603,4,98,229.9,0,1.0014
10145,13818,2775,fp16,T,T,53,-606629611,7.73302,8.27927,1.0706,4,5,89.7,0,1.0071
1098,5248,2271,fp16,T,T,53,-606629619,0.29878,1.88054,6.2941,4,6,173.6,0,1.0022
5686,6158,5350,bf16,T,N,231,-606605573,3.02766,3.04853,1.0069,4,5,88.1,0,1.0667
11896,1133,16,fp16,T,N,245,-606622933,0.05328,0.19638,3.6857,4,49,1019.7,0,0.9660
271,2162,3735,fp16,N,T,68,-606604779,0.09180,0.09172,0.9991,4,104,223.5,0,1.0054
258,14,4,fp32,N,N,556,-606605039,0.00811,0.00840,1.0363,4,998,2.3,0,1.0012
1272,21350,535,fp16,N,T,62,-606604851,0.49342,0.50018,1.0137,4,20,269.2,0,1.0056
3,552,20,fp16,T,T,60,-606629563,0.00879,0.00840,0.9557,4,782,3.3,0,1.0139
1779,5,1197,fp32,N,T,612,-606618430,0.01724,0.02144,1.2435,4,397,497.4,0,1.0155
3184,76,1368,fp32,N,N,562,-606605148,0.03980,0.04379,1.1003,4,204,472.6,0,1.0135
452,1188,1028,fp32,N,T,616,-606634096,0.05150,0.09626,1.8691,4,97,172.6,0,1.0139
1589,3253,2685,fp32,T,T,82,-606620793,0.86696,1.06127,1.2241,4,10,83.8,0,1.0250
11,8564,39,bf16,T,T,39,-606619917,0.00864,0.01057,1.2237,4,634,121.0,0,1.0010
62,4083,30,fp16,T,T,53,-606629621,0.00940,0.00857,0.9113,4,623,134.1,0,1.0018
16279,4104,2810,fp16,T,T,88,-606629617,3.76812,3.85596,1.0233,4,5,101.3,0,1.0193
95,5151,404,bf16,T,N,231,-606630743,0.02218,0.02547,1.1481,4,333,279.3,0,1.0031
1423,3456,5260,fp32,N,T,614,-606602209,1.49717,1.75541,1.1725,4,6,81.7,0,0.9992
5078,6897,14871,fp16,T,N,245,-606603120,8.90807,8.94577,1.0042,4,5,55.7,0,1.0684
728,6361,248,fp16,T,T,53,-606629618,0.08663,0.18112,2.0907,4,53,254.4,0,0.9658
5222,355,2627,fp32,T,T,82,-606620796,0.32817,0.46644,1.4213,4,22,201.2,0,1.0002
4384,2144,327,bf16,T,T,39,-606619906,0.08853,0.09193,1.0385,4,101,472.9,0,1.0029
577,20546,10205,fp32,T,T,82,-606620777,7.65567,9.84367,1.2858,4,5,118.8,0,1.0004
2583,2052,28886,bf16,T,T,39,-606619916,2.98942,5.27595,1.7649,4,5,96.7,0,1.0032
146,2394,984,fp16,N,N,105,-606603296,0.02644,0.02826,1.0687,4,289,241.9,0,1.0128
12203,1452,5045,fp16,T,T,53,-606629611,2.05577,11.38673,5.5389,4,5,101.5,0,1.0113
6557,4366,1836,bf16,N,T,57,-606603161,1.08038,1.08037,1.0000,4,10,143.1,0,1.0009
11727,18149,1941,bf16,N,T,57,-606623199,8.64525,8.90138,1.0296,4,5,111.9,0,1.0117
58,268,25304,fp32,N,T,614,-606602200,0.18848,0.62487,3.3152,4,17,175.4,0,0.9974
1178,2789,5424,bf16,T,N,231,-606630854,0.41319,0.79482,1.9236,4,13,136.0,0,1.0091
172,5466,41,bf16,T,N,231,-606630771,0.00990,0.00888,0.8970,4,719,426.7,0,1.0005
13581,935,1775,bf16,N,N,166,-606605209,0.51082,0.51064,0.9997,4,20,200.3,0,1.0043
4088,10898,15228,fp16,T,N,245,-606622958,10.75830,11.34147,1.0542,4,5,59.0,0,1.0171
20539,4490,999,fp32,N,T,612,-606601980,5.43457,5.73080,1.0545,4,5,86.3,0,1.0005
395,2437,27802,fp32,T,N,519,-606624942,1.92393,3.04967,1.5851,4,5,165.7,0,0.9978
552,20206,1809,bf16,N,T,57,-606603161,0.48614,0.48536,0.9984,4,21,246.3,0,0.9983
932,1983,2107,fp32,N,N,556,-606605148,0.26184,0.30117,1.1502,4,33,122.1,0,1.0052
1020,18926,26025,fp16,T,T,53,-606629611,16.71334,63.80259,3.8175,4,5,66.7,0,0.9989
227,37,571,bf16,N,T,57,-606603186,0.00879,0.01263,1.4378,4,425,38.1,0,1.0023
1471,65,207,bf16,T,T,39,-606619899,0.00888,0.00811,0.9132,4,711,114.6,0,1.0035
6550,301,19686,bf16,T,T,39,-606619909,1.03552,1.10456,1.0667,4,10,268.1,0,1.0051
1130,1336,16130,fp16,N,T,239,-606627706,0.47691,0.89120,1.8687,4,11,179.5,0,0.9981
1193,16653,484,fp16,T,T,53,-606629615,0.31876,1.27132,3.9883,4,8,303.5,0,1.0122
4113,14104,3127,fp32,T,T,82,-606620831,10.38251,18.34428,1.7668,4,5,44.3,0,1.0011
1147,13,990,bf16,N,T,62,-606603186,0.01362,0.01486,1.0908,4,500,173.0,0,1.0015
4565,8,1080,fp32,T,N,525,-606624684,0.02096,0.02092,0.9984,4,385,949.5,0,1.0019
3444,20,9399,fp32,N,N,564,-606605020,0.15702,0.21639,1.3781,4,45,831.1,0,1.0039
7,31314,770,fp32,T,T,82,-606620820,0.11765,0.23089,1.9624,4,43,827.4,0,1.0140
41,1418,1341,fp32,N,N,556,-606605144,0.02077,0.02271,1.0937,4,369,388.1,0,0.9980
5207,370,155,bf16,N,N,166,-606629917,0.02506,0.02880,1.1492,4,299,376.4,0,1.0029
8,14492,1529,bf16,T,T,39,-606619899,0.07284,0.09441,1.2961,4,101,615.1,0,1.0101
8622,22293,12528,bf16,T,T,39,-606619916,38.61958,70.97145,1.8377,4,5,40.0,0,1.0040
204,17135,186,bf16,N,N,166,-606605265,0.04677,0.05891,1.2596,4,159,436.8,0,0.9985
1373,21754,9829,bf16,T,N,231,-606605573,4.67104,4.58067,0.9807,4,5,122.9,0,1.1083
1604,9,1200,bf16,N,N,174,-606629873,0.01754,0.03790,2.1611,4,202,224.0,0,0.9323
10768,1713,236,bf16,N,N,166,-606605218,0.16892,0.17052,1.0094,4,58,471.7,0,1.0001
105,3088,164,fp16,T,N,513,-606602880,0.01059,0.00976,0.9214,4,663,221.4,0,1.0026
657,695,2219,fp16,N,N,99,-606624126,0.06080,0.12605,2.0733,4,78,128.7,0,1.0035
2478,686,1047,bf16,T,T,39,-606619906,0.06915,0.06924,1.0013,4,136,194.1,0,1.0052
3380,253,428,fp16,N,T,62,-606604838,0.02884,0.02965,1.0282,4,286,226.5,0,1.0023
15,225,146,fp32,N,T,612,-606602088,0.00877,0.00805,0.9182,4,792,17.5,0,1.0099
259,140,147,bf16,N,N,273,-606605224,0.00887,0.00809,0.9116,4,902,29.6,0,1.0122
7246,4684,1468,fp32,N,N,556,-606627839,2.87664,3.89298,1.3533,4,5,71.5,0,1.0147
1933,150,4877,bf16,T,T,39,-606619899,0.09049,0.12909,1.4266,4,70,237.4,0,0.9226
340,1532,189,bf16,T,N,332,-606605441,0.01122,0.01238,1.1027,4,588,248.7,0,1.0033
10360,22,9,fp16,N,N,98,-606624247,0.00916,0.01102,1.2019,4,554,119.9,0,1.0057
8845,2464,14922,fp16,N,T,227,-606627693,5.57834,5.91460,1.0603,4,5,76.1,0,1.0054
2,1,9268,fp16,T,T,37,-606629578,0.06652,0.06653,1.0002,4,115,0.8,0,0.9988
3,23,16,fp16,N,T,62,-606604757,0.00758,0.00757,0.9976,4,1003,0.1,0,0.9176
6,13606,14748,fp32,T,T,82,-606620798,1.09182,1.08209,0.9911,4,9,735.8,0,1.0058
6783,1516,1307,fp32,N,T,614,-606602203,0.79970,0.89141,1.1147,4,12,105.7,0,1.0192
5891,14404,103,fp32,N,N,556,-606627948,0.68098,0.89254,1.3107,4,12,510.7,0,1.0007
2693,714,1656,bf16,N,T,62,-606603181,0.08172,0.11457,1.4020,4,85,232.2,0,1.0043
1384,6677,8179,bf16,N,T,57,-606603145,1.85036,9.85238,5.3246,4,5,91.2,0,1.0003
2686,1096,6756,fp16,T,T,88,-606629607,0.41357,2.55360,6.1745,4,5,152.0,0,1.0075
32,36,56,fp32,N,N,562,-606627931,0.00848,0.00801,0.9441,4,952,2.3,0,1.0007
6922,1513,7266,fp16,N,N,94,-606603427,1.46828,1.67895,1.1435,4,6,112.0,0,1.0055
3832,5348,573,fp16,T,N,382,-606622975,0.27462,0.31800,1.1580,4,30,336.8,0,1.0031
554,3245,632,fp16,N,N,94,-606603393,0.04404,0.05955,1.3524,4,155,272.3,0,1.0060
24522,524,518,fp32,T,N,525,-606603894,0.43213,0.44030,1.0189,4,23,239.0,0,1.0434
21935,5,12070,fp16,T,T,53,-606629614,0.60135,3.88475,6.4600,4,5,881.5,0,0.9970
2469,414,2796,bf16,N,N,176,-606605265,0.10816,0.11184,1.0340,4,83,186.9,0,1.0133
273,771,9019,bf16,N,T,64,-606603225,0.14360,0.14661,1.0210,4,70,137.0,0,1.0028
4354,2571,1095,fp16,N,T,62,-606627717,0.32411,0.34788,1.0734,4,29,184.9,0,1.0151
18,61,7003,bf16,T,N,247,-606605451,0.01451,0.01334,0.9192,4,484,76.5,0,0.9554
12039,196,6524,fp32,T,T,82,-606620823,1.19462,1.46075,1.2228,4,7,275.2,0,1.0076
5044,398,12293,fp32,N,N,556,-606605148,1.72863,2.29843,1.3296,4,5,159.4,0,1.0067
21351,3809,8018,fp16,N,T,62,-606604870,18.14012,18.11555,0.9986,4,5,40.2,0,0.9982
1063,27549,696,fp32,N,T,612,-606618325,1.28438,1.33174,1.0369,4,8,153.2,0,1.0019
4508,4970,2297,fp16,T,T,53,-606629615,1.04073,1.04294,1.0021,4,10,127.9,0,1.0012
3738,519,1051,fp32,T,T,82,-606620791,0.15828,0.19110,1.2073,4,52,162.1,0,1.0046
837,1167,147,fp16,N,T,62,-606627728,0.01437,0.01438,1.0010,4,514,312.9,0,1.0121
4109,4625,2152,fp32,N,N,556,-606628009,2.40841,2.71363,1.1267,4,5,62.8,0,1.0159
73,152,7199,fp32,N,N,556,-606605145,0.04647,0.22295,4.7978,4,46,140.4,0,0.9948
28969,216,342,fp32,N,T,614,-606602192,0.17283,0.18113,1.0480,4,55,375.8,0,1.0164
4766,821,7202,fp16,N,T,62,-606604851,0.62052,0.62025,0.9996,4,16,154.9,0,1.0013
3,7,125,fp16,N,T,62,-606627668,0.00867,0.00806,0.9303,4,673,0.3,0,0.9975
1021,4092,5501,bf16,N,N,273,-606629967,0.54219,0.72393,1.3352,4,14,134.6,0,1.0078
43,26,15242,fp32,T,T,82,-606620789,0.33777,0.33659,0.9965,4,30,12.5,0,0.9165
21192,13531,4419,bf16,T,T,39,-606619916,21.22796,28.23134,1.3299,4,5,68.5,0,1.0093
12,1027,12691,fp16,T,N,258,-606603003,0.04300,0.04300,0.9999,4,205,614.4,0,1.0008
1922,25,1478,fp32,N,N,556,-606628039,0.02398,0.02677,1.1161,4,322,488.0,0,1.0107
9373,6,22433,fp16,N,N,58,-606624140,0.68513,4.34197,6.3375,4,5,614.5,0,1.0014
66,847,132,fp16,T,T,53,-606629612,0.00759,0.01635,2.1531,4,392,61.2,0,1.0039
855,661,4277,bf16,N,N,176,-606629944,0.10824,0.16458,1.5205,4,60,140.7,0,1.0091
3748,13815,1151,fp16,T,N,245,-606622975,1.08078,1.12860,1.0442,4,9,229.0,0,1.0689
96,19686,2200,bf16,N,N,174,-606629918,0.12262,0.31856,2.5980,4,29,771.5,0,0.9589
39,59,6661,fp32,N,T,612,-606618433,0.05707,0.12001,2.1029,4,87,45.9,0,1.0057
20313,25956,5162,bf16,T,T,39,-606619916,45.17149,60.61102,1.3418,4,5,57.3,0,1.0089
3661,352,1825,bf16,T,T,39,-606619903,0.07092,0.08860,1.2493,4,104,279.2,0,1.0112
24271,28067,2028,bf16,N,T,57,-606603218,27.01728,27.30487,1.0106,4,5,108.7,0,1.0020
81,12,27,fp32,N,N,556,-606605144,0.00845,0.00787,0.9311,4,987,1.6,0,1.0051
1398,2821,337,fp32,N,N,556,-606634135,0.09450,0.12019,1.2719,4,81,227.1,0,1.0096
165,32136,68,bf16,T,T,39,-606619915,0.04243,0.04140,0.9758,4,218,603.4,0,1.0102
12153,6013,6848,fp16,N,N,90,-606624258,8.29222,8.80749,1.0621,4,5,65.3,0,1.1095
9280,8608,1236,fp32,N,T,616,-606618417,5.67043,6.04720,1.0664,4,5,71.9,0,0.9369
4401,665,162,fp32,N,N,556,-606608209,0.04367,0.04804,1.1000,4,188,343.2,0,1.0040
189,6448,595,fp16,N,N,364,-606624169,0.02829,0.03205,1.1327,4,267,451.4,0,1.0013
6359,2627,21,fp32,T,T,82,-606620832,0.10303,0.22062,2.1413,4,45,655.9,0,0.9996
1377,8,11615,fp16,N,T,243,-606627756,0.06559,0.27402,4.1777,4,37,491.2,0,1.0005
12718,4,8069,bf16,T,N,118,-606605556,0.23981,0.43879,1.8298,4,23,857.0,0,1.0047
119,67,2165,fp16,N,T,68,-606627646,0.01694,0.01707,1.0075,4,385,49.4,0,1.0003
739,1382,10850,fp32,N,N,556,-606628025,0.74598,0.90261,1.2100,4,12,128.9,0,1.0031
216,588,496,fp16,T,N,382,-606602878,0.01174,0.01129,0.9617,4,594,111.2,0,1.0024
34,20142,1306,bf16,N,T,62,-606603161,0.09143,0.09142,0.9999,4,106,606.4,0,1.0035
617,9441,8668,fp16,N,N,90,-606624185,1.02085,1.29119,1.2648,4,8,193.6,0,1.0113
75,43,122,fp16,T,N,245,-606603057,0.00865,0.01082,1.2504,4,451,4.8,0,0.9966
2919,742,14799,fp16,N,N,99,-606603416,0.71734,0.74696,1.0413,4,14,163.1,0,1.0162
11516,9340,8889,bf16,N,T,57,-606623161,24.92224,26.99363,1.0831,4,5,32.1,0,0.9972
10564,2914,158,fp32,T,N,519,-606603945,0.30811,0.44406,1.4412,4,23,427.3,0,1.0054
9069,659,122,bf16,T,T,39,-606619899,0.08444,0.09006,1.0665,4,102,311.2,0,1.0144
2,41,140,fp16,N,T,62,-606627646,0.00888,0.00776,0.8736,4,775,1.4,0,0.9996
2159,17740,1216,fp16,T,N,382,-606622966,0.82226,0.93803,1.1408,4,11,245.2,0,1.0302
28422,201,1249,bf16,T,N,231,-606605607,0.19916,0.19948,1.0016,4,48,473.7,0,1.0027
20264,12151,8782,bf16,T,T,39,-606619916,35.01572,58.58290,1.6730,4,5,44.4,0,1.0880
125,5,11025,fp16,T,T,53,-606629613,0.20051,2.12607,10.6031,4,5,14.3,0,0.9385
184,2935,259,fp16,N,N,94,-606624140,0.01506,0.03811,2.5312,4,188,250.8,0,0.9990
5224,7882,5257,fp16,T,T,53,-606629620,4.04513,5.49062,1.3573,4,5,74.8,0,1.2394
109,7005,28209,bf16,N,N,176,-606605183,0.96523,0.96207,0.9967,4,10,419.0,0,0.8433
45,228,30,bf16,N,T,57,-606603183,0.00837,0.00800,0.9562,4,1025,6.9,0,0.9986
118,136,3189,fp32,N,N,556,-606605145,0.02127,0.04687,2.2038,4,204,155.4,0,1.0014
8826,18061,764,fp16,T,T,53,-606629608,2.79497,2.86080,1.0236,4,5,242.8,0,1.1845
18376,3791,19127,fp16,N,T,62,-606604822,44.76728,46.05158,1.0287,4,5,25.2,0,1.2607
57,107,5154,fp32,N,T,612,-606618433,0.04391,0.14176,3.2280,4,68,77.5,0,0.8332
1454,2916,2,fp16,N,N,223,-606624072,0.01994,0.02920,1.4638,4,277,851.2,0,0.9938
151,27,26,fp32,N,T,612,-606618323,0.00776,0.00776,0.9996,4,1020,4.5,0,0.9813
2145,29,299,fp32,T,N,519,-606624684,0.00801,0.01230,1.5346,4,569,355.6,0,0.9080
769,1546,1270,fp32,T,N,519,-606603928,0.12824,0.13769,1.0737,4,73,128.8,0,1.0985
7105,132,1519,bf16,N,N,281,-606605298,0.06928,0.08820,1.2730,4,106,371.5,0,0.9863
1872,189,336,fp32,T,T,82,-606620798,0.01537,0.02402,1.5627,4,341,272.3,0,0.9549
3310,6,59,bf16,T,T,39,-606619899,0.00824,0.01066,1.2938,4,623,57.1,0,1.0128
5158,15973,1100,fp16,T,N,245,-606603079,1.80466,2.15880,1.1962,4,5,208.4,0,1.2247
4076,3694,93,bf16,T,T,39,-606619917,0.19786,0.21322,1.0776,4,45,311.7,0,1.0028
18,159,84,fp16,T,T,53,-606629621,0.00844,0.01077,1.2763,4,485,4.9,0,0.9797
3098,16038,16675,bf16,T,N,231,-606605611,13.36269,13.92726,1.0422,4,5,62.6,0,1.1158
22470,508,5716,fp16,N,N,223,-606603423,1.37495,1.42083,1.0334,4,8,224.3,0,1.0599
26399,7999,2539,fp16,N,N,90,-606603431,9.81375,11.67726,1.1899,4,5,103.9,0,0.8881
209,76,125,fp32,T,T,82,-606620797,0.00842,0.00972,1.1549,4,569,24.5,0,0.9965
6,5161,3526,fp16,T,N,71,-606622839,0.05676,0.47264,8.3277,4,22,644.2,0,1.0037
1581,14843,1791,bf16,N,T,57,-606623199,1.03964,3.77271,3.6289,4,5,146.9,0,1.1425
15490,117,544,fp16,N,N,94,-606624246,0.04706,0.06309,1.3405,4,139,514.8,0,0.9661
1775,31462,793,fp32,T,N,519,-606624846,2.79140,2.97265,1.0649,4,5,117.8,0,0.9765
474,414,12849,fp32,N,T,612,-606618175,0.23460,0.36560,1.5584,4,29,197.9,0,0.9459
6300,21618,10163,bf16,N,T,57,-606623161,38.62464,41.44136,1.0729,4,5,28.8,0,1.1048
17385,5407,3094,fp16,N,N,90,-606603432,5.30307,5.66598,1.0684,4,5,97.5,0,0.9670
9899,2588,1175,fp32,T,N,525,-606603846,1.97988,2.09223,1.0567,4,6,81.4,0,1.2088
1516,9656,31304,bf16,T,N,441,-606605608,7.74379,8.26913,1.0678,4,5,97.9,0,0.9334
5449,2082,15345,bf16,T,T,39,-606619916,3.26414,4.80410,1.4718,4,5,84.7,0,0.9503
295,15,1305,fp32,T,N,519,-606624713,0.02031,0.03840,1.8907,4,217,80.6,0,1.0123
410,18728,140,bf16,N,T,201,-606603197,0.07074,0.08965,1.2673,4,106,509.9,0,1.0018
3495,1284,64,bf16,N,T,57,-606623132,0.02284,0.02285,1.0006,4,358,812.6,0,1.0039
11,27,228,fp32,T,N,519,-606624665,0.00874,0.00832,0.9525,4,763,4.1,0,1.0020
14521,10677,3580,fp16,N,N,90,-606603430,10.21719,10.58349,1.0359,4,5,78.4,0,1.1080
825,5469,8382,fp32,T,N,519,-606604047,2.50418,2.56360,1.0237,4,5,91.5,0,1.0848
6598,3034,898,fp32,N,T,612,-606618380,1.18111,1.27665,1.0809,4,8,97.1,0,0.9597
8429,382,2,bf16,T,T,39,-355,0.01942,0.04592,2.3651,4,191,665.2,0,0.9601
1318,5229,2250,fp16,T,N,245,-606603091,0.34288,0.38183,1.1136,4,27,166.3,0,1.1543
398,977,14543,bf16,T,N,247,-606630700,0.28109,2.56594,9.1286,4,5,147.8,0,0.8904
1056,3374,3067,fp16,N,T,62,-606604851,0.26618,1.39585,5.2440,4,8,155.6,0,1.0239
6827,2732,4397,fp16,N,N,217,-606624161,1.71225,2.06143,1.2039,4,5,92.7,0,1.1573
1019,232,253,bf16,N,N,388,-606629840,0.01098,0.01383,1.2595,4,454,143.8,0,0.8639
364,308,683,fp16,T,N,382,-606622743,0.01500,0.01411,0.9406,4,410,91.1,0,1.0024
8192,17,51,bf16,T,N,231,-606630723,0.01136,0.01731,1.5235,4,384,122.7,0,0.8518
16426,150,372,fp16,T,T,88,-606629607,0.05509,0.21039,3.8193,4,48,402.8,0,1.0711
530,11512,3569,fp32,N,T,614,-606602203,1.42477,1.40881,0.9888,4,7,137.8,0,0.9843
12463,22740,826,bf16,N,T,57,-606623199,5.36563,5.78643,1.0784,4,5,222.1,0,0.9787
316,3942,3062,fp16,N,N,105,-606624255,0.12520,0.15510,1.2388,4,62,248.1,0,1.0104
1267,4864,470,fp32,T,N,525,-606624801,0.20069,0.20028,0.9980,4,55,180.3,0,1.1149
1,2862,351,fp32,T,T,13,-606620758,0.00892,0.00819,0.9183,4,889,451.8,0,0.9250
11734,2016,318,fp32,N,N,556,-606628022,0.46768,0.46748,0.9996,4,22,239.7,0,1.0041
6013,554,27686,bf16,T,T,39,-606619903,2.95054,3.00373,1.0180,4,5,127.8,0,1.2072
1550,11628,368,fp16,N,T,62,-606604827,0.21675,0.50284,2.3199,4,18,377.4,0,0.8483
1378,3885,2,fp16,N,N,94,-606603249,0.02574,0.04355,1.6920,4,210,832.7,0,1.0043
56,39,11,fp16,N,T,62,-606627725,0.01056,0.00833,0.7889,4,947,1.0,0,1.0100
1941,25,1521,fp16,N,N,97,-606603275,0.02347,0.18795,8.0079,4,52,263.1,0,1.0150
1970,196,3139,fp16,N,N,232,-606603329,0.06748,0.06733,0.9977,4,140,224.4,0,1.0336
2999,594,105,fp32,N,T,612,-606601982,0.02392,0.03181,1.3298,4,271,360.9,0,1.0197
25860,935,80,bf16,T,T,39,-606619899,0.27914,0.34836,1.2480,4,28,361.8,0,0.9584
117,1220,23,fp32,N,N,556,-606627938,0.01059,0.00878,0.8293,4,881,65.5,0,1.0078
5642,7389,12463,fp16,N,T,62,-606604870,15.22506,15.60669,1.0251,4,5,32.3,0,1.1005
6575,14916,4992,fp32,T,T,82,-606620803,29.03295,28.90556,0.9956,4,5,28.3,0,0.9866
39,1301,2019,fp32,T,N,519,-606624663,0.03174,0.03299,1.0396,4,252,347.4,0,0.9717
3517,16125,6295,bf16,N,T,57,-606603218,8.36261,8.67883,1.0378,4,5,56.7,0,1.1089
22900,189,503,bf16,N,T,57,-606623199,0.10613,0.11341,1.0686,4,85,382.0,0,1.0054
6677,2062,6290,fp16,T,N,245,-606623012,1.66972,16.01268,9.5900,4,5,98.8,0,1.0769
414,345,23858,fp32,T,N,519,-606603866,0.40243,0.40223,0.9995,4,25,181.4,0,0.9417
14,2,14,fp32,T,N,212,-606604040,0.01063,0.00799,0.7511,4,972,0.1,0,0.9640
7623,349,4,fp16,T,N,245,-606622730,0.01599,0.01423,0.8900,4,520,669.6,0,1.0476
30623,459,1059,fp16,N,T,62,-606604851,0.43283,0.42342,0.9783,4,23,282.0,0,1.0237
2877,5053,2740,fp32,N,N,556,-606628012,2.62427,3.01771,1.1499,4,5,55.3,0,1.0687
5,1696,86,bf16,T,T,4,-354,0.01110,0.01156,1.0414,4,552,29.4,0,0.8854
31983,601,145,fp16,N,N,90,-606624255,0.16518,0.17105,1.0355,4,57,522.7,0,0.9997
2134,2684,964,fp16,N,T,62,-606604827,0.15506,0.20815,1.3423,4,47,207.7,0,1.0112
746,19275,2253,fp16,T,N,245,-606603126,0.67694,0.71217,1.0520,4,16,218.2,0,1.2263
141,177,7281,bf16,T,T,39,-606619899,0.13554,0.19307,1.4244,4,50,34.9,0,0.9737
7002,3543,228,fp16,T,T,53,-606629609,0.33404,0.82169,2.4599,4,13,311.5,0,1.0550
830,2568,12420,fp32,T,N,525,-606624844,1.79303,1.83338,1.0225,4,6,98.9,0,1.0014
3,11,8566,fp32,N,N,556,-606628038,0.02945,0.18620,6.3231,4,45,16.3,0,0.9700
6019,1433,1213,bf16,N,T,57,-606623140,0.28220,0.39175,1.3882,4,26,186.3,0,1.0246
3277,4224,4044,fp16,N,N,352,-606603355,1.09225,1.10801,1.0144,4,10,106.2,0,1.2337
2580,338,35,fp32,T,T,82,-606620815,0.01163,0.01228,1.0559,4,503,335.2,0,0.8506
142,28983,1382,bf16,T,N,231,-606630861,0.21649,0.42002,1.9402,4,24,447.9,0,1.0656
14106,4423,8278,fp16,N,T,62,-606604822,14.45772,15.04034,1.0403,4,5,38.5,0,0.9402
1251,4,8650,fp16,N,N,120,-606624087,0.07563,0.12808,1.6935,4,73,287.3,0,0.9439
1833,2077,1986,fp16,N,T,62,-606627717,0.19480,0.25650,1.3167,4,39,157.9,0,1.0130
2350,3146,1741,bf16,T,N,231,-606605608,0.25021,0.27574,1.1020,4,33,194.7,0,0.9144
3722,13114,337,fp16,N,T,62,-606627717,0.56185,0.67516,1.2017,4,15,367.7,0,1.0008
29531,883,1201,fp32,N,N,556,-606627852,1.80828,2.32575,1.2862,4,5,138.5,0,0.8507
1335,1388,5662,fp16,T,N,386,-606602930,0.28457,0.43483,1.5280,4,25,134.4,0,1.1035
1665,14312,7693,bf16,N,T,201,-606623196,3.51403,3.37688,0.9610,4,5,97.1,0,1.0921
303,2070,87,fp32,T,N,519,-606608181,0.00886,0.01176,1.3270,4,603,376.3,0,0.9298
27026,1320,7015,bf16,N,N,388,-606605215,4.51239,4.49963,0.9972,4,5,119.8,0,1.0738
8976,9063,2711,fp16,T,N,245,-606603078,4.04219,4.05684,1.0036,4,5,104.7,0,1.0898
4463,191,15981,bf16,T,T,39,-606619903,0.48581,0.64572,1.3292,4,15,313.2,0,0.9186
217,24,1262,fp32,N,N,556,-606628038,0.00912,0.02947,3.2321,4,265,135.7,0,0.9913
7843,29787,1488,bf16,T,T,39,-606619901,6.75773,6.75837,1.0001,4,5,154.9,0,1.2090
18805,10267,3871,bf16,N,T,57,-606603218,16.38581,15.53487,0.9481,4,5,60.9,0,0.9317
10,5330,18,bf16,N,T,57,-606623167,0.00817,0.01058,1.2937,4,605,49.6,0,0.9493
4606,2811,46,bf16,N,T,57,-606623173,0.09776,0.12833,1.3126,4,75,536.7,0,1.0042
500,302,102,fp16,T,N,245,-606603020,0.00806,0.00940,1.1666,4,634,95.3,0,1.0014
29215,33,685,fp32,T,N,519,-606608179,0.09237,0.10276,1.1125,4,96,909.3,0,1.0676
317,64,1586,fp16,T,N,555,-606622756,0.01406,0.01884,1.3399,4,362,91.7,0,0.9578
58,4888,20353,fp16,N,N,399,-606603378,0.25154,0.61490,2.4445,4,17,804.9,0,1.0050
4,15159,20172,fp16,N,N,103,-606603313,0.68291,0.93701,1.3721,4,11,896.1,0,1.0047
310,9395,1207,fp16,T,N,245,-606622955,0.11625,0.71325,6.1355,4,14,301.7,0,0.9989
567,3627,27164,bf16,N,N,174,-606629918,1.35148,2.00889,1.4864,4,5,174.7,0,1.0135
1088,14023,9944,bf16,N,T,57,-606623124,3.84558,3.75013,0.9752,4,5,94.0,0,1.1513
716,1512,2933,fp16,T,T,53,-606629606,0.12258,0.58920,4.8067,4,16,141.9,0,0.9012
70,6253,200,fp16,T,N,245,-606603031,0.01409,0.04393,3.1185,4,205,303.9,0,1.0052
3893,1156,4453,bf16,N,T,57,-606623124,0.46467,0.45418,0.9774,4,22,135.5,0,1.0342
10459,11483,13033,bf16,N,T,57,-606603181,48.22445,50.09840,1.0389,4,5,21.8,0,0.9487
5523,584,36,bf16,N,N,388,-606629888,0.01654,0.02426,1.4673,4,333,806.8,0,1.0042
234,4380,4444,fp32,T,N,525,-606624801,0.34829,0.40246,1.1555,4,27,247.3,0,1.1482
1271,1639,1265,fp32,T,N,519,-606624950,0.18352,0.18429,1.0042,4,56,125.6,0,0.9937
7634,26,52,fp16,N,T,62,-606627726,0.00848,0.02920,3.4438,4,265,187.6,0,0.9013
236,853,16398,fp16,N,T,70,-606627668,0.22972,0.44123,1.9207,4,23,159.0,0,0.9928
2863,2,5,fp16,T,N,51,-606622900,0.00816,0.00819,1.0038,4,933,6.3,0,0.9868
24,84,57,fp16,T,T,53,-606629612,0.00827,0.00978,1.1820,4,507,2.5,0,0.8956
848,913,869,fp32,N,T,612,-606618090,0.05485,0.06970,1.2708,4,139,168.1,0,1.0398
3715,158,1077,bf16,T,N,238,-606630847,0.03801,0.04404,1.1587,4,209,281.3,0,0.9569
10507,193,1034,fp16,N,T,68,-606627741,0.09687,0.11091,1.1448,4,81,312.1,0,0.9080
183,174,2493,bf16,T,T,39,-606619899,0.04980,0.06956,1.3967,4,131,38.3,0,0.9723
7133,20,585,bf16,T,N,332,-606630796,0.01769,0.01919,1.0850,4,434,505.3,0,1.0195
4378,839,18,bf16,N,T,57,-606623173,0.02535,0.02538,1.0011,4,303,587.0,0,1.0146
9782,182,4390,fp32,T,N,519,-606624942,0.52924,0.66802,1.2622,4,16,344.1,0,1.0062
711,24433,1744,bf16,N,T,57,-606623199,0.67212,0.66308,0.9866,4,16,233.9,0,1.0119
2237,9023,2112,fp16,N,T,62,-606627698,0.73993,3.29032,4.4468,4,5,173.4,0,1.0471
611,1680,19229,fp16,N,T,241,-606604852,0.52723,0.65685,1.2459,4,15,174.9,0,0.9862
21,1489,20457,fp32,N,N,556,-606605040,0.24433,0.32220,1.3187,4,32,506.2,0,0.9278
6260,22232,3636,bf16,T,T,39,-606619916,9.30409,9.77720,1.0509,4,5,82.1,0,1.0884
6627,1805,7803,fp16,T,N,245,-606603120,1.64831,15.79670,9.5836,4,5,108.9,0,0.9959
5852,2550,3710,fp16,T,T,88,-606629620,1.05401,6.17520,5.8588,4,5,115.8,0,0.9692
3713,55,21621,fp32,N,T,612,-606618439,0.40232,1.00420,2.4960,4,10,812.0,0,1.0692
1695,714,6878,fp32,T,T,82,-606620823,0.68719,0.67648,0.9844,4,14,103.5,0,0.9928
307,57,8592,bf16,N,T,64,-606623202,0.02799,0.12916,4.6140,4,79,225.9,0,0.9359
881,1144,4410,fp32,N,T,614,-606602017,0.35420,0.43802,1.2366,4,24,112.2,0,1.1459
793,9301,14467,fp16,N,T,62,-606627741,3.24760,3.11029,0.9577,4,5,99.0,0,1.0853
41,1,7295,fp32,T,T,83,-9,0.07372,0.29550,4.0084,4,28,16.6,0,0.8864
14835,14979,9581,bf16,N,T,57,-606603181,63.32255,66.12584,1.0443,4,5,23.1,0,1.1732
7805,633,5438,bf16,T,N,231,-606630823,0.51044,0.92199,1.8063,4,11,218.5,0,1.0410
305,478,743,bf16,N,T,57,-606603183,0.01619,0.01968,1.2155,4,375,107.9,0,0.8748
1998,6868,4269,fp16,T,N,382,-606603126,1.16894,1.23141,1.0534,4,9,111.7,0,1.1574
5092,8746,21418,bf16,N,N,166,-606630009,15.06650,16.26986,1.0799,4,5,51.2,0,0.8828
33,836,5883,bf16,T,T,39,-606619899,0.10699,0.15544,1.4528,4,62,96.6,0,0.9906
4575,571,1425,fp32,T,T,82,-606620815,0.25351,0.36681,1.4469,4,28,156.9,0,1.0099
25602,172,48,bf16,T,T,39,-606619916,0.05070,0.06575,1.2969,4,140,396.2,0,1.0026
20246,6494,4593,fp16,T,T,53,-606629611,16.08455,17.40201,1.0819,4,5,48.0,0,1.2751
2437,1741,14046,fp32,T,T,82,-606620804,4.11083,4.13566,1.0060,4,5,61.2,0,0.8390
236,10264,246,fp32,N,T,616,-606608170,0.05545,0.06173,1.1132,4,151,361.0,0,1.0061
611,704,2505,fp32,T,N,525,-606624941,0.09432,0.09110,0.9659,4,104,157.9,0,0.9566
236,1537,803,fp32,T,N,519,-606604021,0.02581,0.02526,0.9786,4,324,276.9,0,1.0632
5997,11,3746,fp32,T,T,82,-606620797,0.09310,0.19186,2.0607,4,49,969.8,0,1.0311
12,3,812,fp16,N,N,44,-606603392,0.01498,0.03338,2.2285,4,188,1.6,0,0.8455
540,71,8309,bf16,T,N,247,-606630790,0.08975,0.09396,1.0469,4,100,114.8,0,1.0036
5232,407,137,fp32,N,T,612,-606602022,0.03347,0.04342,1.2972,4,203,346.8,0,0.8711
10,5,5,fp32,N,N,556,-606605032,0.00790,0.00822,1.0404,4,1031,0.1,0,0.9846
2220,16499,2067,bf16,T,N,231,-606630824,1.47593,1.40863,0.9544,4,7,151.7,0,1.1464
13195,78,50,fp32,T,N,519,-606624716,0.01292,0.01592,1.2326,4,480,524.1,0,0.9727
2076,121,2600,bf16,T,T,39,-606619899,0.04888,0.06744,1.3797,4,126,254.3,0,0.9160
2345,109,159,fp32,N,T,612,-606618193,0.00966,0.01072,1.1097,4,645,267.4,0,0.9910
318,444,526,fp16,T,T,88,-606629622,0.01263,0.02701,2.1383,4,303,108.2,0,0.9817
63,7052,16578,fp16,N,N,226,-606603298,0.36507,0.36035,0.9871,4,27,651.1,0,1.0430
1662,4382,14259,bf16,T,N,231,-606630826,1.86873,4.74757,2.5405,4,5,107.8,0,1.1437
5714,438,389,fp16,T,N,245,-606603068,0.03597,0.20912,5.8131,4,43,411.3,0,0.8524
367,3962,3550,bf16,T,T,39,-606619903,0.13276,0.17810,1.3415,4,55,275.3,0,1.0057
29493,109,970,fp32,T,T,82,-606620831,0.26001,0.32615,1.2544,4,34,491.2,0,1.1465
2984,1047,3889,bf16,T,N,231,-606630785,0.29529,0.42719,1.4467,4,22,148.5,0,0.9458
25441,3713,1201,bf16,T,T,39,-606619900,2.95218,3.00200,1.0169,4,5,151.7,0,1.1457
184,1913,4720,fp16,T,N,258,-606603032,0.08935,0.08898,0.9958,4,105,237.3,0,0.9030
677,411,8594,fp16,N,N,99,-606603392,0.16304,0.16143,0.9902,4,59,121.5,0,0.9198
567,3190,1211,fp32,N,T,612,-606618406,0.14355,0.23588,1.6432,4,41,177.2,0,1.0185
911,1955,5536,fp32,T,T,82,-606620793,0.73389,0.69486,0.9468,4,15,96.2,0,1.0271
307,283,36,bf16,N,T,57,-606623163,0.00761,0.00775,1.0177,4,915,51.2,0,0.9505
5977,9056,213,fp16,N,N,352,-606603338,0.39350,0.39746,1.0101,4,25,566.5,0,0.9889
1195,12318,595,fp16,T,N,245,-606622975,0.21785,0.22855,1.0491,4,41,344.1,0,1.0715
161,758,3859,bf16,T,N,247,-606605542,0.05727,0.06217,1.0855,4,149,132.4,0,0.9556
15568,262,12285,fp32,T,T,82,-606620815,3.92165,3.97371,1.0133,4,5,202.5,0,1.2434
491,9951,3052,fp16,T,N,245,-606623012,0.31646,0.31437,0.9934,4,31,263.2,0,0.9411
2224,1097,5395,fp32,N,T,612,-606618200,0.87310,1.21026,1.3862,4,8,93.3,0,0.9390
1968,390,11358,bf16,T,N,244,-606630836,0.25291,1.94522,7.6915,4,6,223.9,0,1.0577
334,634,2,fp32,N,T,612,-606602079,0.00889,0.00834,0.9380,4,920,96.2,0,0.9392
19208,8935,13812,fp16,T,T,53,-606629618,72.08519,73.44154,1.0188,4,5,20.3,0,1.1769
281,515,3245,bf16,N,N,176,-606629833,0.03854,0.04367,1.1331,4,192,149.1,0,0.9032
440,41,792,fp16,T,N,249,-606622748,0.01113,0.01175,1.0550,4,456,74.9,0,0.9885
21154,163,6884,fp16,N,N,94,-606603433,0.76289,0.89580,1.1742,4,12,402.8,0,1.1547
4634,2000,1251,fp32,N,T,614,-606618436,0.70102,0.77522,1.1058,4,12,100.2,0,0.8957
738,84,1985,fp32,T,N,525,-606624680,0.03137,0.06188,1.9728,4,160,216.0,0,0.9145
129,282,555,fp32,T,T,82,-606620789,0.01659,0.02205,1.3287,4,276,63.8,0,0.9902
86,3232,9471,fp32,N,T,614,-606602204,0.19650,0.30231,1.5385,4,33,645.4,0,1.0445
230,81,3,fp16,T,T,53,-376,0.00906,0.00962,1.0616,4,385,8.4,0,0.9884
31,5412,338,bf16,T,T,39,-606619899,0.01315,0.02150,1.6346,4,379,330.7,0,0.9824
1009,6422,21651,bf16,N,N,166,-606605359,2.34825,4.36936,1.8607,4,5,148.1,0,1.0558
2090,196,2495,fp32,T,N,525,-606624919,0.10298,0.12063,1.1714,4,83,237.5,0,1.1111
6996,218,6250,fp16,N,T,68,-606604809,0.26677,0.35727,1.3392,4,26,360.9,0,0.9085
1883,793,302,fp16,N,T,62,-606627760,0.03016,0.03358,1.1134,4,253,251.6,0,0.9999
140,2653,9940,fp16,N,N,103,-606624121,0.22523,0.45595,2.0244,4,22,253.1,0,1.0005
31693,848,14019,bf16,T,T,39,-606619916,7.37399,9.43600,1.2796,4,5,138.3,0,1.0343
1639,3047,140,fp16,T,N,245,-606622955,0.04272,0.05607,1.3126,4,165,498.4,0,1.0046
2840,247,393,fp32,N,T,612,-606618396,0.02799,0.02909,1.0392,4,295,273.6,0,1.0831
7181,747,2899,fp16,N,T,62,-606627760,0.37928,0.56117,1.4795,4,17,177.8,0,0.9870
2419,25151,65,fp16,T,N,245,-606622955,0.37937,0.88918,2.3438,4,11,650.9,0,0.9303
508,9227,2473,fp32,N,N,556,-606605129,0.73594,0.89763,1.2197,4,11,156.3,0,1.0157
563,1640,30187,fp32,T,T,82,-606620831,2.17644,2.23087,1.0250,4,5,123.9,0,1.0762
58,22329,179,fp16,N,N,94,-606624257,0.02802,0.02888,1.0306,4,301,470.9,0,0.9459
3923,2997,2207,bf16,N,N,166,-606605311,0.57103,0.66313,1.1613,4,16,135.8,0,1.0758
2350,15356,527,bf16,T,T,39,-606619900,0.53955,0.54544,1.0109,4,18,302.1,0,1.0566
1101,467,22711,bf16,T,N,247,-606605453,0.40992,0.39921,0.9739,4,24,178.8,0,0.9466
1680,7375,2973,fp16,N,T,62,-606627717,0.87862,2.92844,3.3330,4,5,117.7,0,1.0815
30767,487,486,fp32,T,T,82,-606620811,0.52810,0.53043,1.0044,4,19,228.5,0,1.0206
14,847,20046,fp16,N,T,70,-606627643,0.07341,0.07339,0.9997,4,116,470.9,0,0.8875
760,28963,26612,bf16,T,N,231,-606630837,10.20016,10.75331,1.0542,4,5,163.7,0,1.1112
443,1636,24285,fp16,T,T,53,-606629621,0.70400,3.56066,5.0578,4,5,147.6,0,0.9608
2648,1487,27454,bf16,T,T,39,-606619902,2.46393,2.51686,1.0215,4,5,98.5,0,1.0521
2261,2,11926,fp16,T,T,88,-606629612,0.19314,1.45296,7.5227,4,7,279.6,0,0.9178
12997,11656,715,fp32,N,N,556,-606628015,6.41028,6.85844,1.0699,4,5,105.5,0,1.0794
60,53,1701,bf16,T,N,239,-606605540,0.01792,0.01791,0.9999,4,328,22.2,0,0.9568
1925,1920,3162,fp16,N,T,229,-606627758,0.23918,0.28573,1.1946,4,35,163.5,0,0.9421
11649,105,47,fp16,N,T,62,-606627736,0.01461,0.02366,1.6192,4,352,410.5,0,1.0043
257,835,12264,fp16,T,T,53,-606629621,0.20699,1.23793,5.9808,4,9,133.5,0,1.0066
5597,2834,3035,bf16,N,N,166,-606629908,1.00089,1.09297,1.0920,4,10,114.5,0,1.0045
70,14,335,fp32,N,T,612,-606618307,0.00903,0.00832,0.9212,4,739,12.9,0,1.0103
735,2182,15132,fp16,N,N,99,-606603393,0.63190,0.71339,1.1290,4,14,149.9,0,0.9255
484,128,29438,fp16,N,N,399,-606603250,0.06733,0.24411,3.6258,4,39,538.9,0,0.9564
23734,548,765,fp16,T,N,382,-606623013,0.22427,0.28084,1.2522,4,35,397.6,0,1.0065
30991,905,684,fp32,N,N,556,-606627975,1.35064,1.56052,1.1554,4,8,147.7,0,1.0916
807,31726,960,fp32,N,N,556,-606605122,1.65917,1.63065,0.9828,4,7,137.0,0,1.0912
5372,1440,7,fp16,N,N,358,-606603292,0.03245,0.03209,0.9888,4,252,956.5,0,0.9291
2638,11301,1986,fp16,N,N,94,-606603423,1.30492,1.31122,1.0048,4,8,133.8,0,1.0542
202,210,75,fp16,N,T,62,-606627732,0.00821,0.00785,0.9567,4,947,28.2,0,0.8902
1391,1255,56,fp32,N,T,612,-606618207,0.01640,0.02101,1.2811,4,379,462.0,0,1.0330
7,69,3791,fp32,N,N,556,-606628038,0.01917,0.05114,2.6676,4,137,60.2,0,0.8365
42,38,673,bf16,T,T,39,-606619899,0.01393,0.01358,0.9748,4,381,8.2,0,0.9825
223,1076,180,fp32,N,T,614,-606618194,0.00993,0.00997,1.0041,4,668,190.8,0,1.0062
2080,11299,4339,fp16,N,N,94,-606603430,1.92140,2.64137,1.3747,4,5,109.4,0,1.0171
254,63,65,bf16,N,T,57,-606623200,0.00888,0.00790,0.8891,4,967,11.8,0,0.9390
142,10724,8067,fp16,N,N,230,-606624131,0.38736,0.50510,1.3039,4,21,468.3,0,1.0766
10,1204,135,bf16,N,T,57,-606623200,0.00806,0.00782,0.9708,4,924,46.7,0,0.8706
1101,160,60,fp32,T,N,525,-606624707,0.00823,0.00801,0.9733,4,898,122.5,0,0.9828
17445,4004,9507,fp16,N,T,62,-606627711,20.27741,19.70135,0.9716,4,5,33.9,0,1.0730
26,22088,805,bf16,N,T,212,-606603229,0.05807,0.06210,1.0695,4,146,652.7,0,0.9975
1013,562,198,fp16,N,T,62,-606627728,0.01427,0.01424,0.9980,4,491,203.3,0,0.9361
1363,6551,1274,fp32,T,N,519,-606603946,0.77344,0.80658,1.0429,4,14,98.3,0,1.1170
4518,6463,3026,fp32,N,T,612,-606618424,5.14191,5.43890,1.0578,4,5,48.6,0,0.8806
10481,8797,14020,bf16,N,T,57,-606623161,40.70722,43.93591,1.0793,4,5,22.3,0,0.9970
678,3464,1367,fp16,T,T,53,-606629619,0.09886,0.49891,5.0464,4,20,209.6,0,0.9654
23478,264,6119,bf16,T,T,39,-606619919,1.17966,1.18588,1.0053,4,9,267.3,0,1.0690
5053,49,56,bf16,N,N,166,-606629913,0.00796,0.00780,0.9804,4,798,196.3,0,0.9585
914,2295,21254,fp16,T,N,249,-606603110,1.06041,2.07945,1.9610,4,5,136.5,0,1.0525
10698,26442,5037,fp16,T,T,53,-606629610,37.88969,38.65680,1.0202,4,5,39.7,0,1.0880
29,25682,4178,fp16,T,N,255,-606622968,0.24379,0.24029,0.9856,4,42,893.5,0,1.0024
209,10843,3470,fp32,T,N,519,-606624945,0.60149,0.61684,1.0255,4,17,270.1,0,1.0211
91,8916,72,fp32,N,N,556,-606627848,0.01181,0.01486,1.2587,4,473,494.5,0,0.9916
7063,3309,10421,bf16,T,T,39,-606619916,4.69759,5.59611,1.1913,4,5,65.9,0,1.1255
18774,614,76,fp16,N,N,98,-606624256,0.07727,0.10378,1.3430,4,92,634.8,0,0.9287
4581,10597,12182,fp16,N,T,62,-606604870,17.68428,18.27230,1.0333,4,5,31.9,0,1.2310
195,5,27010,fp32,T,N,519,-606624663,0.37951,0.42182,1.1115,4,23,56.9,0,0.8427
7515,11,4,bf16,N,T,57,-606603220,0.00811,0.01054,1.3000,4,640,48.2,0,0.9960
15623,2104,6355,fp32,T,T,82,-606620763,13.64355,13.77174,1.0094,4,5,42.7,0,1.0567
4048,24,225,bf16,N,N,388,-606605199,0.00869,0.00900,1.0354,4,713,255.4,0,0.9725
4667,255,93,fp32,N,T,612,-606618197,0.01583,0.01527,0.9652,4,491,416.5,0,1.0057
13654,3652,3005,bf16,T,T,39,-606619898,3.18303,2.76111,0.8674,4,5,95.3,0,0.9012
2339,551,5209,fp16,T,N,250,-606603068,0.16485,0.16060,0.9742,4,60,213.9,0,1.0501
8180,22,8781,fp16,N,N,107,-606624235,0.19038,0.42050,2.2087,4,24,760.4,0,1.0101
2528,255,1,fp16,T,T,53,-606629592,0.00874,0.00868,0.9941,4,830,295.8,0,0.9715
8373,13751,8003,bf16,N,N,166,-606605360,14.41187,24.11114,1.6730,4,5,56.5,0,1.1110
284,5365,338,fp32,N,T,612,-606618090,0.04553,0.05669,1.2452,4,164,301.6,0,0.9292
329,1395,14079,fp32,T,N,519,-606624920,0.48668,0.63866,1.3123,4,16,203.3,0,0.9041
5986,254,565,bf16,T,N,231,-606630862,0.03237,0.11409,3.5245,4,85,405.7,0,1.0201
96,16193,5,fp16,T,T,53,-606629598,0.01095,0.01173,1.0716,4,583,582.9,0,0.9807
1749,4000,11757,fp32,N,T,614,-606601877,5.08232,5.47698,1.0777,4,5,58.7,0,1.1197
3154,80,74,bf16,T,T,39,-606619917,0.00810,0.01215,1.4997,4,520,183.6,0,0.9008
388,2463,4419,bf16,T,T,39,-606619903,0.15555,0.19289,1.2400,4,47,186.6,0,0.9774
267,755,23565,fp32,N,N,556,-606605112,0.52072,0.63707,1.2234,4,16,186.5,0,0.9239
1247,129,8974,bf16,T,T,39,-606619899,0.15846,0.24116,1.5219,4,43,159.9,0,1.0112
165,57,27399,fp32,N,N,556,-606628038,0.15821,0.43147,2.7273,4,24,154.0,0,0.9908
3071,2163,619,bf16,T,N,231,-606605603,0.10058,0.15698,1.5608,4,62,328.6,0,1.0886
3537,11536,2347,fp32,T,N,525,-606624854,5.91743,5.93743,1.0034,4,5,51.5,0,1.0268
2735,3819,7389,fp32,T,T,82,-606620788,4.99346,5.07468,1.0163,4,5,47.2,0,0.9606
6333,676,1529,fp16,T,N,382,-606603127,0.15304,0.21041,1.3748,4,45,251.9,0,1.0035
30963,49,28999,fp16,T,T,53,-606629606,2.50947,2.52707,1.0070,4,5,719.2,0,1.0010
3863,1214,932,fp16,T,N,245,-606603067,0.10279,0.13791,1.3416,4,70,274.6,0,1.0856
5264,1851,4889,bf16,T,N,231,-606605607,0.90118,3.39327,3.7654,4,5,120.4,0,0.9612
4106,177,6177,fp32,T,N,519,-606624945,0.31288,0.37407,1.1956,4,27,347.5,0,0.9878
3205,19974,4067,bf16,N,T,57,-606623198,5.75295,5.75384,1.0002,4,5,77.3,0,0.9690
6408,1255,1119,fp16,N,N,94,-606603423,0.20314,0.23107,1.1375,4,43,242.8,0,1.0045
4,62,489,fp16,N,N,98,-606624100,0.01029,0.06328,6.1500,4,136,6.4,0,0.9961
2852,6735,293,fp32,N,N,556,-606608209,0.41495,0.40747,0.9820,4,29,212.2,0,1.2394
204,70,26666,fp16,T,N,259,-606602963,0.08475,0.11051,1.3039,4,74,173.1,0,0.8605
3782,108,1122,fp32,N,N,556,-606605149,0.05491,0.05575,1.0152,4,170,347.7,0,1.0723
3699,3317,450,fp16,T,N,245,-606603067,0.16681,0.16502,0.9892,4,57,332.1,0,0.9728
9671,25509,8092,fp16,N,T,62,-606604870,57.08744,61.83363,1.0831,4,5,27.3,0,1.0898
1232,16352,1364,bf16,T,T,39,-606619919,0.58124,0.59387,1.0217,4,16,221.2,0,0.9309
291,219,275,fp32,T,T,82,-606620829,0.01327,0.01611,1.2148,4,402,61.5,0,1.0032
4518,168,1100,fp16,T,T,88,-606629614,0.04758,0.13167,2.7676,4,76,280.5,0,1.0116
28402,5831,72,fp16,N,T,62,-606604827,1.18560,1.25470,1.0583,4,9,562.9,0,1.1016
220,19,3677,bf16,T,T,39,-606619899,0.06153,0.08131,1.3213,4,97,28.8,0,0.9002
6146,7991,2377,fp16,T,N,245,-606603078,2.05836,2.08195,1.0115,4,5,128.1,0,1.0403
2352,2836,16465,fp16,N,N,223,-606603351,2.10320,2.60975,1.2409,4,5,93.9,0,1.0733
6859,447,3404,fp32,T,N,519,-606624942,0.61174,0.65884,1.0770,4,15,182.7,0,0.9577
2026,272,28,fp16,T,T,88,-606629553,0.00838,0.01067,1.2733,4,649,278.3,0,1.0006
606,100,197,fp32,T,T,82,-606620797,0.00919,0.01276,1.3882,4,476,86.9,0,0.9982
2336,1721,22452,fp32,T,T,82,-606620799,5.42585,5.42776,1.0004,4,5,70.1,0,1.0060
12105,24097,5559,fp16,T,T,53,-606629611,48.14426,53.46909,1.1106,4,5,32.6,0,1.0345
3072,3032,6098,fp32,N,N,562,-606628027,3.42201,3.59427,1.0503,4,5,54.4,0,1.1591
779,1719,1030,fp32,T,N,519,-606603941,0.11559,0.11683,1.0107,4,84,135.4,0,1.0044
11069,566,6891,fp32,N,N,556,-606627873,2.67977,3.55475,1.3265,4,5,129.0,0,0.8938
297,1317,1509,bf16,T,T,39,-606619899,0.03965,0.03961,0.9989,4,224,162.3,0,0.9951
225,494,14308,fp32,T,T,82,-606620796,0.31798,0.31785,0.9996,4,31,130.8,0,1.0037
19,1615,104,fp32,N,T,612,-606618319,0.00756,0.00768,1.0160,4,929,106.1,0,1.0017
478,19798,13323,fp32,T,T,82,-606620772,8.61061,9.25067,1.0743,4,5,129.9,0,1.1449
10193,203,3158,fp16,T,N,249,-606622962,0.18344,1.63528,8.9145,4,6,403.1,0,0.9122
6982,4313,2977,bf16,N,N,166,-606630014,1.71600,1.97811,1.1527,4,5,109.4,0,0.9699
392,6005,13,fp16,N,N,94,-566,0.01663,0.02392,1.4384,4,288,576.2,0,1.0086
10972,18,76,bf16,T,N,231,-606630709,0.00894,0.01374,1.5373,4,542,275.2,0,1.0128
451,8981,62,fp32,N,T,612,-606602192,0.03742,0.04676,1.2496,4,187,495.5,0,0.9623
8,7523,114,fp16,T,N,245,-606622900,0.00931,0.06260,6.7224,4,147,210.2,0,0.9985
208,313,1222,bf16,T,T,39,-606619899,0.02262,0.02258,0.9980,4,327,67.8,0,1.0119
41,322,4652,fp32,N,N,556,-606605145,0.03128,0.06294,2.0118,4,127,217.6,0,0.9801
163,312,1600,fp16,T,T,88,-606629613,0.02877,0.06038,2.0987,4,149,59.9,0,1.0122
6505,218,628,fp16,N,T,62,-606604779,0.05036,0.20571,4.0847,4,48,280.3,0,1.0084
695,10,1384,fp32,N,T,612,-606618430,0.01604,0.02156,1.3447,4,379,245.1,0,0.9939
32,19,675,bf16,T,N,231,-606630790,0.01072,0.01848,1.7248,4,258,6.7,0,1.0015
7,7214,883,fp16,T,N,67,-606602890,0.02578,0.15953,6.1879,4,61,502.5,0,1.0202
207,720,408,fp32,T,N,525,-606603788,0.01077,0.01519,1.4106,4,484,195.8,0,1.0033
2640,62,43,fp16,T,N,245,-606622845,0.00803,0.01044,1.3000,4,552,110.5,0,1.0172
13633,1900,13128,fp16,N,N,217,-606624226,6.88296,8.22402,1.1948,4,5,74.3,0,1.2561
5769,20058,4074,fp16,T,N,245,-606603122,8.13755,8.11730,0.9975,4,5,82.7,0,0.9587
4381,10336,7929,fp16,N,T,227,-606627758,6.99330,9.46274,1.3531,4,5,59.3,0,0.9619
22168,90,666,bf16,T,T,39,-606619925,0.05552,0.06082,1.0954,4,155,677.8,0,1.0048
2623,1053,6467,fp16,T,N,249,-606603127,0.40633,0.39852,0.9808,4,26,144.2,0,1.0912
15336,3119,32,fp16,N,T,62,-606604838,0.16305,0.43740,2.6825,4,22,1180.7,0,0.8866
11194,369,35,fp32,T,N,519,-606634109,0.02516,0.03060,1.2164,4,282,721.1,0,0.9999
2739,136,13,fp32,N,N,556,-606604914,0.00819,0.00812,0.9918,4,881,200.1,0,1.0046
1034,7054,328,bf16,N,T,57,-606603219,0.09557,0.14584,1.5260,4,67,360.8,0,1.0048
3857,5928,4250,fp16,N,N,352,-606624181,1.87661,1.93706,1.0322,4,6,93.1,0,1.0871
282,1428,5023,bf16,T,N,348,-606605503,0.09902,0.09889,0.9987,4,94,189.8,0,0.9789
503,8323,82,fp16,N,N,90,-606603428,0.03279,0.03867,1.1791,4,222,554.8,0,0.9551
244,18626,30457,bf16,N,N,166,-606605356,2.91452,3.14387,1.0787,4,5,400.6,0,0.8748
2783,8248,1092,fp16,N,T,227,-606627749,0.60458,0.67095,1.1098,4,15,191.7,0,1.0722
91,72,1215,fp32,T,N,525,-606603802,0.01504,0.02036,1.3538,4,323,54.4,0,0.9375
7070,22490,328,fp16,N,N,98,-606624251,1.58354,1.47821,0.9335,4,7,413.9,0,1.1366
12,114,23114,fp32,N,T,612,-606602200,0.15940,0.62655,3.9307,4,17,73.1,0,0.8975
28727,23,6,fp32,T,T,82,-192,0.00835,0.03008,3.6006,4,282,398.9,0,1.0022
1532,355,1045,bf16,T,N,238,-606630795,0.03700,0.06115,1.6529,4,153,165.4,0,0.9926
1623,8842,757,fp32,T,N,519,-606634107,0.68279,0.70108,1.0268,4,15,130.5,0,1.0894
1925,878,1461,bf16,N,N,174,-606629918,0.08118,0.11792,1.4525,4,81,184.2,0,0.9539
7081,1515,1634,fp16,N,T,62,-606604870,0.41119,0.42015,1.0218,4,25,172.7,0,1.0058
12,1697,336,fp32,T,N,519,-606624732,0.00769,0.01392,1.8111,4,555,309.5,0,1.0003
930,104,485,bf16,T,T,39,-606619899,0.01187,0.01184,0.9979,4,535,117.1,0,0.9865
206,427,32112,bf16,N,T,64,-606623149,0.19981,0.42329,2.1184,4,24,205.2,0,1.0019
9084,7706,15926,fp16,N,T,62,-606604870,35.63422,36.25991,1.0176,4,5,22.9,0,1.0177
11,2,43,fp32,N,T,612,-606601985,0.00844,0.00788,0.9341,4,987,0.3,0,0.9350
5927,1980,19963,bf16,N,N,273,-606605362,4.11951,5.56348,1.3505,4,5,88.0,0,1.1212
2967,3958,7404,bf16,N,T,57,-606603145,1.72792,1.68650,0.9760,4,6,86.5,0,0.9992
383,4093,2886,bf16,N,T,62,-606623161,0.14219,0.18250,1.2836,4,53,225.8,0,0.9519
1118,60,2117,bf16,N,T,62,-606623130,0.02620,0.04614,1.7607,4,207,200.6,0,1.0026
25739,1640,1113,bf16,N,N,388,-606629814,1.01072,0.98523,0.9748,4,11,227.4,0,1.1234
2742,2221,642,fp32,N,T,612,-606618442,0.27137,0.26996,0.9948,4,37,136.7,0,0.9903
2390,17,5896,fp32,N,N,556,-606605145,0.07260,0.10158,1.3992,4,97,784.2,0,0.9443
22275,1259,1145,fp32,N,N,556,-606628022,1.85549,1.89517,1.0214,4,6,118.5,0,0.9969
10460,4285,2093,fp16,N,T,62,-606627698,2.25020,2.21302,0.9835,4,5,107.1,0,1.1291
16,215,200,bf16,N,N,166,-606629876,0.00806,0.00785,0.9744,4,645,13.2,0,0.8968
406,677,1047,bf16,N,N,174,-606605228,0.02907,0.05178,1.7813,4,162,115.8,0,0.8880
20,4201,112,fp16,T,T,53,-606629612,0.00809,0.01528,1.8891,4,465,158.4,0,0.9808
1556,33,43,bf16,N,T,57,-606623223,0.00821,0.00778,0.9472,4,947,41.6,0,0.9150
17063,843,868,bf16,T,T,39,-606619914,0.31875,0.31544,0.9896,4,32,278.0,0,1.0928
5566,112,422,fp32,N,N,556,-606628040,0.02926,0.02909,0.9944,4,302,412.8,0,0.9549
545,15,109,bf16,T,T,39,-606619917,0.00805,0.00803,0.9974,4,623,19.2,0,0.9444
25,2,5,bf16,N,N,12,-606629829,0.00796,0.00798,1.0023,4,857,0.1,0,0.9948
20171,11818,16,bf16,N,T,57,-609,1.49515,1.65636,1.1078,4,7,638.4,0,1.0035
1082,10237,16402,fp16,N,N,94,-606603432,3.65868,3.71350,1.0150,4,5,113.6,0,1.1873
101,257,20,fp16,N,T,62,-606627732,0.00790,0.00767,0.9715,4,998,15.0,0,0.8651
20668,1147,2604,fp16,N,T,62,-606604870,1.36450,1.29944,0.9523,4,8,152.8,0,1.1372
59,3,1079,bf16,T,N,26,-606605476,0.02475,0.03166,1.2790,4,177,5.4,0,0.8913
1082,39,107,bf16,N,N,166,-606629913,0.00815,0.01250,1.5334,4,398,50.1,0,0.9889
203,1660,974,fp32,N,N,556,-606627802,0.03088,0.03400,1.1010,4,261,278.7,0,1.0564
5474,7956,6782,bf16,T,N,332,-606630897,5.44038,5.71635,1.0507,4,5,65.5,0,1.1059
4620,31,55,fp16,T,N,245,-606622868,0.00930,0.01201,1.2915,4,484,116.6,0,0.8818
13,20,13461,fp16,N,N,226,-606603283,0.02389,0.22512,9.4223,4,37,37.2,0,0.9990
1984,2758,1736,fp32,N,N,556,-606627884,0.60905,0.67040,1.1007,4,16,90.0,0,1.0399
10467,16,24,fp16,N,T,227,-606627724,0.00950,0.00811,0.8536,4,760,123.5,0,0.9701
18146,29699,265,bf16,N,N,166,-606629916,5.42876,6.45007,1.1881,4,5,401.8,0,1.0677
8693,3374,7067,bf16,T,T,39,-606619907,4.24355,4.92534,1.1607,4,5,67.8,0,1.1094
16721,6,763,fp16,N,N,53,-606624240,0.04479,0.06581,1.4692,4,144,578.9,0,0.9825
6353,71,2781,bf16,T,N,244,-606605569,0.07716,0.08148,1.0561,4,119,486.5,0,0.9739
3673,212,672,fp32,T,N,525,-606603860,0.04523,0.05138,1.1361,4,181,299.8,0,1.0235
1387,844,2206,fp32,T,T,82,-606620814,0.19273,0.28130,1.4596,4,36,126.4,0,1.0334
3657,4994,2805,bf16,N,N,166,-606605313,1.02098,1.19872,1.1741,4,8,119.1,0,1.0308
6058,3814,7491,fp16,T,N,245,-606603105,3.10352,3.17651,1.0235,4,5,77.4,0,1.0372
28745,18068,928,fp16,N,N,217,-606603360,9.86332,9.96041,1.0098,4,5,219.4,0,1.0315
1297,3891,659,fp32,T,T,82,-606620788,0.25801,0.26127,1.0126,4,42,131.2,0,1.0099
77,32,77,fp16,N,N,352,-606624091,0.00754,0.00718,0.9534,4,1031,3.5,0,0.9014
5456,16680,2015,bf16,T,N,441,-606605600,3.05824,3.12464,1.0217,4,5,148.2,0,1.1598
26,551,13776,bf16,T,N,247,-606605534,0.05058,0.05088,1.0058,4,159,315.4,0,0.8619
146,583,2921,fp32,T,N,519,-606624704,0.04690,0.04819,1.0275,4,185,188.9,0,0.9871
12293,404,5778,bf16,T,T,39,-606619916,0.68962,0.80813,1.1718,4,13,241.6,0,1.0821
1936,225,798,bf16,T,N,238,-606605544,0.02978,0.04225,1.4190,4,207,174.3,0,0.9431
6555,12903,20610,bf16,N,T,57,-606623161,62.42037,62.05016,0.9941,4,5,18.3,0,1.2219
7813,2401,22386,fp16,N,T,62,-606604822,14.45011,22.87102,1.5828,4,5,36.8,0,1.0351
295,242,120,fp32,T,T,82,-606620789,0.00836,0.00938,1.1223,4,577,65.0,0,0.8418
6334,115,149,fp32,N,N,556,-606627845,0.01549,0.02005,1.2948,4,407,436.3,0,1.0569
93,1356,1810,fp16,N,N,226,-606624083,0.02672,0.02916,1.0915,4,285,215.2,0,0.9197
853,109,1816,fp32,N,N,556,-606627817,0.03060,0.05174,1.6909,4,164,240.5,0,0.8106
12329,1767,300,bf16,N,N,166,-606605218,0.22930,0.23124,1.0084,4,43,416.9,0,1.1278
1179,15522,2677,fp16,N,N,92,-606624260,1.09498,1.18662,1.0837,4,9,148.5,0,1.0382
1709,2984,458,bf16,N,T,201,-606603174,0.08176,0.12616,1.5429,4,71,302.1,0,0.8883
217,226,7743,fp16,N,N,101,-606624108,0.04103,0.04095,0.9980,4,219,172.0,0,0.9920
307,20800,359,fp32,T,N,525,-606624845,0.16004,0.16450,1.0279,4,65,349.0,0,1.2306
302,70,20739,fp32,N,T,612,-606602200,0.15771,0.45593,2.8909,4,21,196.2,0,0.8343
1392,2404,349,fp32,N,T,616,-606618396,0.09715,0.12201,1.2560,4,84,192.3,0,1.0603
5,13,822,fp32,T,T,82,-606620815,0.02156,0.03125,1.4496,4,166,2.8,0,0.9474
452,8834,1368,fp32,N,N,556,-606604927,0.46394,0.52987,1.1421,4,23,144.0,0,1.2593
734,1825,38,bf16,N,N,166,-606629829,0.01218,0.01217,0.9995,4,529,456.1,0,0.8128
11363,2082,3935,fp32,N,T,612,-606618421,5.60568,5.92568,1.0571,4,5,54.6,0,1.0258
15062,1411,12962,fp16,N,T,62,-606627741,8.50984,8.46748,0.9950,4,5,60.2,0,0.9978
9383,25484,6339,bf16,T,T,39,-606619916,25.10734,39.19781,1.5612,4,5,55.7,0,1.1422
2103,11857,1805,bf16,N,N,166,-606605353,1.02390,4.12131,4.0251,4,5,146.6,0,0.9796
1417,3027,15782,bf16,N,T,57,-606603145,1.40636,2.89210,2.0565,4,5,111.9,0,0.9379
1472,12507,4236,fp32,T,T,82,-606620817,4.45635,4.66892,1.0477,4,5,69.7,0,1.1323
8546,14433,8052,bf16,T,T,39,-606619916,17.68564,29.94333,1.6931,4,5,48.8,0,1.0118
10006,743,116,bf16,N,N,166,-606629859,0.07622,0.07571,0.9933,4,120,422.9,0,0.9187
41,605,28,fp32,T,N,519,-606624744,0.00789,0.00749,0.9496,4,1014,21.8,0,1.0010
7722,3374,11,fp32,T,T,82,-606620755,0.14167,0.32323,2.2817,4,31,739.1,0,1.0308
3,538,9347,bf16,N,N,176,-606629919,0.02663,0.02652,0.9961,4,289,380.1,0,0.9560
11812,17310,4530,bf16,T,T,39,-606619916,17.02130,21.30616,1.2517,4,5,63.6,0,1.2037
178,6888,10506,bf16,N,T,212,-606623178,0.36241,0.64293,1.7740,4,15,423.2,0,0.8735
621,1226,83,fp16,T,T,53,-606629614,0.01028,0.02275,2.2122,4,375,326.0,0,1.0017
294,5149,3320,fp32,N,T,612,-606618329,0.33783,0.43932,1.3004,4,24,231.9,0,1.0260
9227,75,3198,bf16,N,T,62,-606603181,0.09628,0.09621,0.9992,4,97,646.7,0,1.0655
51,6455,816,fp32,T,T,82,-606620798,0.03347,0.06364,1.9011,4,133,673.7,0,0.9661
205,308,279,bf16,N,N,273,-606605270,0.00772,0.00697,0.9024,4,798,69.8,0,0.8914
25162,347,21092,bf16,T,T,39,-606619903,3.99878,4.23789,1.0598,4,5,277.8,0,1.1045
8638,1356,5996,fp32,N,T,614,-606602203,4.20979,4.56560,1.0845,4,5,68.1,0,1.0257
687,10232,2213,fp32,N,N,556,-606605123,1.08411,1.27067,1.1721,4,8,115.1,0,1.0288
4594,1919,175,fp16,T,T,53,-606629618,0.13981,0.22535,1.6118,4,41,268.5,0,0.9157
117,1060,2098,fp32,N,N,556,-606605100,0.03395,0.03871,1.1401,4,233,305.5,0,1.0173
948,3884,1803,bf16,N,N,273,-606605218,0.16001,0.20651,1.2906,4,45,200.9,0,1.0120
78,5789,5,fp16,T,N,245,-606603020,0.00803,0.00830,1.0340,4,861,232.2,0,0.9319
16782,28401,3207,fp16,N,T,62,-606604851,33.62057,34.60931,1.0294,4,5,65.3,0,1.2346
3373,144,7887,bf16,T,N,502,-606630708,0.14659,0.35138,2.3969,4,27,391.7,0,0.8607
26166,4701,788,bf16,N,T,57,-606623199,2.42891,2.65179,1.0918,4,5,222.6,0,1.1003
11136,5722,4666,bf16,T,N,231,-606630833,5.41087,4.98265,0.9209,4,5,76.2,0,1.1445
1274,1871,12,bf16,T,N,231,-606605522,0.01370,0.02242,1.6360,4,308,701.2,0,0.8440
444,3720,23695,fp16,T,N,555,-606622904,0.86567,1.05126,1.2144,4,10,235.6,0,1.0942
8,7802,26,fp16,T,T,88,-606629612,0.00744,0.00749,1.0059,4,766,88.1,0,0.9282
231,1,5,bf16,T,N,3,-149,0.00436,0.00366,0.8408,4,1158,0.7,0,0.9873
2,6,13,fp16,T,T,36,-606629589,0.00733,0.00682,0.9298,4,929,0.0,0,0.9655
1873,12,62,fp32,N,N,556,-606605146,0.00798,0.00744,0.9330,4,1078,69.9,0,1.0058
370,1595,1131,fp16,N,T,68,-606627668,0.03522,0.13709,3.8926,4,71,193.2,0,1.0089
24982,624,1281,fp32,N,T,614,-606601941,1.31779,1.32885,1.0084,4,8,146.9,0,1.0446
462,461,105,fp16,N,N,94,-606624243,0.00802,0.01788,2.2283,4,358,130.3,0,0.9858
409,903,30739,bf16,T,N,247,-606605453,0.50148,0.50004,0.9971,4,20,163.8,0,1.0038
2854,363,263,fp16,N,T,62,-606627668,0.02275,0.13856,6.0893,4,70,256.5,0,0.9955
4920,1810,534,fp16,N,N,98,-606624254,0.13596,0.14627,1.0759,4,68,314.9,0,1.0564
2059,810,305,fp32,N,N,556,-606604927,0.04469,0.04935,1.1043,4,189,227.6,0,0.9644
34,21124,14904,fp32,T,N,525,-606604041,1.36927,1.33997,0.9786,4,8,923.3,0,1.1395
141,17157,91,bf16,N,T,57,-606623201,0.03390,0.05176,1.5271,4,179,378.4,0,0.9909
1521,27141,1490,bf16,N,N,166,-606630008,1.22617,6.14277,5.0097,4,5,204.3,0,1.0962
11296,4642,4266,bf16,T,T,39,-606619910,4.56221,4.54784,0.9969,4,5,75.8,0,1.1048
921,1892,1036,fp16,N,T,68,-606627741,0.06358,0.08773,1.3798,4,100,201.3,0,0.8892
1043,305,4694,fp16,N,N,99,-606603392,0.09468,0.10545,1.1138,4,89,147.1,0,1.0048
298,331,12,bf16,T,N,231,-606630723,0.00770,0.00730,0.9488,4,1014,53.2,0,0.9768
690,616,8465,fp32,T,N,525,-606604015,0.29224,0.38385,1.3135,4,26,157.1,0,1.0159
1367,5359,22748,fp16,T,N,245,-606603115,3.56548,8.12279,2.2782,4,5,94.0,0,1.1254
307,403,424,fp16,T,N,245,-606602890,0.01132,0.01094,0.9669,4,552,96.9,0,0.9264
30062,15720,28,fp32,T,T,82,-606620832,2.39150,2.98936,1.2500,4,5,792.6,0,1.0670
2968,25363,7143,bf16,N,N,166,-606630013,9.01120,14.07331,1.5618,4,5,78.3,0,1.0650
5083,9114,962,fp32,N,T,612,-606602172,2.86897,3.07595,1.0721,4,5,83.6,0,0.9686
281,330,538,fp32,N,N,556,-606628037,0.01159,0.03018,2.6031,4,271,145.4,0,0.9625
74,788,183,fp16,T,N,382,-606622741,0.00765,0.00725,0.9469,4,893,71.7,0,0.9955
48,224,543,fp32,T,N,539,-606624804,0.00742,0.01183,1.5941,4,414,85.4,0,0.9953
561,472,20751,fp16,T,N,589,-606603021,0.14867,0.14383,0.9674,4,67,295.5,0,1.0532
614,1963,11799,bf16,N,N,174,-606605259,0.46033,0.70024,1.5212,4,15,142.6,0,0.9894
23146,254,13513,fp16,N,T,62,-606627760,1.90066,1.91480,1.0074,4,5,345.1,0,1.1032
18,80,982,fp32,N,N,556,-606605147,0.00750,0.01086,1.4483,4,436,52.1,0,0.9259
222,164,132,bf16,N,N,273,-606605270,0.00754,0.00706,0.9365,4,733,32.8,0,1.0123
1121,1691,6727,fp32,N,T,612,-606602181,0.92239,0.96386,1.0450,4,12,90.3,0,1.0944
124,82,16891,fp32,T,N,519,-606603811,0.24725,0.25453,1.0294,4,42,56.5,0,0.9329
5584,4058,2078,fp32,N,T,612,-606618354,3.07636,3.52078,1.1445,4,5,55.5,0,1.0851
16957,9830,7158,bf16,T,T,39,-606619916,22.03937,35.38748,1.6056,4,5,47.7,0,1.0286
874,212,1497,bf16,T,N,340,-606605542,0.03007,0.03123,1.0385,4,271,132.8,0,0.9510
21511,1100,2451,fp16,N,N,217,-606603424,1.28257,1.35667,1.0578,4,8,160.2,0,1.1242
511,301,5696,fp32,N,T,612,-606601916,0.09414,0.28254,3.0014,4,36,203.1,0,0.9145
4662,9,1857,fp32,N,N,556,-606628038,0.03899,0.04042,1.0369,4,222,894.3,0,0.9971
2442,12139,15572,bf16,T,T,39,-606619916,9.20144,13.93911,1.5149,4,5,62.2,0,1.1850
13586,19014,175,bf16,T,T,39,-606619916,2.90584,3.19384,1.0991,4,5,359.5,0,0.8788
1458,6741,5501,fp16,T,T,53,-606629618,1.29154,7.68440,5.9498,4,5,100.3,0,1.1376
527,940,218,fp32,T,N,525,-606603827,0.01410,0.01974,1.4003,4,394,231.3,0,0.8964
2576,18,24,fp32,T,N,519,-606624732,0.00689,0.00731,1.0604,4,1066,63.1,0,0.9978
14832,725,6056,fp32,N,T,612,-606601980,3.78990,4.08135,1.0769,4,5,110.8,0,1.0650
773,10084,1182,fp16,N,N,217,-606624258,0.24188,0.25035,1.0350,4,41,235.0,0,1.0049
2060,15992,3210,fp16,T,T,88,-606629617,2.10370,11.82041,5.6189,4,5,117.7,0,0.9752
576,98,18336,fp16,T,N,259,-606622884,0.14243,0.26071,1.8304,4,38,175.1,0,0.9797
90,106,11346,fp16,T,N,258,-606622882,0.02447,0.02443,0.9983,4,282,183.3,0,0.8848
32233,24293,7,fp16,T,T,53,-606629594,3.66036,12.69845,3.4692,4,5,855.9,0,0.9987
112,2752,3882,fp16,T,T,88,-606629622,0.07004,0.30649,4.3758,4,34,335.1,0,0.9985
488,425,3856,bf16,N,N,176,-606605183,0.04560,0.05934,1.3014,4,151,172.6,0,0.9785
7013,112,4641,fp32,T,N,525,-606624892,0.27653,0.31473,1.1382,4,32,489.7,0,0.9971
1094,4470,137,bf16,T,T,39,-606619899,0.07741,0.09050,1.1691,4,107,272.4,0,1.0000
13,4566,336,bf16,N,T,57,-606623185,0.00908,0.01117,1.2302,4,663,365.0,0,1.0046
5681,3128,4528,fp16,N,T,227,-606627698,1.43789,1.43351,0.9970,4,8,104.9,0,1.0871
3006,72,2565,fp16,N,N,393,-606603377,0.04498,0.08896,1.9776,4,112,370.3,0,0.9569
243,2515,24,fp32,T,T,82,-606620798,0.00825,0.01437,1.7415,4,511,328.3,0,1.0040
22756,480,2978,bf16,T,T,39,-606619903,0.69586,0.70600,1.0146,4,15,261.7,0,1.0642
4752,24660,1700,fp16,T,T,88,-606629618,4.38583,4.42013,1.0078,4,5,129.7,0,1.1657
23,7,8923,fp32,N,N,556,-606605146,0.03583,0.20424,5.7001,4,39,29.9,0,0.8325
1789,316,3070,fp32,N,N,556,-606605062,0.15938,0.15741,0.9876,4,65,176.4,0,1.1152
148,115,76,bf16,N,T,57,-606603186,0.00748,0.00723,0.9672,4,809,14.5,0,0.9001
5519,1004,3054,fp32,T,N,525,-606624848,1.12279,1.14858,1.0230,4,10,90.7,0,1.1024
13099,1076,1404,fp32,T,T,82,-606620781,1.37387,1.38189,1.0058,4,8,99.0,0,1.0756
3526,1035,3,fp32,N,T,612,-606618239,0.01444,0.02518,1.7430,4,325,1014.4,0,0.9382
6502,23446,52,fp16,N,T,62,-606604827,0.98129,1.25629,1.2802,4,8,624.6,0,0.8247
20390,2517,118,fp32,N,T,612,-606618346,0.48623,0.68768,1.4143,4,16,444.4,0,1.1157
3436,28519,4599,fp16,N,N,94,-606624264,8.34734,8.46830,1.0145,4,5,82.2,0,1.0690
1560,2961,9645,fp16,N,T,62,-606627741,1.10691,1.77708,1.6054,4,5,95.5,0,0.9273
27149,2,3,fp16,T,N,51,-606622730,0.00746,0.00704,0.9444,4,947,51.0,0,0.9281
962,466,7008,fp32,N,N,556,-606605102,0.26976,0.36025,1.3354,4,28,155.0,0,1.0377
6430,13016,398,fp16,T,T,88,-606629620,0.91931,0.97063,1.0558,4,10,381.0,0,1.0398
1348,23450,2929,fp32,T,N,519,-606624817,5.80441,5.98707,1.0315,4,5,71.8,0,1.1418
11584,463,3383,bf16,N,T,57,-606623140,0.44700,0.44908,1.0047,4,19,230.3,0,0.8923
1296,870,74,bf16,T,T,39,-606619929,0.01351,0.01400,1.0363,4,497,357.7,0,0.9053
300,23,1603,bf16,T,T,39,-606619899,0.02701,0.03052,1.1300,4,198,39.4,0,0.9995
3264,23895,9825,bf16,T,N,231,-606605637,12.38495,12.90361,1.0419,4,5,68.3,0,1.0178
1611,2189,26479,fp16,T,T,53,-606629616,2.66847,13.88594,5.2037,4,5,80.7,0,1.1138
10,10837,44,fp16,T,T,53,-606629613,0.00681,0.01103,1.6195,4,549,203.8,0,0.9156
2447,447,41,fp16,T,N,245,-606622895,0.01094,0.01149,1.0503,4,592,421.8,0,0.9826
298,8343,14135,fp32,T,T,82,-606620797,2.58104,2.57023,0.9958,4,5,193.1,0,1.1514
379,685,475,bf16,T,N,231,-606605475,0.01718,0.01755,1.0215,4,414,119.3,0,0.9022
70,28014,3937,fp32,T,N,519,-606624701,0.70516,0.92175,1.3072,4,11,638.3,0,1.0433
5649,2432,8468,fp16,T,T,88,-606629617,2.61138,13.09346,5.0140,4,5,73.5,0,1.1281
4320,264,10998,bf16,N,T,212,-606623137,0.29144,0.32666,1.1209,4,29,361.6,0,0.9693
266,1053,93,bf16,N,N,166,-606605260,0.00824,0.00751,0.9117,4,730,165.7,0,0.9442
3609,584,3263,fp32,T,T,82,-606620826,0.47009,0.57930,1.2323,4,17,134.4,0,1.0269
2627,3718,13306,bf16,T,N,231,-606605595,2.52216,6.42864,2.5489,4,5,82.4,0,1.0457
3541,436,8848,fp16,T,N,387,-606602934,0.36111,0.46411,1.2852,4,22,212.0,0,0.9969
6289,9334,3358,fp16,T,T,88,-606629611,4.02011,4.96634,1.2354,4,5,84.5,0,1.0428
4,37,538,bf16,T,T,4,-354,0.02828,0.05107,1.8057,4,140,1.6,0,0.8738
27249,2074,11717,bf16,N,N,166,-606630009,11.75181,21.38270,1.8195,4,5,77.7,0,0.9917
106,17696,77,fp16,N,N,358,-606624135,0.01571,0.01793,1.1415,4,432,652.1,0,1.0195
38,487,1428,bf16,T,T,39,-606619899,0.02774,0.02770,0.9985,4,287,56.7,0,0.9791
120,23946,384,bf16,T,T,39,-606619930,0.06048,0.06988,1.1554,4,135,495.6,0,1.0000
18426,4,17954,fp16,N,N,126,-606603315,0.84270,0.89335,1.0601,4,11,785.7,0,1.0078
3878,3587,1362,bf16,T,T,39,-606619905,0.41327,0.42452,1.0272,4,23,183.8,0,1.0035
97,213,140,bf16,N,N,166,-606605260,0.00806,0.00735,0.9111,4,719,21.0,0,1.0032
29749,1294,2504,bf16,T,N,231,-606605581,1.80183,1.80956,1.0043,4,6,171.7,0,1.0442
8699,6138,3388,bf16,N,N,166,-606605363,3.14421,5.20285,1.6547,4,5,99.9,0,1.0537
527,4979,28313,bf16,N,T,62,-606603145,2.38978,3.25070,1.3603,4,5,134.9,0,1.0713
25,23,135,fp32,N,N,556,-606628038,0.00749,0.00738,0.9862,4,902,3.8,0,0.8895
31002,6106,4609,fp16,N,T,62,-606604851,19.59408,20.96553,1.0700,4,5,56.1,0,1.1252
2173,6404,4622,fp16,N,T,62,-606627711,1.34940,2.75461,2.0414,4,5,100.0,0,1.0153
922,2014,21176,fp16,T,N,249,-606603087,1.01210,1.66183,1.6420,4,6,130.2,0,0.9123
3162,368,28181,fp16,T,N,572,-606603021,0.74257,0.71507,0.9630,4,15,274.2,0,1.0644
18850,7945,12158,fp16,T,T,53,-606629618,58.93767,58.00638,0.9842,4,5,21.2,0,1.2016
26419,5682,853,fp16,N,T,62,-606627717,3.13154,3.49422,1.1158,4,5,209.2,0,1.0249
249,7563,1191,bf16,N,N,174,-606605264,0.07093,0.17416,2.4553,4,55,368.5,0,0.9977
5310,18736,1723,bf16,N,T,201,-606603197,3.93182,3.90424,0.9930,4,5,122.3,0,1.0221
299,369,4414,fp32,T,N,519,-606603859,0.07729,0.10221,1.3224,4,93,158.3,0,0.9514
6752,1467,27820,fp16,N,N,94,-606603431,5.57553,6.42845,1.1530,4,5,89.1,0,1.0147
867,29711,1334,fp16,N,T,62,-606627698,0.83303,0.82018,0.9846,4,13,221.6,0,1.0556
11339,1140,25,fp16,T,T,53,-606629595,0.07888,0.08857,1.1229,4,104,663.5,0,1.0163
7830,2132,801,fp16,N,N,223,-606624254,0.32517,0.33272,1.0232,4,30,254.4,0,1.0092
20154,7578,11,fp32,T,T,82,-606620831,0.86424,1.71967,1.9898,4,6,708.3,0,0.9638
409,9519,140,bf16,N,N,166,-606629918,0.04059,0.04906,1.2086,4,182,452.1,0,1.0326
8,42,774,fp32,T,T,82,-606620797,0.02051,0.02850,1.3898,4,225,7.6,0,0.9757
171,30628,5664,bf16,T,N,332,-606630822,0.71895,0.82498,1.1475,4,13,514.4,0,1.0734
5511,31471,954,fp16,N,T,62,-606604827,3.73848,4.02123,1.0756,4,5,204.4,0,0.9360
1490,4751,6621,fp32,N,N,556,-606605126,3.16645,3.99086,1.2604,4,5,61.1,0,1.1615
846,9831,9412,fp32,T,N,519,-606604015,5.01809,5.29370,1.0549,4,5,86.7,0,0.9504
1978,4633,8691,bf16,N,T,57,-606603161,2.08233,3.33826,1.6031,4,5,72.8,0,1.1188
136,23237,426,fp32,T,T,82,-606620800,0.13913,0.18184,1.3069,4,48,377.1,0,0.8697
20,46,4,bf16,N,T,57,-606603241,0.00798,0.00773,0.9694,4,1072,0.5,0,1.0093
12,148,10158,fp32,T,T,82,-606620796,0.22122,0.22109,0.9994,4,44,29.4,0,0.9810
216,217,65,bf16,T,N,231,-606630818,0.00825,0.00752,0.9115,4,805,29.5,0,0.9869
846,27258,51,fp16,T,N,245,-606622888,0.16676,0.34068,2.0429,4,28,570.3,0,0.9927
3557,3793,603,fp16,N,T,62,-606604827,0.26178,0.28025,1.0706,4,36,240.0,0,1.0616
34,3617,160,fp32,N,N,556,-606627918,0.00836,0.00776,0.9281,4,809,338.2,0,0.9189
4052,14817,1272,bf16,T,T,39,-606619904,1.62554,1.56930,0.9654,4,6,177.3,0,1.1165
37,25005,23876,fp16,N,T,68,-606604851,1.43138,1.41782,0.9905,4,7,838.0,0,1.0407
496,10798,946,bf16,T,T,39,-606619912,0.16214,0.16050,0.9899,4,58,263.9,0,0.9955
545,7981,2163,fp16,N,N,90,-606603417,0.24039,0.30283,1.2597,4,30,225.8,0,1.0165
13653,21181,2352,fp16,T,T,53,-606629619,14.53156,13.78957,0.9489,4,5,90.9,0,1.0293
27631,21,25,fp32,T,N,519,-606624718,0.00981,0.01470,1.4993,4,503,518.7,0,0.9081
4179,4777,6824,fp16,N,T,62,-606627711,3.21819,2.98159,0.9265,4,5,62.8,0,1.2259
5959,8830,1765,fp32,N,T,612,-606618424,5.41889,5.65335,1.0433,4,5,58.1,0,0.9077
7805,10140,6990,fp16,T,N,382,-606622957,9.82063,10.60031,1.0794,4,5,57.8,0,1.1532
842,1915,17621,bf16,T,N,239,-606630822,0.80896,1.37325,1.6976,4,7,128.1,0,0.9471
442,438,22,fp32,T,T,82,-606620761,0.00674,0.00725,1.0772,4,775,126.5,0,0.9441
4240,3711,6389,bf16,T,N,231,-606630824,1.81884,2.01561,1.1082,4,5,90.5,0,1.1062
11527,25856,34,fp32,N,T,614,-606602009,1.14628,1.40633,1.2269,4,8,1044.5,0,1.0465
9954,2398,182,fp32,N,N,556,-606634135,0.30441,0.29390,0.9655,4,35,343.2,0,1.0239
6667,13416,5960,fp16,N,T,227,-606627693,9.71676,9.71734,1.0001,4,5,61.5,0,1.2901
30105,37,217,bf16,N,N,166,-606605179,0.04203,0.05211,1.2399,4,159,417.3,0,0.8113
3121,4837,2530,bf16,T,T,39,-606619900,0.99585,0.97712,0.9812,4,11,101.1,0,1.1800
64,23,75,bf16,N,N,166,-606605223,0.00744,0.00743,0.9988,4,727,2.5,0,0.8254
763,15388,233,fp16,T,N,382,-606622955,0.10243,0.16327,1.5940,4,53,532.0,0,0.9714
10459,5138,12405,fp16,T,T,53,-606629615,20.44764,23.02040,1.1258,4,5,29.4,0,1.1548
18639,2113,759,fp32,N,T,612,-606602174,2.03554,2.23436,1.0977,4,5,108.3,0,1.0460
1608,2056,28706,fp16,T,N,519,-606603029,1.74028,2.58354,1.4846,4,5,128.5,0,1.0144
403,776,1830,fp16,N,T,241,-606627657,0.03310,0.04442,1.3421,4,201,168.2,0,0.9185
23105,55,43,fp16,T,T,53,-606629622,0.01504,0.02194,1.4588,4,348,470.4,0,0.8664
1838,3053,16508,fp16,N,T,62,-606627741,1.98707,4.00514,2.0156,4,5,92.6,0,1.1239
1489,11357,946,fp32,N,N,556,-606605129,1.03980,1.00555,0.9671,4,10,111.8,0,1.0199
132,671,7811,fp32,T,N,519,-606603884,0.12439,0.17066,1.3720,4,54,204.5,0,0.8744
83,10863,7213,fp32,N,N,556,-606628025,0.54223,0.62788,1.1580,4,17,589.1,0,1.0921
20912,28,251,bf16,T,N,332,-606630744,0.01959,0.03024,1.5439,4,271,656.2,0,0.9267
10775,22805,6123,bf16,N,T,57,-606623161,43.85416,45.17627,1.0301,4,5,31.8,0,1.0316
53,18888,108,fp32,T,T,82,-606620820,0.02239,0.04245,1.8958,4,201,544.2,0,0.9369
2602,6150,21668,bf16,T,T,39,-606619916,7.37233,10.75772,1.4592,4,5,60.1,0,1.0770
8412,573,38,fp16,T,N,245,-606603014,0.03700,0.04909,1.3268,4,174,539.6,0,0.9688
16829,372,2370,fp32,T,N,525,-606624848,0.88774,0.90241,1.0165,4,11,211.9,0,0.9415
1007,16163,4166,bf16,N,T,57,-606603218,1.35913,5.59246,4.1147,4,5,153.2,0,0.9979
4767,1121,4367,fp32,N,N,556,-606627884,1.44969,2.37990,1.6417,4,5,85.7,0,1.1264
658,76,733,fp16,N,T,62,-606627721,0.01142,0.01353,1.1850,4,474,111.7,0,0.9110
34,32051,1342,bf16,N,T,62,-606603153,0.12622,0.14974,1.1864,4,66,716.8,0,1.0036
53,40,199,fp16,T,N,513,-606602964,0.00745,0.00707,0.9491,4,865,6.1,0,0.9924
5158,9847,5741,bf16,T,T,39,-606619916,5.39662,7.61572,1.4112,4,5,69.6,0,1.1367
1106,18339,2795,fp32,N,T,612,-606618424,3.56604,5.36859,1.5055,4,5,83.7,0,0.9612
21386,2304,4316,fp16,T,N,513,-606603125,3.56540,3.66610,1.0282,4,5,112.6,0,1.1322
11013,744,28132,bf16,N,T,201,-606623196,3.99586,12.60345,3.1541,4,5,173.7,0,0.9437
2350,2030,3222,fp32,T,N,519,-606603937,1.02814,1.07941,1.0499,4,11,73.5,0,1.0893
6127,7559,23448,fp16,N,T,62,-606627741,35.84194,49.80683,1.3896,4,5,23.1,0,1.0283
10585,274,26,fp32,N,T,612,-606601989,0.01752,0.02560,1.4607,4,328,726.5,0,0.9374
887,2385,2241,fp16,T,N,249,-606603068,0.13443,0.13807,1.0270,4,72,172.0,0,1.0214
2352,18,31785,fp16,N,N,107,-606624108,0.20743,0.24199,1.1666,4,40,727.1,0,0.9515
1472,2656,24379,bf16,T,T,39,-606619900,2.13046,2.07609,0.9745,4,5,101.8,0,1.1511
30765,1368,384,fp32,T,N,525,-606603928,1.07936,1.11241,1.0306,4,10,201.7,0,1.0232
26,3150,22744,fp32,T,T,82,-606620796,0.52087,0.52052,0.9993,4,19,555.3,0,0.9316
16145,11291,7566,fp16,N,T,62,-606604870,39.51035,41.06382,1.0393,4,5,29.0,0,1.1046
1373,14392,849,fp16,N,N,352,-606624162,0.40844,0.43198,1.0576,4,24,259.1,0,1.0418
1368,15193,1682,fp32,N,T,612,-606618364,2.35775,2.50809,1.0638,4,5,82.5,0,1.0819
852,46,11672,bf16,N,T,64,-606623130,0.07130,0.08132,1.1405,4,92,296.2,0,0.8799
3394,22868,13245,bf16,N,T,57,-606603181,32.39838,32.32871,0.9978,4,5,31.1,0,1.1736
798,12067,4238,fp16,N,N,94,-606603424,0.96108,1.17854,1.2263,4,8,153.5,0,0.8993
9827,7038,1163,fp16,T,T,53,-606629615,1.99127,1.89351,0.9509,4,6,158.6,0,1.0834
203,30087,106,fp16,T,T,53,-606629618,0.09438,0.09790,1.0372,4,92,326.9,0,0.8638
10458,187,5297,bf16,T,T,39,-606619902,0.31623,0.32789,1.0369,4,31,381.4,0,1.1909
30892,177,365,bf16,N,N,166,-606629868,0.11363,0.11222,0.9876,4,78,392.1,0,0.9081
2104,6329,4573,fp32,N,T,612,-606618406,3.41820,3.62815,1.0614,4,5,60.7,0,0.9856
5333,3671,6543,fp16,N,N,90,-606624159,2.45574,2.80924,1.1439,4,5,79.9,0,0.9999
113,781,38,fp16,T,T,53,-606629612,0.01009,0.00826,0.8183,4,724,41.7,0,0.9987
28,5548,3,fp32,N,T,616,-606601979,0.01032,0.00865,0.8383,4,865,66.7,0,1.0033
1097,21118,1084,fp32,N,T,612,-606618406,1.59104,2.06367,1.2971,4,5,118.8,0,1.0186
100,70,433,bf16,N,N,166,-606605303,0.01070,0.00931,0.8700,4,590,16.4,0,1.0072
2538,47,39,fp32,T,N,519,-606624713,0.01030,0.00842,0.8167,4,857,85.4,0,0.9991
144,29,187,fp32,T,N,519,-606624791,0.01076,0.00946,0.8786,4,581,13.6,0,0.9962
28782,14053,2921,fp16,T,T,53,-606629620,29.58677,31.69637,1.0713,4,5,63.1,0,1.0387
125,11037,26,fp16,N,T,62,-606627733,0.01500,0.02307,1.5377,4,350,406.6,0,0.9699
7280,267,819,fp16,N,T,68,-606604827,0.08108,0.08373,1.0327,4,112,248.4,0,1.0147
8020,1018,2121,fp16,T,N,245,-606603127,0.32938,0.44800,1.3601,4,23,215.5,0,1.0473
1409,796,323,fp32,N,T,614,-606618120,0.03282,0.04335,1.3209,4,205,223.5,0,1.0256
54,4488,5,fp32,N,T,614,-606602026,0.01022,0.00904,0.8843,4,893,103.7,0,0.9533
7431,7811,5604,bf16,T,T,39,-606619916,6.17150,8.79684,1.4254,4,5,65.3,0,1.1316
269,15,41,bf16,N,N,166,-606629829,0.00991,0.00820,0.8276,4,857,4.0,0,0.9256
14193,472,5665,fp16,T,T,53,-606629607,0.90806,5.50149,6.0585,4,5,212.5,0,1.1080
278,3274,1349,fp16,T,T,53,-606629606,0.05948,0.27937,4.6971,4,34,222.3,0,0.9416
1170,2206,3830,fp32,N,N,556,-606604948,0.65467,0.80571,1.2307,4,13,94.8,0,1.0679
5355,14578,2342,fp16,T,T,88,-606629611,3.96479,4.06812,1.0261,4,5,102.3,0,1.0975
3100,781,196,fp32,N,N,556,-606604927,0.04617,0.04627,1.0022,4,197,275.6,0,0.9636
10755,19837,943,fp32,T,T,82,-606620806,11.61265,11.97523,1.0312,4,5,83.4,0,1.0181
10,36,899,bf16,N,T,62,-606623166,0.01128,0.01065,0.9438,4,529,7.5,0,1.0057
955,5549,1105,bf16,N,T,57,-606603219,0.17122,0.26307,1.5365,4,37,207.8,0,1.0082
11897,821,270,fp32,T,N,519,-606604034,0.19299,0.20034,1.0381,4,52,273.6,0,1.1294
267,184,6375,fp16,N,N,393,-606624073,0.02645,0.03240,1.2249,4,235,224.9,0,0.9256
1227,2965,2088,fp32,N,T,612,-606602173,0.49926,0.55725,1.1162,4,20,99.3,0,1.0934
11859,9217,617,bf16,T,N,231,-606605609,1.54068,1.58352,1.0278,4,7,300.7,0,0.9986
3066,7370,1159,bf16,N,N,166,-606605209,0.63414,2.43667,3.8425,4,5,180.7,0,0.9830
110,11849,730,bf16,T,N,231,-606630849,0.03794,0.03756,0.9902,4,237,597.7,0,0.9958
7775,8130,12082,fp16,N,N,92,-606624261,12.71440,12.58932,0.9902,4,5,50.1,0,1.0790
8343,625,2480,fp16,N,N,90,-606603427,0.30692,0.31471,1.0254,4,31,212.9,0,0.9911
1357,1067,12164,fp16,N,N,97,-606603424,0.48388,0.61398,1.2689,4,17,133.8,0,0.9876
1977,2836,3141,fp32,N,T,614,-606601937,1.09828,1.29854,1.1823,4,8,75.5,0,1.0483
4,268,1517,bf16,N,T,62,-606623166,0.01365,0.01266,0.9272,4,441,60.8,0,0.9568
189,1375,346,fp32,N,N,556,-606604944,0.01552,0.01621,1.0447,4,469,206.5,0,1.0306
8154,420,140,fp32,T,N,525,-606634109,0.04308,0.04315,1.0017,4,210,429.4,0,1.1038
52,4,18,fp16,T,T,88,-606629572,0.01073,0.00851,0.7923,4,621,0.3,0,0.9319
1290,329,163,fp32,N,T,612,-606634096,0.01365,0.01477,1.0822,4,499,201.8,0,1.0436
5765,243,4643,fp16,T,T,53,-606629614,0.19360,1.18618,6.1270,4,8,317.1,0,0.9802
4943,11043,47,bf16,N,N,166,-606629868,0.36242,0.36088,0.9957,4,27,606.6,0,1.0041
1550,743,8395,fp32,T,N,519,-606624706,0.66240,0.82383,1.2437,4,13,123.2,0,1.0547
3093,18200,6022,fp16,N,N,352,-606624162,6.23227,7.32997,1.1761,4,5,77.3,0,1.0987
1005,3881,76,bf16,N,N,166,-606629829,0.03460,0.03367,0.9729,4,248,472.3,0,0.9369
7426,24325,2407,bf16,N,T,57,-606623198,10.09975,10.16478,1.0064,4,5,86.7,0,1.1181
438,35,2171,fp16,N,T,68,-606627654,0.02177,0.02169,0.9961,4,356,97.1,0,0.9083
16750,209,46,fp16,N,T,62,-606627728,0.03265,0.04586,1.4049,4,191,476.7,0,1.0155
276,18416,487,bf16,T,T,39,-606619906,0.10125,0.10335,1.0207,4,93,380.6,0,1.0312
5,6,29,bf16,T,T,4,-354,0.01010,0.00813,0.8050,4,760,0.1,0,0.9306
33,60,19447,fp16,T,N,396,-606603003,0.03256,1.15178,35.3743,4,12,111.3,0,0.9276
241,7393,512,fp16,N,N,90,-606603417,0.03900,0.06243,1.6006,4,145,383.2,0,0.9248
4405,20089,12664,bf16,T,T,39,-606619916,22.07656,35.84933,1.6239,4,5,44.1,0,1.1966
5,6,1449,fp32,N,T,612,-606602200,0.01322,0.01542,1.1668,4,346,4.8,0,0.8406
1011,20,15364,fp32,T,T,82,-606620796,0.32598,0.32588,0.9997,4,30,194.6,0,0.9936
16,7,2,fp16,N,T,62,-606627726,0.01010,0.00840,0.8323,4,998,0.1,0,1.0074
1667,1347,1412,fp32,T,T,82,-606620788,0.24209,0.28805,1.1898,4,37,107.4,0,1.1777
223,30990,1038,bf16,T,N,231,-606630860,0.19579,0.48246,2.4642,4,20,472.1,0,0.9597
3281,344,130,fp32,T,N,525,-606604036,0.01763,0.01726,0.9789,4,456,363.0,0,0.9958
10188,67,595,fp32,N,T,612,-606618175,0.05709,0.06574,1.1514,4,146,475.3,0,1.0430
81,1482,363,fp32,T,N,519,-606624683,0.01134,0.02204,1.9428,4,354,242.4,0,0.9039
644,2787,11723,fp16,T,N,249,-606603110,0.57574,0.98526,1.7113,4,10,152.2,0,0.9955
2498,1438,22,fp32,T,T,82,-606620832,0.02182,0.03014,1.3810,4,271,674.3,0,0.9953
1658,3119,1629,bf16,T,N,231,-606605602,0.19751,0.22232,1.1256,4,43,183.5,0,1.1178
21379,340,1681,bf16,N,N,273,-606605263,0.31301,0.41039,1.3111,4,24,326.2,0,0.9990
17519,2233,1917,fp16,T,N,245,-606622987,1.42626,1.37335,0.9629,4,7,162.8,0,1.0834
89,12985,3407,fp16,N,N,99,-606624215,0.14855,0.20791,1.3996,4,51,630.8,0,0.9567
31439,246,28589,fp32,T,T,82,-606620801,14.34122,24.44177,1.7043,4,5,254.8,0,1.1367
5,78,13,fp32,N,T,612,-606618215,0.01018,0.00824,0.8101,4,967,0.6,0,0.8922
6343,8007,11902,bf16,N,T,57,-606603181,18.72486,18.57004,0.9917,4,5,29.1,0,1.0276
8277,21122,4466,fp16,N,T,62,-606627711,16.54877,16.38845,0.9903,4,5,58.1,0,1.0180
4756,32190,64,bf16,T,N,231,-606630858,0.75214,0.98161,1.3051,4,10,820.5,0,1.0589
36,5665,531,fp16,N,N,94,-606603411,0.01966,0.01975,1.0048,4,384,349.5,0,0.8733
644,9177,1250,fp16,T,T,53,-606629619,0.21685,1.16444,5.3697,4,9,222.2,0,1.0131
30949,3189,6048,bf16,T,T,39,-606619916,11.15726,12.30122,1.1025,4,5,72.4,0,1.1727
50,9,3915,fp16,T,N,258,-606603003,0.01170,0.01196,1.0225,4,603,39.7,0,1.0066
846,2344,8860,bf16,N,N,411,-606629842,0.41631,0.43674,1.0491,4,23,154.8,0,1.1295
703,11324,23611,fp16,T,N,382,-606603135,3.59078,3.95737,1.1021,4,5,167.0,0,0.9558
1539,3765,4341,bf16,T,N,231,-606630837,0.50067,1.16174,2.3203,4,9,138.3,0,1.0884
18786,8567,1846,bf16,N,N,166,-606605348,5.62066,5.49269,0.9772,4,5,132.5,0,0.9338
234,1663,133,fp16,N,T,62,-606627736,0.00899,0.01092,1.2149,4,645,229.2,0,1.0027
17110,438,64,fp16,N,N,98,-606603417,0.05084,0.05828,1.1461,4,145,633.8,0,1.0069
3506,351,326,bf16,N,T,57,-606603145,0.03150,0.03424,1.0869,4,254,236.1,0,1.0109
14470,9977,2737,fp16,T,N,245,-606623022,6.50965,6.52063,1.0017,4,5,109.3,0,1.1761
530,2504,1810,fp16,T,N,555,-606622954,0.06244,0.10979,1.7585,4,85,260.9,0,0.8846
17877,6868,7710,fp16,N,T,62,-606627760,26.48104,28.44206,1.0741,4,5,33.0,0,0.9731
6329,3608,5833,bf16,T,N,441,-606605560,2.54876,2.60649,1.0226,4,5,81.3,0,1.2061
8663,1687,4774,bf16,T,N,231,-606630823,1.31517,2.38422,1.8129,4,5,119.6,0,0.9158
1209,60,1745,fp32,N,N,556,-606628037,0.02867,0.03038,1.0598,4,291,319.1,0,0.9434
23760,1693,3313,fp16,T,T,53,-606629620,2.57049,2.61926,1.0190,4,5,128.2,0,0.9063
3,25,427,bf16,T,T,4,-354,0.02377,0.04101,1.7255,4,186,1.0,0,0.9945
1984,7907,599,bf16,T,T,39,-606619901,0.27192,0.26281,0.9665,4,37,274.3,0,1.0174
1646,11428,9,fp32,T,N,525,-606624673,0.06927,0.10448,1.5083,4,92,1093.0,0,1.0965
3822,22342,2941,fp16,T,T,53,-606629611,4.94905,5.77500,1.1669,4,5,100.1,0,1.0357
6614,553,4979,fp32,N,N,556,-606627839,1.09854,1.22586,1.1159,4,9,143.3,0,1.0293
903,83,29,bf16,N,T,57,-606603237,0.00869,0.00814,0.9369,4,938,41.1,0,0.9684
4282,15,336,fp16,T,N,245,-606603018,0.01287,0.04484,3.4837,4,201,244.3,0,0.9899
301,1,90,fp16,N,N,18,-9,0.00624,0.01561,2.5008,4,364,8.9,0,0.9774
1033,23786,3409,bf16,T,N,231,-606630861,1.61296,4.75378,2.9472,4,5,165.8,0,1.0252
5,11,332,bf16,T,N,31,-606630722,0.00999,0.01181,1.1827,4,422,1.1,0,0.8929
569,573,9574,fp32,N,T,612,-606602159,0.24010,0.41802,1.7410,4,24,187.6,0,0.9491
6679,22704,7411,fp16,T,T,53,-606629616,34.18690,38.14686,1.1158,4,5,30.5,0,1.1365
846,530,29,fp16,T,N,245,-606622900,0.00990,0.00861,0.8698,4,695,189.3,0,0.9283
5331,3328,2030,fp16,N,N,352,-606624186,0.68450,0.70520,1.0302,4,15,155.0,0,1.1080
42,5386,35,fp32,T,N,519,-606624664,0.00969,0.00904,0.9325,4,724,171.7,0,0.9589
2659,3682,2988,fp32,N,N,556,-606605059,1.91904,1.96384,1.0233,4,6,59.9,0,1.1894
5,715,15,fp32,T,T,82,-606620755,0.00970,0.00819,0.8438,4,898,5.9,0,0.8600
9131,4607,9495,bf16,N,N,166,-606605364,6.73279,7.59615,1.1282,4,5,63.7,0,1.0720
157,8681,1416,fp32,T,T,82,-606620791,0.15700,0.31130,1.9828,4,33,353.6,0,1.1438
26633,1255,3379,bf16,T,T,39,-606619925,2.56419,2.54067,0.9908,4,5,125.6,0,0.9474
31,596,439,fp32,N,T,614,-606601956,0.01060,0.00864,0.8148,4,682,110.8,0,0.9199
8166,1001,994,fp32,T,N,519,-606603938,0.48491,0.50230,1.0358,4,20,142.6,0,1.0130
375,1664,10206,fp16,N,T,241,-606627661,0.21829,0.21382,0.9795,4,47,202.1,0,1.0187
236,2729,1294,fp16,N,N,101,-606624121,0.04031,0.04118,1.0215,4,208,254.3,0,1.0061
22772,9383,32,fp16,T,T,53,-606629590,1.25897,3.44211,2.7341,4,5,680.5,0,0.9846
306,3507,1133,bf16,N,N,174,-606605259,0.05454,0.20040,3.6744,4,49,237.1,0,1.0063
225,11428,1251,fp16,N,T,68,-606604809,0.11993,0.29818,2.4862,4,34,328.9,0,1.0285
2200,5896,22483,fp32,T,T,82,-606620797,18.22635,18.07141,0.9915,4,5,42.8,0,0.9833
238,8438,131,bf16,T,T,39,-606619929,0.02286,0.02938,1.2853,4,284,450.8,0,1.0027
344,324,15417,fp16,N,N,232,-606624235,0.12423,0.31997,2.5756,4,31,169.4,0,1.0127
12945,1726,14232,bf16,T,T,39,-606619916,6.30595,8.13244,1.2896,4,5,80.4,0,0.9890
45,22,38,bf16,N,N,166,-606605259,0.01004,0.00819,0.8158,4,857,0.9,0,1.0129
9939,63,56,fp16,T,T,53,-606629613,0.01068,0.01472,1.3789,4,544,339.5,0,0.9975
233,3964,15620,bf16,N,N,283,-606629853,0.37939,0.37342,0.9843,4,28,355.3,0,1.0878
26,979,38,fp16,T,T,53,-606629612,0.01034,0.00866,0.8375,4,656,17.2,0,0.9521
327,611,6369,fp16,N,N,99,-606603403,0.06741,0.10153,1.5063,4,90,189.1,0,1.0047
24922,78,7011,fp32,N,T,612,-606602017,1.04704,1.32528,1.2657,4,8,677.0,0,1.0314
1148,438,10,fp16,T,N,245,-606622900,0.00992,0.00964,0.9717,4,656,205.9,0,1.0034
259,880,753,bf16,N,T,203,-606623163,0.02023,0.01969,0.9729,4,399,129.8,0,1.0324
202,418,69,fp16,N,T,62,-606604846,0.01075,0.00870,0.8090,4,802,39.4,0,1.0184
2,11570,21,bf16,N,N,166,-606629829,0.01075,0.00859,0.7991,4,933,53.8,0,1.0020
2162,243,31,fp32,T,N,519,-606603777,0.00952,0.00928,0.9747,4,805,252.1,0,1.0124
683,10988,5718,bf16,T,N,332,-606630854,0.77948,0.93244,1.1962,4,11,209.7,0,1.1472
41,2863,765,bf16,N,T,57,-606623165,0.01819,0.02697,1.4830,4,302,270.1,0,0.9139
2607,5449,1739,fp32,N,T,612,-606618407,1.50168,1.58763,1.0572,4,6,75.2,0,0.9878
140,9030,1045,bf16,T,T,39,-606619908,0.07295,0.07224,0.9903,4,117,332.0,0,1.0098
24747,612,123,fp32,N,N,556,-606605053,0.14662,0.14749,1.0059,4,65,498.3,0,1.0048
14935,11,1558,bf16,T,T,39,-606619899,0.05979,0.09343,1.5628,4,103,790.0,0,0.9993
25,8689,2399,bf16,T,T,39,-606619899,0.07415,0.10659,1.4375,4,88,575.6,0,1.0110
8,160,40,fp16,N,T,227,-606604837,0.00751,0.00785,1.0444,4,977,2.5,0,0.9906
1332,3904,7161,fp32,N,N,562,-606628040,2.20358,2.34707,1.0651,4,5,77.5,0,1.0141
25571,1090,1878,fp32,T,N,519,-606624864,3.08713,3.14176,1.0177,4,5,101.0,0,0.9943
390,1081,3,fp32,N,T,612,-606608167,0.00717,0.00787,1.0967,4,1025,237.5,0,0.9979
98,4522,1850,bf16,T,N,244,-606605544,0.05429,0.07447,1.3716,4,125,347.5,0,1.0043
8644,44,9,bf16,N,N,273,-606629840,0.00699,0.01120,1.6020,4,546,240.0,0,1.0105
2,126,9,bf16,T,N,17,-606630723,0.00663,0.00691,1.0422,4,1137,0.5,0,0.9989
5,390,5232,fp32,T,T,82,-606620814,0.11764,0.27485,2.3364,4,37,70.3,0,0.9995
1509,2,24,bf16,T,T,39,-606619899,0.00664,0.00667,1.0041,4,809,12.7,0,1.0096
3051,10,18,bf16,N,N,166,-606605260,0.00632,0.00684,1.0817,4,1019,36.7,0,1.0015
1,63,1038,fp16,T,N,35,-606602864,0.01091,0.01088,0.9975,4,502,12.2,0,0.9944
889,412,1103,bf16,N,N,281,-606629855,0.02670,0.02725,1.0208,4,315,162.4,0,1.0111
3,17,233,fp16,N,T,62,-606627724,0.00659,0.00789,1.1961,4,645,1.4,0,0.9864
23,2,8,fp32,N,T,612,-606601950,0.00663,0.00701,1.0561,4,1144,0.1,0,1.0031
107,109,22913,fp32,T,N,519,-606603811,0.33687,0.38138,1.1321,4,27,58.9,0,0.9958
128,162,5085,fp16,T,T,53,-606629622,0.09410,0.53548,5.6904,4,19,32.2,0,0.9884
171,501,3,fp16,T,N,245,-606622868,0.00656,0.00690,1.0527,4,760,52.9,0,1.0034
2,526,180,fp32,T,N,253,-606603783,0.00635,0.00663,1.0440,4,933,60.5,0,1.0049
568,37,17,fp16,N,N,94,-606624243,0.00659,0.00687,1.0433,4,583,15.9,0,1.0014
5595,15071,2832,bf16,N,T,57,-606603145,4.48025,4.48915,1.0020,4,5,101.4,0,1.0972
2562,852,43,fp16,N,N,223,-606624241,0.01301,0.01297,0.9967,4,524,693.6,0,0.9486
293,7,1,bf16,N,T,57,-606623200,0.00698,0.00712,1.0200,4,1103,1.3,0,0.9568
2376,4,167,fp32,N,T,616,-606618112,0.00682,0.00706,1.0348,4,929,238.6,0,1.0100
2955,5538,2,fp32,N,T,612,-606618239,0.05695,0.08194,1.4387,4,117,1150.5,0,1.0704
14137,2,15798,bf16,N,T,64,-606603205,0.50200,0.56671,1.1289,4,17,890.1,0,0.9848
261,17,41,bf16,T,T,39,-606619899,0.00652,0.00665,1.0203,4,826,6.2,0,0.9596
144,12598,5,fp32,N,N,556,-606627764,0.00978,0.01214,1.2419,4,611,768.1,0,1.0080
1,455,2,bf16,N,T,58,-9,0.00345,0.00694,2.0103,4,1103,1.1,0,0.9948
2,19241,7198,fp32,N,N,556,-606627862,0.45233,0.51885,1.1471,4,20,1225.2,0,1.0559
262,7821,30041,bf16,T,N,238,-606630822,1.41323,3.26658,2.3114,4,5,349.4,0,1.0923
4995,2737,283,fp16,T,T,53,-606629618,0.20880,0.55081,2.6380,4,18,282.9,0,0.9496
1,4196,6469,fp16,T,T,23,-606629592,0.07857,0.07867,1.0013,4,116,691.4,0,0.9597
2013,11247,27,fp32,N,T,612,-606618239,0.11966,0.16139,1.3488,4,61,768.8,0,0.9868
928,33,2299,fp16,N,N,103,-606624108,0.01786,0.02884,1.6149,4,304,254.3,0,0.9837
527,216,30,fp32,N,T,614,-606618330,0.00855,0.00733,0.8577,4,594,63.7,0,0.9764
2641,788,331,fp16,N,N,217,-606603335,0.02638,0.02522,0.9559,4,315,401.6,0,1.0812
15050,16,598,fp32,N,T,614,-606618171,0.04614,0.05900,1.2787,4,165,802.0,0,0.9368
1205,89,12,bf16,T,T,39,-606619917,0.00810,0.00732,0.9038,4,952,56.8,0,0.9780
89,58,767,bf16,T,N,231,-606630790,0.01141,0.01194,1.0464,4,442,21.6,0,0.9999
5547,1228,2777,fp16,N,N,217,-606624186,0.37462,0.47198,1.2599,4,22,173.2,0,1.0631
99,26,24,bf16,T,T,39,-606619917,0.00832,0.00752,0.9030,4,857,2.0,0,0.9587
35,4048,43,fp16,T,T,53,-606629613,0.00860,0.00896,1.0421,4,654,106.7,0,1.0056
2802,1,85,fp32,N,T,613,-9,0.00487,0.00736,1.5116,4,943,198.1,0,0.9984
7591,1,27,fp16,N,N,18,-606603244,0.00886,0.01689,1.9065,4,441,49.7,0,0.9909
782,901,48,fp16,T,N,245,-606622895,0.00860,0.00814,0.9464,4,690,346.3,0,1.0026
337,10,5299,fp16,T,N,258,-606622882,0.01572,0.01442,0.9174,4,389,234.8,0,0.9592
21533,13,7,bf16,T,N,231,-606630723,0.00838,0.01336,1.5948,4,547,169.6,0,1.0035
69,65,3,fp32,T,T,82,-606620815,0.00773,0.00715,0.9247,4,802,2.5,0,1.0023
89,26379,12,bf16,N,T,57,-613,0.01667,0.03177,1.9051,4,272,601.3,0,1.0107
6215,32,60,fp16,T,N,513,-606622851,0.00815,0.00753,0.9236,4,972,189.6,0,1.0134
9566,6341,19,bf16,N,N,166,-606629829,0.34377,0.35731,1.0394,4,28,707.5,0,1.0012
20933,13,106,bf16,N,N,166,-606605269,0.01606,0.02162,1.3467,4,394,344.4,0,1.0090
22183,916,1728,fp16,T,T,88,-606629607,0.83293,0.82569,0.9913,4,14,193.4,0,1.2660
2,487,5,bf16,N,T,57,-606603187,0.00789,0.00766,0.9697,4,1060,1.1,0,0.8219
167,2366,28241,bf16,N,T,64,-606603153,0.50290,0.49600,0.9863,4,20,287.6,0,1.0099
396,12,177,bf16,T,N,332,-606605496,0.00815,0.00745,0.9149,4,861,20.1,0,0.9575
19,6360,3108,bf16,T,T,39,-606619899,0.06985,0.12830,1.8368,4,74,574.6,0,0.9952
69,7,68,fp16,T,N,73,-606622845,0.00794,0.00733,0.9234,4,775,1.5,0,0.9614
88,4,4,fp32,T,T,82,-606620828,0.00795,0.00769,0.9678,4,873,0.4,0,0.9991
8,14758,155,bf16,N,T,57,-606623200,0.01095,0.01514,1.3831,4,516,461.2,0,0.9928
288,3080,8,bf16,N,T,201,-606623181,0.00798,0.00802,1.0046,4,788,451.4,0,0.9964
209,9400,315,fp16,N,T,227,-606627742,0.03521,0.04439,1.2608,4,204,395.1,0,0.9988
42,26,15,bf16,T,T,39,-606619917,0.00828,0.00751,0.9079,4,763,0.8,0,0.9823
74,329,8,fp32,N,T,612,-606618319,0.00778,0.00773,0.9943,4,1054,14.2,0,0.9855
2,131,9224,bf16,T,N,27,-153,0.05635,0.38439,6.8216,4,25,43.6,0,0.9974
3427,247,680,fp32,N,N,556,-606627873,0.04655,0.07365,1.5821,4,124,287.4,0,1.0173
295,3,42,fp32,N,T,612,-606602083,0.00795,0.00747,0.9400,4,1042,6.7,0,0.9852
1768,22,24235,fp32,T,T,82,-606620820,0.52262,0.52292,1.0006,4,20,332.3,0,1.0043
14,17405,2,fp16,T,T,53,-606629594,0.00848,0.00759,0.8952,4,906,123.1,0,1.0062
1,70,2339,fp32,T,N,131,-9,0.02296,0.04792,2.0869,4,175,28.9,0,1.0042
2,292,110,fp16,N,T,62,-606604843,0.00826,0.00761,0.9206,4,982,8.1,0,1.0055
461,79,30,fp32,N,T,612,-606618202,0.00823,0.00786,0.9548,4,987,25.6,0,1.0053
8,60,6,bf16,N,N,273,-606629861,0.00786,0.00811,1.0324,4,1091,0.3,0,0.9914
40,603,90,fp32,N,N,556,-606628038,0.00837,0.00753,0.8996,4,947,39.2,0,0.9814
21214,123,4366,fp16,N,N,101,-606624159,0.29795,0.33606,1.1279,4,30,660.4,0,1.1107
966,508,13889,fp16,N,T,70,-606627668,0.30684,0.30740,1.0019,4,31,139.8,0,0.9098
11,3,20275,fp16,N,T,70,-606627643,0.01529,0.01354,0.8855,4,332,37.1,0,0.9905
1,6897,17,fp32,T,T,13,-606620755,0.00457,0.00456,0.9969,4,1234,108.7,0,0.9745
76,3,2,bf16,N,N,12,-606629879,0.00801,0.00751,0.9383,4,823,0.2,0,0.9983
431,9824,1357,bf16,T,N,441,-606605582,0.15114,0.43198,2.8581,4,24,296.2,0,1.1728
168,2081,2307,fp32,N,T,612,-606618396,0.06455,0.11063,1.7139,4,81,343.2,0,0.8956
4,35,171,bf16,N,N,166,-606605226,0.00774,0.00729,0.9421,4,628,1.8,0,0.9581
23412,29,11224,fp32,T,T,82,-606620753,1.02493,1.16767,1.1393,4,9,1029.5,0,1.1831
3,2,4,fp16,N,N,37,-606624070,0.00798,0.00736,0.9221,4,972,0.0,0,0.8888
3478,1561,4,bf16,T,T,39,-355,0.03037,0.06658,2.1922,4,135,716.3,0,0.9718
1,22351,8,bf16,N,T,58,-606623165,0.00837,0.01430,1.7092,4,498,53.4,0,0.9933
8973,3296,27,bf16,T,T,39,-606619917,0.12529,0.20337,1.6232,4,49,949.5,0,0.9796
138,241,16,fp32,N,T,612,-606602087,0.00792,0.00757,0.9555,4,1014,19.9,0,1.0072
1090,2,1236,bf16,T,T,39,-606619899,0.02634,0.02615,0.9928,4,315,102.8,0,0.9900
6274,20,1,fp16,T,N,382,-606622867,0.00823,0.00777,0.9445,4,929,62.5,0,0.9961
37,6,3052,fp16,N,N,58,-606603392,0.04079,0.36283,8.8950,4,27,6.5,0,0.9904
196,14,81,fp32,T,N,519,-606603885,0.00838,0.00778,0.9282,4,885,9.4,0,0.9889
1762,155,4,fp32,T,N,519,-606603857,0.00812,0.00761,0.9377,4,977,138.4,0,0.9809
8122,9,14,fp32,N,N,556,-606605041,0.00799,0.00742,0.9282,4,947,93.6,0,1.0087
50,1064,1102,bf16,T,T,39,-606619899,0.02466,0.02422,0.9821,4,322,108.2,0,0.9804
436,2665,2326,fp16,N,T,68,-606627668,0.10122,0.32085,3.1699,4,31,188.4,0,0.9983
54,54,114,fp16,N,N,98,-606624140,0.00782,0.00686,0.8780,4,665,4.6,0,0.9863
249,5817,4,bf16,T,N,231,-606630711,0.01088,0.01090,1.0017,4,665,537.0,0,1.0025
11,8,8001,fp16,N,T,243,-606604755,0.01300,0.06211,4.7760,4,93,23.4,0,0.9667
333,18,328,fp32,T,T,82,-606620789,0.01187,0.01673,1.4101,4,342,40.8,0,0.9949
8662,12,8917,fp16,N,T,70,-606604761,0.17304,0.17394,1.0052,4,57,896.4,0,0.9915
10593,261,15,fp32,N,N,556,-606627765,0.01653,0.01649,0.9974,4,470,708.4,0,1.0088
2464,454,12487,fp32,T,T,82,-606620799,0.96343,0.96160,0.9981,4,11,155.9,0,1.0668
13,222,3308,fp16,N,N,101,-606624108,0.01533,0.01287,0.8396,4,340,102.2,0,0.9794
11,13206,21901,bf16,N,T,64,-606603150,0.57003,0.57793,1.0138,4,18,1016.6,0,1.1639
3,2323,6,fp16,N,N,90,-606624100,0.00801,0.00736,0.9191,4,1008,7.0,0,0.8710
247,17904,179,bf16,N,T,201,-606603197,0.04751,0.06843,1.4402,4,138,509.1,0,1.0122
16230,10,136,fp32,N,T,612,-606618171,0.01441,0.02083,1.4455,4,407,658.0,0,0.9925
2,8,13,fp32,T,T,15,-606620755,0.00825,0.00747,0.9056,4,812,0.1,0,0.9888
130,51,11107,fp32,T,T,82,-606620820,0.24059,0.23954,0.9956,4,41,33.5,0,0.9876
6,10028,11524,bf16,T,T,4,-354,1.38735,1.47930,1.0663,4,7,166.9,0,0.9957
2,10,22179,fp16,N,T,70,-606604754,0.01402,0.01393,0.9939,4,375,38.0,0,0.9975
879,7838,182,fp32,N,T,612,-606618207,0.10894,0.11570,1.0620,4,83,311.2,0,1.0179
2,73,3598,fp16,N,N,103,-606603283,0.01181,0.01185,1.0033,4,530,45.8,0,1.0047
3,2,9,fp32,N,T,612,-606618108,0.00691,0.00739,1.0694,4,1054,0.0,0,1.0008
2909,138,4576,bf16,T,N,247,-606630822,0.10308,0.20025,1.9427,4,50,286.1,0,1.0056
93,920,9,bf16,N,N,388,-606605224,0.00684,0.00715,1.0444,4,1078,52.7,0,1.0070
22,327,9939,bf16,N,T,64,-606603222,0.02293,0.16135,7.0379,4,62,303.9,0,1.0013
819,6,7074,fp32,T,N,519,-606603802,0.09413,0.10910,1.1590,4,88,248.2,0,1.0102
12,1199,12140,bf16,N,T,64,-606623202,0.06852,0.06838,0.9981,4,135,430.0,0,1.0040
3,112,126,fp32,N,N,556,-606605146,0.00781,0.00751,0.9619,4,816,7.6,0,0.9866
747,7198,166,fp32,T,N,519,-606624834,0.07721,0.08238,1.0670,4,122,346.9,0,1.1650
18537,2,39,fp32,N,T,612,-606602086,0.00748,0.00945,1.2644,4,700,406.6,0,0.8784
9,13968,31299,fp32,T,N,525,-606624721,1.59025,1.93549,1.2171,4,6,1100.7,0,0.9739
13,1,239,fp16,T,T,54,-9,0.00428,0.00428,1.0008,4,1036,1.6,0,1.0038
22,7432,18904,fp32,N,T,614,-606601886,0.62152,0.75497,1.2147,4,13,907.9,0,1.0157
2,2444,21,fp16,T,T,36,-378,0.00810,0.00691,0.8533,4,902,15.1,0,0.9954
2247,12,2,bf16,T,T,39,-606619917,0.00762,0.00754,0.9889,4,1042,15.3,0,1.0069
15286,2,214,bf16,N,T,57,-606623165,0.01251,0.02459,1.9654,4,348,532.8,0,0.9942
258,1493,721,fp16,T,T,53,-606629613,0.02313,0.10757,4.6505,4,92,175.8,0,1.0156
13323,14805,11,fp32,T,N,519,-606603768,0.70247,1.03428,1.4723,4,10,1124.9,0,1.0552
22000,79,1411,fp32,T,T,82,-606620797,0.24315,0.29318,1.2058,4,32,541.1,0,1.0339
2,9793,47,fp16,N,N,94,-606624244,0.00767,0.00725,0.9459,4,889,130.3,0,0.9295
27043,25,682,fp32,T,T,82,-606620762,0.08285,0.18989,2.2920,4,52,923.9,0,1.0017
4,20928,1051,fp16,T,N,227,-606602970,0.05329,0.32107,6.0252,4,31,832.0,0,1.0194
11,6,70,bf16,N,T,57,-606623163,0.00773,0.00718,0.9294,4,929,0.3,0,0.9696
248,2464,2,bf16,T,N,441,-606605431,0.00772,0.00821,1.0634,4,962,318.1,0,1.0053
6371,12051,1155,bf16,N,N,166,-606605354,1.87575,2.18649,1.1657,4,5,186.4,0,1.0321
1,2201,194,bf16,T,N,4,-9,0.00732,0.01642,2.2444,4,486,118.0,0,0.9789
9,20185,15,fp16,N,T,62,-606627732,0.00829,0.01638,1.9754,4,458,160.7,0,1.0036
3657,3194,7,fp16,N,T,62,-524,0.05874,0.09732,1.6567,4,98,797.0,0,1.0022
4,2,910,bf16,T,N,26,-606630723,0.01735,0.02310,1.3314,4,241,0.6,0,1.0128
683,4,65,fp16,T,N,163,-606622867,0.00819,0.00779,0.9522,4,1048,12.2,0,1.0159
19224,7,10474,fp32,N,T,612,-606618432,0.75275,1.06335,1.4126,4,10,1071.1,0,1.1074
78,4,1044,bf16,T,T,39,-606619899,0.01822,0.01819,0.9987,4,346,9.5,0,0.9123
178,30,126,fp32,T,T,82,-606620789,0.00938,0.01066,1.1365,4,507,13.5,0,0.9943
248,34,214,fp16,N,T,62,-606627732,0.00765,0.00890,1.1638,4,677,20.2,0,0.9933
18658,1962,4,bf16,N,N,166,-714,0.13915,0.16499,1.1857,4,58,1053.5,0,0.9912
3305,61,15,fp16,T,T,53,-376,0.00849,0.00752,0.8856,4,802,106.9,0,1.0101
16,91,107,fp16,T,N,245,-606622868,0.00796,0.00741,0.9309,4,823,3.6,0,1.0020
17811,7,4300,fp16,T,T,53,-606629612,0.16478,1.03503,6.2814,4,10,933.0,0,1.0124
1228,868,1,fp32,N,T,616,-606618226,0.00866,0.00879,1.0150,4,906,493.5,0,1.0058
14,183,372,fp16,T,T,53,-606629622,0.01031,0.05687,5.5143,4,121,15.2,0,1.0011
58,1168,6,bf16,T,T,39,-606619899,0.00837,0.00746,0.8909,4,877,34.1,0,1.0014
410,26,2789,fp32,N,T,612,-606602198,0.02884,0.04734,1.6415,4,190,170.2,0,1.0036
7167,2884,2597,fp16,T,N,382,-606603079,1.04967,1.03430,0.9854,4,11,128.5,0,1.1061
13,18,77,fp16,T,N,245,-606603020,0.00798,0.00719,0.9009,4,877,0.7,0,0.9316
108,107,13,fp16,T,T,53,-606629621,0.00855,0.00776,0.9077,4,583,6.1,0,1.0112
565,8,4229,fp32,T,N,525,-606624704,0.05928,0.09284,1.5662,4,99,163.8,0,0.9811
74,31,815,fp16,N,T,68,-606604844,0.01005,0.01114,1.1078,4,476,17.9,0,0.9835
3136,24,65,fp32,N,N,562,-606605144,0.00746,0.00698,0.9354,4,719,150.5,0,1.0020
3826,55,60,fp32,T,T,82,-606620789,0.00901,0.00949,1.0527,4,661,196.7,0,1.0033
2650,17,1944,fp32,N,T,612,-606618430,0.02758,0.03687,1.3368,4,243,758.5,0,1.0992
549,595,2,bf16,N,T,57,-606623219,0.00801,0.00715,0.8922,4,778,163.7,0,0.9078
63,7,6077,fp16,T,N,84,-606603003,0.01423,0.01181,0.8300,4,444,59.9,0,1.0070
1,211,5,fp32,N,T,613,-606601911,0.00441,0.00405,0.9174,4,1512,1.2,0,1.0007
4,69,5680,fp32,T,T,82,-606620815,0.12396,0.26812,2.1630,4,31,13.4,0,0.9863
42,11174,8242,fp32,N,N,556,-606628029,0.39921,0.68542,1.7169,4,15,931.0,0,1.0581
43,43,27,fp32,N,N,556,-606627932,0.00796,0.00742,0.9326,4,1031,2.1,0,0.9505
1272,3,4,fp32,T,T,82,-606620820,0.00822,0.00737,0.8969,4,873,4.3,0,1.0129
10516,45,18,bf16,T,T,39,-606619899,0.00846,0.01080,1.2760,4,594,268.6,0,0.9907
4,17286,883,fp32,N,T,612,-606602197,0.06770,0.07262,1.0728,4,132,906.2,0,1.0343
227,8153,8,fp16,N,T,62,-524,0.01436,0.02782,1.9369,4,300,524.8,0,0.9912
4,1,585,fp16,N,N,18,-9,0.00503,0.07471,14.8477,4,114,1.2,0,0.9859
4,2352,296,fp16,N,T,227,-606604844,0.00792,0.00719,0.9072,4,885,180.8,0,0.9944
2,34,42,fp32,N,N,556,-606627933,0.00789,0.00751,0.9523,4,1031,0.8,0,0.9965
2239,68,1,bf16,T,T,39,-606619917,0.00835,0.00748,0.8966,4,889,73.5,0,0.9777
105,4,281,fp32,T,N,525,-606624732,0.00815,0.00719,0.8827,4,750,15.2,0,1.0097
3752,15181,3578,fp16,N,T,62,-606604822,4.14198,16.82516,4.0621,4,5,87.7,0,1.2528
42,3,195,fp32,T,N,212,-606624791,0.00816,0.00726,0.8898,4,823,4.4,0,0.8173
3189,11,337,fp32,N,T,612,-606618171,0.00980,0.00983,1.0028,4,719,454.3,0,0.9930
20,7132,4,fp32,N,T,616,-606618251,0.00844,0.00714,0.8458,4,893,81.1,0,1.0000
12,5,6,bf16,N,T,57,-606623200,0.00796,0.00774,0.9730,4,1060,0.1,0,1.0174
7,34,1752,fp32,T,N,519,-606624679,0.01787,0.02512,1.4055,4,257,16.1,0,1.0037
1847,6710,508,fp16,N,T,62,-606604827,0.21554,0.29760,1.3807,4,34,270.3,0,1.0285
171,2,257,fp32,T,T,82,-606620798,0.01008,0.01294,1.2834,4,421,17.8,0,0.9647
2,1,3,fp32,T,N,126,-9,0.00442,0.00775,1.7543,4,1144,0.0,0,0.9980
2,234,1176,fp16,N,N,105,-606603368,0.01149,0.01133,0.9862,4,468,48.5,0,0.9878
2348,4283,74,fp32,N,N,556,-606634135,0.07872,0.10806,1.3727,4,90,535.9,0,1.1105
20,618,14,bf16,N,T,57,-606603187,0.00742,0.00751,1.0127,4,1048,9.1,0,0.9002
2105,1525,37,bf16,N,T,57,-606603193,0.02797,0.03968,1.4188,4,225,468.7,0,1.0173
15,4928,452,bf16,T,N,441,-606605545,0.01250,0.01238,0.9902,4,542,381.0,0,0.9572
5,653,10713,fp16,T,N,74,-606603003,0.02329,0.02325,0.9983,4,316,606.0,0,0.9752
16986,1,392,bf16,T,N,3,-149,0.01587,0.01587,1.0005,4,539,843.7,0,1.0000
25,223,2967,fp32,T,N,519,-606624732,0.04552,0.04874,1.0709,4,185,65.2,0,0.9893
1680,2978,4,fp32,T,N,519,-606624795,0.01919,0.02377,1.2383,4,350,1046.6,0,1.0242
189,11,7713,bf16,N,N,176,-606605266,0.02626,0.02615,0.9961,4,278,117.8,0,0.9833
13,1605,1466,fp16,N,N,97,-606624200,0.01947,0.03496,1.7951,4,260,247.9,0,1.0011
462,21308,560,bf16,N,T,57,-606603219,0.17455,0.18462,1.0576,4,53,365.3,0,1.0787
10,7,280,fp16,N,N,55,-606624140,0.00842,0.03716,4.4116,4,197,1.2,0,0.9199
3,1,22,fp16,T,N,30,-606602864,0.00445,0.00411,0.9244,4,1379,0.0,0,0.9857
2189,2,389,fp16,N,N,37,-606624224,0.01236,0.05058,4.0935,4,177,139.4,0,0.9939
72,680,30304,fp16,T,N,590,-606622885,0.07847,0.16179,2.0617,4,57,583.3,0,1.0027
9,655,5827,fp32,T,T,82,-606620820,0.12921,0.28608,2.2141,4,34,120.0,0,0.9856
54,2347,4015,bf16,T,T,39,-606619899,0.07710,0.10884,1.4116,4,93,256.6,0,1.0076
57,169,4554,fp32,T,T,82,-606620827,0.10137,0.25069,2.4731,4,41,41.0,0,1.0136
4,38,60,fp16,T,T,71,-606629559,0.00859,0.01274,1.4825,4,407,0.7,0,0.9990
9,28001,3356,fp32,N,N,556,-606627862,0.33125,0.39987,1.2072,4,26,1138.2,0,1.1179
1,1207,2765,fp16,N,T,69,-9,0.01432,0.02422,1.6914,4,326,466.8,0,0.9032
1239,6685,31,bf16,T,N,231,-606630771,0.04816,0.04723,0.9806,4,193,698.1,0,1.0534
2182,40,6062,fp32,T,T,82,-606620814,0.14030,0.31696,2.2592,4,31,386.5,0,0.9444
53,5434,24,bf16,N,T,57,-606623223,0.00847,0.03696,4.3650,4,229,167.2,0,0.9941
98,8,130,bf16,T,N,441,-606630762,0.00853,0.00749,0.8786,4,511,3.6,0,0.9837
2,750,56,fp32,N,N,556,-606627933,0.00823,0.00797,0.9687,4,1072,21.2,0,0.9961
5,3160,2955,bf16,T,T,4,-354,0.20358,0.32683,1.6054,4,31,92.2,0,0.9949
113,31,18,fp16,N,N,90,-606603313,0.00852,0.00755,0.8859,4,652,2.3,0,0.9987
52,6,17,bf16,N,T,57,-606623218,0.00801,0.00768,0.9587,4,1042,0.4,0,1.0227
4,4,7987,bf16,N,N,87,-606605172,0.04752,0.08320,1.7509,4,83,2.7,0,0.9918
623,11,17628,fp16,N,N,99,-606603283,0.04792,0.85369,17.8139,4,12,467.0,0,1.0044
368,9,17638,fp16,N,N,103,-606603283,0.04843,0.85979,17.7536,4,12,274.9,0,1.0057
30361,2,6,fp16,T,N,51,-606603019,0.00747,0.00724,0.9690,4,889,81.3,0,0.9827
4322,3291,278,fp32,T,T,82,-606620808,0.28969,0.31773,1.0968,4,33,225.6,0,1.1181
770,18045,9,fp16,T,N,245,-606602867,0.07358,0.20016,2.7202,4,49,759.9,0,0.8954
28,4133,246,fp16,T,N,245,-606622752,0.01052,0.03413,3.2438,4,250,238.6,0,0.9653
269,1,2,bf16,N,T,58,-9,0.00439,0.00760,1.7320,4,1110,0.5,0,0.9850
312,381,3,fp32,N,N,556,-606627936,0.00757,0.00761,1.0051,4,987,63.9,0,0.9832
15,18,6,fp32,T,N,519,-606624685,0.00759,0.00772,1.0160,4,1137,0.2,0,0.9881
4,322,1530,fp32,T,T,82,-606620820,0.03781,0.08112,2.1458,4,115,52.9,0,0.9938
10141,7410,363,bf16,T,T,39,-606619911,0.93772,0.92229,0.9835,4,11,334.1,0,1.1480
24,259,3,fp32,N,T,612,-606601896,0.00683,0.00700,1.0241,4,1097,4.1,0,0.8513
7,13623,2,fp16,T,N,63,-606622730,0.00714,0.00722,1.0110,4,938,61.1,0,0.9906
4432,33,16178,bf16,T,T,39,-606619899,0.26422,0.53688,2.0320,4,19,549.0,0,0.9955
2,3557,1,fp16,T,T,36,-606629597,0.00721,0.00740,1.0266,4,1054,4.9,0,0.9565
41,644,16066,bf16,N,T,64,-606603222,0.08769,0.22056,2.5152,4,46,252.2,0,0.9950
7,34,25304,fp32,N,N,556,-606605147,0.17268,0.41617,2.4100,4,24,24.0,0,0.9857
329,112,10951,bf16,T,N,502,-606630699,0.02579,0.06455,2.5034,4,136,380.3,0,1.0085
94,13749,12812,bf16,N,T,62,-606623198,0.65422,0.69483,1.0621,4,15,550.1,0,1.0655
51,195,33,fp16,T,T,53,-606629622,0.00840,0.00809,0.9635,4,565,6.7,0,0.9144
9,5095,7805,bf16,N,N,176,-606629919,0.12726,0.13927,1.0944,4,69,627.5,0,1.0604
181,28202,10212,bf16,N,T,57,-606603181,1.26129,1.23797,0.9815,4,8,475.8,0,1.0148
8,31,764,fp16,N,T,62,-606604831,0.00850,0.01005,1.1818,4,499,7.1,0,0.9362
20,341,9891,bf16,N,T,64,-606603222,0.02357,0.16119,6.8396,4,63,304.2,0,1.0107
20693,533,119,fp16,N,T,62,-606627717,0.10086,0.12196,1.2092,4,80,487.5,0,1.0038
133,1427,8267,fp16,T,N,258,-606603005,0.10828,0.75545,6.9768,4,14,245.2,0,0.9883
8,4,9,fp16,N,N,121,-606603396,0.00755,0.00769,1.0190,4,957,0.0,0,0.9963
59,42,2,fp16,N,T,62,-606604842,0.00752,0.00772,1.0266,4,1091,1.4,0,1.0016
12879,5,1085,fp32,N,N,556,-606628038,0.05640,0.07300,1.2944,4,137,996.1,0,1.0510
25157,2,2,fp32,T,N,212,-606603885,0.00756,0.00937,1.2395,4,742,53.3,0,0.9599
1290,151,1598,bf16,N,T,62,-606623205,0.02909,0.06031,2.0732,4,141,185.1,0,0.9906
2958,12,357,fp16,N,T,62,-606627721,0.01008,0.01377,1.3657,4,466,224.4,0,0.9986
73,8,19037,fp32,T,T,82,-606620829,0.41203,0.41006,0.9952,4,25,15.0,0,0.9940
767,5,10,fp32,N,N,556,-606605006,0.00750,0.00746,0.9951,4,1036,6.2,0,1.0056
9983,167,5873,fp32,N,T,612,-606618406,0.67348,0.80121,1.1897,4,13,364.0,0,1.0791
8,19183,27506,bf16,T,T,39,-606619899,1.21958,1.53681,1.2601,4,7,866.2,0,0.9845
345,18,40,fp32,T,N,519,-606603886,0.00809,0.00741,0.9156,4,1008,10.3,0,0.9917
11,23,22,fp16,T,T,53,-606629613,0.00855,0.00767,0.8972,4,579,0.3,0,1.0034
23,729,28,fp16,N,T,62,-606604842,0.00798,0.00775,0.9708,4,1042,13.7,0,1.0229
30,1164,9991,fp16,N,N,232,-606624108,0.05284,0.19253,3.6436,4,51,454.2,0,0.9952
538,7390,18,bf16,T,T,39,-355,0.03626,0.05003,1.3797,4,177,446.5,0,1.0068
2007,9,9,fp32,T,T,82,-606620827,0.00826,0.00744,0.9001,4,902,17.5,0,0.9735
20553,330,27,bf16,T,N,231,-606630709,0.04382,0.06261,1.4289,4,147,644.9,0,0.9970
9,892,68,bf16,N,T,57,-606603220,0.00817,0.00775,0.9488,4,769,18.9,0,0.9986
417,73,80,bf16,T,N,231,-606630710,0.00806,0.00758,0.9396,4,998,24.8,0,1.0173
786,3,28112,fp32,N,N,329,-606628038,0.17259,0.42272,2.4493,4,25,514.1,0,1.0006
3,817,9484,bf16,N,N,176,-606605266,0.02780,0.02782,1.0007,4,288,559.9,0,0.9783
31486,10797,2,fp16,N,N,94,-606603416,1.29503,1.76980,1.3666,4,6,1050.2,0,0.9942
28509,1,37,fp32,N,T,613,-606601984,0.00922,0.01432,1.5532,4,538,470.1,0,0.9888
3,415,18,fp32,N,N,556,-606627761,0.00710,0.00726,1.0219,4,1103,4.9,0,0.9789
4082,145,1203,bf16,N,T,62,-606603153,0.03782,0.14883,3.9347,4,64,331.5,0,0.9967
3,253,3568,fp16,N,T,68,-606604765,0.02622,0.02654,1.0123,4,299,69.8,0,0.9797
2057,12434,796,fp16,T,T,88,-606629615,0.57875,2.38464,4.1203,4,5,216.6,0,1.0466
342,155,2471,fp32,T,T,82,-606620828,0.05846,0.13256,2.2675,4,75,87.7,0,0.9734
864,23,2419,bf16,T,T,39,-606619899,0.04659,0.06397,1.3732,4,151,93.8,0,0.9928
106,10,489,fp32,N,N,556,-606627938,0.00816,0.00770,0.9433,4,661,28.3,0,0.9952
59,2447,9,fp16,T,N,245,-606602969,0.00827,0.00759,0.9175,4,906,75.3,0,1.0104
8,10,1349,fp16,T,N,250,-606622748,0.01354,0.15416,11.3837,4,55,3.6,0,1.0118
13577,17191,3,fp32,T,N,519,-606624729,0.85720,2.77599,3.2384,4,5,1089.6,0,0.9804
34,3,7,bf16,N,T,57,-606623135,0.00753,0.00779,1.0349,4,1066,0.1,0,1.0054
2,5500,8481,fp16,T,N,107,-606602877,0.15932,1.10425,6.9310,4,10,586.0,0,1.0059
41,100,5,fp32,N,N,556,-606605042,0.00775,0.00744,0.9593,4,977,2.5,0,0.9986
3705,272,17,bf16,T,N,441,-606630705,0.00805,0.00945,1.1735,4,703,517.4,0,0.9986
12742,4117,19,bf16,N,T,57,-606623173,0.25811,0.41781,1.6187,4,24,815.5,0,1.0153
7,3188,80,fp32,N,N,556,-606605048,0.00768,0.00738,0.9605,4,938,144.7,0,1.0011
2,1961,952,fp32,T,T,15,-606620762,0.04250,0.05305,1.2481,4,183,176.2,0,1.0030
19,32545,5,fp16,T,N,245,-606602867,0.00885,0.02183,2.4662,4,356,316.3,0,1.0037
153,126,762,fp32,N,N,556,-606605042,0.00753,0.01120,1.4868,4,532,123.1,0,1.0042
104,77,1,bf16,T,T,39,-606619899,0.00775,0.00740,0.9548,4,782,4.2,0,0.9978
113,209,290,fp32,T,N,519,-606624732,0.00763,0.00738,0.9663,4,849,61.3,0,1.0142
11,526,1,fp16,N,T,62,-606604842,0.00776,0.00770,0.9915,4,1097,3.1,0,0.9993
37,21,5371,bf16,N,N,176,-606605266,0.01548,0.01409,0.9107,4,307,40.5,0,1.0170
156,5600,2,bf16,T,N,441,-606630717,0.00856,0.00823,0.9624,4,898,411.1,0,1.0005
5484,1,7653,fp16,N,N,21,-9,0.10549,0.97410,9.2341,4,11,796.1,0,1.0174
42,18,8,fp32,T,N,519,-606624793,0.00745,0.00776,1.0419,4,1137,0.7,0,0.9489
10,1507,11,fp16,N,N,94,-606603275,0.00748,0.00724,0.9677,4,977,12.5,0,1.0128
809,206,59,fp16,N,N,92,-606603313,0.00761,0.01216,1.5963,4,527,103.3,0,1.0099
183,3609,2,fp16,N,T,62,-606604847,0.00868,0.01092,1.2579,4,603,306.0,0,0.9838
9935,295,867,bf16,T,T,39,-606619918,0.09759,0.10487,1.0746,4,90,301.9,0,1.0129
104,101,34,fp16,N,T,62,-606627732,0.00782,0.00757,0.9680,4,499,7.2,0,0.9689
26397,2251,22,fp16,N,T,62,-606604838,0.32018,0.45866,1.4325,4,22,746.3,0,1.0316
20459,6,62,fp32,T,T,82,-606620754,0.01085,0.01053,0.9701,4,658,513.1,0,0.9674
1,6769,23,fp32,N,N,557,-9,0.00384,0.00719,1.8743,4,1003,169.4,0,0.9719
28830,5,1,bf16,N,T,57,-606623165,0.00705,0.02100,2.9791,4,373,90.0,0,0.9905
295,3,135,bf16,T,N,19,-606605476,0.00684,0.00714,1.0436,4,570,12.3,0,0.9916
1,35,2288,fp16,N,T,69,-9,0.00433,0.01383,3.1917,4,373,38.0,0,0.9900
12,578,1229,fp32,T,T,82,-606620797,0.03175,0.06316,1.9892,4,148,92.2,0,0.9996
19511,9,1255,fp32,T,T,82,-606620761,0.08966,0.09718,1.0839,4,103,1100.7,0,1.0418
2,2321,150,fp32,T,T,15,-606620762,0.01104,0.01063,0.9625,4,647,127.9,0,0.9650
1898,5,4,fp16,T,T,53,-376,0.00716,0.00753,1.0514,4,1019,7.4,0,0.9882
146,3197,6761,fp16,T,N,258,-606622764,0.15795,0.21243,1.3449,4,47,298.0,0,0.9915
292,2568,8,fp16,N,N,358,-606603405,0.00691,0.00841,1.2166,4,819,440.7,0,1.0037
27,5288,1,fp32,N,T,614,-606602097,0.00684,0.00689,1.0081,4,947,86.6,0,1.0000
7,532,3654,bf16,T,N,107,-606605534,0.01433,0.01433,1.0001,4,507,275.9,0,1.0046
24,3010,28,bf16,N,N,166,-606629913,0.00681,0.00707,1.0387,4,943,67.4,0,1.0002
759,8654,418,bf16,N,T,57,-606623199,0.11615,0.16222,1.3967,4,61,294.0,0,0.9999
31,2,538,bf16,N,T,57,-606623166,0.00687,0.00711,1.0348,4,668,5.2,0,1.0025
2,1508,13,fp16,N,T,62,-606604835,0.00700,0.00716,1.0235,4,1025,7.3,0,1.0022
700,30901,17,bf16,N,T,57,-606623173,0.13739,0.18150,1.3211,4,53,637.6,0,1.0095
26187,8271,5224,fp16,N,N,90,-606603433,19.23916,27.30230,1.4191,4,5,63.7,0,1.2628
7749,66,12,fp32,N,N,556,-606604969,0.00708,0.00755,1.0667,4,869,342.0,0,0.8277
416,5850,257,bf16,T,T,39,-606619903,0.03596,0.04355,1.2109,4,203,360.2,0,1.0070
5588,176,150,fp32,T,N,539,-606603898,0.01591,0.01877,1.1795,4,427,464.6,0,1.0057
8,2158,88,bf16,T,N,231,-606630710,0.00700,0.00725,1.0363,4,982,64.4,0,1.0034
25,2,109,fp16,N,T,62,-606627736,0.00705,0.00733,1.0397,4,625,0.9,0,1.0086
997,2539,5684,fp16,N,T,68,-606604809,0.37298,1.33935,3.5909,4,8,134.9,0,1.0266
46,3320,9633,fp16,N,N,399,-606603378,0.09234,0.20193,2.1868,4,49,708.9,0,0.9861
121,3,18,fp32,T,N,212,-606603885,0.00689,0.00718,1.0415,4,1031,1.5,0,0.9973
8,1377,1063,fp32,N,N,556,-606628038,0.01012,0.01706,1.6857,4,460,586.2,0,1.0082
298,1,2897,fp16,T,N,35,-606622729,0.05418,0.05421,1.0005,4,181,32.0,0,1.0161
30775,8932,21,fp16,T,T,53,-606629601,1.42811,3.55074,2.4863,4,5,771.1,0,1.1254
18,1,1351,fp16,N,T,69,-9,0.00372,0.01100,2.9581,4,448,13.8,0,0.8996
1565,179,154,fp32,T,T,82,-606620814,0.01036,0.01636,1.5790,4,469,211.9,0,0.9913
6,62,1074,fp32,T,T,82,-606620815,0.02681,0.04320,1.6112,4,147,11.0,0,1.0051
813,502,3147,bf16,T,T,39,-606619899,0.06439,0.09815,1.5245,4,103,153.9,0,1.0096
275,19775,573,fp16,T,T,53,-606629618,0.13283,0.53745,4.0461,4,19,336.7,0,1.0071
218,88,3650,fp16,T,N,572,-606602897,0.01471,0.01472,1.0003,4,546,157.0,0,1.0002
1,13586,1,fp32,N,N,557,-606627976,0.00370,0.00372,1.0057,4,1389,29.4,0,1.0004
30729,51,30,fp16,N,N,90,-606624071,0.02023,0.03340,1.6509,4,262,401.1,0,1.0044
254,11817,9423,fp16,T,T,53,-606629607,0.59289,4.32131,7.2885,4,5,403.9,0,1.0191
1441,279,2,bf16,N,N,166,-606605261,0.00718,0.00764,1.0646,4,724,225.0,0,0.9993
1565,369,2299,fp32,N,N,556,-606628041,0.11184,0.11516,1.0297,4,84,179.7,0,1.0113
16,1015,979,fp32,N,T,612,-606602200,0.01328,0.01643,1.2373,4,510,309.0,0,1.0063
157,2,2096,fp16,N,T,68,-606604765,0.01285,0.01295,1.0078,4,413,52.0,0,1.0063
104,320,533,fp32,T,N,539,-606603897,0.00751,0.01616,2.1531,4,410,138.2,0,1.0112
4,8,13,fp16,N,N,358,-606624089,0.00704,0.00729,1.0354,4,819,0.1,0,1.0049
64,16477,538,fp32,N,T,612,-606602092,0.06123,0.06687,1.0921,4,139,650.2,0,1.0381
3352,3092,14107,fp16,N,N,223,-606624186,2.52266,3.13315,1.2420,4,5,88.5,0,0.9990
211,126,3,bf16,N,N,166,-606605223,0.00786,0.00721,0.9176,4,906,13.8,0,0.9932
224,6,1,bf16,N,T,57,-606603186,0.00779,0.00776,0.9963,4,1072,0.7,0,1.0000
77,7,13657,fp32,N,T,612,-606618431,0.10965,0.24588,2.2424,4,42,41.9,0,0.9806
17116,130,203,bf16,N,T,57,-606603193,0.04515,0.04837,1.0713,4,191,352.2,0,1.0111
2268,5,39,fp32,T,T,82,-606620755,0.00760,0.00709,0.9330,4,769,52.6,0,0.9721
7,4954,235,bf16,T,N,31,-606605475,0.00969,0.01472,1.5198,4,524,255.0,0,0.9799
2243,82,6,fp32,T,T,82,-606620755,0.00749,0.00713,0.9507,4,877,105.6,0,0.9690
2,6,6777,fp32,N,T,612,-606602200,0.04164,0.08939,2.1471,4,87,5.2,0,0.9810
3026,2,1,fp16,T,N,51,-606622899,0.00754,0.00777,1.0307,4,1042,4.0,0,1.0210
4,1415,787,fp32,T,N,519,-606624713,0.01392,0.01568,1.1261,4,509,322.4,0,1.0034
298,5434,57,fp16,N,N,98,-606603313,0.01712,0.01712,0.9999,4,453,416.5,0,1.0043
15757,403,14,fp32,N,N,556,-606627796,0.03158,0.03456,1.0943,4,257,833.0,0,1.1310
1,194,1081,bf16,T,T,4,-357,0.00422,0.00428,1.0150,4,1165,100.2,0,0.8662
237,2703,5139,bf16,T,T,39,-606619899,0.14861,0.17039,1.1465,4,56,220.6,0,0.9689
13,6,5357,fp16,N,N,58,-606603392,0.05821,0.05810,0.9982,4,113,3.5,0,1.0034
16682,1,2544,fp32,N,T,613,-9,0.15174,0.20221,1.3326,4,49,1119.2,0,0.9857
8349,10,5150,fp16,N,N,101,-606624108,0.11266,0.99294,8.8136,4,11,767.2,0,0.9998
20,1808,8,bf16,T,T,39,-606619899,0.00808,0.00741,0.9176,4,1031,21.5,0,0.9903
2,3,6238,bf16,T,T,4,-354,0.30443,0.57910,1.9023,4,16,0.2,0,0.9790
79,1,41,fp32,T,T,83,-9,0.00473,0.00746,1.5759,4,727,2.8,0,0.9862
1189,179,9,fp32,T,T,82,-606620755,0.00778,0.00723,0.9297,4,929,115.8,0,0.9810
701,5,2,bf16,N,N,27,-606629879,0.00806,0.00754,0.9355,4,911,2.1,0,0.9912
502,504,814,fp16,T,T,88,-606629622,0.01765,0.01760,0.9969,4,423,150.1,0,1.0305
3,2,380,fp16,N,N,37,-606603313,0.00926,0.04948,5.3438,4,160,0.4,0,0.9685
1763,1332,40,fp32,N,T,614,-606618207,0.01697,0.02351,1.3855,4,350,582.7,0,1.0886
1,72,607,fp32,N,N,557,-606627929,0.00827,0.00781,0.9446,4,532,21.5,0,0.9651
1595,8,891,fp32,T,N,525,-606624665,0.01564,0.01650,1.0548,4,493,368.5,0,0.9871
129,153,582,bf16,T,T,39,-606619899,0.01296,0.01248,0.9629,4,449,31.4,0,1.0008
5464,363,26,fp32,T,N,519,-606624676,0.01423,0.01983,1.3937,4,413,600.3,0,1.1132
4479,1,208,fp32,N,N,203,-606627865,0.00649,0.00641,0.9881,4,998,577.5,0,0.8899
124,2890,68,fp16,N,T,62,-606627726,0.00701,0.01127,1.6085,4,590,263.1,0,0.9571
299,2785,10,bf16,T,N,231,-606605522,0.00703,0.01463,2.0808,4,505,482.5,0,0.9952
342,4,287,bf16,N,N,81,-606629849,0.00702,0.00724,1.0313,4,724,29.1,0,0.9933
1303,68,86,fp16,T,T,88,-606629549,0.00702,0.02028,2.8887,4,276,84.1,0,1.0063
1,3,210,fp32,T,T,13,-606620762,0.00368,0.00367,0.9982,4,1432,0.9,0,1.0060
82,1509,120,fp16,N,N,94,-606624140,0.00690,0.00702,1.0165,4,753,127.0,0,1.0081
12054,207,11944,bf16,T,T,39,-606619900,0.74700,0.76139,1.0193,4,14,405.5,0,1.1000
11,3828,3,fp32,T,N,525,-606624727,0.00681,0.00708,1.0404,4,1072,31.5,0,0.9038
10678,3924,6678,fp16,N,N,223,-606624182,5.11267,5.33694,1.0439,4,5,70.9,0,1.1672
55,8,4540,fp16,N,T,243,-606627643,0.01278,0.07410,5.7987,4,107,44.9,0,0.8808
2612,15,12149,fp16,N,N,103,-606624108,0.10162,0.59624,5.8671,4,17,629.7,0,0.9978
6,13384,2,fp32,N,N,556,-606604993,0.00741,0.00774,1.0446,4,1048,57.8,0,1.0027
138,39,14,bf16,T,T,39,-606619899,0.00806,0.00741,0.9198,4,795,3.3,0,1.0001
33,6198,156,bf16,T,N,231,-606630723,0.01084,0.01148,1.0589,4,607,254.9,0,1.0292
1,362,14749,fp32,N,T,613,-9,0.02846,0.64496,22.6609,4,16,752.5,0,0.9973
236,35,19,fp32,N,N,556,-606605040,0.00792,0.00750,0.9464,4,1036,6.8,0,1.0022
10,2154,4,bf16,T,T,39,-606619898,0.00837,0.00779,0.9308,4,1014,12.4,0,1.0167
1,2,2968,fp16,T,N,37,-606622732,0.02288,0.02287,0.9998,4,282,0.8,0,0.9909
20,2,30057,fp32,T,N,212,-606603802,0.40117,0.40129,1.0003,4,25,6.6,0,0.9907
68,326,5634,fp16,N,T,70,-606627643,0.03178,0.03622,1.1397,4,244,142.5,0,0.9906
1,1577,8466,fp16,T,N,38,-606602865,0.14092,0.13967,0.9911,4,70,189.6,0,0.9833
990,2684,3409,fp32,N,T,614,-606602203,0.67066,0.76638,1.1427,4,16,90.5,0,1.1974
193,87,717,fp32,T,N,519,-606624689,0.01080,0.00981,0.9088,4,527,80.6,0,0.8294
15,2124,31,bf16,N,N,273,-606629849,0.00812,0.00754,0.9279,4,1003,32.0,0,1.0108
3,790,2579,fp32,N,N,556,-606628038,0.01727,0.04648,2.6921,4,196,474.4,0,1.0001
2336,4132,1065,bf16,T,N,332,-606605571,0.23112,0.26466,1.1451,4,41,226.7,0,1.0121
7,2037,11626,fp16,T,N,74,-606603003,0.08118,0.08029,0.9890,4,122,586.2,0,1.0005
2510,2702,22,bf16,N,N,166,-606629829,0.04224,0.04212,0.9971,4,210,647.6,0,0.9959
28134,389,34,fp32,T,T,82,-606620832,0.07151,0.16884,2.3609,4,58,666.4,0,0.8709
4386,5,13,fp32,N,T,612,-606618251,0.00759,0.00779,1.0273,4,1072,41.7,0,0.9615
4,36,3,fp32,T,N,539,-606603838,0.00753,0.00769,1.0218,4,1103,0.1,0,1.0017
9,10669,2,bf16,N,T,57,-606603220,0.00770,0.00721,0.9362,4,993,55.4,0,1.0029
26,553,4029,fp16,T,T,53,-606629612,0.06648,0.41461,6.2369,4,24,71.0,0,1.0178
67,330,5845,bf16,T,T,39,-606619899,0.10921,0.16828,1.5409,4,61,43.3,0,0.9994
97,79,3,fp16,N,N,90,-606603275,0.00769,0.00758,0.9858,4,819,4.1,0,1.0002
27,298,52,fp16,T,N,245,-606622900,0.00771,0.01059,1.3736,4,469,8.6,0,1.0025
12986,24,548,fp32,N,T,614,-606601970,0.03691,0.04150,1.1243,4,226,806.5,0,1.0132
801,27,42,fp16,T,N,245,-606602969,0.00771,0.00950,1.2326,4,539,20.3,0,0.9948
31,2248,875,bf16,T,T,39,-606619899,0.02170,0.02159,0.9948,4,397,196.6,0,1.0018
5,4,2,bf16,N,N,81,-606629849,0.00762,0.00762,1.0001,4,1084,0.0,0,0.9979
449,4182,145,fp32,N,T,612,-606602192,0.03226,0.03898,1.2081,4,230,316.0,0,1.0275
1,241,661,fp16,T,N,31,-606602875,0.00955,0.00954,0.9983,4,523,33.6,0,0.9852
29,1949,1,fp16,T,T,53,-376,0.00777,0.00800,1.0305,4,1031,29.6,0,0.9945
34,6,6,bf16,T,T,39,-606619926,0.00783,0.00749,0.9559,4,834,0.2,0,0.9962
7,1157,56,bf16,N,T,57,-606603221,0.00811,0.00762,0.9398,4,1031,20.1,0,1.0275
3952,877,4278,fp16,N,N,94,-606624187,0.33390,0.51071,1.5295,4,20,165.3,0,1.0212
4635,2873,8970,fp16,T,T,53,-606629617,3.03612,17.10680,5.6344,4,5,61.9,0,1.2439
21760,46,400,fp16,N,N,98,-606624170,0.03811,0.05008,1.3140,4,161,562.8,0,0.8496
1034,8,15795,bf16,N,T,214,-606603222,0.07231,0.24180,3.3441,4,40,455.7,0,0.9497
236,2740,1272,bf16,N,T,62,-606603153,0.03639,0.03601,0.9896,4,234,279.1,0,0.9626
1,545,4,fp32,T,N,131,-606603848,0.00755,0.00789,1.0454,4,1117,1.4,0,0.9976
1298,3032,48,fp16,N,N,358,-606624203,0.02175,0.02173,0.9990,4,380,742.8,0,1.1703
23124,252,917,fp16,T,T,53,-606629607,0.15012,0.15860,1.0565,4,56,440.9,0,0.8849
5,14,3219,bf16,N,T,62,-606623135,0.01731,0.01737,1.0034,4,305,7.1,0,0.9634
13,1,2,bf16,T,T,40,-606619915,0.00450,0.00424,0.9409,4,1454,0.0,0,0.9982
13888,3,2377,fp32,N,T,612,-606618115,0.14645,0.18837,1.2862,4,53,903.0,0,1.0131
4,117,4,fp16,N,N,94,-606603244,0.00844,0.00761,0.9018,4,1003,0.3,0,0.9724
22,999,204,fp16,N,N,94,-606603411,0.00800,0.00755,0.9441,4,651,63.1,0,1.0056
618,2,400,fp32,N,N,329,-606605144,0.00801,0.00749,0.9352,4,782,124.5,0,0.9860
2059,5820,98,fp32,T,N,525,-606603901,0.09309,0.10020,1.0764,4,96,548.1,0,0.9985
11,4199,30799,bf16,T,T,39,-606619899,0.54521,1.25704,2.3056,4,8,476.0,0,1.0084
328,91,3,fp16,N,T,62,-606627732,0.00804,0.00772,0.9606,4,1084,15.2,0,1.0021
3,256,2,fp16,N,T,227,-606627671,0.00759,0.00781,1.0292,4,1097,0.5,0,0.9777
21484,493,587,bf16,T,N,231,-606605602,0.16569,0.16111,0.9724,4,61,411.4,0,1.1069
7,43,1433,fp16,T,N,68,-606602890,0.01979,0.16932,8.5546,4,53,7.3,0,0.9025
21345,8573,10,bf16,N,N,166,-606605179,0.86871,2.99746,3.4505,4,5,843.3,0,0.9933
21,23,8181,bf16,T,N,247,-606630698,0.01414,0.01251,0.8851,4,457,51.1,0,0.9862
4183,9360,898,bf16,T,T,39,-606619900,0.81883,0.82558,1.0082,4,13,221.0,0,1.0378
12034,23,7286,fp16,T,N,258,-606602902,0.19054,0.26266,1.3785,4,38,927.9,0,1.0065
11837,6,1,fp16,N,T,62,-606627724,0.00751,0.00765,1.0188,4,819,41.0,0,0.9939
28,19,10,bf16,T,N,231,-606630723,0.00752,0.00765,1.0174,4,1025,0.4,0,1.0033
8,93,2,fp32,T,N,519,-606603848,0.00753,0.00776,1.0315,4,1130,0.5,0,1.0052
39,14031,6,bf16,N,N,166,-606629829,0.00823,0.00781,0.9491,4,760,286.5,0,1.0043
64,22513,17,bf16,T,T,39,-606619930,0.01473,0.01578,1.0718,4,479,443.5,0,0.9963
1,54,310,fp32,T,T,13,-606620754,0.00438,0.00437,0.9984,4,1465,15.6,0,1.0124
103,7026,314,bf16,N,T,57,-606623173,0.02431,0.02633,1.0830,4,335,303.3,0,1.0269
34,24,332,fp16,N,N,358,-606603266,0.00791,0.00752,0.9500,4,611,5.3,0,0.9580
2909,64,26,fp16,T,N,513,-606622840,0.00776,0.00751,0.9677,4,957,115.9,0,0.9991
7829,184,16299,fp32,T,T,82,-606620789,1.71053,1.64504,0.9617,4,7,308.8,0,1.2096
626,16925,659,fp16,N,T,62,-606604822,0.23570,0.71007,3.0125,4,13,277.9,0,0.8730
4208,14171,1194,bf16,T,T,39,-606619901,1.65805,1.62198,0.9782,4,7,170.3,0,1.1779
2,5260,2,fp16,T,N,100,-606602991,0.00745,0.00758,1.0172,4,1036,8.5,0,0.8713
9607,4,1,bf16,N,T,57,-606603220,0.00760,0.00762,1.0019,4,798,22.7,0,0.9913
13064,487,61,fp32,T,T,82,-606620832,0.04843,0.07026,1.4508,4,127,593.8,0,1.0763
2,204,22945,bf16,T,T,4,-354,1.51998,2.44514,1.6087,4,5,6.2,0,0.9035
24657,4,27805,fp16,T,N,175,-606603027,1.66655,2.91138,1.7470,4,5,823.1,0,1.1549
1397,6,5,fp16,N,N,53,-606603313,0.00820,0.00775,0.9450,4,972,5.8,0,0.8840
9891,16284,250,fp32,N,T,614,-606618352,2.65005,3.18777,1.2029,4,5,253.0,0,0.9568
546,228,45,bf16,N,T,57,-606623165,0.00821,0.00755,0.9188,4,682,69.1,0,0.8793
9,1498,9358,fp16,T,T,88,-606629612,0.16200,1.12919,6.9704,4,9,174.4,0,0.9752
19,5,2,fp32,N,T,612,-606601934,0.00824,0.00842,1.0228,4,1110,0.1,0,0.9970
948,13363,1,bf16,N,N,166,-606629829,0.05947,0.05829,0.9801,4,156,852.5,0,1.0213
2,15,25006,fp16,N,T,70,-606627643,0.01656,0.01473,0.8893,4,312,51.3,0,0.9547
827,11233,9,fp16,N,N,90,-606603248,0.04900,0.06545,1.3358,4,151,762.8,0,1.0973
11599,3,4555,fp16,T,N,58,-606622900,0.18849,0.84024,4.4578,4,11,561.5,0,0.9051
8,8914,174,bf16,N,T,57,-606623167,0.00865,0.01360,1.5721,4,569,392.0,0,0.9866
22733,338,1545,bf16,N,N,166,-606629868,0.29786,0.29791,1.0002,4,34,342.5,0,1.0056
1,6589,956,bf16,N,T,63,-606623166,0.01809,0.01995,1.1030,4,374,698.0,0,1.0015
9,25375,2,fp16,T,T,53,-606629596,0.00875,0.01558,1.7800,4,479,116.0,0,1.0027
17,152,434,bf16,N,T,201,-606603205,0.00827,0.00969,1.1720,4,605,19.0,0,0.9992
138,748,267,bf16,N,N,273,-606629849,0.00838,0.01275,1.5214,4,516,105.7,0,1.0034
15,453,29803,fp32,T,N,519,-606624689,0.37559,0.44795,1.1927,4,23,148.6,0,0.9995
46,27,6,fp16,T,N,245,-606603020,0.00776,0.00759,0.9776,4,924,0.8,0,1.0004
8,411,1818,fp16,T,N,255,-606602963,0.01359,0.21777,16.0294,4,42,113.1,0,1.0055
2,12219,1956,fp16,N,T,68,-606604773,0.05820,0.05804,0.9972,4,164,823.1,0,1.0010
19,52,2354,fp32,T,T,82,-606620814,0.05305,0.09201,1.7344,4,81,12.7,0,1.0020
3,8,19,fp16,T,N,131,-606602982,0.00784,0.00763,0.9741,4,766,0.1,0,0.9948
510,1,2,fp32,N,T,613,-9,0.00437,0.00790,1.8094,4,1060,1.4,0,0.9962
97,3310,273,fp32,T,N,519,-606624743,0.01168,0.01436,1.2293,4,535,428.5,0,1.0189
69,1,471,fp32,N,T,613,-9,0.00459,0.00742,1.6164,4,632,28.8,0,0.9769
1222,278,3,fp16,T,N,245,-606603020,0.00774,0.00831,1.0731,4,628,176.6,0,1.0041
9799,52,2702,fp32,T,T,82,-606620827,0.13525,0.18635,1.3778,4,53,802.3,0,1.1066
62,751,7773,bf16,N,T,64,-606603151,0.05982,0.14060,2.3505,4,69,214.4,0,0.9138
3,12,720,bf16,N,N,273,-606629845,0.00794,0.01562,1.9661,4,300,2.7,0,1.0006
1,231,77,fp32,N,N,557,-606627932,0.00779,0.00750,0.9626,4,902,9.3,0,1.0118
1124,17911,29,bf16,T,N,231,-606630771,0.11585,0.15495,1.3376,4,62,704.7,0,0.9824
207,3,1,fp16,T,N,51,-606622896,0.00805,0.00762,0.9467,4,987,0.4,0,0.9905
514,209,588,bf16,N,N,166,-606605228,0.01506,0.02698,1.7913,4,258,85.0,0,1.0056
1,5,225,fp32,T,T,13,-192,0.00448,0.00434,0.9688,4,1443,1.2,0,0.9962
1905,7713,40,fp16,N,N,90,-606624140,0.09353,0.10823,1.1571,4,87,636.6,0,1.0457
51,1797,2,fp32,T,N,519,-606624792,0.00773,0.00744,0.9629,4,938,49.4,0,0.9411
146,26477,1,bf16,N,N,166,-714,0.02337,0.02615,1.1187,4,324,663.8,0,1.0021
19753,311,686,bf16,T,N,231,-606605607,0.14280,0.13423,0.9400,4,73,364.8,0,1.1985
5,3,446,bf16,T,N,19,-606630723,0.01155,0.01451,1.2560,4,322,0.6,0,0.8006
10,22,2232,bf16,N,T,62,-606623139,0.01413,0.01419,1.0043,4,358,10.2,0,0.9849
37,30,7,fp16,T,N,245,-606622845,0.00764,0.00767,1.0037,4,1025,0.7,0,0.9708
2383,1033,20693,fp32,N,N,556,-606605086,3.61595,5.78879,1.6009,4,5,80.9,0,1.1553
3448,699,956,fp32,T,T,82,-606620815,0.17986,0.21737,1.2085,4,45,141.8,0,1.0526
7792,134,1,fp16,N,T,62,-520,0.00939,0.01690,1.7992,4,404,446.4,0,0.8519
4,16056,12496,fp16,N,N,399,-606624078,0.38225,0.67327,1.7613,4,15,1050.7,0,1.0098
3,26046,30779,bf16,T,N,28,-606605522,2.05495,2.01798,0.9820,4,5,780.5,0,1.0403
19,8,41,fp32,T,T,82,-606620800,0.00769,0.00700,0.9098,4,760,0.7,0,0.9016
7155,6,2,bf16,T,T,39,-356,0.00804,0.00904,1.1251,4,690,24.9,0,1.0053
28,5253,388,fp32,T,T,82,-606620797,0.01746,0.03162,1.8108,4,268,503.0,0,1.0885
1225,157,6,fp32,T,T,82,-606620755,0.00681,0.00713,1.0473,4,788,117.9,0,0.8953
73,1,24834,fp16,N,T,71,-606604754,0.02302,0.36664,15.9243,4,28,159.6,0,0.9897
1,58,33,fp32,T,T,13,-606620760,0.00376,0.00377,1.0011,4,1603,2.1,0,0.9973
2,1587,10,fp32,T,N,253,-606603830,0.00766,0.00788,1.0290,4,1084,10.0,0,1.0047
94,2772,2388,fp16,T,T,88,-606629612,0.04703,0.21346,4.5387,4,46,313.2,0,1.0001
20880,10,113,bf16,N,N,166,-606629829,0.01572,0.02134,1.3571,4,396,353.4,0,1.0026
2,505,8,fp16,T,N,49,-606603020,0.00766,0.00761,0.9934,4,772,1.6,0,0.9922
16,18,34,fp16,N,T,62,-606627724,0.00758,0.00786,1.0364,4,1110,0.5,0,0.9978
228,334,619,fp32,N,T,612,-606618140,0.01121,0.03145,2.8046,4,253,151.3,0,1.0037
42,70,2,fp16,T,N,245,-606622900,0.00762,0.00774,1.0169,4,869,1.6,0,1.0076
234,95,7,fp32,N,N,556,-606604993,0.00753,0.00740,0.9836,4,881,13.0,0,0.9938
261,19954,2,bf16,T,N,231,-606630771,0.02722,0.03145,1.1556,4,242,768.3,0,1.0083
683,18,6,fp32,T,N,519,-606624793,0.00811,0.00756,0.9321,4,1048,8.1,0,0.9910
1,11317,21,fp16,N,T,63,-606627724,0.00781,0.00747,0.9561,4,849,66.7,0,1.0110
6,419,4,fp32,T,T,82,-606620755,0.00839,0.00768,0.9155,4,920,2.0,0,1.0022
140,6203,275,fp16,N,N,94,-606624245,0.02210,0.02266,1.0255,4,365,315.1,0,1.0067
503,4,2012,fp32,T,T,82,-606620789,0.04841,0.10495,2.1679,4,91,84.5,0,1.0104
1343,2,1727,fp16,N,N,42,-606603392,0.03559,0.21094,5.9277,4,45,130.8,0,0.9845
202,7,4,bf16,T,N,35,-606630723,0.00782,0.00766,0.9805,4,861,0.9,0,0.9936
3,131,2,bf16,T,N,17,-606605476,0.00779,0.00786,1.0083,4,1097,0.3,0,1.0074
683,11943,11,bf16,T,T,39,-355,0.05021,0.11999,2.3899,4,78,655.4,0,0.9934
18699,32355,256,fp16,N,N,90,-606624251,4.44930,5.21356,1.1718,4,5,549.8,0,1.0077
1,364,371,fp32,T,T,13,-606620754,0.00426,0.00398,0.9345,4,1432,127.6,0,1.0123
25,21550,21,fp16,N,N,92,-606603313,0.01074,0.01052,0.9793,4,643,285.0,0,0.9987
40,1828,5,fp32,N,N,562,-606627933,0.00761,0.00775,1.0193,4,1091,43.4,0,1.0072
21,17,1471,fp16,T,T,53,-606629612,0.02502,0.14273,5.7054,4,46,4.5,0,0.9718
2,1000,6654,fp32,T,T,15,-606620762,0.22678,0.34186,1.5074,4,29,117.6,0,0.9731
188,43,97,bf16,T,N,231,-606630818,0.00750,0.00769,1.0248,4,647,10.3,0,0.9902
6,1009,1661,fp32,T,N,519,-606624665,0.02619,0.02831,1.0810,4,333,258.4,0,1.0068
4,4,11682,fp16,N,T,70,-606604754,0.01356,0.01225,0.9037,4,417,13.8,0,0.9985
2,2,131,fp16,T,T,36,-374,0.00907,0.02207,2.4338,4,292,0.1,0,1.0030
587,3744,8,fp16,T,N,513,-606622872,0.01047,0.01006,0.9610,4,682,846.6,0,1.0060
12,1,98,fp32,N,N,203,-606604999,0.00435,0.00422,0.9695,4,1513,1.2,0,1.0004
2,225,1055,fp16,N,N,101,-606603276,0.01133,0.12765,11.2688,4,73,42.4,0,0.9999
28919,26531,11,bf16,T,N,231,-144,4.00640,12.42187,3.1005,4,5,766.3,0,1.0191
6309,222,562,fp32,N,T,612,-606618414,0.07378,0.07130,0.9665,4,133,274.9,0,1.1156
1087,5,3,bf16,T,N,35,-606630723,0.00736,0.00751,1.0200,4,1031,3.8,0,0.9044
25966,1,16526,fp16,T,T,54,-606629620,0.96903,0.97095,1.0020,4,11,885.8,0,1.0508
4,6,78,fp16,N,N,59,-606603313,0.00772,0.01312,1.6995,4,431,0.2,0,0.9629
2230,57,536,fp16,N,N,94,-606603411,0.01755,0.02637,1.5025,4,317,168.6,0,0.9913
48,45,23,fp32,N,T,612,-606601892,0.00761,0.00734,0.9643,4,766,2.3,0,1.0131
1658,8,15,bf16,N,T,201,-606603182,0.00752,0.00775,1.0304,4,1042,13.7,0,1.0111
8019,1,4908,fp16,N,N,21,-9,0.10390,0.94063,9.0529,4,11,758.0,0,1.0071
22282,4620,203,fp32,N,N,556,-606628012,1.44011,1.42612,0.9903,4,7,301.1,0,1.1850
32,2,2,bf16,N,N,12,-606605218,0.00756,0.00739,0.9771,4,865,0.1,0,0.8486
98,55,9,bf16,N,T,57,-606623200,0.00853,0.00773,0.9066,4,1042,2.9,0,1.0115
23,1163,66,fp16,N,T,62,-606627734,0.00875,0.00849,0.9703,4,670,30.1,0,1.0025
6156,3773,5,bf16,T,N,231,-606605522,0.09150,0.36258,3.9628,4,28,1016.5,0,0.9964
11748,2,60,fp32,T,N,212,-606624732,0.00823,0.00868,1.0543,4,772,354.1,0,0.9760
19,18521,5884,fp32,N,T,612,-606618439,0.43374,0.46830,1.0797,4,21,1009.3,0,1.0238
8012,90,318,fp32,N,N,556,-606605020,0.03036,0.03344,1.1016,4,262,434.5,0,0.9800
3804,1555,20246,bf16,N,N,166,-606629908,2.47925,3.25769,1.3140,4,5,97.1,0,1.0338
1782,58,15,bf16,N,N,166,-606629913,0.00770,0.00923,1.1995,4,560,60.9,0,0.9546
437,3,62,bf16,N,T,57,-606603187,0.00797,0.00740,0.9290,4,967,7.5,0,1.0189
14,1,19,bf16,N,N,2,-9,0.00486,0.00786,1.6171,4,467,0.1,0,0.9975
5,10,45,fp16,N,T,62,-606604842,0.00798,0.00744,0.9324,4,977,0.2,0,1.0015
21,1,32,fp16,T,N,30,-606622737,0.00448,0.00447,0.9967,4,1267,0.3,0,1.0088
5,22,227,fp32,N,N,556,-606627933,0.00780,0.00752,0.9632,4,775,3.2,0,1.0101
1480,10,11,fp16,T,T,53,-376,0.00862,0.00767,0.8903,4,869,10.7,0,1.0261
10,904,400,fp16,N,T,227,-606627675,0.00786,0.00750,0.9545,4,823,97.7,0,1.0048
333,14429,7,bf16,T,N,231,-606605467,0.02676,0.03567,1.3329,4,220,725.9,0,1.0071
25,591,399,fp32,N,N,556,-606605095,0.00808,0.00735,0.9090,4,750,129.0,0,1.0088
34,61,10,fp16,T,T,53,-606629612,0.00883,0.00780,0.8837,4,619,1.2,0,1.0019
73,91,442,fp16,T,T,53,-606629622,0.01111,0.05500,4.9515,4,143,15.4,0,0.9951
674,896,17,bf16,T,N,441,-606605479,0.00851,0.00806,0.9472,4,834,290.1,0,1.0076
1723,8728,37,bf16,N,N,388,-606629834,0.07099,0.07345,1.0346,4,128,858.2,0,1.0255
14967,1,23300,fp32,T,T,83,-606620762,1.10389,1.66899,1.5119,4,7,1263.8,0,1.1396
12980,8,35,fp16,T,T,53,-606629612,0.00845,0.01005,1.1895,4,628,156.8,0,0.8737
31,10831,1,fp32,N,T,612,-606634094,0.00814,0.00784,0.9639,4,845,170.4,0,0.9622
1,7574,5601,fp16,N,N,102,-9,0.10404,0.19621,1.8858,4,49,815.9,0,1.0214
920,313,6983,fp16,T,N,258,-606603005,0.09257,0.51585,5.5723,4,18,198.5,0,0.9376
350,18628,4,bf16,T,N,332,-606605428,0.02448,0.04035,1.6482,4,209,1071.4,0,1.0954
8,1,187,fp16,N,N,18,-9,0.00499,0.02576,5.1643,4,246,0.7,0,0.8992
1,10,1191,bf16,N,T,63,-9,0.00482,0.01001,2.0779,4,486,5.4,0,1.0102
13424,5,172,fp16,T,T,53,-606629613,0.01269,0.04456,3.5103,4,204,385.1,0,1.0079
253,20,22,fp32,T,T,82,-606620815,0.00779,0.00750,0.9628,4,805,5.7,0,1.0018
16012,821,17,bf16,N,T,57,-606603193,0.07379,0.10897,1.4768,4,87,720.4,0,1.0129
11440,27,1965,fp16,T,T,53,-606629612,0.05564,0.28116,5.0529,4,36,832.1,0,1.0322
1,8,24101,fp32,T,N,131,-9,0.16965,0.25460,1.5007,4,34,5.1,0,0.9733
15488,1658,36,fp16,N,T,62,-606627728,0.15943,0.23322,1.4628,4,42,652.0,0,1.0320
163,51,49,fp16,N,N,90,-606624101,0.00777,0.01132,1.4564,4,448,7.0,0,0.9782
8371,31605,2,fp32,T,N,519,-606624738,0.97485,1.26912,1.3019,4,8,1085.9,0,1.0022
59,7358,3990,fp32,T,T,82,-606620821,0.18820,0.44381,2.3582,4,23,638.2,0,1.0068
101,16258,7591,fp32,T,T,82,-606620797,0.94076,1.33940,1.4237,4,8,535.0,0,1.0823
20,5291,48,fp32,T,N,519,-606624704,0.00760,0.00733,0.9641,4,865,189.8,0,0.9490
84,7,45,bf16,N,N,27,-606629829,0.00756,0.00753,0.9963,4,819,1.4,0,1.0134
3383,799,135,bf16,N,N,166,-606605218,0.02680,0.03322,1.2396,4,260,445.6,0,1.0090
610,19,9593,fp32,N,N,556,-606605146,0.06330,0.27731,4.3810,4,37,382.0,0,1.0020
1314,8,216,fp32,N,T,614,-606618140,0.00777,0.00718,0.9233,4,775,152.3,0,1.0101
13799,12,17175,bf16,T,T,39,-606619899,0.60579,0.84555,1.3958,4,12,784.2,0,1.0117
51,3,30289,fp16,T,N,59,-549,0.20743,4.05075,19.5279,4,5,15.8,0,0.9857
289,519,881,bf16,T,N,238,-606605475,0.02170,0.02160,0.9954,4,385,93.2,0,1.0043
111,26,4753,fp32,T,N,519,-606624713,0.07463,0.08176,1.0955,4,118,35.1,0,1.0036
498,348,41,fp32,N,N,556,-606627931,0.00757,0.00735,0.9697,4,906,109.8,0,0.9958
5258,17,521,fp32,N,T,612,-606601936,0.01759,0.02613,1.4854,4,339,645.2,0,1.0013
21859,23119,84,fp16,N,N,90,-606624252,3.18796,3.18658,0.9996,4,5,636.5,0,1.0296
4,1008,221,fp32,N,T,616,-606618319,0.00833,0.00723,0.8678,4,757,109.3,0,0.9705
20,2,39,fp32,T,N,212,-606603848,0.00802,0.00745,0.9283,4,1014,0.4,0,1.0257
7287,46,2,bf16,N,T,57,-606623219,0.00867,0.02901,3.3451,4,291,158.0,0,1.0183
23471,20,5365,fp16,T,T,53,-606629614,0.28561,1.35272,4.7362,4,8,889.1,0,1.0380
458,12175,2,bf16,N,N,166,-606629829,0.02929,0.02882,0.9840,4,287,763.3,0,0.9543
2704,114,4,fp32,T,T,82,-606620754,0.00812,0.00730,0.8996,4,902,157.4,0,1.0090
2770,543,3688,fp16,N,N,101,-606603413,0.17793,0.21850,1.2280,4,46,171.2,0,1.0178
679,5,578,bf16,N,T,57,-606603186,0.00847,0.00953,1.1248,4,632,95.0,0,1.0021
1130,1940,1099,fp16,N,N,230,-606603306,0.06285,0.09849,1.5670,4,97,246.9,0,1.0326
134,1771,3,fp32,T,N,519,-606603820,0.00832,0.00754,0.9066,4,967,116.8,0,0.9846
10133,149,259,fp16,N,N,90,-606624258,0.03239,0.03775,1.1655,4,222,350.9,0,1.0191
140,4,3,fp32,T,T,82,-606620756,0.00851,0.00781,0.9177,4,889,0.5,0,0.9640
1840,49,2,bf16,N,N,166,-606629913,0.00796,0.00805,1.0124,4,583,46.3,0,1.0161
7,3,85,fp32,T,N,212,-606603784,0.00824,0.00737,0.8943,4,982,0.4,0,1.0017
312,271,11702,fp16,T,T,53,-606629612,0.19068,1.46969,7.7075,4,7,73.3,0,0.9983
3314,99,797,fp32,N,N,556,-606627802,0.02706,0.04242,1.5679,4,215,450.7,0,0.9984
873,4,2,fp32,N,T,614,-606602087,0.00851,0.00762,0.8954,4,711,2.5,0,1.0021
5,1808,16145,fp16,T,T,36,-374,0.98930,1.94942,1.9705,4,6,59.2,0,1.0050
9287,74,5,fp32,T,N,519,-606624718,0.00858,0.00856,0.9978,4,788,342.3,0,0.9931
219,1120,3,fp32,T,N,525,-606624793,0.00830,0.00752,0.9066,4,826,120.2,0,0.9915
2313,281,27594,fp16,T,N,255,-606622884,0.69703,0.69659,0.9994,4,14,209.1,0,0.9810
504,22456,52,fp32,T,T,82,-606620782,0.07451,0.09551,1.2819,4,95,671.7,0,1.0060
2255,3,784,bf16,T,N,26,-606630723,0.03070,0.03336,1.0865,4,254,116.2,0,1.0064
1341,82,814,fp16,N,T,68,-606604846,0.01728,0.02514,1.4550,4,338,159.5,0,1.0072
4371,483,1258,fp32,T,T,82,-606620821,0.18997,0.27746,1.4606,4,36,173.0,0,1.0159
8,5,195,bf16,N,N,27,-606629829,0.00759,0.00727,0.9573,4,647,0.7,0,1.0035
825,360,1,fp16,T,T,53,-606629612,0.00849,0.00770,0.9067,4,982,140.3,0,1.0090
8,6726,87,fp16,N,N,98,-606603411,0.00801,0.00748,0.9337,4,778,173.1,0,1.0047
29133,21488,1,fp32,T,T,82,-606620815,2.55164,4.06211,1.5920,4,5,981.4,0,1.0534
377,53,48,fp16,N,N,90,-606603276,0.00776,0.01072,1.3815,4,480,15.6,0,0.9788
8,2,32,fp16,T,T,88,-606629622,0.00790,0.00761,0.9625,4,677,0.1,0,0.9964
3,201,12,fp16,N,N,90,-606624101,0.00841,0.00927,1.1022,4,494,0.9,0,0.9952
2551,2,3,fp16,T,N,51,-606603019,0.00816,0.00767,0.9400,4,998,4.4,0,0.9952
1,798,2,fp16,T,N,31,-9,0.00477,0.00467,0.9801,4,1195,1.3,0,0.9983
433,11,2931,fp16,N,N,99,-606603283,0.01704,0.35198,20.6622,4,28,153.9,0,0.9921
18,1,3,fp32,N,N,203,-606628037,0.00434,0.00436,1.0056,4,1477,0.1,0,1.0089
22,1650,41,fp16,T,T,53,-378,0.00841,0.00816,0.9705,4,692,33.6,0,1.0110
2,1,179,fp16,N,T,63,-9,0.00457,0.00756,1.6544,4,724,0.2,0,1.0092
54,17170,8293,fp32,T,N,519,-606603840,0.64539,0.65684,1.0177,4,16,891.0,0,1.0875
10552,226,18561,bf16,T,T,39,-606619906,1.01961,1.06877,1.0482,4,10,401.8,0,0.9747
15,28318,457,bf16,N,N,166,-606629829,0.03639,0.03626,0.9966,4,237,758.3,0,1.0052
2,6,1,fp16,N,T,62,-606627668,0.00765,0.00796,1.0394,4,1084,0.0,0,1.0033
23,11,1267,fp32,T,T,82,-606620797,0.03093,0.05023,1.6242,4,129,5.6,0,0.9976
644,18,762,bf16,T,N,231,-606605475,0.01121,0.01114,0.9938,4,468,94.1,0,1.0085
4625,13,2,bf16,T,N,231,-606605476,0.00759,0.00773,1.0183,4,1031,34.1,0,1.0081
21,38,1676,fp16,N,T,68,-606627653,0.01258,0.01288,1.0240,4,433,16.0,0,0.9853
330,134,3,fp32,N,T,612,-606618322,0.00756,0.00778,1.0298,4,1036,24.1,0,1.0039
15437,63,11,fp16,T,N,245,-606622734,0.00917,0.02844,3.1024,4,294,461.6,0,1.0040
169,24212,18,bf16,N,N,273,-606629935,0.02314,0.04028,1.7408,4,213,745.3,0,0.9845
11282,7902,187,fp16,T,T,53,-606629608,1.16064,1.18217,1.0186,4,9,313.4,0,1.0004
69,12784,60,fp32,T,N,525,-606608179,0.01032,0.01687,1.6341,4,426,640.7,0,0.9970
12131,3961,6,fp32,N,T,612,-606602019,0.16012,0.22342,1.3953,4,43,1202.8,0,1.0501
18377,2,8,bf16,T,T,39,-357,0.00798,0.01318,1.6514,4,530,55.3,0,0.9450
3,3,16887,fp16,N,T,70,-606627643,0.01377,0.01265,0.9189,4,348,14.7,0,1.0055
30,3,21135,bf16,N,N,18,-606605228,0.34686,0.34502,0.9947,4,23,4.0,0,1.0118
23,9,37,fp16,N,T,62,-606627733,0.00710,0.00712,1.0037,4,911,0.5,0,1.0084
1,17723,26027,fp16,N,T,71,-606627649,0.91412,1.17065,1.2806,4,9,1009.4,0,1.0286
13,9,3,bf16,T,N,231,-606630714,0.00804,0.00799,0.9945,4,1078,0.1,0,0.9670
1,116,2,fp16,T,N,31,-606602873,0.00490,0.00465,0.9506,4,1285,0.2,0,1.0112
11972,547,7335,fp32,N,N,556,-606627962,3.43216,4.45217,1.2972,4,5,114.7,0,1.1397
1,48,315,fp16,T,T,23,-606629603,0.00369,0.00366,0.9940,4,1477,8.4,0,0.9039
93,3514,2953,bf16,N,N,176,-606629894,0.07197,0.14016,1.9473,4,70,314.1,0,1.0123
989,25,153,fp32,T,N,519,-606603832,0.00704,0.00773,1.0982,4,643,102.3,0,0.9549
217,27,1,fp32,N,T,612,-606602080,0.00689,0.00741,1.0749,4,1144,3.5,0,0.9802
166,479,2,bf16,N,T,57,-606623166,0.00698,0.00737,1.0556,4,1042,45.9,0,0.9853
6,14027,45,fp16,T,N,63,-606622900,0.00702,0.03097,4.4124,4,270,227.9,0,1.0007
13,10,31,bf16,T,N,231,-606630722,0.00707,0.00708,1.0009,4,998,0.3,0,0.9790
11810,2940,2,fp16,N,N,223,-606624137,0.11750,0.19847,1.6891,4,49,1182.5,0,1.0654
11,458,48,bf16,N,T,57,-606623219,0.00720,0.00742,1.0297,4,1060,9.0,0,0.9073
16269,2298,10581,fp16,N,N,92,-606603432,7.73894,7.95300,1.0277,4,5,70.1,0,1.0852
3,271,3,fp16,T,T,36,-377,0.00825,0.00774,0.9378,4,929,0.6,0,0.9113
1453,14,94,bf16,T,N,231,-606630723,0.00786,0.00750,0.9538,4,924,45.4,0,0.9948
7740,29,75,fp16,N,N,94,-606624140,0.00925,0.04458,4.8201,4,191,223.1,0,0.9782
23530,18,72,fp32,T,T,82,-606620832,0.01678,0.04017,2.3943,4,211,505.2,0,1.0164
4,4234,1,fp16,T,T,36,-378,0.00812,0.00780,0.9604,4,1025,9.4,0,0.9371
20078,122,4612,bf16,N,N,174,-606629908,0.31347,0.39375,1.2561,4,26,625.7,0,1.1441
7486,97,2025,fp32,T,T,82,-606620829,0.15534,0.23829,1.5340,4,38,414.1,0,0.9427
521,3,9027,bf16,T,N,29,-606630723,0.32754,0.50120,1.5302,4,21,28.9,0,0.9453
819,4142,73,bf16,T,N,231,-606605603,0.02923,0.06664,2.2798,4,133,489.0,0,0.9810
16693,23,2,bf16,N,N,166,-606629829,0.00851,0.01059,1.2448,4,607,188.3,0,1.0176
698,5749,815,fp32,T,T,82,-606620788,0.21342,0.31109,1.4577,4,32,173.7,0,1.0064
2,1229,85,fp16,T,T,36,-374,0.00796,0.01312,1.6475,4,469,27.5,0,1.0060
134,565,510,fp16,T,N,245,-606602890,0.01077,0.01183,1.0985,4,547,94.3,0,1.0130
8912,1,62,fp16,T,T,54,-606629602,0.00510,0.00511,1.0019,4,1060,223.6,0,1.0020
2200,741,56,bf16,N,T,57,-606623163,0.01597,0.01877,1.1749,4,419,428.9,0,1.0065
1109,1244,2,fp16,N,T,62,-520,0.01010,0.01985,1.9657,4,399,547.5,0,1.0027
2687,20094,54,fp32,T,T,82,-606620832,0.38939,0.59226,1.5210,4,17,567.3,0,1.0018
21,8,9,bf16,T,N,441,-606605425,0.00778,0.00790,1.0153,4,1072,0.2,0,1.0122
5657,2922,3,bf16,T,T,39,-355,0.07847,0.22849,2.9117,4,44,843.2,0,1.0044
1,484,2360,fp32,N,N,557,-606628038,0.01551,0.02496,1.6089,4,345,295.3,0,1.0089
3957,9687,196,bf16,T,T,39,-606619914,0.51353,0.51658,1.0060,4,20,309.0,0,1.0110
1670,21,817,bf16,N,N,174,-606605226,0.01596,0.03322,2.0811,4,254,181.9,0,1.0077
5298,38,1,bf16,N,N,166,-606629829,0.00819,0.00749,0.9148,4,938,99.7,0,1.0074
231,10,11746,fp16,N,T,70,-606604754,0.02387,0.16884,7.0731,4,59,237.6,0,1.0039
1310,7,8,fp32,T,N,519,-606603849,0.00818,0.00782,0.9564,4,1060,9.6,0,1.0088
11,28,14,fp32,N,N,556,-606605039,0.00787,0.00760,0.9663,4,1025,0.4,0,1.0243
4,2,4,fp32,T,T,82,-606620797,0.00839,0.00755,0.9001,4,924,0.0,0,1.0049
10,100,395,fp16,T,N,382,-606622740,0.00822,0.05670,6.9007,4,152,11.1,0,1.0196
1,13,349,bf16,T,T,4,-356,0.00438,0.00424,0.9667,4,1465,2.2,0,1.0075
486,171,11,fp32,T,T,82,-606620754,0.00760,0.00738,0.9713,4,838,47.5,0,1.0107
27,12,2671,fp32,N,T,614,-606602200,0.02002,0.03812,1.9046,4,129,20.9,0,1.0219
3016,1,55,fp16,T,N,30,-606602866,0.00428,0.00426,0.9970,4,1137,80.4,0,1.0041
5170,21,1053,fp32,T,N,519,-606624665,0.02467,0.03558,1.4422,4,250,903.9,0,1.0090
32666,1934,154,bf16,T,T,39,-606619901,0.72947,0.72950,1.0000,4,14,361.0,0,1.0206
7,16635,84,fp16,T,T,36,-378,0.01412,0.02260,1.6011,4,365,231.0,0,1.0003
119,9566,44,fp16,N,N,92,-606603313,0.01188,0.01155,0.9727,4,609,455.1,0,1.0069
28,96,15,bf16,T,T,39,-357,0.00856,0.00759,0.8871,4,782,1.7,0,1.0038
250,16,829,fp16,N,T,239,-606604844,0.01010,0.01134,1.1227,4,490,45.3,0,1.0039
15633,14950,679,bf16,T,T,39,-606619916,3.97352,4.12713,1.0387,4,5,245.7,0,1.0461
57,1,73,fp16,N,T,63,-9,0.00456,0.00743,1.6307,4,967,1.9,0,0.9760
219,17823,2026,bf16,T,T,39,-606619903,0.22363,0.22176,0.9917,4,45,396.7,0,1.0592
891,6,3063,bf16,N,T,62,-606603160,0.02642,0.02664,1.0081,4,333,208.8,0,0.9722
6017,10,17,bf16,T,T,39,-606619917,0.00775,0.00864,1.1150,4,708,57.5,0,0.9970
300,237,202,fp16,N,N,94,-606624243,0.00792,0.02209,2.7910,4,300,63.3,0,1.0107
168,137,59,bf16,T,T,39,-606619917,0.00771,0.00749,0.9718,4,727,16.6,0,1.0071
13,3,1,fp16,N,N,35,-606624072,0.00791,0.00806,1.0194,4,1078,0.0,0,1.0105
49,4,424,fp32,T,T,82,-606620815,0.01352,0.01903,1.4075,4,301,6.7,0,1.0048
105,45,292,bf16,T,N,231,-606605475,0.00720,0.00741,1.0287,4,661,14.8,0,1.0050
773,334,5,bf16,T,N,231,-606605476,0.00689,0.00697,1.0122,4,625,151.6,0,1.0091
91,19,7,bf16,T,T,39,-606619917,0.00713,0.00716,1.0042,4,772,1.2,0,1.0074
5,8,32,bf16,N,T,201,-606623200,0.00700,0.00720,1.0287,4,1137,0.1,0,1.0032
29,3516,10,fp16,N,T,62,-606627724,0.00685,0.00725,1.0584,4,962,69.9,0,1.0003
506,1111,289,bf16,T,T,39,-606619899,0.01302,0.01269,0.9748,4,529,244.5,0,0.9802
428,24728,16,bf16,T,T,39,-606619899,0.06834,0.07973,1.1666,4,112,631.2,0,0.9764
748,38,18563,fp32,N,N,558,-606605034,0.13848,0.27730,2.0024,4,38,422.3,0,1.0113
115,3,1326,fp16,T,N,56,-547,0.02873,0.15735,5.4768,4,57,10.9,0,0.9570
2060,693,1245,bf16,N,T,62,-606623124,0.06763,0.08730,1.2908,4,111,185.8,0,1.0803
293,1,1112,bf16,T,T,40,-606619929,0.01567,0.01565,0.9984,4,328,41.8,0,0.9054
14251,5424,3,bf16,N,T,201,-606623175,0.27534,0.45996,1.6705,4,22,1123.4,0,1.0232
246,2759,773,fp16,T,T,53,-606629622,0.02837,0.12273,4.3256,4,76,259.4,0,0.9630
31370,2579,1104,bf16,T,T,39,-606619918,2.08230,2.07958,0.9987,4,5,191.4,0,1.2273
292,8029,2,fp16,N,N,94,-606624069,0.01396,0.01475,1.0569,4,440,674.3,0,0.8786
30432,339,8646,fp32,T,T,82,-606620821,5.62358,5.67337,1.0089,4,5,196.6,0,0.9173
7,7565,71,fp16,N,T,62,-606604842,0.00687,0.00720,1.0482,4,1008,187.4,0,1.0055
1,8529,311,fp16,T,N,31,-606622728,0.01148,0.01147,0.9985,4,690,465.0,0,1.0084
218,4,7,fp16,T,T,53,-377,0.00722,0.00727,1.0068,4,802,0.9,0,1.0057
9,57,4941,fp32,N,T,612,-606618433,0.03389,0.07466,2.2031,4,101,38.6,0,1.0179
186,15211,14,bf16,N,N,166,-606605179,0.02070,0.02055,0.9928,4,389,567.6,0,0.9925
2824,5,137,fp16,N,T,62,-606627721,0.00688,0.00767,1.1154,4,760,120.9,0,0.9805
340,4911,20094,bf16,T,N,239,-606630822,0.91553,1.70730,1.8648,4,6,237.8,0,1.0167
18,10693,77,bf16,T,N,231,-606630818,0.00913,0.01278,1.4000,4,546,265.1,0,0.9995
13,101,5281,bf16,T,N,247,-606630698,0.01404,0.01372,0.9770,4,405,86.1,0,0.9962
2822,3624,26171,fp16,N,T,227,-606627759,5.22673,8.46828,1.6202,4,5,72.4,0,1.0081
7290,22,1026,bf16,T,T,39,-606619899,0.03048,0.04610,1.5127,4,196,513.4,0,1.0098
12416,6,1597,fp32,N,T,612,-606602200,0.08304,0.09679,1.1656,4,100,959.1,0,1.0219
3311,19156,88,bf16,N,N,273,-606629911,0.38830,0.58166,1.4980,4,17,663.6,0,0.9823
329,17,6521,fp16,T,N,258,-606622882,0.01864,0.01799,0.9653,4,385,243.3,0,1.0039
25,1,198,bf16,N,N,2,-9,0.00515,0.03075,5.9673,4,210,2.0,0,0.9946
11574,200,17559,fp32,N,T,614,-606618402,2.99853,3.57552,1.1924,4,5,278.9,0,1.0576
1094,78,25,fp16,T,N,245,-606622900,0.00823,0.00783,0.9511,4,680,48.6,0,0.9791
16,156,15,fp32,T,N,539,-606624685,0.00823,0.00866,1.0519,4,1072,2.5,0,0.9929
8,6,3990,bf16,N,T,64,-606603222,0.01308,0.01821,1.3916,4,273,8.6,0,1.0108
126,16,319,bf16,T,T,39,-606619899,0.00997,0.00909,0.9118,4,567,9.9,0,1.0118
3,309,22476,fp32,T,T,15,-606620762,0.72819,1.16375,1.5981,4,9,38.5,0,1.0024
4283,7084,4,fp32,N,T,614,-606602019,0.10118,0.13725,1.3565,4,69,1201.3,0,1.0645
11,3,2341,fp16,N,T,68,-606627647,0.01360,0.01363,1.0023,4,368,4.8,0,0.9362
125,2205,140,fp16,T,N,245,-606622900,0.01026,0.02220,2.1642,4,358,171.1,0,0.9928
5099,836,2,fp32,N,T,614,-606601984,0.01864,0.02938,1.5761,4,297,917.4,0,1.0069
24251,12,106,bf16,N,T,57,-606603185,0.01338,0.03224,2.4101,4,267,471.5,0,0.9695
16234,888,37,fp32,T,T,82,-606620832,0.07671,0.11144,1.4527,4,89,784.7,0,1.0915
3197,57,32,fp32,T,N,519,-606624735,0.00694,0.00718,1.0353,4,943,165.1,0,0.9031
11268,9,27,bf16,N,T,57,-606623200,0.00696,0.00877,1.2598,4,730,145.7,0,0.9987
2,1,152,bf16,T,N,3,-9,0.00385,0.00386,1.0004,4,1036,0.2,0,0.9790
4576,39,12,fp16,N,N,94,-606603415,0.00695,0.00735,1.0579,4,929,118.7,0,0.9936
10537,9686,7866,bf16,T,T,39,-606619916,14.26392,25.32383,1.7754,4,5,50.9,0,1.1857
118,164,21911,fp16,N,N,232,-606603283,0.06074,0.16346,2.6911,4,54,204.7,0,0.8812
1632,2239,84,bf16,T,N,231,-606605603,0.03238,0.04507,1.3919,4,199,471.4,0,0.9994
2,87,6327,bf16,N,N,176,-606605266,0.01691,0.01574,0.9308,4,323,66.6,0,0.9834
9346,1603,25,fp16,N,N,94,-606603313,0.09457,0.09925,1.0495,4,99,639.5,0,1.1087
1496,7,256,fp32,T,N,519,-606624680,0.00800,0.00953,1.1905,4,592,197.5,0,0.8549
358,4,55,bf16,N,T,57,-606623200,0.00763,0.00751,0.9846,4,1031,6.0,0,1.0035
24996,131,680,fp16,T,N,245,-606603127,0.10551,0.11053,1.0475,4,93,448.0,0,1.1877
17,2,508,fp16,N,N,37,-606624140,0.01077,0.06551,6.0820,4,115,1.8,0,0.8520
19346,2,1,fp32,T,N,212,-606624792,0.00790,0.00732,0.9268,4,834,29.4,0,1.0060
915,3,3,fp16,N,N,35,-606603245,0.00821,0.00762,0.9282,4,972,2.0,0,0.9971
97,13,5529,fp16,N,N,99,-606624108,0.01892,0.01775,0.9384,4,317,64.6,0,0.9931
860,4,667,fp16,T,N,163,-606622740,0.01170,0.02811,2.4028,4,228,99.7,0,1.0100
61,1,16275,bf16,T,N,11,-150,0.21079,0.20948,0.9938,4,42,9.6,0,1.0079
24133,3,14,bf16,N,T,57,-606603241,0.00840,0.02168,2.5810,4,342,114.9,0,1.0095
139,466,13,fp16,T,N,245,-606622868,0.00853,0.00780,0.9148,4,636,32.2,0,1.0123
472,2301,205,fp16,T,T,53,-606629606,0.01769,0.05381,3.0418,4,172,309.9,0,1.0042
28893,2,2395,fp32,T,N,212,-606624707,0.23215,0.62834,2.7066,4,16,1193.4,0,1.0046
19,22143,2959,fp32,T,N,519,-606624795,0.24825,0.29937,1.2060,4,32,1063.4,0,1.1233
4,54,34,bf16,N,T,57,-606603220,0.00707,0.00711,1.0060,4,1019,0.7,0,0.9157
2,38,3437,bf16,T,T,4,-354,0.17546,0.32490,1.8517,4,25,1.6,0,1.0038
12,1345,1,fp32,N,T,612,-606601893,0.00687,0.00718,1.0446,4,1060,10.2,0,1.0023
16779,3,3,fp32,T,T,82,-606620755,0.00677,0.00709,1.0475,4,1003,59.5,0,1.0037
2,6459,690,bf16,T,N,17,-606605476,0.02862,0.03221,1.1253,4,282,313.3,0,0.9988
5503,17273,13,bf16,N,N,166,-714,0.53931,0.55693,1.0327,4,19,706.1,0,1.0737
106,345,2082,fp16,T,N,255,-606602963,0.02832,0.07095,2.5053,4,128,71.5,0,0.9470
513,5,702,fp16,T,T,53,-606629622,0.01422,0.08670,6.0975,4,101,51.9,0,1.0016
1,111,10,fp32,T,T,13,-606620758,0.00444,0.00432,0.9740,4,1285,1.1,0,0.9980
2334,5760,131,bf16,T,T,39,-606619903,0.09651,0.10458,1.0836,4,93,579.2,0,1.0659
1767,997,1,fp32,N,T,612,-606601984,0.00967,0.01313,1.3587,4,550,730.1,0,0.9317
129,16237,715,fp16,N,T,62,-606627698,0.08430,0.16915,2.0065,4,59,377.0,0,0.9975
254,3,1,bf16,N,T,57,-606623201,0.00769,0.00771,1.0027,4,1031,0.5,0,1.0026
2,9458,3831,fp16,T,N,55,-606622900,0.13661,0.68712,5.0297,4,15,531.1,0,1.0055
4169,8571,98,bf16,T,N,231,-606605607,0.25520,0.50334,1.9724,4,20,569.9,0,0.9996
3824,39,4107,fp16,N,T,70,-606604773,0.08120,0.14135,1.7408,4,69,398.1,0,0.9896
4,66,243,fp32,N,T,612,-606618309,0.00678,0.00704,1.0374,4,775,10.2,0,0.9871
5734,2,4095,fp16,N,T,70,-606604760,0.05671,0.05693,1.0040,4,165,829.2,0,1.0649
13,1035,38,fp32,N,T,612,-606618096,0.00673,0.00725,1.0782,4,1019,31.7,0,0.9045
4041,25883,3,fp16,T,T,53,-606629603,0.46602,1.79861,3.8595,4,6,898.1,0,0.9180
2,117,16801,bf16,N,N,176,-606605266,0.03458,0.03452,0.9982,4,228,115.7,0,1.0063
14,5301,10342,fp16,T,T,53,-606629613,0.17453,1.30530,7.4790,4,8,631.6,0,0.9926
3720,3979,1296,fp16,N,T,62,-606627717,0.44975,0.45421,1.0099,4,23,176.0,0,1.1009
407,37,2,bf16,N,N,166,-606605226,0.00802,0.00745,0.9290,4,881,7.7,0,0.9115
12,29,206,bf16,T,N,231,-606630667,0.00856,0.00819,0.9562,4,450,2.1,0,0.9971
78,5745,463,fp32,T,N,519,-606604041,0.02809,0.03129,1.1140,4,278,447.8,0,1.1285
168,35,254,fp16,N,N,94,-606603411,0.00841,0.00793,0.9434,4,562,15.1,0,0.8699
2,5,129,fp16,N,N,55,-606624224,0.00849,0.01862,2.1926,4,329,0.2,0,0.9863
86,5812,66,bf16,N,T,57,-606623201,0.00891,0.01332,1.4946,4,533,311.6,0,0.9931
16995,12,57,fp32,T,N,525,-606624707,0.00878,0.01067,1.2151,4,649,534.5,0,0.9897
9,1461,2346,fp32,T,N,519,-606624689,0.03349,0.03376,1.0082,4,259,413.5,0,0.9933
383,344,22,fp32,N,T,614,-606602085,0.00704,0.00716,1.0178,4,967,84.0,0,0.9770
442,36,14931,fp16,N,T,70,-606627643,0.05795,0.25173,4.3442,4,41,247.4,0,1.0072
32,62,487,fp16,T,N,245,-606602890,0.00865,0.06131,7.0909,4,129,11.5,0,1.0092
6,19298,1,fp32,T,N,519,-606603825,0.00697,0.00710,1.0196,4,906,77.5,0,1.0032
11355,5,184,bf16,N,N,27,-606605179,0.01394,0.01916,1.3743,4,432,316.1,0,1.0089
473,9,1,fp32,T,N,519,-606624727,0.00732,0.00747,1.0203,4,1078,2.6,0,0.9847
180,2,15488,fp32,T,N,212,-606603811,0.20953,0.31540,1.5053,4,31,53.8,0,1.0032
22,2,586,bf16,N,T,57,-606623166,0.00703,0.00720,1.0254,4,677,4.0,0,1.0048
2,156,3,fp32,N,N,556,-606605144,0.00706,0.00721,1.0224,4,1078,0.4,0,1.0014
1,11,14005,fp32,N,T,613,-9,0.01688,0.60951,36.1170,4,17,39.8,0,0.9924
240,7919,7216,bf16,N,T,62,-606603161,0.32977,1.26199,3.8268,4,8,380.1,0,1.1557
9,283,13635,bf16,T,N,247,-606630698,0.02366,0.02364,0.9991,4,303,336.9,0,0.8654
2601,12573,2396,bf16,N,N,166,-606630008,1.57159,7.13912,4.5426,4,5,129.5,0,1.0450
5976,150,38,bf16,T,N,231,-606605477,0.00908,0.01976,2.1767,4,397,446.3,0,0.9772
494,88,12745,fp16,N,N,399,-606624073,0.03525,0.25646,7.2754,4,39,425.8,0,0.9966
1394,15,43,fp16,N,T,62,-606627725,0.00801,0.00791,0.9872,4,1066,25.6,0,1.0124
1849,8715,2782,fp32,N,N,556,-606605119,2.95974,3.62176,1.2237,4,5,61.5,0,1.0963
152,199,26,fp32,N,N,556,-606605041,0.00768,0.00779,1.0146,4,1060,20.5,0,0.9214
69,2,971,bf16,T,N,26,-606605476,0.02047,0.02717,1.3272,4,200,6.8,0,0.9914
4,369,137,fp16,N,N,94,-606603368,0.00762,0.01372,1.8021,4,352,14.2,0,0.8810
26,20,3391,fp32,N,T,614,-606618433,0.02411,0.07350,3.0485,4,116,26.0,0,0.9972
1444,1505,590,fp16,N,T,62,-606627741,0.04491,0.06104,1.3593,4,153,271.1,0,1.0129
6,38,31995,fp32,T,T,82,-606620820,0.68960,0.69015,1.0008,4,15,8.2,0,0.9855
20,5,5355,fp16,T,N,84,-606603003,0.01369,0.01211,0.8844,4,482,19.6,0,1.0057
1076,1,6,fp16,N,T,63,-9,0.00499,0.00774,1.5515,4,1048,3.5,0,1.0136
19,2,11,fp16,T,T,53,-606629579,0.00825,0.00798,0.9671,4,830,0.1,0,0.9983
2,878,2,fp16,T,T,60,-606629571,0.00771,0.00790,1.0254,4,1060,1.4,0,1.0005
63,461,14221,bf16,N,N,176,-606629919,0.04336,0.04288,0.9889,4,191,346.4,0,1.0119
825,12196,1619,fp32,T,N,525,-606603894,1.10208,1.14675,1.0405,4,10,113.0,0,1.1567
91,28119,10,bf16,T,T,39,-355,0.01736,0.04054,2.3352,4,228,622.0,0,0.8722
786,53,156,fp16,N,T,62,-606627724,0.00817,0.00843,1.0318,4,722,52.4,0,0.9704
1182,217,17634,fp32,N,T,612,-606618439,0.33790,0.53195,1.5743,4,19,295.1,0,1.0200
1,29057,10,bf16,T,N,4,-9,0.00484,0.01134,2.3434,4,621,144.1,0,0.9641
6855,1255,1281,bf16,N,T,57,-606603181,0.29766,0.29897,1.0044,4,34,185.4,0,1.0932
4642,1,2,fp32,N,T,613,-9,0.00472,0.00770,1.6310,4,1054,11.8,0,0.9269
42,11,1540,bf16,T,N,239,-606605540,0.01534,0.01526,0.9950,4,334,10.8,0,0.9781
11,14227,503,fp32,T,T,82,-606620829,0.05025,0.09971,1.9840,4,89,582.5,0,0.9976
2,7,29144,bf16,N,N,33,-606605228,0.39204,0.38884,0.9919,4,17,1.3,0,0.8545
1198,2,4585,fp32,N,T,612,-606602198,0.04008,0.10494,2.6181,4,89,549.3,0,1.0029
130,1525,23178,bf16,N,N,176,-606605183,0.32828,0.32451,0.9885,4,30,236.1,0,0.9747
206,20045,5310,fp32,N,N,556,-606628005,1.63508,2.01609,1.2330,4,6,273.2,0,1.1483
3,7576,254,bf16,N,T,201,-606623165,0.00959,0.01543,1.6086,4,468,410.8,0,0.8756
5254,94,2428,bf16,N,T,62,-606623132,0.05865,0.06691,1.1410,4,141,476.5,0,1.0059
200,118,430,fp32,N,N,556,-606627988,0.00761,0.01385,1.8199,4,418,84.3,0,0.9900
139,70,1,fp32,T,N,519,-606603885,0.00753,0.00769,1.0216,4,1042,5.3,0,1.0090
92,2370,28621,fp32,N,N,558,-606605112,0.63756,2.83026,4.4392,4,5,443.5,0,1.0097
6,23,4,bf16,N,N,166,-606605261,0.00807,0.00763,0.9456,4,865,0.1,0,0.9806
37,265,2,fp32,T,N,519,-606603885,0.00828,0.00799,0.9658,4,1054,5.0,0,1.0020
2,40,38,fp32,T,N,253,-606603885,0.00778,0.00799,1.0266,4,977,0.9,0,0.9956
619,16,6469,bf16,T,N,502,-606605451,0.01770,0.01690,0.9549,4,417,466.5,0,0.9982
377,1,67,fp16,N,T,63,-9,0.00445,0.00763,1.7140,4,962,11.7,0,1.0144
24,8,4,fp16,N,N,358,-606603268,0.00792,0.00755,0.9543,4,943,0.1,0,1.0052
9,606,784,bf16,N,T,62,-606623166,0.00983,0.01036,1.0535,4,645,100.3,0,1.0108
53,90,1820,bf16,N,N,176,-606605266,0.01286,0.01711,1.3305,4,354,42.0,0,1.0018
1844,25737,3100,bf16,T,T,39,-606619921,2.99568,2.94140,0.9819,4,5,120.5,0,1.1416
1,9260,7244,fp16,T,N,38,-606622733,0.14784,0.14795,1.0007,4,61,907.8,0,0.8943
2,12,1582,bf16,T,N,62,-606605432,0.01376,0.01403,1.0198,4,421,3.2,0,1.0045
496,2,30,bf16,T,N,19,-606605476,0.00790,0.00758,0.9597,4,1014,4.3,0,0.9903
2,2,5,fp32,N,T,612,-606618317,0.00811,0.00816,1.0053,4,1066,0.0,0,1.0143
35,7742,4,fp16,N,T,62,-606627733,0.00781,0.00768,0.9829,4,834,146.7,0,1.0033
5,6540,25555,fp32,T,N,525,-606603996,0.59480,0.60832,1.0227,4,17,1125.0,0,1.1580
24,7,63,fp16,T,N,73,-606622893,0.00759,0.00753,0.9918,4,869,0.6,0,0.8772
9517,48,2,fp16,T,T,88,-606629545,0.00812,0.00792,0.9759,4,898,229.8,0,0.9936
14175,13,7792,fp32,T,T,82,-606620762,0.34513,0.52170,1.5116,4,19,1283.4,0,1.0119
528,1419,1,bf16,N,T,57,-606623223,0.00834,0.00801,0.9603,4,893,359.7,0,0.9784
18,3,6346,bf16,N,T,64,-606603222,0.01261,0.04782,3.7932,4,101,21.2,0,0.9941
13378,2,6496,bf16,T,N,29,-606630723,0.27921,0.27891,0.9989,4,32,623.0,0,0.8957
20,16,6,fp16,T,T,88,-606629542,0.00781,0.00752,0.9639,4,962,0.2,0,0.9817
226,3727,50,bf16,N,N,166,-606629829,0.00989,0.00958,0.9684,4,695,380.7,0,0.9982
46,547,439,fp16,T,T,53,-606629612,0.01106,0.04544,4.1083,4,146,56.2,0,0.9922
7152,189,8,bf16,T,N,231,-140,0.01234,0.03857,3.1263,4,226,447.8,0,1.0035
1,2,467,bf16,T,N,4,-9,0.00636,0.03833,6.0221,4,204,0.4,0,0.9911
77,14276,147,fp32,T,N,525,-606624725,0.02543,0.03182,1.2510,4,273,504.7,0,1.0721
5581,164,5224,fp16,T,N,392,-606622954,0.15377,0.24971,1.6239,4,39,414.2,0,1.0125
1386,15685,1916,fp32,N,N,556,-606627947,2.44007,2.53201,1.0377,4,5,89.3,0,0.9638
2117,4892,528,bf16,T,N,332,-606630861,0.14206,0.16226,1.1422,4,60,343.7,0,0.9973
37,21538,9,fp16,N,N,92,-606603244,0.01010,0.00971,0.9623,4,665,354.2,0,0.9879
3,193,12928,fp16,N,T,70,-606604754,0.02096,0.01966,0.9381,4,373,241.9,0,1.0015
3,106,12,bf16,T,T,4,-357,0.00869,0.00790,0.9090,4,1009,0.4,0,0.9970
28,15,66,bf16,N,T,57,-606603237,0.00772,0.00765,0.9917,4,902,1.0,0,0.9978
1,2084,15606,bf16,T,T,4,-356,0.08933,0.08986,1.0059,4,107,728.6,0,1.0043
146,4,18,fp16,N,N,121,-606624205,0.00805,0.00769,0.9547,4,792,1.0,0,0.9979
24937,4092,77,fp16,T,T,53,-606629613,0.95103,1.02623,1.0791,4,10,433.9,0,0.9967
23,7,50,fp16,T,T,53,-606629622,0.00867,0.01110,1.2803,4,437,0.4,0,0.9723
2,1,42,fp16,N,T,63,-9,0.00470,0.00769,1.6358,4,915,0.1,0,1.0156
16,794,2,fp16,T,N,245,-606602969,0.00826,0.00790,0.9565,4,1003,6.5,0,1.0084
54,19,386,fp32,N,N,556,-606627941,0.00753,0.00757,1.0063,4,711,15.5,0,0.9933
4,440,4,fp32,N,T,616,-606618330,0.00762,0.00794,1.0419,4,1078,1.9,0,0.9978
165,23,21,fp16,N,N,90,-606624101,0.00810,0.00775,0.9561,4,649,2.8,0,0.9948
45,245,115,fp16,T,T,53,-606629612,0.00821,0.01795,2.1867,4,309,13.5,0,0.9916
2018,4559,1,fp32,T,N,519,-606603818,0.03220,0.04142,1.2863,4,213,1143.7,0,1.0154
138,748,11667,fp16,N,N,232,-606603403,0.09942,0.23819,2.3958,4,40,212.1,0,0.9740
26138,210,7,fp32,N,N,556,-606627888,0.02786,0.02896,1.0396,4,305,814.5,0,1.0541
3,35,11243,fp32,T,N,253,-606624713,0.14139,0.24365,1.7232,4,40,12.1,0,0.9363
355,118,239,fp16,N,T,62,-606627732,0.00707,0.01039,1.4698,4,598,55.7,0,0.9886
18,601,5569,fp16,N,T,70,-606627643,0.02423,0.04106,1.6947,4,216,286.3,0,0.9849
155,47,275,fp16,N,N,90,-606624243,0.00856,0.00866,1.0128,4,613,16.4,0,0.9866
3,4,3,bf16,N,T,57,-606623163,0.00696,0.00728,1.0449,4,1078,0.0,0,0.9880
15254,589,853,fp16,T,T,53,-606629607,0.21235,1.18629,5.5866,4,9,296.5,0,1.0863
1607,224,1136,fp32,N,T,614,-606618395,0.03579,0.03785,1.0575,4,243,272.7,0,0.9828
904,2548,9,fp32,T,N,539,-606608181,0.01116,0.01346,1.2061,4,532,836.6,0,0.9673
1,23474,111,bf16,T,T,4,-356,0.05914,0.05917,1.0004,4,152,89.7,0,0.9606
15,45,3,fp16,T,T,53,-606629612,0.00717,0.00776,1.0816,4,795,0.4,0,0.9820
7,6757,12,fp16,N,N,90,-606624140,0.00711,0.00729,1.0259,4,982,49.4,0,0.9878
3,7,5,fp16,T,T,36,-376,0.00728,0.00739,1.0149,4,924,0.0,0,0.9942
1954,19458,16,bf16,N,N,166,-606605218,0.21197,0.22326,1.0533,4,45,720.7,0,1.0050
3435,20370,6,fp32,T,T,82,-606620831,0.37951,0.80763,2.1281,4,13,739.0,0,0.9818
1716,18,182,fp32,T,N,519,-606603830,0.00702,0.00734,1.0455,4,972,197.5,0,0.9940
12734,25,648,bf16,N,T,57,-606623205,0.02918,0.03093,1.0600,4,295,610.4,0,1.0070
10,3466,28462,fp16,T,N,259,-606622839,0.35599,0.42445,1.1923,4,25,556.2,0,0.9925
135,47,27802,bf16,N,N,176,-606629919,0.06400,0.21767,3.4010,4,44,158.5,0,0.9804
2682,218,6314,fp16,N,N,107,-606624126,0.15351,0.31035,2.0217,4,32,253.8,0,1.0034
5986,1927,11255,fp32,T,T,82,-606620831,8.70148,8.79304,1.0105,4,5,46.2,0,1.0449
1624,81,31681,fp16,T,T,53,-606629613,0.51519,4.16161,8.0778,4,5,210.7,0,0.9602
40,235,178,fp16,N,N,94,-606603313,0.00835,0.01784,2.1370,4,331,16.2,0,1.0165
9077,29,2386,fp32,T,N,519,-606624906,0.08575,0.11936,1.3921,4,84,1025.8,0,1.0797
8541,187,17018,fp32,N,N,556,-606628040,1.67088,2.48004,1.4843,4,5,359.4,0,0.9767
26,869,6,fp16,T,N,245,-606603020,0.00719,0.00749,1.0426,4,898,14.1,0,0.9904
14981,47,21,bf16,N,T,57,-606623223,0.01089,0.02104,1.9313,4,383,316.5,0,1.0026
510,6423,1,fp32,N,T,612,-606618239,0.01413,0.01872,1.3245,4,419,929.2,0,1.0018
1,8,1116,bf16,N,N,412,-606629854,0.00906,0.01051,1.1593,4,382,2.2,0,1.0046
44,57,67,fp16,T,T,53,-606629622,0.00710,0.01208,1.7000,4,388,3.3,0,1.0051
6,2,120,fp16,T,T,71,-606629541,0.00721,0.02087,2.8960,4,284,0.3,0,1.0041
4624,8043,17176,bf16,N,N,166,-606605354,11.16571,12.49830,1.1193,4,5,52.3,0,1.0767
17,237,168,bf16,T,N,231,-606605566,0.00793,0.00839,1.0576,4,576,12.8,0,0.9347
57,69,1,fp16,N,T,62,-606604834,0.00769,0.00738,0.9602,4,893,2.1,0,0.9962
9,1,8188,fp16,N,N,21,-9,0.01213,0.96837,79.8234,4,11,13.5,0,1.0059
6,4866,6,bf16,N,N,166,-606605260,0.00769,0.00741,0.9632,4,1019,22.8,0,1.0167
2,20237,279,fp32,N,T,612,-606602083,0.02995,0.03257,1.0875,4,264,759.6,0,1.0074
3,2501,1,fp32,N,N,556,-606604969,0.00765,0.00803,1.0493,4,1091,5.2,0,0.9948
10661,6140,19,fp32,T,N,525,-606634109,0.24447,0.42206,1.7264,4,24,1076.3,0,1.0435
6,94,2,bf16,N,N,166,-606629958,0.00761,0.00745,0.9786,4,933,0.3,0,0.9724
26,6,19596,fp16,T,T,88,-606629613,0.30523,2.32282,7.6101,4,5,4.1,0,1.0027
72,2,68,fp32,T,N,212,-606624664,0.00759,0.00736,0.9704,4,915,2.7,0,1.0085
1,4,199,fp32,N,T,615,-9,0.00451,0.00775,1.7170,4,841,0.9,0,1.0101
32439,21,2,bf16,T,T,39,-356,0.00903,0.01483,1.6427,4,493,316.2,0,1.0170
79,11926,2,fp16,N,T,62,-524,0.00877,0.01881,2.1441,4,416,435.1,0,1.0040
4980,117,75,fp32,N,T,612,-606634099,0.00916,0.01117,1.2190,4,497,421.2,0,1.0374
6,31,1842,bf16,N,T,62,-606623135,0.01300,0.01297,0.9972,4,396,10.5,0,0.9584
7620,396,4,bf16,T,T,39,-355,0.01907,0.03667,1.9231,4,231,636.4,0,1.0210
94,4112,6,fp32,N,T,614,-606618251,0.00783,0.00770,0.9835,4,929,210.4,0,1.0077
6,9815,11307,bf16,N,T,64,-606623130,0.22273,0.28868,1.2961,4,35,998.2,0,1.0285
57,13,119,fp32,N,T,612,-606601896,0.00776,0.00759,0.9785,4,967,4.7,0,0.9677
1,11091,168,bf16,N,N,167,-9,0.00910,0.01061,1.1660,4,692,414.4,0,0.9998
312,3390,23,fp16,T,T,53,-606629613,0.01069,0.01296,1.2119,4,542,411.5,0,0.9908
39,32421,28462,bf16,T,T,39,-606619899,2.80037,2.91756,1.0418,4,5,661.6,0,1.1806
9,2,13188,bf16,N,N,18,-606605228,0.13377,0.13372,0.9996,4,54,2.2,0,0.8484
47,432,17,fp32,T,T,82,-606620820,0.00695,0.00714,1.0273,4,861,16.4,0,0.9974
1591,14477,1794,fp32,N,N,556,-606628015,2.48663,3.13971,1.2626,4,5,83.4,0,1.0237
31178,151,2018,bf16,T,N,231,-606605607,0.31058,0.30146,0.9706,4,34,467.8,0,1.0653
522,110,25324,bf16,T,N,248,-606605453,0.19352,0.44738,2.3117,4,21,166.6,0,0.9554
2700,5,44,fp16,N,T,62,-606627732,0.00795,0.00778,0.9796,4,1054,36.8,0,0.9984
33,7,750,fp16,T,N,73,-606602890,0.01175,0.01126,0.9586,4,445,5.2,0,0.9981
1,1250,13,fp32,T,T,13,-606620754,0.00457,0.00457,1.0001,4,1340,15.3,0,0.9943
2,14211,819,bf16,N,N,174,-606629913,0.03186,0.03178,0.9975,4,278,734.3,0,0.9934
12,14,13995,fp16,T,N,258,-606603003,0.01533,0.01394,0.9095,4,357,47.5,0,0.9860
7808,1,8577,bf16,T,N,10,-9,0.17209,0.17190,0.9989,4,59,778.6,0,1.0010
2,15,6733,bf16,T,N,27,-153,0.04014,0.17262,4.3002,4,40,5.7,0,0.9908
5,3314,2962,fp32,T,N,519,-606624713,0.04797,0.04690,0.9776,4,205,821.1,0,1.0472
185,6,525,fp32,N,N,556,-606605147,0.00842,0.00742,0.8809,4,585,48.2,0,0.9509
102,245,1547,bf16,T,N,239,-606605540,0.01798,0.01798,0.9996,4,381,65.3,0,0.9889
2,5,2,bf16,T,N,17,-606630723,0.00780,0.00752,0.9644,4,1054,0.0,0,0.9792
6915,10,2172,fp32,N,T,612,-606618106,0.06909,0.10396,1.5048,4,93,874.8,0,1.0533
1,4,2248,fp16,N,T,69,-9,0.00478,0.01255,2.6235,4,400,4.7,0,0.9307
3,24,169,fp32,T,N,253,-606624684,0.00810,0.00759,0.9372,4,816,2.3,0,0.9945
530,7,5,bf16,T,T,39,-606619917,0.00841,0.00753,0.8956,4,838,2.4,0,0.9969
21,1184,1445,fp32,N,N,556,-606628038,0.01410,0.02317,1.6438,4,364,501.1,0,0.9875
1,15,617,bf16,T,N,4,-9,0.00755,0.05343,7.0756,4,123,2.6,0,0.9848
2603,328,209,fp16,N,T,227,-606627715,0.01563,0.01823,1.1664,4,421,296.9,0,0.9987
1,35,615,fp32,T,T,13,-606620831,0.00380,0.00380,1.0018,4,1349,23.4,0,0.9816
25102,274,6857,fp16,N,T,62,-606604822,1.55769,1.48801,0.9553,4,7,241.1,0,1.2128
387,9164,377,fp16,N,N,217,-606624131,0.05212,0.05947,1.1410,4,147,410.3,0,0.8894
5,2,2,bf16,N,T,57,-606603220,0.00778,0.00769,0.9888,4,1060,0.0,0,0.9448
1011,33,50,fp16,T,N,245,-606622752,0.00846,0.01105,1.3068,4,457,28.1,0,0.9938
5479,23184,86,fp16,N,N,352,-606624198,0.62111,0.62020,0.9985,4,17,826.0,0,0.9866
346,6,3,bf16,T,T,39,-606619899,0.00833,0.00747,0.8959,4,906,1.2,0,0.9982
12,29,3,bf16,N,N,166,-606629876,0.00824,0.00779,0.9453,4,861,0.2,0,1.0050
84,27311,26,bf16,T,N,231,-606630771,0.02122,0.02117,0.9977,4,396,499.6,0,1.0172
415,145,3371,fp16,N,T,68,-606627655,0.03565,0.03560,0.9988,4,239,112.7,0,0.9690
8091,1263,10,fp16,T,N,245,-606622730,0.04995,0.04684,0.9376,4,195,822.0,0,1.1249
7641,9101,70,fp32,T,T,82,-606620832,0.56343,0.71720,1.2729,4,15,502.0,0,0.8902
92,1,1443,fp16,N,T,69,-9,0.00437,0.01130,2.5863,4,481,61.5,0,0.9811
729,335,27673,bf16,T,N,247,-606605453,0.25914,0.24148,0.9318,4,41,231.0,0,1.0031
3797,1,1,fp16,N,N,18,-566,0.00729,0.00747,1.0249,4,1054,3.1,0,0.9932
39,2,561,fp16,T,T,53,-606629612,0.01220,0.06926,5.6788,4,123,3.8,0,1.0123
5481,10539,5312,fp16,T,N,245,-606622959,5.58608,5.72244,1.0244,4,5,71.8,0,1.1629
10161,149,1,fp16,T,T,53,-606629592,0.00890,0.00907,1.0194,4,695,682.7,0,0.8909
2501,109,5,fp16,N,N,90,-563,0.00735,0.00788,1.0719,4,924,151.8,0,0.9972
11,12047,12316,fp32,N,T,612,-606618431,0.57183,0.75849,1.3264,4,14,1039.7,0,1.0451
190,3084,6050,fp16,N,N,232,-606603298,0.12539,0.13712,1.0936,4,70,334.6,0,1.0162
9849,6962,1333,bf16,T,N,231,-606630826,1.74513,1.91284,1.0961,4,5,182.8,0,1.0661
323,1,23,fp32,N,N,203,-606627895,0.00467,0.00426,0.9116,4,1379,6.7,0,0.9067
863,2284,472,bf16,T,T,39,-606619909,0.04060,0.04261,1.0494,4,208,267.4,0,1.0096
1495,303,6050,fp32,N,T,612,-606618440,0.21370,0.30634,1.4335,4,33,212.1,0,1.0090
32,31,622,bf16,T,N,231,-606630722,0.01057,0.01783,1.6869,4,297,7.8,0,0.9837
2,694,21031,bf16,N,T,64,-606623202,0.07185,0.31409,4.3713,4,32,407.5,0,1.0085
2,1232,29,fp16,N,N,358,-606603268,0.00812,0.00751,0.9255,4,933,10.0,0,1.0023
39,16,928,fp16,N,N,377,-606603259,0.01041,0.00967,0.9288,4,523,10.0,0,1.0097
1410,13800,13,bf16,N,N,388,-606629863,0.07738,0.09543,1.2334,4,102,1011.0,0,1.0604
17849,6,10070,bf16,T,N,49,-606605556,0.38040,0.37930,0.9971,4,24,946.4,0,0.9535
10424,918,8242,fp32,N,T,612,-606618436,4.99364,6.23112,1.2478,4,5,82.5,0,1.1727
132,3870,25,fp16,T,N,245,-606622895,0.00795,0.00786,0.9890,4,724,282.1,0,0.8968
4381,1183,80,bf16,N,T,57,-606623199,0.04592,0.06515,1.4188,4,140,470.9,0,1.0374
11,6409,2,bf16,N,T,57,-606623200,0.00791,0.00756,0.9564,4,967,38.9,0,0.9140
6606,59,160,fp32,T,N,519,-606603859,0.01023,0.01071,1.0466,4,661,569.3,0,1.0058
7035,3,834,fp16,T,N,55,-606603020,0.03381,0.15847,4.6867,4,60,349.7,0,0.9678
122,11,4,bf16,T,N,231,-606630710,0.00828,0.00777,0.9380,4,881,0.8,0,1.0018
1338,160,108,fp16,T,N,513,-606622841,0.00799,0.00752,0.9409,4,881,147.7,0,1.0073
3,147,238,fp32,T,T,15,-606620753,0.01255,0.01229,0.9789,4,452,11.5,0,1.0056
236,34,597,bf16,N,T,57,-606603186,0.00866,0.01250,1.4424,4,444,40.9,0,0.9949
989,386,93,fp32,N,T,612,-606601960,0.00827,0.00966,1.1682,4,682,246.4,0,1.0066
7665,1290,1,fp16,T,T,53,-606629603,0.03825,0.06468,1.6910,4,144,1034.4,0,1.0153
10,4,2,fp32,N,T,614,-606618330,0.00803,0.00767,0.9543,4,1048,0.0,0,0.9744
117,976,47,fp32,T,T,82,-606620796,0.00830,0.00731,0.8810,4,763,79.8,0,0.9961
38,6,452,fp32,N,T,612,-606618108,0.00813,0.01465,1.8009,4,382,9.9,0,0.9793
8746,390,1148,fp32,N,N,556,-606604945,0.29817,0.36679,1.2301,4,31,186.5,0,1.1463
234,27,508,bf16,T,N,231,-606630667,0.00974,0.01785,1.8323,4,284,29.8,0,0.8734
1175,2,2361,bf16,N,N,18,-606629879,0.04598,0.04593,0.9989,4,198,121.1,0,0.9972
6,3,25,bf16,N,T,57,-606603187,0.00783,0.00760,0.9712,4,1060,0.1,0,1.0100
4,2,28,bf16,T,N,19,-606630723,0.00774,0.00787,1.0168,4,1078,0.0,0,0.9863
261,21,22,fp16,N,N,90,-606603313,0.00795,0.00759,0.9555,4,708,4.3,0,1.0050
25073,2,2866,fp32,N,N,329,-606605146,0.27210,0.47852,1.7586,4,22,1057.2,0,1.0788
203,15,18653,bf16,T,N,248,-606630698,0.03021,0.03024,1.0011,4,242,269.6,0,0.9490
53,488,834,fp32,N,T,614,-606602200,0.01129,0.01411,1.2494,4,530,169.0,0,1.0017
22734,643,9504,fp16,N,N,94,-606624159,3.06108,3.12054,1.0194,4,5,164.3,0,1.0742
1,3259,36,bf16,N,N,167,-9,0.00449,0.00722,1.6098,4,993,55.2,0,0.9416
19339,1,4846,fp16,N,N,21,-9,0.23427,1.17407,5.0117,4,9,800.5,0,1.0063
1,2,22,fp16,N,N,38,-9,0.00459,0.00754,1.6431,4,1003,0.0,0,1.0366
24377,1,25083,bf16,T,T,40,-606619904,1.46653,1.46168,0.9967,4,7,834.0,0,1.0242
21884,5,18,fp16,T,N,73,-606622900,0.00816,0.00986,1.2083,4,665,150.2,0,0.9892
2692,16,30607,bf16,N,T,214,-606623192,0.19812,0.50836,2.5660,4,21,837.6,0,1.0078
8942,453,5,fp32,N,T,612,-606602019,0.01754,0.02797,1.5945,4,289,934.6,0,1.0570
38,13703,360,bf16,N,T,57,-606603193,0.02876,0.03280,1.1405,4,256,416.5,0,0.9892
4,9,12,bf16,N,T,57,-606623219,0.00792,0.00763,0.9637,4,1042,0.1,0,0.9228
11732,4977,1142,fp16,T,N,245,-606603079,1.42412,1.41978,0.9970,4,8,190.8,0,1.2945
7738,18,5386,fp16,N,T,70,-606627664,0.11097,0.14405,1.2981,4,59,757.9,0,0.8367
445,1630,39,bf16,N,N,166,-606629829,0.00916,0.00864,0.9429,4,711,334.3,0,0.9260
1,6753,4847,bf16,N,N,177,-9,0.09853,0.18136,1.8406,4,51,664.8,0,0.9860
45,3,3,fp32,T,T,82,-606620792,0.00824,0.00757,0.9194,4,929,0.1,0,0.9908
3,274,1023,fp32,T,N,253,-606624663,0.01396,0.02208,1.5819,4,277,81.4,0,0.9779
18,2122,1,fp32,T,T,82,-606620762,0.00797,0.00771,0.9668,4,1003,20.2,0,1.0039
3,5,30230,fp32,T,T,15,-606620762,0.95684,1.22833,1.2837,4,8,1.0,0,1.0156
55,23,18,fp16,T,T,53,-606629622,0.00853,0.00760,0.8914,4,640,0.9,0,0.9830
2909,444,2,fp32,T,N,525,-606624795,0.00911,0.00814,0.8935,4,724,569.9,0,1.0288
2,122,14,fp16,N,T,62,-606627732,0.00789,0.00765,0.9702,4,1042,0.6,0,0.9622
22860,19147,10,bf16,N,N,166,-606629829,2.21241,7.07832,3.1994,4,5,791.7,0,0.9705
28703,1079,88,fp16,T,T,53,-606629582,0.37585,0.43681,1.1622,4,23,343.5,0,1.0091
155,2,205,fp16,N,T,62,-606627732,0.00788,0.00756,0.9585,4,675,8.3,0,1.0123
23,12951,3081,fp32,N,N,556,-606604974,0.14238,0.17026,1.1958,4,59,1131.3,0,1.2107
341,3,29,bf16,N,N,12,-606629829,0.00796,0.00743,0.9336,4,841,3.0,0,0.9037
351,8029,6955,fp32,T,N,519,-606624942,1.32655,1.43276,1.0801,4,8,184.2,0,1.0081
27766,98,18522,bf16,T,N,238,-606630822,1.40643,1.57160,1.1174,4,7,741.6,0,1.1767
884,2335,332,fp32,N,N,556,-606605073,0.05711,0.05636,0.9869,4,158,219.4,0,0.9831
1328,162,1275,bf16,N,N,174,-606629833,0.02936,0.03466,1.1805,4,234,158.7,0,0.9145
299,6,1782,fp16,T,N,78,-606602890,0.02531,0.06902,2.7276,4,95,43.2,0,1.0061
26,18150,4,fp32,T,T,82,-606620815,0.00856,0.01472,1.7204,4,490,254.6,0,0.9825
631,4437,262,fp16,T,N,245,-606622954,0.03250,0.14743,4.5362,4,64,426.3,0,1.0640
35,6299,448,fp16,T,N,245,-606602902,0.01907,0.06081,3.1884,4,140,343.8,0,0.9092
3459,28,3,fp16,T,N,382,-606622870,0.00824,0.00767,0.9311,4,972,49.6,0,0.9873
1388,1,6342,fp16,N,T,71,-9,0.02818,0.04299,1.5252,4,216,625.3,0,0.9978
4,2,8967,fp16,N,N,48,-606624224,0.09224,0.09223,0.9999,4,80,1.2,0,0.9915
23,2,16322,fp16,T,N,59,-549,0.06067,1.87399,30.8888,4,6,13.5,0,0.8718
3704,17666,22714,fp16,N,N,98,-606624185,25.86373,26.22410,1.0139,4,5,47.7,0,1.0494
1,3,9,fp32,N,N,330,-9,0.00371,0.00728,1.9584,4,881,0.0,0,1.0049
90,2,3,fp16,T,T,53,-376,0.00722,0.00744,1.0307,4,1072,0.2,0,0.9972
10354,235,43,fp16,N,N,94,-606624259,0.02332,0.03215,1.3790,4,271,456.5,0,1.0092
1022,21,1988,fp16,N,N,103,-606603283,0.01510,0.05172,3.4259,4,159,280.4,0,0.9810
25,42,25413,fp16,T,N,259,-606622882,0.03339,0.03339,0.9998,4,228,102.1,0,0.9765
2847,1048,2268,bf16,N,T,203,-606623180,0.15420,0.17363,1.1260,4,57,192.0,0,1.0575
53,9353,454,fp32,N,T,612,-606618400,0.03291,0.03670,1.1152,4,242,579.2,0,0.9737
15,5,172,fp16,T,T,53,-606629622,0.00737,0.02304,3.1261,4,280,1.0,0,0.9733
14,2,3,bf16,T,N,19,-606605476,0.00687,0.00717,1.0433,4,1097,0.0,0,1.0051
33,7,192,bf16,T,T,39,-606619899,0.00828,0.00760,0.9173,4,673,2.0,0,1.0089
11315,2022,4944,fp16,T,T,88,-606629620,2.43174,13.77102,5.6630,4,5,91.9,0,1.1374
5,53,4168,fp16,N,N,99,-606624108,0.01444,0.01211,0.8391,4,447,33.6,0,0.8884
1189,631,837,fp32,N,T,612,-606602164,0.05199,0.06768,1.3019,4,144,174.9,0,1.1161
108,156,3823,fp32,T,N,539,-606603897,0.03160,0.08186,2.5904,4,111,129.9,0,0.8967
8,4580,3165,fp32,T,T,82,-606620820,0.08476,0.20395,2.4061,4,49,687.0,0,1.0528
3187,8,473,fp32,T,N,525,-606624665,0.01090,0.01620,1.4864,4,480,564.1,0,0.9545
19,18,118,bf16,N,T,57,-606623167,0.00785,0.00852,1.0850,4,605,1.3,0,0.9872
53,3,174,bf16,N,T,57,-606623200,0.00782,0.00734,0.9387,4,763,2.6,0,1.0032
361,1,6925,bf16,N,T,65,-9,0.01441,0.10091,7.0042,4,96,348.1,0,1.0099
5,6,13321,bf16,N,N,33,-606605228,0.13621,0.13786,1.0121,4,45,2.2,0,0.9917
4,1397,31984,bf16,N,N,176,-606605266,0.13675,0.19018,1.3908,4,51,655.5,0,1.0054
17,22296,25,fp16,T,T,53,-606629613,0.00953,0.01165,1.2225,4,613,276.3,0,1.0089
7,980,256,bf16,N,T,57,-606623135,0.00739,0.00767,1.0373,4,1054,72.1,0,0.9936
71,2694,27474,fp32,N,N,556,-606628008,0.66867,0.74339,1.1117,4,14,455.6,0,1.1334
127,14,3131,fp32,N,N,556,-606628038,0.02189,0.04862,2.2210,4,180,81.0,0,0.8961
3,123,1925,fp16,T,N,55,-548,0.02082,0.21207,10.1850,4,39,23.4,0,1.0071
2,10502,10,fp16,T,T,60,-606629555,0.00826,0.00882,1.0682,4,713,35.6,0,1.0086
1976,52,9729,fp16,N,N,232,-606603403,0.09040,0.20995,2.3224,4,49,441.0,0,1.0112
10,16,4,bf16,N,N,388,-606605168,0.00774,0.00756,0.9756,4,1048,0.1,0,1.0014
3,337,2,fp16,T,N,49,-606603020,0.00827,0.00771,0.9319,4,1003,0.7,0,1.0105
6320,85,19,bf16,T,N,231,-606605480,0.00835,0.01283,1.5363,4,552,286.5,0,1.0121
76,100,7,fp16,N,T,62,-606627721,0.00755,0.00789,1.0456,4,1036,4.4,0,1.0447
10,32,315,bf16,T,T,39,-606619917,0.00917,0.00872,0.9503,4,493,3.0,0,1.0079
2195,1,3691,bf16,N,T,63,-9,0.02708,0.03152,1.1641,4,282,599.0,0,1.0106
16219,22785,576,bf16,N,T,57,-606623140,4.38768,4.38391,0.9991,4,5,347.1,0,1.0019
16122,7171,5933,fp16,N,N,94,-606624250,12.76665,13.19016,1.0332,4,5,57.9,0,1.0498
4,6,5,bf16,N,T,57,-606623167,0.00774,0.00765,0.9884,4,1084,0.0,0,0.9673
2,8,1,bf16,T,T,4,-356,0.00797,0.00825,1.0351,4,1078,0.0,0,0.9981
55,615,66,fp16,T,T,53,-606629613,0.00794,0.01049,1.3205,4,447,28.2,0,0.9955
8,4815,1,fp16,T,T,53,-377,0.00821,0.00762,0.9285,4,993,20.0,0,0.9959
4338,3,3,bf16,T,T,39,-606619917,0.00848,0.00758,0.8947,4,809,9.2,0,1.0062
20237,3995,13768,bf16,N,N,166,-606605354,17.59303,19.80403,1.1257,4,5,56.3,0,1.0720
2226,415,59,fp32,N,N,556,-606627926,0.01079,0.01525,1.4132,4,505,400.2,0,0.9656
12068,19,15310,bf16,N,N,176,-606605266,0.44804,0.79303,1.7700,4,13,828.1,0,1.0283
8,7,38,bf16,N,N,27,-606629829,0.00791,0.00724,0.9159,4,865,0.2,0,0.9839
68,8807,197,fp16,N,T,62,-606604838,0.01682,0.02800,1.6642,4,307,350.2,0,0.9953
31383,4452,1,fp16,T,T,53,-377,0.50567,1.77791,3.5159,4,6,1105.3,0,0.9909
24933,62,62,bf16,N,N,166,-606605269,0.02136,0.02655,1.2431,4,324,434.6,0,1.0131
12966,1659,88,fp32,N,T,612,-606602192,0.17352,0.21226,1.2232,4,48,525.5,0,1.1144
132,9015,147,bf16,N,N,166,-606629829,0.01948,0.01947,0.9997,4,387,382.4,0,0.9042
23,4,425,bf16,T,T,39,-606619899,0.01075,0.01011,0.9404,4,445,2.2,0,0.9855
4,1841,1,fp32,T,N,519,-606624723,0.00758,0.00783,1.0327,4,1048,4.9,0,1.0036
4752,1315,4606,fp16,N,N,94,-606603426,0.70218,0.79828,1.1369,4,13,115.2,0,1.0627
2078,7511,538,fp16,N,N,94,-606603427,0.23504,0.25057,1.0661,4,39,309.5,0,0.9635
13224,3,1,bf16,N,T,57,-606623200,0.00796,0.00767,0.9632,4,816,23.2,0,1.0114
220,5081,982,bf16,N,T,62,-606623161,0.05483,0.07880,1.4372,4,120,271.4,0,1.0044
11,1014,8,fp16,T,T,88,-606629571,0.00845,0.00775,0.9176,4,877,7.2,0,0.9731
5,2,3168,fp32,T,N,212,-606624704,0.03512,0.06372,1.8145,4,126,2.5,0,0.9801
38,8019,68,fp32,T,N,519,-606603998,0.00786,0.00838,1.0665,4,766,433.9,0,1.0084
1,186,25086,bf16,T,T,4,-356,0.04078,0.04089,1.0028,4,231,230.1,0,0.9992
47,1,41,bf16,T,N,3,-144,0.00465,0.00435,0.9349,4,1195,0.9,0,1.0074
290,45,2159,fp16,T,N,255,-606622839,0.01324,0.06549,4.9455,4,124,113.2,0,1.0140
88,7,329,fp32,N,T,612,-606601934,0.00829,0.00754,0.9095,4,763,15.4,0,0.9857
7,69,5231,bf16,T,T,4,-354,0.27869,0.49313,1.7695,4,18,2.9,0,0.9952
10,70,1,fp16,N,N,98,-606603341,0.00719,0.00766,1.0658,4,1060,0.4,0,0.9922
2,15,4,fp16,N,T,62,-606604842,0.00698,0.00720,1.0320,4,1117,0.0,0,1.0005
5,876,4455,bf16,T,N,110,-606605451,0.01515,0.01716,1.1323,4,398,519.2,0,1.0023
203,494,365,fp16,T,T,53,-606629612,0.00973,0.04048,4.1584,4,175,93.5,0,0.9966
39,24127,1222,fp32,N,N,556,-606628035,0.14443,0.15953,1.1046,4,65,843.9,0,1.2073
12339,1835,565,fp16,N,N,90,-606624259,0.35993,0.37208,1.0338,4,26,296.1,0,0.9810
147,1734,4718,fp16,N,N,101,-606624235,0.08211,0.15153,1.8454,4,59,228.6,0,0.8839
14,4272,3,fp32,N,T,614,-606618330,0.00688,0.00724,1.0516,4,1014,42.2,0,0.9791
358,5059,3,fp16,T,T,53,-606629592,0.01108,0.01114,1.0050,4,619,656.6,0,1.0315
543,454,23778,fp32,N,T,612,-606602204,0.46227,0.67100,1.4515,4,15,207.3,0,1.0516
522,11509,50,bf16,N,N,166,-606629868,0.04738,0.04884,1.0310,4,176,532.6,0,0.9038
20,3,9559,fp32,N,T,612,-606618433,0.05876,0.13270,2.2583,4,45,15.0,0,1.0020
1666,9,605,bf16,N,N,166,-606629876,0.01314,0.02686,2.0445,4,293,158.9,0,1.0060
57,2,36,bf16,N,T,57,-606603185,0.00775,0.00763,0.9834,4,1019,0.6,0,1.0010
12,14,12,bf16,N,N,166,-606605303,0.00779,0.00764,0.9812,4,841,0.2,0,1.0035
5082,2,1,bf16,T,T,39,-606619917,0.00805,0.00747,0.9269,4,849,6.3,0,1.0033
2749,24528,64,bf16,T,N,441,-606630754,0.31926,0.36694,1.1494,4,27,855.7,0,1.0035
10,7,2103,fp32,N,T,612,-606602200,0.01601,0.03134,1.9580,4,190,9.0,0,1.0024
8102,285,10256,fp32,N,N,556,-606604997,1.45993,1.97534,1.3530,4,5,242.0,0,1.0141
4,107,3615,fp16,N,T,68,-606627654,0.01901,0.01912,1.0056,4,296,42.3,0,0.9927
1,1039,125,bf16,T,N,4,-9,0.00610,0.01169,1.9179,4,426,43.3,0,1.0066
12366,197,16,bf16,N,T,57,-606603193,0.02095,0.03138,1.4974,4,263,484.2,0,1.0136
283,6,911,fp32,N,T,612,-606618431,0.01021,0.01098,1.0755,4,510,103.8,0,1.0003
6,254,67,fp16,N,T,62,-606627724,0.00806,0.00753,0.9341,4,993,5.1,0,1.0014
129,5693,2,fp16,T,T,53,-606629597,0.00944,0.00881,0.9327,4,841,313.6,0,0.9997
557,101,91,bf16,N,T,57,-606623200,0.00812,0.00764,0.9405,4,697,42.4,0,1.0178
1,745,2,fp32,T,N,131,-606624792,0.00803,0.00811,1.0105,4,1117,1.1,0,1.0000
358,3296,47,fp16,N,T,227,-606604854,0.01013,0.00987,0.9743,4,673,499.6,0,1.0530
3,1977,14375,bf16,T,T,4,-354,0.94147,1.55555,1.6523,4,7,60.5,0,0.9382
8,43,1093,fp16,T,T,53,-606629613,0.01917,0.13203,6.8880,4,69,5.9,0,0.9852
14,3,22101,fp32,N,T,612,-606602200,0.14981,0.44888,2.9964,4,22,10.0,0,0.9814
10452,47,1483,bf16,N,N,174,-606605257,0.05928,0.08920,1.5047,4,108,558.4,0,1.0242
4178,13,5,bf16,N,N,166,-606629829,0.00761,0.00739,0.9705,4,977,34.1,0,0.9706
31,1321,9122,fp16,N,T,70,-606604758,0.06181,0.06930,1.1212,4,128,401.7,0,0.9827
25419,653,2,bf16,T,N,231,-144,0.06743,0.15892,2.3569,4,59,986.2,0,1.0002
1,170,35,fp16,T,T,23,-606629598,0.00448,0.00419,0.9345,4,1603,2.8,0,1.0039
2,11834,28,fp32,N,N,556,-606605048,0.00812,0.00749,0.9224,4,998,174.9,0,1.0039
3611,258,6054,fp16,N,T,68,-606604779,0.21942,0.24118,1.0992,4,41,230.5,0,1.0028
283,10392,3608,bf16,N,T,203,-606603146,0.25220,0.57196,2.2679,4,18,352.1,0,1.0646
7525,10,1,fp32,T,N,519,-606624741,0.00703,0.00758,1.0781,4,1054,47.1,0,0.9471
631,10358,226,fp32,T,N,519,-606603944,0.11188,0.11136,0.9954,4,86,322.5,0,0.9181
7,7981,4,fp16,T,T,36,-606629600,0.00732,0.00743,1.0147,4,885,39.3,0,0.9626
88,2240,3310,bf16,N,T,212,-606603213,0.04372,0.09545,2.1829,4,102,370.5,0,1.0039
419,2,14,fp16,T,T,88,-606629568,0.00701,0.00742,1.0592,4,724,2.2,0,0.9874
38,2,32758,bf16,N,N,18,-606629879,0.47743,0.47385,0.9925,4,21,5.5,0,1.0028
1,12,1161,bf16,T,N,8,-9,0.01131,0.03367,2.9763,4,189,2.7,0,1.0021
22,26,14,fp32,T,N,519,-606624797,0.00691,0.00725,1.0489,4,1078,0.7,0,1.0027
484,10,12,fp16,N,N,98,-606624101,0.00700,0.00745,1.0653,4,722,4.5,0,1.0081
3,50,10186,bf16,N,T,64,-606603222,0.01184,0.09179,7.7536,4,66,91.3,0,1.0023
28828,3447,108,bf16,T,N,231,-606630855,0.65958,0.65850,0.9984,4,16,613.2,0,1.0381
234,10,3244,bf16,N,T,62,-606623168,0.02242,0.02227,0.9934,4,313,71.0,0,0.9473
6,1,108,fp32,T,T,83,-9,0.00480,0.00744,1.5501,4,590,0.6,0,0.9936
28330,2,445,fp32,T,N,212,-606624741,0.04501,0.12601,2.7997,4,77,1125.5,0,1.0083
3,1022,14,bf16,T,T,4,-357,0.00865,0.00784,0.9067,4,957,4.7,0,0.9978
332,5,1724,fp16,T,N,78,-606602890,0.02608,0.06717,2.5753,4,99,44.8,0,1.0135
1227,2,2,bf16,N,T,57,-606623200,0.00776,0.00767,0.9879,4,1048,1.9,0,1.0149
6,29,2,fp16,N,N,94,-606624070,0.00831,0.00809,0.9743,4,1048,0.1,0,1.0139
7939,29917,29,bf16,N,T,57,-606623173,1.36797,1.81412,1.3261,4,6,696.1,0,1.0187
15149,114,3665,bf16,N,N,174,-606629889,0.20734,0.21770,1.0500,4,47,572.9,0,1.1079
9300,5803,2038,fp16,T,N,245,-606603078,1.88068,1.97409,1.0497,4,5,147.5,0,0.9004
20268,171,67,bf16,T,N,231,-606605537,0.03285,0.03572,1.0874,4,214,505.4,0,1.0088
14,699,4156,fp16,N,N,103,-606624108,0.01737,0.04364,2.5129,4,214,343.5,0,1.0022
4371,22,26,fp16,T,T,88,-606629555,0.00760,0.00745,0.9797,4,853,80.6,0,0.9881
29,35,574,fp32,N,T,612,-606618106,0.00772,0.01580,2.0471,4,343,19.6,0,1.0073
311,11,31263,fp16,T,N,259,-606603003,0.04875,0.04871,0.9992,4,173,413.3,0,1.0105
24,3,9640,bf16,T,T,39,-606619899,0.13508,0.13866,1.0265,4,44,3.9,0,1.0180
242,41,1907,fp16,N,T,68,-606627650,0.01653,0.01687,1.0204,4,411,67.7,0,0.9865
1184,18,3,fp32,T,T,82,-606620755,0.00813,0.00727,0.8952,4,816,12.3,0,0.9826
54,1057,24,fp16,T,N,245,-606622900,0.00848,0.00794,0.9369,4,567,33.2,0,1.0070
2435,81,528,fp16,T,N,245,-606622752,0.01758,0.07003,3.9834,4,135,196.0,0,1.0115
13788,89,729,fp32,N,N,556,-606627818,0.09850,0.11646,1.1824,4,88,460.6,0,1.1557
13807,27,58,fp32,T,T,82,-606620815,0.01258,0.01640,1.3039,4,449,373.7,0,0.8750
23,13695,4,fp32,T,T,82,-606620814,0.00731,0.01295,1.7708,4,530,202.3,0,0.9861
354,77,5,bf16,N,T,57,-606603186,0.00700,0.00722,1.0317,4,1072,16.2,0,0.9747
146,2,4,fp16,T,T,88,-606629560,0.00714,0.00761,1.0659,4,920,0.3,0,0.9913
1801,3,153,fp32,N,T,612,-606601889,0.00683,0.00712,1.0430,4,972,164.9,0,0.9955
1224,12096,130,bf16,T,T,39,-606619906,0.10450,0.12143,1.1620,4,79,599.9,0,0.9978
13790,29,243,fp32,T,N,519,-606624905,0.01728,0.02859,1.6551,4,308,870.1,0,1.0197
4,2,15,fp16,T,T,36,-374,0.00719,0.00725,1.0090,4,834,0.0,0,0.9842
43,22676,4,bf16,N,T,57,-613,0.01008,0.02070,2.0528,4,389,404.8,0,1.0108
409,3,143,fp32,T,T,82,-606620797,0.00811,0.00877,1.0810,4,549,29.7,0,1.0024
21,11,51,bf16,N,N,166,-606629958,0.00683,0.00704,1.0295,4,769,0.6,0,1.0087
23,4365,207,fp32,T,T,82,-606620797,0.01202,0.01867,1.5527,4,436,335.5,0,1.0119
4,4,9548,fp32,N,N,564,-606627927,0.02004,0.01971,0.9836,4,338,15.3,0,1.0072
4495,11,11705,fp16,N,N,99,-606624108,0.13979,0.58967,4.2183,4,17,756.0,0,1.0114
1,2386,4,bf16,N,N,167,-9,0.00479,0.00736,1.5350,4,1003,6.0,0,1.0046
2742,12,249,fp16,N,N,223,-606624077,0.00851,0.03408,4.0055,4,259,176.7,0,1.0073
1779,2,15462,fp16,N,N,42,-606603392,0.22922,0.22871,0.9978,4,44,240.3,0,1.0054
2400,2348,369,bf16,T,N,332,-606605603,0.06566,0.12538,1.9095,4,76,396.7,0,0.9993
131,22639,20565,bf16,N,T,57,-606623199,1.84288,2.68429,1.4566,4,5,514.6,0,1.0182
53,6157,56,fp32,N,T,612,-606601989,0.00819,0.00767,0.9371,4,809,329.4,0,0.9887
3,90,3419,fp16,N,N,101,-606624108,0.01471,0.01252,0.8514,4,478,43.3,0,1.0020
612,3,381,bf16,N,N,12,-606629829,0.00947,0.00947,0.9994,4,518,50.2,0,1.0017
2086,12755,13735,bf16,N,N,166,-606630014,6.66750,10.17166,1.5256,4,5,77.1,0,1.0341
30,3819,15501,bf16,T,N,248,-606630747,0.21198,0.72527,3.4214,4,13,565.1,0,0.9840
301,3925,29588,fp32,T,T,82,-606620799,2.46127,2.38287,0.9681,4,5,205.1,0,1.0127
26767,8558,1,fp16,T,N,245,-606603047,0.76835,2.84945,3.7085,4,5,1192.6,0,1.0054
634,4842,29174,fp16,N,T,62,-606627698,2.46118,4.03995,1.6415,4,5,134.8,0,0.9980
5,8553,411,bf16,N,N,166,-606629913,0.01660,0.01711,1.0307,4,498,434.0,0,1.0095
1183,21,21,fp16,T,T,53,-606629613,0.00719,0.00749,1.0407,4,730,20.8,0,1.0008
4335,3,805,fp16,N,N,40,-606624224,0.02352,0.10467,4.4511,4,92,299.2,0,1.0124
212,192,1,bf16,T,N,441,-606630691,0.00765,0.00737,0.9633,4,611,21.4,0,1.0044
16,9097,4075,fp16,T,T,53,-606629622,0.11652,0.78360,6.7249,4,13,642.4,0,1.0085
2,9334,72,fp16,T,N,49,-606622940,0.00832,0.03943,4.7408,4,216,170.6,0,0.9967
7,3035,225,fp16,T,N,63,-606602890,0.00890,0.03034,3.4097,4,285,163.4,0,1.0055
9,3809,4,bf16,N,T,57,-606623167,0.00829,0.00756,0.9123,4,993,20.2,0,1.0093
147,627,2830,bf16,N,N,176,-606629919,0.02910,0.02903,0.9977,4,261,163.2,0,1.0149
271,14527,9906,bf16,T,N,231,-606630822,0.99582,1.07634,1.0809,4,9,310.2,0,1.0325
37,37,2,fp16,N,N,90,-606624240,0.00828,0.00758,0.9147,4,881,0.7,0,0.9773
21,17429,3,bf16,N,T,57,-609,0.00845,0.01045,1.2360,4,640,185.6,0,1.0109
19101,1345,479,fp16,N,T,62,-606604827,0.41045,0.47673,1.1615,4,21,298.1,0,1.0158
24,30245,15576,fp32,N,N,558,-606605114,1.85361,1.91079,1.0308,4,6,1019.0,0,1.2147
19,1,4,fp32,T,T,83,-9,0.00490,0.00743,1.5187,4,920,0.1,0,0.8406
630,393,16058,fp16,T,N,258,-606622884,0.15246,1.63312,10.7119,4,6,222.0,0,0.9795
321,27,4,fp16,N,T,62,-606604842,0.00839,0.00752,0.8965,4,700,4.5,0,1.0040
6,54,1087,bf16,N,T,62,-606623185,0.01095,0.01102,1.0066,4,462,12.0,0,1.0089
12173,9,3,bf16,T,T,39,-606619899,0.00709,0.00923,1.3011,4,645,72.1,0,0.9064
1387,651,14013,fp32,N,N,556,-606605132,0.99173,1.20929,1.2194,4,9,118.8,0,1.0339
3,27,148,bf16,T,T,4,-354,0.01013,0.01585,1.5650,4,400,0.9,0,0.9750
715,166,405,fp32,T,N,519,-606624704,0.01121,0.01564,1.3947,4,472,169.6,0,1.0050
18445,1,64,fp16,N,T,63,-606627718,0.00828,0.00946,1.1426,4,698,294.0,0,1.0029
1,48,1902,fp32,T,N,131,-9,0.01734,0.03942,2.2738,4,195,21.5,0,1.0073
16,71,47,fp16,T,N,245,-606622868,0.00815,0.00751,0.9214,4,911,1.6,0,0.9913
1088,13,12143,fp32,N,N,558,-606627927,0.05830,0.05798,0.9946,4,140,918.3,0,0.8118
4,184,10,bf16,N,N,388,-606629874,0.00805,0.00775,0.9623,4,1054,0.8,0,1.0007
17,3383,22,fp16,T,T,53,-606629621,0.00861,0.00783,0.9101,4,869,44.1,0,1.0170
145,296,14,bf16,N,N,388,-606605199,0.00795,0.00792,0.9961,4,1036,23.1,0,1.0156
17514,88,16,fp16,N,T,227,-606627751,0.01252,0.01595,1.2738,4,494,537.4,0,1.0002
3,164,305,fp32,T,N,253,-606624713,0.00774,0.00757,0.9770,4,785,26.6,0,0.9953
385,348,1,fp32,N,N,556,-606627846,0.00813,0.00774,0.9523,4,998,66.3,0,1.0139
1562,7,4203,fp16,T,T,53,-606629612,0.07299,0.51020,6.9904,4,20,181.3,0,1.0106
4,102,6546,fp16,T,N,74,-606622882,0.01411,0.01240,0.8787,4,470,98.5,0,0.9983
348,940,99,fp32,T,T,82,-606620798,0.00871,0.01187,1.3624,4,583,208.7,0,1.0016
10511,5,415,fp16,T,N,73,-606602992,0.01902,0.08008,4.2103,4,119,469.9,0,1.0108
4505,3,22508,bf16,T,T,39,-606619899,0.37289,0.74100,1.9872,4,14,544.4,0,0.9657
31,28,2,fp32,N,T,614,-606618319,0.00763,0.00795,1.0419,4,1123,0.5,0,1.0000
27720,132,3993,bf16,N,T,57,-606623124,0.57007,0.58449,1.0253,4,18,415.8,0,1.0062
661,20,132,fp32,T,N,525,-606603819,0.00831,0.00765,0.9197,4,998,49.6,0,1.0140
21319,1957,33,bf16,N,T,57,-606623173,0.30280,0.36517,1.2060,4,27,556.2,0,1.0947
212,8,5278,fp32,N,T,616,-606618431,0.04540,0.07886,1.7370,4,114,102.5,0,0.9087
16,383,471,fp32,T,N,519,-606624713,0.00843,0.01487,1.7644,4,429,92.1,0,1.0023
1,38,4,bf16,N,T,58,-9,0.00466,0.00775,1.6653,4,1031,0.1,0,1.0233
136,7,11,bf16,T,N,35,-606630723,0.00815,0.00777,0.9530,4,865,0.9,0,1.0091
1,8,2316,fp32,T,N,131,-9,0.01825,0.04736,2.5958,4,162,4.6,0,0.9863
780,12256,4498,fp16,T,T,88,-606629611,0.97741,5.19497,5.3150,4,5,159.1,0,1.0353
209,191,63,bf16,T,T,39,-606619899,0.00786,0.00730,0.9293,4,775,26.7,0,0.9773
7,2547,3,fp32,T,T,82,-606620827,0.00694,0.00749,1.0795,4,1025,14.7,0,1.0071
18,181,1,fp16,N,N,94,-606603276,0.00698,0.00957,1.3709,4,467,1.9,0,1.0067
24793,1,1691,fp16,T,N,34,-606602864,0.07046,0.07053,1.0011,4,145,1191.6,0,1.0186
4,2616,355,fp32,T,T,82,-606620815,0.01364,0.02250,1.6499,4,358,275.9,0,0.9977
398,44,3023,fp16,N,N,232,-606624108,0.01419,0.03090,2.1770,4,300,193.2,0,1.0026
65,319,8,bf16,N,N,166,-606629958,0.00692,0.00725,1.0482,4,869,12.9,0,1.0092
184,3,80,fp32,T,T,82,-606620761,0.00706,0.00725,1.0270,4,668,8.8,0,1.0084
8,41,2762,fp32,N,T,612,-606618433,0.01913,0.03920,2.0493,4,135,28.4,0,1.0033
1,3,3,fp16,N,N,36,-9,0.00385,0.00750,1.9463,4,1054,0.0,0,0.9995
24,187,4,bf16,T,T,39,-606619917,0.00718,0.00720,1.0030,4,889,2.7,0,1.0007
6,4,1800,fp16,T,T,71,-606629555,0.06324,0.22244,3.5174,4,43,0.6,0,0.9999
1,248,9271,fp16,N,T,244,-9,0.01671,0.14682,8.7863,4,69,276.4,0,1.0066
7301,304,48,bf16,T,N,441,-606630683,0.01172,0.01553,1.3254,4,502,819.8,0,1.0041
2859,114,40,bf16,T,N,231,-606630713,0.00682,0.00796,1.1673,4,869,226.1,0,0.9858
2,4121,9,fp16,N,T,62,-606627724,0.00714,0.00774,1.0848,4,1009,15.0,0,0.9891
8,8,10,fp16,T,T,88,-606629571,0.00721,0.00760,1.0537,4,881,0.1,0,1.0026
30,31311,3428,bf16,N,N,176,-606605209,0.26248,0.26847,1.0228,4,37,832.9,0,1.0113
695,4,2170,fp16,N,N,120,-606624087,0.02361,0.06796,2.8789,4,129,129.0,0,0.9944
3,1043,26,fp32,T,N,253,-606603848,0.00699,0.00741,1.0594,4,1066,17.3,0,0.9988
20,1,349,fp32,N,N,203,-606627933,0.00379,0.00379,0.9988,4,1465,7.8,0,0.9997
4,5,408,fp32,N,T,612,-606618108,0.00688,0.00706,1.0266,4,603,2.1,0,1.0028
2942,14,3,fp32,N,T,612,-606602087,0.00700,0.00736,1.0518,4,993,28.6,0,1.0101
9875,2329,5,fp16,N,N,90,-566,0.09182,0.12560,1.3679,4,78,1003.3,0,1.0072
7,3267,757,bf16,N,T,57,-606603186,0.01414,0.01560,1.1034,4,516,357.1,0,0.9894
8997,6,113,fp16,T,T,53,-606629612,0.00886,0.02077,2.3435,4,393,253.9,0,0.9924
32087,3,24,fp16,N,T,62,-606627724,0.00776,0.02839,3.6591,4,293,248.2,0,0.9843
210,3,2,bf16,T,N,19,-606630723,0.00697,0.00750,1.0763,4,893,0.5,0,0.9804
18,81,1398,bf16,N,N,174,-606629873,0.01485,0.01485,1.0000,4,381,19.0,0,1.0052
7162,84,6,bf16,T,T,39,-606619917,0.00762,0.00959,1.2577,4,647,327.0,0,1.0104
17,3,31,fp16,T,T,53,-606629613,0.00719,0.00814,1.1321,4,506,0.2,0,0.9844
7324,1,102,fp16,T,T,54,-606629593,0.00668,0.00669,1.0008,4,1054,228.0,0,1.0012
14205,21,15,fp32,N,T,612,-606601984,0.00717,0.00939,1.3084,4,722,285.3,0,1.0013
16,43,1067,bf16,T,T,39,-606619899,0.01855,0.01855,0.9999,4,311,6.9,0,0.9881
826,250,4,fp32,N,T,612,-606618239,0.00698,0.00733,1.0492,4,967,120.7,0,1.0011
1,334,15052,fp32,N,T,613,-9,0.02975,0.65798,22.1166,4,15,678.0,0,1.0069
1943,4171,19403,fp16,T,N,245,-606623001,3.15397,7.67739,2.4342,4,5,85.5,0,1.1133
2115,19,1316,bf16,T,T,39,-606619899,0.02695,0.02695,1.0000,4,312,214.4,0,0.9543
1480,17,3,fp16,T,N,245,-606602969,0.00811,0.00779,0.9605,4,993,13.5,0,1.0029
7,812,43,fp32,T,N,525,-606624741,0.00776,0.00801,1.0315,4,1060,21.1,0,1.0247
16445,20,18,fp32,T,T,82,-606620814,0.00982,0.01201,1.2232,4,574,254.6,0,0.9832
6,2,6,fp32,T,T,82,-606620797,0.00810,0.00826,1.0193,4,1097,0.0,0,1.0069
40,51,54,fp16,N,T,62,-606604842,0.00829,0.00744,0.8975,4,993,2.2,0,1.0098
504,5,12512,fp32,T,T,82,-606620829,0.26235,0.26144,0.9965,4,37,97.1,0,1.0060
154,3870,4753,bf16,N,N,176,-606629914,0.14327,0.20612,1.4387,4,47,283.6,0,1.0066
15,4997,2727,fp16,T,T,53,-606629612,0.05725,0.34643,6.0513,4,29,482.7,0,0.9965
3,507,25,fp16,N,N,90,-606603411,0.00714,0.00716,1.0031,4,881,4.4,0,1.0031
11,2100,3278,fp16,N,T,68,-606604761,0.03056,0.03111,1.0181,4,297,455.9,0,1.0124
232,30915,1936,bf16,T,T,39,-606619925,0.32756,0.33308,1.0169,4,29,455.8,0,1.0827
3778,19,6700,fp32,T,T,82,-606620820,0.15711,0.35082,2.2329,4,29,649.5,0,0.9642
939,5691,264,fp16,T,N,245,-606603068,0.06908,0.27035,3.9133,4,38,360.1,0,1.0938
188,31,255,fp16,N,T,62,-606627732,0.00691,0.00928,1.3436,4,560,19.5,0,0.9232
14013,126,63,bf16,T,N,231,-606630713,0.02122,0.02920,1.3761,4,295,416.7,0,1.0111
51,2,5,fp32,T,T,82,-606620815,0.00695,0.00750,1.0792,4,889,0.2,0,1.0113
117,26,24635,fp32,T,T,82,-606620798,0.52750,0.52756,1.0001,4,19,26.7,0,0.9995
104,164,491,bf16,N,T,57,-606603205,0.00807,0.01066,1.3220,4,581,41.1,0,1.0031
1791,12,20408,bf16,N,N,283,-606629919,0.08871,0.36758,4.1437,4,27,830.6,0,1.0089
2259,6119,98,fp16,T,T,53,-606629613,0.20314,0.22739,1.1194,4,42,280.3,0,0.9710
3,50,93,fp32,T,T,15,-606620754,0.00782,0.00771,0.9858,4,692,2.6,0,1.0056
1,293,23,bf16,N,N,167,-9,0.00462,0.00767,1.6582,4,795,3.2,0,1.0141
3,10218,109,bf16,T,N,17,-606630723,0.00921,0.00943,1.0241,4,733,255.3,0,1.0106
4889,87,7538,fp32,T,N,519,-606604043,0.27939,0.36328,1.3003,4,28,543.1,0,1.1205
61,860,3,fp32,T,N,525,-606624753,0.00753,0.00793,1.0523,4,1054,29.3,0,0.9099
162,2642,23,fp16,N,T,62,-606604834,0.00832,0.00820,0.9852,4,869,221.3,0,1.0038
7504,286,266,fp16,N,T,62,-606627668,0.04101,0.04100,0.9999,4,220,310.4,0,1.0032
667,5128,6,fp16,T,T,88,-606629553,0.01675,0.01725,1.0297,4,465,820.8,0,1.0079
27,13483,1,bf16,N,N,166,-606629829,0.00836,0.00777,0.9297,4,788,177.5,0,1.0028
494,23221,3,fp32,N,N,556,-606627764,0.04388,0.06247,1.4234,4,151,1052.1,0,1.0026
3,116,95,bf16,T,T,4,-354,0.00907,0.01101,1.2149,4,560,2.6,0,1.0029
249,35,10,fp32,T,N,519,-606624744,0.00842,0.00755,0.8975,4,705,5.5,0,1.0032
4,39,51,fp16,N,N,94,-606624101,0.00779,0.00990,1.2714,4,468,0.6,0,1.0005
25,2777,14,fp16,N,T,62,-606604834,0.00769,0.00760,0.9892,4,1019,46.3,0,1.0062
113,8714,1264,fp32,T,T,82,-606620815,0.10422,0.15894,1.5250,4,61,466.0,0,1.0414
2080,44,81,bf16,T,N,332,-606630744,0.00826,0.00742,0.8980,4,987,86.0,0,0.9539
4373,8,49,fp32,N,T,614,-606618330,0.00840,0.00765,0.9107,4,993,118.9,0,1.0092
13,3290,7741,bf16,N,T,64,-606623168,0.06544,0.11805,1.8039,4,84,784.0,0,1.0193
3126,7027,5,bf16,T,N,231,-606605522,0.08423,0.35454,4.2092,4,28,1044.3,0,0.9831
6,3,12,bf16,N,T,57,-606623163,0.00772,0.00767,0.9933,4,1031,0.0,0,0.9668
506,7305,4374,fp32,T,T,82,-606620827,0.98823,1.23652,1.2512,4,8,153.2,0,1.0494
2976,4485,86,fp32,N,N,556,-606604975,0.11098,0.16431,1.4804,4,62,504.2,0,1.1047
2,174,2446,fp16,T,N,55,-548,0.02319,0.26923,11.6095,4,30,37.2,0,0.8897
2520,13,925,fp16,N,T,68,-606604764,0.01539,0.01600,1.0394,4,499,313.0,0,1.0196
7,2671,2,fp16,T,N,63,-606622868,0.00832,0.00767,0.9217,4,982,10.3,0,0.9943
1852,2,8364,fp32,N,N,331,-606627927,0.06928,0.06875,0.9923,4,133,895.5,0,1.0175
7082,514,964,fp16,T,T,88,-606629607,0.11243,0.46448,4.1314,4,20,259.8,0,0.9577
5397,3,6,bf16,N,T,57,-606623219,0.00785,0.00759,0.9667,4,1019,16.5,0,1.0078
2508,209,3689,fp32,T,T,82,-606620796,0.17956,0.25284,1.4081,4,40,235.0,0,1.1720
1,22464,4518,bf16,N,N,426,-9,0.17786,0.28826,1.6207,4,31,1141.8,0,0.9093
2,2545,256,bf16,N,T,57,-606623139,0.00696,0.00748,1.0738,4,1031,190.2,0,0.9404
156,334,16,bf16,N,N,166,-606629958,0.00677,0.00721,1.0663,4,911,33.1,0,0.9876
4,245,2,fp32,N,T,612,-606618306,0.00691,0.00720,1.0431,4,1117,0.9,0,0.9745
2,3,2627,fp32,T,N,201,-606603788,0.02975,0.03230,1.0858,4,209,1.8,0,1.0101
1,30072,7,fp16,N,N,353,-9,0.00390,0.01058,2.7122,4,619,138.8,0,1.0105
1,5826,657,fp16,T,N,31,-606622728,0.01731,0.01738,1.0042,4,493,443.8,0,0.9925
3369,2,1,fp16,T,T,53,-378,0.00731,0.00756,1.0343,4,1042,4.6,0,1.0022
4,929,685,fp16,N,N,94,-606603275,0.01075,0.03248,3.0211,4,208,120.3,0,0.9944
12887,233,476,fp32,T,N,519,-606603890,0.12197,0.12320,1.0100,4,88,303.3,0,1.1837
145,205,31,bf16,N,T,57,-606623167,0.00703,0.00719,1.0223,4,830,20.0,0,0.8542
1803,93,450,fp32,N,T,612,-606618151,0.01292,0.02501,1.9360,4,343,316.1,0,0.9939
22159,5,408,fp32,N,N,556,-606605146,0.04296,0.08339,1.9409,4,115,852.2,0,0.9881
31,3,1,fp32,T,T,82,-606620815,0.00697,0.00737,1.0580,4,1003,0.1,0,0.9969
9415,3561,15,fp16,N,N,90,-606624071,0.15848,0.22379,1.4121,4,45,848.7,0,1.0254
99,88,2020,fp16,T,N,572,-606622757,0.01334,0.04788,3.5893,4,134,59.2,0,1.0047
366,10488,2,bf16,N,T,201,-606603155,0.01931,0.04606,2.3854,4,197,797.5,0,1.0007
495,1079,2715,bf16,N,T,62,-606623132,0.06656,0.06638,0.9972,4,144,160.5,0,1.0083
25252,16,241,fp16,T,T,53,-606629622,0.01990,0.03310,1.6636,4,270,693.3,0,1.0011
2,48,4,bf16,N,N,388,-606605201,0.00700,0.00731,1.0447,4,1078,0.1,0,1.0005
3634,18485,30,bf16,T,T,39,-355,0.62706,1.01394,1.6170,4,10,430.6,0,0.9863
45,13082,19,bf16,T,T,39,-606619899,0.00712,0.01190,1.6712,4,569,400.8,0,0.9923
68,375,826,fp16,N,T,68,-606627734,0.00949,0.01200,1.2641,4,456,87.8,0,0.9821
128,369,404,bf16,T,T,39,-606619899,0.01032,0.01028,0.9970,4,509,57.2,0,0.9808
157,1,85,bf16,T,T,40,-606619931,0.00427,0.00423,0.9906,4,962,6.4,0,0.9935
5,8,815,fp32,N,T,614,-606601893,0.00871,0.00871,0.9999,4,491,4.9,0,0.9894
289,4,5,fp16,N,N,115,-606603375,0.00710,0.00771,1.0859,4,885,1.1,0,0.9859
49,2,54,fp32,N,N,329,-606605144,0.00710,0.00735,1.0354,4,943,1.6,0,0.9802
7,143,15,bf16,T,N,31,-606630808,0.00693,0.00738,1.0639,4,1072,1.2,0,1.0070
13309,1411,8499,bf16,T,N,231,-606630896,2.72134,4.01300,1.4746,4,5,119.5,0,1.1640
9,9671,32,fp32,N,N,556,-606605048,0.00789,0.00740,0.9371,4,845,201.0,0,0.8962
1009,4516,731,fp16,N,N,217,-606603424,0.08770,0.11104,1.2661,4,86,299.9,0,0.9905
80,18094,17,fp32,T,T,82,-606620832,0.01287,0.03181,2.4717,4,272,546.0,0,1.0097
22,54,1419,fp32,N,T,612,-606602200,0.01241,0.01521,1.2250,4,362,35.1,0,0.9934
11,13,2,fp32,N,N,556,-606605032,0.00797,0.00837,1.0498,4,1103,0.1,0,0.9938
73,3,128,fp16,T,T,53,-606629621,0.00868,0.01807,2.0803,4,289,2.3,0,1.0087
4274,9602,88,fp32,N,N,556,-606605059,0.31448,0.40398,1.2846,4,25,537.5,0,1.0743
4,18533,22,fp32,T,N,519,-606603820,0.00810,0.00825,1.0189,4,750,238.1,0,0.9670
5,20623,11236,fp32,T,T,82,-606620823,1.11227,1.12793,1.0141,4,9,833.9,0,1.0967
4,30,5,fp32,T,N,519,-606603825,0.00779,0.00774,0.9947,4,1123,0.1,0,0.9354
29,58,127,fp32,N,N,556,-606627929,0.00819,0.00766,0.9350,4,823,6.2,0,0.9927
8607,3,761,fp16,N,N,35,-606624140,0.02967,0.03753,1.2646,4,229,445.1,0,0.9856
2949,262,29,fp16,N,T,62,-606627728,0.00800,0.01247,1.5581,4,585,409.5,0,0.9967
2762,795,1483,fp32,N,N,556,-606628035,0.22296,0.25432,1.1407,4,39,134.0,0,0.9967
6,605,2338,fp32,N,T,612,-606602200,0.02204,0.03365,1.5268,4,246,259.9,0,0.9971
19,1,6,fp16,T,T,54,-606629607,0.00375,0.00377,1.0044,4,1359,0.1,0,1.0092
56,8345,3867,fp32,T,T,82,-606620791,0.19747,0.47216,2.3910,4,23,667.5,0,1.1086
35,1,200,bf16,T,T,40,-356,0.00450,0.00449,0.9972,4,877,3.2,0,0.9202
3052,82,2565,fp16,T,N,255,-606622912,0.04538,0.07616,1.6781,4,118,376.3,0,0.9112
36,24181,14,bf16,N,N,166,-606629829,0.01155,0.01153,0.9985,4,572,360.2,0,0.9520
954,3,130,bf16,N,N,12,-606605179,0.00670,0.00706,1.0542,4,861,38.9,0,0.9767
15002,1610,6108,bf16,N,T,57,-606603218,3.46857,3.52630,1.0166,4,5,86.4,0,1.1901
1381,39,201,fp32,N,T,612,-606601893,0.00836,0.00738,0.8832,4,924,162.4,0,0.8719
187,28168,1240,fp32,T,T,82,-606620800,0.43628,0.62643,1.4359,4,17,370.7,0,1.1873
73,19209,3148,fp16,T,T,53,-606629620,0.22063,1.20028,5.4403,4,8,575.7,0,0.9444
170,278,1,fp32,N,N,556,-606627940,0.00809,0.00766,0.9467,4,1054,23.6,0,0.8912
25685,2547,32,fp16,T,T,53,-606629590,0.40496,1.01039,2.4950,4,10,650.6,0,1.0107
3,42,72,fp32,N,N,556,-606605144,0.00816,0.00762,0.9332,4,933,1.6,0,0.9982
3110,14893,3,bf16,T,N,231,-606630771,0.17083,0.29548,1.7297,4,32,1085.2,0,0.9931
3,1,82,fp16,N,T,63,-9,0.00451,0.00744,1.6499,4,962,0.1,0,1.0043
2004,169,129,bf16,N,T,57,-606623163,0.00891,0.01403,1.5744,4,517,215.0,0,1.0031
24150,885,3488,bf16,N,T,57,-606623161,1.45141,1.34481,0.9266,4,8,179.2,0,1.1970
121,6,13329,fp32,N,T,612,-606618431,0.09805,0.22731,2.3183,4,45,69.1,0,0.8548
224,242,851,fp32,T,T,82,-606620815,0.02418,0.03299,1.3643,4,240,74.6,0,0.9832
10,17601,31985,fp16,T,T,53,-606629612,1.45208,7.64695,5.2662,4,5,776.3,0,1.1223
99,2630,31,bf16,N,N,166,-606605261,0.00815,0.00753,0.9246,4,792,148.6,0,0.8836
3,66,7,fp16,T,T,36,-374,0.00867,0.00798,0.9209,4,898,0.2,0,0.9905
375,9,1298,bf16,N,N,174,-606605223,0.01520,0.01517,0.9979,4,403,66.5,0,0.9840
394,2,2452,fp32,T,T,82,-606620814,0.05745,0.13522,2.3539,4,73,67.7,0,1.0093
11,1777,726,bf16,N,N,166,-606605226,0.01376,0.01364,0.9912,4,557,194.4,0,0.9849
4,8644,1,bf16,T,N,96,-606630687,0.00764,0.00784,1.0264,4,1066,20.4,0,0.9742
50,35,1716,bf16,N,T,62,-606603156,0.01348,0.01346,0.9985,4,435,22.2,0,0.9931
3803,8214,310,fp32,T,N,519,-606624866,0.63061,0.65164,1.0333,4,17,221.8,0,1.1599
1857,4823,25,bf16,T,T,39,-355,0.08312,0.13255,1.5947,4,72,435.0,0,0.8758
42,2400,3,fp16,T,N,513,-606622870,0.00822,0.00779,0.9485,4,1036,50.9,0,1.0241
229,6,9627,fp16,T,N,84,-606603003,0.01799,0.01728,0.9604,4,388,251.7,0,1.0055
2979,1612,3375,fp32,T,N,525,-606624864,1.08810,1.13577,1.0438,4,10,74.6,0,1.1019
469,3950,202,bf16,N,T,57,-606603181,0.02980,0.03610,1.2115,4,232,308.6,0,0.9279
6,2772,21,bf16,N,N,273,-606605224,0.00760,0.00723,0.9508,4,819,24.1,0,0.8300
10145,401,13136,fp16,T,N,245,-606603106,1.27656,10.46733,8.1997,4,5,229.8,0,1.0200
883,20,38,fp16,T,T,88,-606629566,0.00714,0.00779,1.0916,4,574,19.5,0,0.9609
8,2446,2,fp16,T,T,88,-606629555,0.00719,0.00757,1.0524,4,1025,12.2,0,1.0015
2,286,69,fp32,N,T,612,-606618251,0.00715,0.00729,1.0195,4,967,11.4,0,1.0041
3104,444,33,fp32,N,N,562,-606627834,0.01139,0.01418,1.2449,4,542,525.2,0,1.0368
10557,14,4501,bf16,T,T,39,-606619899,0.12017,0.16363,1.3617,4,59,796.8,0,1.0127
32731,2,18,fp32,N,N,329,-606627865,0.00701,0.01280,1.8272,4,572,373.8,0,0.9156
11,1902,7,fp32,T,N,519,-606624792,0.00698,0.00738,1.0581,4,1054,19.7,0,0.9771
714,6771,13265,fp32,T,T,82,-606620792,4.38377,4.31727,0.9848,4,5,95.0,0,1.1045
433,2,344,fp32,N,N,329,-606605146,0.00815,0.00752,0.9229,4,841,73.9,0,0.9060
26,837,1075,bf16,T,N,238,-606630790,0.01675,0.01673,0.9990,4,469,116.0,0,0.9942
2,532,3,bf16,T,N,54,-606630687,0.00793,0.00815,1.0279,4,1103,0.9,0,0.9879
1062,16,13,fp32,T,N,525,-606603849,0.00782,0.00771,0.9858,4,1031,15.9,0,0.9845
2735,177,3324,bf16,N,N,176,-606605290,0.08708,0.20466,2.3504,4,48,244.6,0,0.9921
27626,6,103,bf16,N,N,27,-606629829,0.01831,0.02229,1.2177,4,379,347.1,0,1.0003
1,71,3381,bf16,T,T,4,-356,0.00568,0.00548,0.9640,4,889,85.8,0,1.0001
1,6,3921,bf16,N,N,34,-9,0.03100,0.04367,1.4087,4,122,1.8,0,1.0008
1225,11866,24,fp32,T,N,519,-606603887,0.07595,0.11359,1.4956,4,85,782.1,0,1.0190
112,7,26,fp32,N,T,612,-606602081,0.00831,0.00755,0.9082,4,861,1.9,0,0.9868
4,96,1,bf16,T,N,159,-606605444,0.00766,0.00796,1.0391,4,1110,0.2,0,1.0011
8,8456,2,fp32,T,T,82,-606620755,0.00791,0.00719,0.9080,4,845,42.7,0,0.9836
9,351,147,fp16,N,T,62,-606604849,0.00850,0.00790,0.9298,4,727,13.9,0,0.9989
57,1381,2684,fp16,N,N,99,-606624108,0.02992,0.03256,1.0886,4,273,268.6,0,1.0132
44,17,75,fp16,T,N,245,-606603020,0.00823,0.00757,0.9199,4,911,1.5,0,0.9664
354,320,1292,fp16,N,T,239,-606604866,0.01663,0.02747,1.6517,4,306,131.9,0,0.9962
35,121,1183,fp32,N,N,556,-606605147,0.00771,0.01260,1.6350,4,439,98.0,0,0.9999
18,6775,10,fp32,N,N,556,-606605049,0.00810,0.00743,0.9178,4,938,93.8,0,0.9883
273,171,4992,fp32,T,T,82,-606620820,0.11041,0.28691,2.5985,4,36,82.0,0,0.9923
2,49,4,fp16,N,T,62,-606627732,0.00770,0.00793,1.0290,4,1084,0.1,0,0.9929
4427,2288,3104,fp16,N,T,227,-606627713,0.58304,0.60526,1.0381,4,18,141.0,0,1.0972
583,18,2,fp32,N,N,556,-606627903,0.00778,0.00784,1.0078,4,1117,6.0,0,0.9416
41,10926,18468,fp16,N,N,101,-606603383,0.45137,0.66551,1.4744,4,16,901.4,0,1.0949
31116,534,13,fp32,N,T,612,-606618239,0.06521,0.10777,1.6527,4,90,1044.4,0,0.9375
1757,964,1065,fp16,N,N,224,-606603304,0.05501,0.05490,0.9980,4,163,228.5,0,1.0043
200,147,226,fp32,T,T,82,-606620798,0.00944,0.01332,1.4101,4,434,45.7,0,1.0067
13,12,8,fp32,T,T,82,-606620828,0.00701,0.00781,1.1136,4,1066,0.2,0,1.0029
10615,45,1389,fp32,T,N,519,-606624681,0.07961,0.07853,0.9864,4,127,768.0,0,1.0981
909,13,5801,fp16,T,N,258,-606603003,0.02052,0.02054,1.0012,4,359,523.7,0,0.9240
3,378,4770,bf16,T,N,27,-153,0.03423,0.21764,6.3580,4,46,106.3,0,0.9844
733,16,21092,fp32,T,T,82,-606620827,0.44401,0.44365,0.9992,4,23,142.4,0,0.9983
879,43,8064,fp16,N,T,70,-606627654,0.04543,0.12022,2.6460,4,77,330.6,0,0.9858
2,10357,3,fp16,N,T,62,-606604828,0.00708,0.00762,1.0764,4,1014,20.5,0,0.9858
20100,172,1,fp16,N,N,223,-606624068,0.01563,0.03046,1.9482,4,288,887.1,0,1.0008
3,29593,28,fp16,N,N,90,-606603313,0.00926,0.02886,3.1147,4,291,217.2,0,0.9749
2502,9,6,fp32,N,N,556,-606627937,0.00717,0.00749,1.0448,4,1048,21.0,0,0.9853
462,3526,1154,bf16,N,N,174,-606629889,0.06596,0.26566,4.0276,4,38,238.3,0,0.9991
1061,124,16,bf16,T,N,332,-606605496,0.00692,0.00730,1.0536,4,1031,81.5,0,1.0013
2152,1743,43,fp16,N,N,94,-606603428,0.02660,0.03195,1.2009,4,268,576.6,0,1.0000
13,230,7273,fp16,N,T,70,-606627643,0.01694,0.05121,3.0233,4,176,209.4,0,0.9801
2,4487,3,fp32,N,T,612,-606618309,0.00698,0.00742,1.0632,4,1054,12.9,0,0.9894
32464,7627,3,fp16,T,T,53,-606629603,1.02586,4.04779,3.9458,4,5,965.7,0,1.0249
8566,8631,2,fp32,T,N,519,-606603809,0.24460,0.32373,1.3235,4,31,1209.6,0,0.9782
49,131,8,fp32,T,N,519,-606603825,0.00697,0.00726,1.0413,4,1091,4.5,0,0.9778
6,3,291,bf16,T,N,19,-606605476,0.00787,0.01004,1.2761,4,457,0.7,0,0.9981
20814,129,83,fp32,N,N,556,-606605032,0.03631,0.03988,1.0983,4,227,487.3,0,1.0257
946,5,184,fp16,T,T,53,-606629621,0.00729,0.02514,3.4482,4,275,50.6,0,0.9799
2,188,19089,fp32,N,T,614,-606618433,0.14092,0.41169,2.9215,4,24,103.0,0,1.0124
5253,4,6,fp32,T,T,82,-606620827,0.00814,0.00769,0.9450,4,982,25.8,0,1.0100
8255,259,13243,bf16,T,T,39,-606619925,0.73561,0.77740,1.0568,4,13,318.2,0,1.0120
11,28599,6,fp16,N,T,62,-520,0.00871,0.02370,2.7195,4,340,183.8,0,1.0100
206,199,151,fp16,N,N,94,-606603275,0.00872,0.01931,2.2132,4,308,32.8,0,1.0073
9,4117,31,fp32,T,N,519,-606624732,0.00805,0.00755,0.9371,4,1025,81.9,0,1.0097
464,2,28,fp32,N,T,612,-606618149,0.00780,0.00765,0.9808,4,1019,7.2,0,1.0028
18714,1,23,fp16,T,N,30,-606602864,0.00453,0.00444,0.9807,4,1195,206.7,0,1.0128
5,56,987,fp16,T,T,36,-374,0.04674,0.11959,2.5587,4,75,2.6,0,0.9926
237,336,1393,fp32,T,T,82,-606620796,0.03628,0.07730,2.1307,4,127,96.8,0,1.0005
40,50,38,bf16,N,T,57,-606623163,0.00723,0.00735,1.0165,4,1014,2.1,0,0.9930
5585,16031,152,fp16,N,N,90,-606603427,0.69613,0.74104,1.0645,4,14,523.9,0,1.0551
32,1933,17687,fp32,T,T,82,-606620827,0.39148,0.39134,0.9997,4,25,355.7,0,0.9421
3,3868,77,fp16,T,T,36,-374,0.00742,0.01217,1.6399,4,494,86.6,0,0.9834
1509,5803,42,fp16,N,T,62,-606627717,0.06291,0.08904,1.4154,4,107,566.6,0,1.0449
22,1,12,fp16,T,T,54,-606629608,0.00382,0.00382,1.0008,4,1369,0.2,0,0.9399
67,212,18,fp16,T,N,382,-606622867,0.00703,0.00726,1.0326,4,1072,9.5,0,0.9967
1,3135,30516,bf16,N,T,65,-606623130,0.19984,0.36358,1.8194,4,28,957.8,0,1.0016
9,973,14793,fp32,N,T,612,-606602200,0.11418,0.65103,5.7016,4,16,509.2,0,1.0033
22,897,2,bf16,T,T,39,-357,0.00830,0.00746,0.8983,4,929,10.0,0,1.0064
713,41,2,fp16,T,N,245,-606602969,0.00822,0.00794,0.9659,4,845,14.6,0,1.0117
40,3,75,fp16,T,T,53,-376,0.00801,0.01511,1.8867,4,331,0.9,0,0.9952
2,1,390,fp32,N,T,613,-9,0.00450,0.00729,1.6177,4,690,1.0,0,0.9976
313,109,534,bf16,N,T,57,-606623167,0.00823,0.01242,1.5099,4,451,71.4,0,1.0089
72,7623,8,fp16,T,N,245,-606603020,0.00855,0.01183,1.3837,4,583,271.2,0,1.0154
3058,2,3,bf16,T,T,39,-606619917,0.00793,0.00754,0.9509,4,972,5.4,0,0.9779
692,314,3597,fp32,T,N,519,-606603991,0.07369,0.09570,1.2987,4,101,208.2,0,1.0105
5934,102,76,fp16,T,N,245,-606622893,0.01109,0.03005,2.7093,4,290,301.0,0,1.0152
29,7,310,bf16,T,N,35,-606605475,0.00848,0.01171,1.3806,4,372,2.7,0,1.0056
30,313,5455,bf16,T,T,39,-606619899,0.09854,0.15328,1.5555,4,65,38.4,0,1.0088
101,232,30723,fp16,T,N,590,-606603004,0.04884,0.04885,1.0003,4,167,420.9,0,1.0038
16200,156,1,fp16,T,T,53,-606629594,0.01242,0.01235,0.9947,4,588,816.6,0,1.0264
18933,11,1,fp32,N,N,556,-606627865,0.00697,0.00745,1.0685,4,798,130.4,0,0.9549
3311,14,8396,fp32,N,N,556,-606628038,0.10700,0.51963,4.8565,4,20,1045.4,0,1.0061
2110,3,2,fp16,N,N,39,-606624140,0.00716,0.00756,1.0560,4,1031,4.7,0,0.9848
17,64,1,bf16,N,N,388,-606629849,0.00707,0.00750,1.0607,4,1078,0.6,0,1.0023
626,5,1,fp16,N,N,55,-606624140,0.00718,0.00739,1.0301,4,920,1.9,0,1.0036
9673,11,43,fp32,N,T,612,-606618251,0.00694,0.01268,1.8277,4,567,301.4,0,1.0046
30,121,2363,bf16,N,N,176,-606605266,0.01198,0.02294,1.9144,4,280,60.8,0,0.9993
1927,6,42,bf16,T,T,39,-606619917,0.00709,0.00717,1.0115,4,938,29.4,0,0.9913
444,14076,11266,bf16,T,N,332,-606630852,1.39644,1.44302,1.0334,4,7,252.2,0,1.1132
6,1141,10,fp32,T,N,519,-606603841,0.00707,0.00727,1.0289,4,1091,10.4,0,0.9275
503,40,407,fp16,T,T,53,-606629622,0.01020,0.04371,4.2865,4,155,51.2,0,1.0049
986,7895,12,fp16,N,N,94,-606624067,0.04238,0.06507,1.5353,4,145,739.7,0,1.0061
23904,1024,21,fp16,N,N,358,-606624117,0.09645,0.09829,1.0191,4,98,1026.0,0,0.9977
93,13437,18268,fp16,N,T,68,-606604822,0.93325,1.01552,1.0882,4,10,535.0,0,1.0037
3,29459,1379,fp32,N,N,556,-606605006,0.13552,0.19241,1.4198,4,47,1201.7,0,0.9997
15087,4393,108,fp16,T,T,53,-606629613,0.85473,0.96379,1.1276,4,10,315.1,0,1.0184
68,1,15,bf16,T,N,3,-149,0.00453,0.00411,0.9073,4,1421,0.5,0,1.0150
3,2795,2586,bf16,T,N,26,-151,0.08231,0.11451,1.3912,4,87,176.2,0,1.0110
51,3,2,fp16,N,N,35,-606624069,0.00821,0.00729,0.8884,4,915,0.1,0,1.0018
296,15344,183,fp16,N,N,358,-606624196,0.04062,0.05914,1.4560,4,158,588.2,0,1.0196
22431,225,87,fp16,T,T,53,-606629621,0.07554,0.08645,1.1444,4,110,319.4,0,1.0067
14703,1207,301,fp16,T,N,245,-606622961,0.20026,0.30723,1.5341,4,33,402.3,0,1.0284
188,39,7,fp32,T,T,82,-606620754,0.00680,0.00704,1.0354,4,881,5.2,0,0.9446
2,1,10142,fp16,N,N,21,-9,0.01525,1.19803,78.5394,4,9,4.0,0,0.9979
31,6676,515,bf16,N,N,273,-606629874,0.01543,0.02403,1.5575,4,362,501.5,0,1.0086
96,210,50,fp16,N,T,62,-606627725,0.00728,0.00754,1.0364,4,1042,15.3,0,0.9791
20528,306,3,fp32,N,N,556,-606634139,0.02726,0.03144,1.1535,4,274,931.0,0,1.0270
3,2841,8606,fp32,T,N,253,-606603884,0.12254,0.13932,1.1370,4,71,799.2,0,0.9992
4198,3175,20191,bf16,N,N,166,-606605263,5.47129,5.78816,1.0579,4,5,64.2,0,0.9960
353,22363,11117,bf16,T,T,39,-606619925,2.29073,2.18471,0.9537,4,5,234.3,0,1.2901
2056,75,821,fp16,T,N,249,-606622763,0.01987,0.02027,1.0205,4,370,207.2,0,0.8283
3555,459,698,fp16,T,T,53,-606629614,0.05586,0.21453,3.8407,4,45,217.2,0,0.9953
92,2094,8038,bf16,N,N,176,-606629833,0.08044,0.12761,1.5863,4,73,446.4,0,0.9761
117,9,5,fp16,N,N,90,-606603413,0.00710,0.00771,1.0851,4,906,0.8,0,0.9875
4333,3043,1008,fp16,N,N,90,-606624258,0.31434,0.32930,1.0476,4,32,215.1,0,1.1248
1909,15,22274,fp16,N,N,99,-606603283,0.14463,0.17293,1.1956,4,52,593.4,0,0.8932
6,946,4,fp32,T,T,82,-606620754,0.00689,0.00778,1.1292,4,1014,5.5,0,1.0000
95,5,23049,fp16,N,T,70,-606604754,0.02410,0.37794,15.6797,4,28,191.3,0,0.9974
204,684,2,bf16,T,T,39,-606619899,0.00708,0.00717,1.0123,4,982,79.3,0,1.0025
435,6,699,fp32,N,T,612,-606618321,0.01051,0.01127,1.0724,4,533,118.3,0,0.9966
10472,1385,2,fp16,T,T,53,-606629603,0.05487,0.09981,1.8192,4,95,1058.2,0,1.0010
7,1138,660,bf16,N,T,57,-606603205,0.01050,0.01119,1.0654,4,638,146.9,0,0.9974
4,1,54,bf16,N,T,58,-9,0.00384,0.00736,1.9159,4,1066,0.1,0,1.0004
82,14690,3,bf16,T,T,39,-355,0.01007,0.01424,1.4139,4,511,487.4,0,1.0076
4921,759,14242,bf16,T,N,231,-606605569,1.03325,3.88000,3.7551,4,5,171.0,0,1.0437
4334,2,2,fp16,N,T,62,-606627724,0.00710,0.00728,1.0257,4,1036,7.3,0,0.9416
7,318,5974,bf16,N,T,64,-606603222,0.01505,0.03665,2.4355,4,229,258.6,0,1.0091
24741,4,1,fp32,N,T,614,-606618226,0.00689,0.00976,1.4158,4,680,71.8,0,0.9885
3,15,6,fp16,N,N,90,-606603368,0.00723,0.00737,1.0191,4,898,0.1,0,0.9987
44,16,29,bf16,T,N,441,-606605425,0.00693,0.00720,1.0390,4,1097,0.9,0,1.0031
3,22072,12963,fp16,T,T,36,-378,1.90928,4.12449,2.1602,4,5,299.9,0,1.0738
190,3,66,bf16,N,N,12,-606629879,0.00672,0.00700,1.0411,4,816,4.1,0,0.9211
1693,1362,2,fp16,N,T,62,-524,0.01477,0.02427,1.6428,4,306,625.2,0,1.0215
10629,274,254,fp16,N,T,62,-606627717,0.04523,0.05607,1.2396,4,154,380.0,0,0.9488
86,136,9,fp32,T,N,525,-606603848,0.00700,0.00731,1.0444,4,1042,7.8,0,0.9773
19485,361,136,fp16,T,T,53,-606629621,0.09939,0.15659,1.5755,4,63,337.4,0,1.0071
56,82,2656,bf16,N,N,176,-606629919,0.01185,0.01211,1.0218,4,511,63.4,0,0.9951
15,15,11,fp32,N,N,556,-606605029,0.00683,0.00726,1.0640,4,1078,0.3,0,0.9987
4,19058,1,fp16,N,N,98,-606624071,0.00733,0.00717,0.9793,4,962,46.8,0,1.0010
19622,33,17,fp32,N,N,556,-606627926,0.00733,0.01042,1.4206,4,656,535.6,0,1.0043
49,174,5487,fp32,N,T,612,-606602200,0.04685,0.15524,3.3134,4,63,105.2,0,0.9986
20,1425,594,fp16,N,N,94,-606624100,0.01274,0.01926,1.5115,4,394,143.7,0,1.0096
150,2,421,bf16,T,N,19,-606630723,0.01061,0.01309,1.2341,4,370,12.2,0,1.0091
192,1,1249,bf16,T,T,40,-606619927,0.01726,0.01726,0.9999,4,317,28.0,0,1.0076
1679,1305,21736,bf16,N,N,174,-606629908,1.11364,1.61105,1.4467,4,7,124.4,0,1.0496
24,171,687,bf16,T,T,39,-606619899,0.01393,0.01354,0.9720,4,416,20.4,0,0.9546
118,76,63,fp32,N,N,556,-606627933,0.00834,0.01310,1.5708,4,324,10.2,0,0.9976
124,661,10,fp16,T,T,53,-606629621,0.00793,0.00775,0.9765,4,695,43.3,0,1.0057
6067,3,3114,fp32,T,N,212,-606603783,0.06498,0.06439,0.9909,4,153,1164.7,0,1.0352
433,126,18169,fp16,N,N,101,-606603283,0.06326,0.13444,2.1252,4,67,324.6,0,1.0005
3260,907,141,fp32,N,N,556,-606627767,0.03987,0.04460,1.1187,4,205,355.6,0,1.0324
19152,1912,30,fp32,T,T,82,-606620832,0.16570,0.24702,1.4908,4,41,899.2,0,0.9909
25,237,2872,fp16,N,T,68,-606627654,0.02171,0.02179,1.0038,4,352,70.4,0,1.0222
285,338,1316,fp16,T,N,250,-606622748,0.02336,0.02330,0.9975,4,359,86.7,0,1.0091
1,200,796,bf16,N,T,213,-9,0.00434,0.00910,2.0949,4,598,73.9,0,1.0058
2182,5,100,fp16,N,N,55,-606603313,0.00789,0.01737,2.2011,4,370,61.0,0,0.9930
4,13,2,bf16,T,T,4,-357,0.00813,0.00807,0.9924,4,1066,0.0,0,0.9819
1,13915,322,fp32,T,N,131,-606624721,0.01761,0.02494,1.4157,4,360,1020.7,0,1.1482
1105,3,9,fp16,N,N,35,-606624140,0.00793,0.00759,0.9561,4,812,4.2,0,0.8576
27,12220,155,bf16,N,N,273,-606605224,0.00968,0.01195,1.2342,4,603,528.4,0,1.0016
2,206,37,bf16,N,N,166,-606605303,0.00783,0.00744,0.9508,4,747,2.2,0,0.9770
78,3,19592,bf16,N,N,18,-606629879,0.36331,0.36277,0.9985,4,28,8.7,0,0.9830
31064,52,59,bf16,T,T,39,-606619899,0.01720,0.02440,1.4184,4,351,589.1,0,1.0032
710,2,43,bf16,T,T,39,-606619899,0.00772,0.00736,0.9539,4,795,8.7,0,1.0063
22174,4,7,fp16,T,T,53,-606629592,0.00767,0.00851,1.1084,4,736,86.7,0,1.0106
1460,318,9,fp16,T,N,245,-606622899,0.00830,0.00871,1.0490,4,838,227.5,0,1.0094
28,140,16370,fp32,N,T,616,-606618431,0.12870,0.95266,7.4020,4,11,85.6,0,0.9732
289,4200,9,fp32,N,N,556,-606604944,0.00780,0.01125,1.4415,4,630,642.9,0,1.0003
3252,2,2542,fp16,N,N,48,-606603392,0.04610,0.31676,6.8717,4,32,359.4,0,0.9996
5991,22582,3,bf16,T,T,39,-355,0.74130,1.99379,2.6896,4,5,730.2,0,1.0060
12,55,14878,fp32,N,N,558,-606627927,0.03099,0.03099,1.0002,4,238,128.8,0,1.0091
1,4,2513,fp16,T,N,37,-606622727,0.01977,0.01977,1.0002,4,312,1.3,0,0.9988
81,604,59,fp32,T,N,525,-606624688,0.00839,0.00745,0.8882,4,957,42.6,0,1.0117
3,17835,141,fp16,N,T,62,-606604828,0.01119,0.01423,1.2711,4,530,468.6,0,0.9888
5,3462,162,fp32,N,N,556,-606605095,0.00813,0.00730,0.8980,4,869,284.8,0,1.0056
211,6443,28587,fp32,T,N,519,-606624847,2.67705,4.47442,1.6714,4,5,286.3,0,1.0750
6157,3,48,fp32,T,N,212,-606624752,0.00695,0.00739,1.0633,4,998,180.8,0,0.9456
32388,105,3631,bf16,N,T,57,-606623140,0.37487,0.37477,0.9997,4,27,665.7,0,1.0990
14241,16326,14,bf16,N,N,166,-714,1.23889,3.40763,2.7506,4,5,751.4,0,0.9168
2576,14,2,fp16,N,N,98,-563,0.00844,0.00779,0.9237,4,1014,18.3,0,0.9837
693,836,20,fp32,T,N,525,-606624905,0.00879,0.00840,0.9553,4,885,277.5,0,0.9947
540,33,21,fp16,N,N,94,-606603368,0.00846,0.00783,0.9261,4,517,11.3,0,1.0097
1277,615,3583,fp32,T,T,82,-606620821,0.18932,0.33629,1.7763,4,32,159.8,0,1.0597
3,490,7444,fp32,N,T,612,-606618433,0.05725,0.58056,10.1401,4,17,256.5,0,0.9479
5,387,31315,fp16,N,N,99,-606603283,0.06943,0.19612,2.8246,4,50,353.7,0,1.0093
720,12633,8,fp32,T,T,82,-606620832,0.05856,0.13255,2.2636,4,73,628.6,0,1.0080
7,7,2145,bf16,T,N,42,-606605534,0.01435,0.01220,0.8501,4,440,4.2,0,1.0056
2,1415,1,bf16,T,T,4,-356,0.00872,0.00801,0.9178,4,1019,1.6,0,1.0027
4266,5,314,fp32,T,N,519,-606603830,0.00987,0.00851,0.8620,4,788,552.2,0,1.0114
15266,3236,6,bf16,N,N,273,-606629935,0.16916,0.34329,2.0294,4,28,1169.5,0,1.0103
28937,11,18,bf16,T,N,231,-606630710,0.00867,0.01886,2.1757,4,413,267.1,0,1.0109
9,3,22,bf16,N,N,12,-606605228,0.00788,0.00755,0.9578,4,819,0.1,0,1.0062
9347,259,5888,bf16,T,N,238,-606605583,0.44018,0.62459,1.4189,4,18,279.0,0,1.0332
19,303,221,fp16,N,T,62,-606627732,0.00707,0.00906,1.2813,4,661,23.4,0,1.0106
4215,1341,313,fp32,N,T,612,-606601875,0.13392,0.14487,1.0818,4,69,220.8,0,1.0319
2330,298,15861,fp16,T,N,255,-606622764,0.36429,0.47783,1.3117,4,22,236.5,0,1.0155
6,1438,72,bf16,N,T,57,-606623167,0.00792,0.00744,0.9401,4,885,30.6,0,0.9788
229,220,36,fp32,T,T,82,-606620814,0.00785,0.00737,0.9387,4,649,33.9,0,1.0021
8,2302,161,bf16,N,N,166,-606605260,0.00767,0.00750,0.9777,4,802,106.5,0,1.0038
430,3331,39,bf16,T,T,39,-606619899,0.01723,0.01849,1.0733,4,372,349.6,0,1.0041
5,18537,778,fp32,N,T,612,-606618385,0.06741,0.06872,1.0194,4,138,861.5,0,1.0014
7936,1,1,bf16,T,T,40,-606619914,0.00479,0.00449,0.9377,4,1525,9.9,0,1.0011
728,1,5,fp32,T,T,83,-9,0.00489,0.00764,1.5636,4,920,3.6,0,0.9978
2,87,636,fp16,T,N,49,-606622900,0.01476,0.07831,5.3049,4,110,7.7,0,1.0051
22953,98,334,bf16,T,T,39,-606619903,0.03704,0.04990,1.3472,4,185,658.6,0,1.0046
60,4352,4,fp16,N,T,227,-606604837,0.00781,0.00738,0.9453,4,977,138.2,0,1.0013
3647,88,3245,fp16,T,N,572,-606622886,0.05060,0.10533,2.0817,4,94,504.4,0,1.0257
176,7589,14,bf16,T,T,39,-606619899,0.01325,0.01501,1.1330,4,410,419.7,0,0.9577
7,24100,3045,bf16,N,N,283,-606605254,0.14177,0.15563,1.0977,4,65,1040.3,0,1.1232
3,9554,93,fp16,T,T,36,-378,0.01148,0.02041,1.7781,4,355,164.8,0,0.8677
3855,16845,27,fp32,T,T,82,-606620831,0.40148,0.75473,1.8799,4,14,652.6,0,1.0251
1987,28,279,fp16,N,N,217,-606603254,0.00727,0.03791,5.2141,4,223,185.2,0,0.9427
25,3,26,fp16,T,T,53,-606629622,0.00708,0.00747,1.0550,4,523,0.2,0,0.9794
4414,5,13,bf16,N,N,27,-606605228,0.00683,0.00721,1.0554,4,982,29.7,0,0.9913
28,224,5,bf16,N,T,201,-606623162,0.00694,0.00729,1.0500,4,1009,4.0,0,0.9849
1424,24,204,fp16,T,T,88,-606629612,0.00723,0.02232,3.0875,4,284,100.6,0,1.0079
53,9868,130,fp32,N,T,614,-606608167,0.01513,0.01806,1.1936,4,457,479.3,0,0.9843
119,19011,12168,bf16,N,T,62,-606603219,0.90216,1.08116,1.1984,4,10,526.1,0,1.0349
7,186,24,fp16,N,T,62,-606627736,0.00798,0.00756,0.9481,4,1014,1.8,0,0.9842
2923,3,12420,bf16,N,T,64,-606603160,0.08497,0.15613,1.8376,4,63,855.8,0,1.0107
22785,4,18,fp16,T,T,88,-606629546,0.00848,0.01522,1.7959,4,490,139.8,0,1.0203
28586,15,19,fp16,N,T,62,-606627724,0.00989,0.02644,2.6735,4,320,283.3,0,0.9961
7248,17255,6401,fp16,T,N,245,-606603071,13.00087,13.43547,1.0334,4,5,62.6,0,1.1224
14436,99,164,fp32,N,T,612,-606618195,0.03050,0.03714,1.2177,4,241,500.1,0,0.9350
1309,1,51,fp32,T,T,83,-9,0.00403,0.00714,1.7737,4,695,67.7,0,0.9548
24514,2301,9949,fp32,T,T,82,-606620767,34.16404,34.45426,1.0085,4,5,37.8,0,1.1247
2,111,21,bf16,N,T,57,-606623167,0.00759,0.00763,1.0047,4,1060,0.7,0,0.9339
7,2,1088,fp16,T,N,55,-547,0.02241,0.12431,5.5467,4,69,0.9,0,0.9931
2086,5946,14,bf16,N,T,57,-606623173,0.06434,0.11162,1.7349,4,85,774.6,0,1.0284
16335,470,2,bf16,N,N,166,-714,0.03212,0.06107,1.9014,4,146,958.2,0,0.9418
202,5535,11871,bf16,N,N,176,-606629917,0.52795,0.58665,1.1112,4,17,266.5,0,1.0030
9268,26879,87,fp16,N,T,62,-606604827,1.73916,2.11200,1.2144,4,5,576.6,0,1.0455
27,2047,2,fp32,T,T,82,-606620761,0.00808,0.00706,0.8734,4,993,29.4,0,0.9632
3,23852,843,fp32,T,N,253,-606603767,0.07111,0.09048,1.2723,4,110,1135.2,0,1.0774
17,281,13,bf16,N,T,57,-606623166,0.00699,0.00730,1.0440,4,1048,3.8,0,0.9430
1,4985,149,fp16,N,T,63,-606627732,0.00685,0.00711,1.0384,4,924,219.8,0,1.0028
701,12,6819,fp16,T,N,395,-606622882,0.01955,0.01898,0.9709,4,419,499.1,0,1.0093
12633,17,16,fp32,T,T,82,-606620755,0.00832,0.00737,0.8863,4,838,200.7,0,0.9904
12439,1473,11,bf16,T,N,231,-606630771,0.08138,0.13281,1.6320,4,72,904.4,0,1.0478
7,2,8,fp32,T,N,212,-606624664,0.00779,0.00731,0.9380,4,1009,0.0,0,0.9899
216,29563,207,bf16,T,N,231,-606605608,0.07306,0.12111,1.6576,4,80,518.3,0,1.0668
261,3,6277,fp16,N,T,70,-606627643,0.01642,0.03761,2.2901,4,213,202.0,0,0.9320
17,9795,5,fp16,N,T,62,-606604846,0.00777,0.00732,0.9426,4,957,98.3,0,1.0162
3,3,3201,fp32,T,T,15,-606620762,0.10742,0.12160,1.1320,4,65,0.7,0,0.9983
2173,177,6180,fp16,T,T,53,-606629612,0.11848,0.78806,6.6516,4,13,258.1,0,1.0138
163,255,46,fp16,N,N,90,-606603411,0.00844,0.01839,2.1781,4,372,24.2,0,0.9998
770,10,2,bf16,N,T,57,-606623167,0.00808,0.00755,0.9334,4,1031,4.2,0,0.9997
30,54,23,bf16,N,N,166,-606605260,0.00846,0.00752,0.8888,4,733,1.2,0,1.0136
7,49,15505,fp16,N,T,70,-606627643,0.01815,0.01627,0.8964,4,349,95.8,0,1.0038
1897,19,452,fp16,N,T,62,-606627739,0.00992,0.02157,2.1746,4,374,189.2,0,1.0190
514,1559,42,fp32,T,N,519,-606603887,0.00864,0.00788,0.9125,4,692,411.4,0,1.0073
5,32,44,fp32,T,N,525,-606603841,0.00788,0.00743,0.9419,4,902,0.9,0,1.0097
3,10,2375,fp16,T,T,36,-374,0.10880,0.28321,2.6029,4,35,0.6,0,1.0117
60,181,119,fp16,T,N,245,-606603020,0.00827,0.01058,1.2792,4,448,12.2,0,1.0120
3,25735,2048,fp32,N,N,556,-606605141,0.16362,0.19896,1.2160,4,51,1290.5,0,1.0134
62,951,10,fp16,T,N,245,-606603018,0.00859,0.00780,0.9085,4,652,29.8,0,0.9970
31,15729,18,fp32,N,T,612,-606601979,0.00895,0.01007,1.1252,4,692,344.8,0,0.9948
4428,1007,87,fp16,N,T,62,-606604838,0.04976,0.04976,1.0000,4,183,377.4,0,1.0226
486,5,18237,fp32,N,T,612,-606602200,0.13239,0.26956,2.0361,4,37,270.6,0,0.9659
6,2334,5751,fp16,N,T,70,-606627654,0.04534,0.04539,1.0012,4,197,594.9,0,1.0045
5521,7,17277,fp16,T,T,53,-606629612,0.28231,2.19514,7.7756,4,5,677.2,0,0.9662
3,7,511,fp16,N,N,51,-606603313,0.01126,0.06553,5.8194,4,120,0.9,0,0.8864
2143,109,21,fp32,N,T,612,-606634094,0.00693,0.00745,1.0750,4,929,162.2,0,1.0073
31413,6866,15,fp16,T,T,53,-606629602,1.02826,3.26094,3.1713,4,5,840.1,0,1.0715
68,5145,125,fp32,N,N,556,-606604943,0.00992,0.01176,1.1857,4,617,403.8,0,0.9462
233,1,23,bf16,T,N,3,-149,0.00375,0.00375,0.9996,4,1054,3.1,0,0.9654
7804,84,38,fp16,T,T,88,-606629622,0.00773,0.01443,1.8677,4,510,417.0,0,1.0091
4,57,6106,fp32,N,T,612,-606602200,0.04307,0.13002,3.0186,4,71,34.6,0,0.9548
2,941,202,bf16,N,N,166,-606605303,0.00789,0.00746,0.9462,4,615,49.2,0,1.0016
19063,14,6,fp16,N,T,62,-606604834,0.00790,0.01435,1.8165,4,495,164.1,0,0.9836
11239,955,15,fp16,N,N,90,-606624069,0.05237,0.08422,1.6082,4,112,826.8,0,1.0249
2164,1,3084,fp32,N,N,205,-606604954,0.03061,0.03059,0.9992,4,284,872.8,0,0.9647
3338,4824,106,bf16,N,T,201,-606623172,0.10415,0.18550,1.7811,4,53,635.1,0,1.0366
7,11102,20245,fp16,N,N,101,-606603383,0.47320,0.73759,1.5587,4,14,951.2,0,1.0257
151,3437,8079,fp16,N,N,99,-606624215,0.20583,0.37144,1.8046,4,26,291.8,0,0.9582
40,2,118,fp16,T,T,88,-606629613,0.00866,0.02167,2.5031,4,263,1.2,0,0.9682
17,2843,1236,fp16,N,N,97,-606624200,0.02113,0.02134,1.0101,4,394,343.7,0,0.9979
45,6,156,fp32,N,T,612,-606618323,0.00817,0.00771,0.9440,4,830,4.0,0,0.9928
208,150,3800,bf16,T,T,39,-606619899,0.06374,0.09861,1.5471,4,100,44.6,0,1.0030
27101,704,56,fp32,N,T,614,-606618421,0.10680,0.16188,1.5157,4,62,772.9,0,1.0817
66,1,11,fp16,N,N,18,-9,0.00475,0.00760,1.6015,4,838,0.4,0,0.9255
10000,37,255,bf16,T,N,231,-606605495,0.01676,0.04196,2.5039,4,215,393.7,0,1.0116
18,4,677,fp32,T,N,525,-606624683,0.00907,0.00889,0.9801,4,490,6.6,0,0.9924
33,944,2,fp16,T,N,513,-606622846,0.00822,0.00743,0.9040,4,982,15.6,0,0.9779
8923,3,5313,fp16,N,N,40,-606624140,0.15906,1.02515,6.4450,4,10,597.0,0,1.0105
446,786,13,fp16,N,T,62,-606627733,0.00831,0.00763,0.9176,4,788,172.6,0,0.9874
1809,14,751,fp32,T,T,82,-606620815,0.02272,0.04470,1.9678,4,197,245.5,0,0.9773
1,295,41,fp16,T,N,31,-606622732,0.00477,0.00439,0.9207,4,1103,5.3,0,0.9930
125,31889,67,fp32,N,T,612,-606602005,0.04525,0.07466,1.6499,4,127,541.9,0,0.9890
92,24,8,fp16,T,T,88,-606629542,0.00777,0.00766,0.9864,4,929,1.4,0,0.9883
83,4614,7,fp32,N,T,612,-606602030,0.00799,0.00780,0.9763,4,898,208.3,0,1.0126
53,108,7648,bf16,T,T,39,-606619899,0.15118,0.22488,1.4874,4,44,16.4,0,0.9782
4,5,24,bf16,N,T,57,-606603220,0.00771,0.00762,0.9883,4,1042,0.1,0,1.0069
1720,36,4055,fp16,T,N,395,-606622769,0.05050,0.08879,1.7584,4,107,286.9,0,0.9351
17133,820,11084,bf16,T,N,332,-606605599,2.97984,3.13559,1.0523,4,5,152.4,0,1.1104
122,19,30,bf16,N,N,166,-606629958,0.00749,0.00711,0.9494,4,865,2.4,0,0.9223
1335,24,186,bf16,N,T,201,-606603186,0.00701,0.00731,1.0430,4,957,90.4,0,1.0074
4686,12,2,bf16,N,N,273,-606629849,0.00700,0.00744,1.0633,4,1042,34.8,0,0.9995
759,16088,47,fp16,T,T,53,-606629613,0.07899,0.11447,1.4492,4,84,638.4,0,1.0493
526,8,14,fp32,N,T,614,-606618309,0.00688,0.00721,1.0466,4,1103,6.8,0,0.9573
9,18,373,bf16,T,T,39,-606619899,0.00926,0.00924,0.9979,4,487,2.2,0,1.0093
193,7902,2537,fp32,N,T,612,-606618437,0.31592,0.38450,1.2171,4,27,279.3,0,1.1172
227,861,61,bf16,N,T,57,-606603220,0.00701,0.00753,1.0742,4,924,130.4,0,0.9177
3094,1042,32,fp32,T,N,519,-606603889,0.01796,0.01794,0.9990,4,436,747.5,0,1.0045
4,17,15824,bf16,N,N,176,-606629919,0.02479,0.02477,0.9990,4,229,26.8,0,0.9860
2640,5,1622,bf16,N,N,33,-606605228,0.03492,0.06231,1.7845,4,153,247.3,0,1.0056
257,144,1397,fp16,T,N,555,-606622756,0.01236,0.01942,1.5705,4,399,102.6,0,1.0030
301,12,27035,fp16,T,T,53,-606629613,0.47326,3.20865,6.7798,4,5,35.8,0,0.9965
2,7744,7,fp32,N,T,614,-606602097,0.00695,0.00718,1.0329,4,929,40.1,0,1.0020
928,3,5,bf16,N,N,12,-606629829,0.00686,0.00741,1.0804,4,1060,3.0,0,1.0016
3243,2,14219,fp32,T,T,82,-606620820,0.31270,0.31252,0.9994,4,32,590.3,0,1.0092
8,92,12849,fp32,T,T,82,-606620828,0.28355,0.28252,0.9964,4,37,18.1,0,0.9799
71,4,60,fp32,T,N,525,-606603841,0.00831,0.00770,0.9269,4,911,2.3,0,0.9844
11,1968,440,bf16,N,T,201,-606623166,0.01003,0.01207,1.2035,4,567,182.3,0,1.0002
102,10685,23,fp16,N,N,94,-606603313,0.01118,0.01055,0.9438,4,632,434.2,0,1.0145
1040,47,256,fp16,N,N,94,-606603275,0.00814,0.03458,4.2470,4,218,92.4,0,0.9915
38,89,6,fp32,T,N,519,-606624762,0.00789,0.00764,0.9683,4,1048,2.1,0,1.0071
9485,16,4517,fp32,N,T,614,-606618432,0.17778,0.21469,1.2076,4,47,969.0,0,1.0084
877,293,2,fp32,T,N,519,-606624792,0.00804,0.00742,0.9231,4,1003,129.0,0,1.0008
21,7786,1827,bf16,N,N,176,-606629913,0.05087,0.05255,1.0331,4,157,573.6,0,0.8295
8,1,11,fp32,N,T,613,-9,0.00381,0.00736,1.9300,4,1042,0.1,0,0.9676
10,5,9149,bf16,T,N,49,-606630698,0.01182,0.01169,0.9888,4,421,23.2,0,0.9876
27,2911,1,bf16,T,N,231,-606630710,0.00707,0.00733,1.0367,4,982,45.3,0,0.9801
3032,13370,643,fp16,T,N,245,-606603091,0.62481,0.63178,1.0111,4,17,293.3,0,1.1960
3558,39,34,fp16,N,T,62,-606627736,0.00704,0.00734,1.0434,4,906,113.6,0,0.8534
3,479,24,fp32,N,N,556,-606627941,0.00706,0.00714,1.0117,4,1103,7.4,0,0.9739
716,2736,103,fp32,T,T,82,-606620823,0.02545,0.03299,1.2964,4,248,363.8,0,1.1196
17698,3361,2,fp16,T,N,245,-606622933,0.21540,0.75772,3.5177,4,14,1105.0,0,0.8569
100,9150,1,fp16,N,N,98,-606624071,0.00810,0.00874,1.0786,4,727,453.9,0,1.0024
2,441,16,fp32,T,T,15,-606620754,0.00695,0.00771,1.1095,4,982,4.6,0,1.0057
7,6114,47,fp16,N,N,92,-606603313,0.00696,0.00706,1.0156,4,911,107.3,0,1.0040
1,5837,25558,bf16,T,N,12,-9,0.48640,0.55594,1.1430,4,18,613.6,0,1.0060
20,13,1705,fp16,N,T,68,-606627649,0.01357,0.01361,1.0031,4,426,8.4,0,0.9971
9,8873,14,fp32,T,T,82,-606620829,0.00694,0.00783,1.1282,4,778,117.7,0,1.0022
12891,101,6,bf16,N,N,166,-714,0.00995,0.02059,2.0691,4,383,538.9,0,1.0015
995,5882,1076,bf16,N,T,57,-606603145,0.16725,0.23450,1.4021,4,42,228.5,0,1.0054
870,17,30,fp16,T,N,245,-606602969,0.00707,0.00778,1.1005,4,615,15.9,0,0.9999
14152,5567,38,fp16,N,T,62,-606604838,0.45632,0.62287,1.3650,4,16,693.9,0,1.1182
1,229,2,fp16,T,N,31,-606622737,0.00370,0.00371,1.0012,4,1202,0.5,0,0.8941
3,30,1,fp32,T,T,15,-606620757,0.00688,0.00735,1.0686,4,906,0.1,0,0.9880
142,5563,5,fp32,N,N,556,-606627763,0.00745,0.01368,1.8355,4,532,439.2,0,0.9886
6838,2,1,fp32,T,N,212,-606624792,0.00695,0.00762,1.0966,4,1031,11.8,0,0.9655
3312,392,53,fp32,T,T,82,-606620823,0.01326,0.01692,1.2760,4,443,450.8,0,0.9897
2,187,2858,fp32,T,T,15,-606620762,0.09596,0.15519,1.6173,4,59,22.5,0,0.9673
7203,117,102,bf16,T,T,39,-606619899,0.01327,0.01549,1.1676,4,482,366.7,0,0.9901
1,3999,142,bf16,N,N,167,-9,0.00684,0.00720,1.0531,4,785,168.5,0,0.9589
15692,8,331,bf16,N,N,388,-606629817,0.01805,0.03838,2.1267,4,227,603.8,0,1.0190
5,7,45,fp32,N,N,556,-606605040,0.00710,0.00726,1.0219,4,993,0.3,0,0.9400
2,191,4166,bf16,N,N,176,-606605266,0.01383,0.01365,0.9875,4,459,116.4,0,0.9723
3,607,7478,bf16,T,N,27,-153,0.08733,0.40726,4.6635,4,25,104.6,0,1.0006
1742,406,798,fp16,N,T,68,-606604779,0.02608,0.11484,4.4037,4,84,239.9,0,1.0021
65,10084,5,fp16,N,N,217,-606624228,0.00704,0.01126,1.5988,4,576,386.8,0,0.9993
9,118,14137,fp32,N,N,556,-606628039,0.09308,0.46011,4.9432,4,22,77.2,0,1.0094
8,126,2771,fp32,T,N,519,-606603802,0.03798,0.04349,1.1452,4,192,39.2,0,1.0002
2819,29622,16543,bf16,T,T,39,-606619916,27.76414,48.07981,1.7317,4,5,50.7,0,1.1145
9,2,28,bf16,N,T,57,-606603220,0.00756,0.00752,0.9951,4,1078,0.1,0,0.9284
3920,60,14,bf16,N,T,57,-606603238,0.00786,0.02791,3.5488,4,305,133.8,0,0.9955
4,1076,3,bf16,T,T,4,-357,0.00804,0.00794,0.9875,4,1025,2.9,0,1.0074
486,1,25481,fp16,T,T,54,-606629599,0.43800,0.43714,0.9980,4,23,56.7,0,1.0078
18,501,434,bf16,N,T,57,-606623166,0.00770,0.00995,1.2921,4,634,63.2,0,1.0088
8977,14,8401,bf16,N,N,176,-606629919,0.19044,0.39896,2.0950,4,25,795.9,0,1.0386
13254,1872,3921,bf16,T,T,39,-606619914,1.89846,1.93283,1.0181,4,5,114.8,0,1.0055
2,39,22373,fp16,T,T,36,-374,1.29809,2.64520,2.0378,4,5,1.4,0,0.9876
18702,1686,5251,bf16,N,N,166,-606605362,2.99430,4.71883,1.5759,4,5,113.6,0,1.0757
8025,867,104,bf16,N,N,166,-606605218,0.05986,0.06002,1.0027,4,153,495.8,0,0.9966
47,76,1441,fp32,N,T,614,-606602200,0.01278,0.01551,1.2138,4,370,56.6,0,0.9323
7880,410,59,fp32,T,T,82,-606620832,0.02548,0.03897,1.5294,4,229,584.0,0,1.0098
162,22960,8069,fp16,T,N,519,-606602925,0.78610,0.80204,1.0203,4,13,493.6,0,1.1924
12,19,16,fp16,T,N,245,-606622900,0.00684,0.00727,1.0633,4,769,0.3,0,0.8599
160,10,323,fp32,N,N,556,-606605045,0.00684,0.00698,1.0203,4,736,33.0,0,1.0052
11388,1,3787,bf16,N,T,63,-606603156,0.09562,0.14440,1.5101,4,68,902.6,0,1.0207
3,3,317,fp32,T,N,201,-606624665,0.00691,0.00724,1.0477,4,795,1.1,0,0.9791
2,635,1490,bf16,N,N,174,-606605223,0.01771,0.01864,1.0525,4,393,107.5,0,0.9899
16,29,28,fp16,N,N,94,-606603411,0.00706,0.00740,1.0483,4,638,0.6,0,0.9830
4,84,9004,fp32,N,T,616,-606618433,0.06669,0.21748,3.2610,4,45,47.5,0,0.9837
11,2758,9970,fp16,N,T,70,-606604761,0.06979,0.12691,1.8184,4,74,792.8,0,1.0099
5,539,3,fp32,T,N,519,-606603838,0.00802,0.00816,1.0173,4,1091,2.2,0,0.9801
296,31910,339,fp16,T,N,245,-606603069,0.12585,0.16234,1.2900,4,59,473.7,0,1.1260
137,95,6539,fp32,N,T,612,-606602200,0.04829,0.09608,1.9897,4,92,126.7,0,0.9003
266,19468,124,bf16,N,T,57,-606623199,0.05866,0.06966,1.1874,4,132,436.5,0,0.9983
4,13268,6,bf16,T,T,4,-355,0.00836,0.00769,0.9191,4,1003,44.4,0,0.9873
122,4059,12222,bf16,N,N,176,-606629833,0.25346,0.30119,1.1883,4,33,411.0,0,0.9943
3,12741,10,fp32,T,N,253,-606603849,0.00710,0.00744,1.0479,4,1042,93.4,0,0.9804
2239,23,6,fp32,T,T,82,-606620792,0.00698,0.00716,1.0267,4,816,37.3,0,0.9841
4,1484,20,fp32,T,N,539,-606624672,0.00690,0.00730,1.0592,4,1060,20.7,0,0.9880
680,38,1,fp32,N,N,556,-606604993,0.00689,0.00729,1.0575,4,1117,15.4,0,0.9866
2,10,2,fp16,T,N,49,-606603020,0.00689,0.00741,1.0745,4,1066,0.0,0,0.9885
977,25,222,fp16,N,N,90,-606624243,0.00713,0.03012,4.2267,4,252,76.1,0,0.9964
263,2724,4807,bf16,N,T,62,-606623140,0.13180,0.44734,3.3941,4,21,239.6,0,0.9792
118,2806,3711,bf16,T,N,244,-606630747,0.06969,0.06897,0.9896,4,138,330.4,0,0.9791
92,14675,851,fp32,N,N,556,-606634141,0.10302,0.11370,1.1037,4,88,540.3,0,1.1543
24,3,482,bf16,N,N,12,-606629829,0.01073,0.01074,1.0008,4,435,2.5,0,0.8810
3,9,1,fp16,T,T,36,-376,0.00722,0.00741,1.0269,4,1066,0.0,0,0.9873
1884,2,8299,bf16,T,N,29,-606630723,0.27162,0.39595,1.4577,4,24,115.3,0,0.9643
3,3774,6354,bf16,T,N,27,-606630723,0.21883,0.25052,1.1448,4,38,219.5,0,0.9797
9374,3105,393,fp32,T,T,82,-606620795,0.79929,0.80467,1.0067,4,14,170.2,0,1.1623
463,1719,958,fp32,N,N,556,-606604927,0.06138,0.06195,1.0093,4,144,188.1,0,0.9379
3,10651,141,fp16,T,N,49,-606603020,0.01012,0.02978,2.9436,4,283,309.6,0,0.9333
78,3503,3,fp32,N,T,612,-606618251,0.00659,0.00707,1.0727,4,957,172.4,0,0.9919
4127,1,1,fp32,N,N,203,-606627939,0.00367,0.00364,0.9936,4,1563,9.0,0,0.9838
2201,298,4403,fp32,N,T,612,-606618382,0.23789,0.25458,1.0702,4,41,196.0,0,1.1467
260,9924,34,bf16,N,N,273,-606605178,0.01801,0.01916,1.0639,4,395,611.4,0,0.9777
4,80,1457,fp16,N,T,239,-606627756,0.01185,0.01209,1.0204,4,409,20.8,0,0.9023
2846,1680,33,bf16,T,N,441,-606605507,0.02420,0.02760,1.1407,4,307,802.7,0,1.0434
913,1073,15997,fp32,T,N,519,-606624942,1.13904,1.16704,1.0246,4,9,115.0,0,0.9735
68,225,2,fp32,T,T,82,-606620820,0.00802,0.00722,0.9002,4,816,7.9,0,0.8592
2304,3,519,bf16,T,N,19,-606630723,0.02042,0.02391,1.1708,4,348,118.6,0,1.0124
2,2,107,bf16,N,N,12,-606629879,0.00820,0.00738,0.9006,4,727,0.1,0,1.0033
16906,133,1686,bf16,N,T,62,-606603145,0.16129,0.16155,1.0016,4,60,412.0,0,0.9954
22177,4798,22328,fp16,N,N,92,-606624264,39.80061,40.94531,1.0288,4,5,41.0,0,1.1599
1813,15130,278,fp16,N,T,62,-606627717,0.28504,0.79796,2.7995,4,12,418.0,0,0.8874
3794,29,223,fp16,N,T,62,-606627735,0.00897,0.01757,1.9585,4,444,239.1,0,0.9968
915,553,469,fp16,N,T,62,-606604779,0.01888,0.02097,1.1103,4,379,180.1,0,1.0066
10,35,30465,bf16,N,T,64,-606623202,0.02977,0.48860,16.4131,4,20,92.2,0,0.9941
7991,18,16,fp16,N,N,92,-606624247,0.00817,0.01313,1.6065,4,533,101.7,0,1.0025
1,252,17,bf16,N,N,274,-606605224,0.00775,0.00787,1.0160,4,1060,1.2,0,1.0098
23804,559,1509,fp16,T,T,53,-606629607,0.51138,0.50991,0.9971,4,22,247.9,0,1.2243
5,26343,1915,fp32,N,N,556,-606628034,0.15429,0.18676,1.2104,4,48,1311.5,0,0.8244
155,31172,15,fp16,N,N,217,-606603304,0.02730,0.05417,1.9843,4,140,742.4,0,1.0088
14190,386,7141,fp16,T,N,245,-606603126,1.05320,1.09731,1.0419,4,10,218.5,0,1.1394
4,1,20,fp32,T,T,83,-9,0.00464,0.00861,1.8546,4,826,0.1,0,0.9043
2,2,50,fp32,T,T,15,-606620754,0.00809,0.00738,0.9116,4,993,0.1,0,0.9984
2,18003,1485,fp32,N,N,556,-606605005,0.08786,0.11094,1.2627,4,89,1218.9,0,1.0819
6,506,165,bf16,T,N,31,-606605463,0.00832,0.00748,0.8992,4,569,21.8,0,0.9165
43,6,3413,bf16,N,T,62,-606623139,0.01865,0.01864,0.9995,4,282,18.0,0,0.9836
21,305,6719,bf16,T,T,39,-606619899,0.12588,0.20552,1.6326,4,49,35.0,0,0.9995
16,32,161,fp16,N,T,227,-606627661,0.00818,0.00800,0.9781,4,663,2.1,0,0.9981
22862,3131,1,bf16,T,T,39,-355,0.33927,1.05629,3.1134,4,10,844.1,0,0.8687
402,18683,2118,bf16,N,T,57,-606603218,0.39887,1.39499,3.4974,4,7,278.0,0,1.0146
5,27923,873,bf16,T,T,4,-357,0.18974,0.18962,0.9994,4,51,259.9,0,0.9546
8317,22803,12,fp32,N,N,556,-606604957,0.80386,1.20242,1.4958,4,8,945.6,0,1.0705
117,23,11688,fp16,N,T,70,-606604754,0.01493,0.14908,9.9853,4,62,219.9,0,0.9312
5737,5060,191,fp16,T,T,53,-606629618,0.34644,0.84361,2.4351,4,12,347.1,0,1.0630
2,7687,1,fp16,N,N,94,-606624066,0.00719,0.00703,0.9779,4,993,10.7,0,0.9266
7,4,53,fp16,N,N,115,-606603266,0.00692,0.00731,1.0572,4,1048,0.2,0,0.9188
157,9,307,fp32,T,N,519,-606603811,0.00692,0.00709,1.0250,4,724,30.3,0,0.9908
1581,24061,3,fp16,T,N,245,-606622940,0.16271,0.58054,3.5680,4,18,936.1,0,1.0015
83,3773,38,fp32,T,T,82,-606620798,0.00775,0.01178,1.5200,4,588,237.4,0,0.9820
1,203,268,bf16,N,T,58,-9,0.00372,0.00710,1.9060,4,716,29.6,0,1.0040
8,1,2,fp16,T,N,30,-9,0.00367,0.00367,1.0001,4,1359,0.0,0,0.9993
2753,708,95,fp16,T,N,382,-606602919,0.01449,0.02357,1.6270,4,350,583.6,0,1.0124
4,17922,4876,fp32,N,N,558,-606627903,0.29326,0.35103,1.1970,4,29,1193.2,0,1.0027
16,234,2414,fp16,N,N,107,-606603283,0.01157,0.02351,2.0314,4,289,105.6,0,0.9867
2659,1120,925,bf16,T,T,39,-606619919,0.07301,0.07492,1.0263,4,125,258.9,0,1.0557
3504,22,11,fp16,N,N,98,-606624243,0.00690,0.00728,1.0544,4,929,55.9,0,0.9543
495,2,27,bf16,N,N,12,-606605228,0.00676,0.00711,1.0520,4,861,4.6,0,0.9958
3,15059,7,fp32,T,N,253,-606603821,0.00687,0.00736,1.0708,4,1031,87.6,0,0.9976
10268,373,45,bf16,T,T,39,-606619917,0.05414,0.06437,1.1890,4,150,300.7,0,0.9977
5580,28,12,fp16,N,T,62,-606627733,0.00693,0.00717,1.0354,4,809,109.6,0,0.9975
1,5,7679,fp16,T,T,23,-377,0.00820,0.00820,1.0001,4,562,11.2,0,0.9879
17186,76,260,fp16,N,T,62,-606604851,0.03889,0.03914,1.0065,4,222,365.1,0,0.9949
17155,4,333,fp16,N,T,62,-606627724,0.01903,0.02419,1.2711,4,356,614.9,0,0.9838
2045,88,942,fp16,T,T,88,-606629622,0.02175,0.04567,2.1000,4,191,217.9,0,1.0448
2130,1321,3540,bf16,N,N,166,-606629908,0.25321,0.25318,0.9999,4,39,140.9,0,1.0483
1733,3085,454,fp32,N,T,612,-606602022,0.18525,0.19126,1.0325,4,49,162.7,0,0.8810
3,3,13796,fp32,T,N,201,-606624689,0.14566,0.26898,1.8466,4,34,2.3,0,0.9825
9687,951,5000,fp16,N,N,90,-606603424,1.00599,1.00979,1.0038,4,11,142.4,0,1.1469
37,4,17,fp32,N,T,614,-606618330,0.00682,0.00726,1.0648,4,1078,0.5,0,0.8851
20310,787,912,fp32,T,T,82,-606620832,0.88998,0.92641,1.0409,4,11,158.3,0,1.0564
55,5600,2,bf16,N,T,201,-606623181,0.00734,0.00737,1.0038,4,982,170.8,0,0.9688
2,673,9219,bf16,N,T,64,-606603222,0.03549,0.14310,4.0325,4,69,350.9,0,0.9779
86,24239,6,bf16,N,T,57,-613,0.01422,0.02796,1.9663,4,302,607.0,0,1.0030
1388,3695,826,fp16,T,N,245,-606622988,0.11186,0.18393,1.6443,4,54,258.5,0,1.0163
21561,3,2276,fp16,N,N,40,-606624258,0.15341,0.16674,1.0869,4,59,641.5,0,1.0149
86,398,2,fp16,N,N,98,-606624140,0.00698,0.01357,1.9438,4,542,19.9,0,0.9763
5,64,1797,bf16,N,N,421,-606605275,0.01129,0.02568,2.2753,4,223,22.1,0,0.9996
1,298,12153,bf16,T,T,4,-357,0.02206,0.02206,0.9999,4,406,329.5,0,0.9905
1077,61,3449,fp32,N,N,556,-606604933,0.05232,0.05971,1.1413,4,164,305.1,0,0.9948
7116,6376,5,fp16,N,N,358,-606603310,0.15865,0.17552,1.1064,4,58,1144.8,0,1.2051
603,2,4236,fp16,T,T,88,-606629612,0.07382,0.50796,6.8815,4,18,69.5,0,0.8234
564,7,54,fp32,T,N,519,-606603849,0.00688,0.00740,1.0758,4,1084,20.2,0,0.9789
5745,783,5288,fp16,T,N,245,-606603110,0.61372,0.94542,1.5405,4,11,141.8,0,1.1760
1891,6101,2,fp32,T,N,519,-606624673,0.04015,0.05658,1.4092,4,160,1150.9,0,0.9127
5715,2,1,fp32,N,T,612,-606601956,0.00688,0.00739,1.0741,4,1060,10.0,0,0.9170
111,30,1,bf16,T,N,231,-149,0.00686,0.00748,1.0913,4,849,2.0,0,0.9836
21539,1,66,fp32,T,N,130,-606624741,0.00796,0.01805,2.2674,4,449,725.3,0,1.0000
2769,14821,319,bf16,N,N,166,-606605263,0.47475,1.24334,2.6189,4,9,369.4,0,1.0053
37,29030,3,fp16,N,T,62,-524,0.01158,0.02853,2.4639,4,287,386.0,0,0.9626
12752,960,372,fp32,N,N,562,-606604927,0.30336,0.31555,1.0402,4,33,228.7,0,1.0560
4,3,719,fp16,T,T,36,-374,0.03392,0.08767,2.5845,4,100,0.3,0,0.9518
1507,1,241,fp16,T,N,30,-606622730,0.00759,0.00759,0.9990,4,785,96.5,0,1.0079
3631,22604,36,fp16,N,N,217,-606603306,0.38261,0.47739,1.2477,4,21,863.0,0,1.0177
853,7643,2,bf16,N,T,57,-609,0.03613,0.06499,1.7992,4,142,722.8,0,0.9860
489,45,15006,fp16,N,T,70,-606604754,0.06439,0.22043,3.4235,4,48,250.3,0,0.9957
6,41,5816,fp32,T,N,519,-606603779,0.05690,0.08167,1.4354,4,94,19.2,0,1.0043
601,4861,119,fp16,T,N,245,-606603068,0.02741,0.07626,2.7823,4,125,473.8,0,1.0059
13,18,19,bf16,N,T,57,-606603186,0.00703,0.00720,1.0245,4,1084,0.3,0,0.9995
25158,10,36,fp16,T,T,88,-606629546,0.00745,0.01974,2.6507,4,405,378.5,0,1.0073
1,27519,2,fp32,T,N,131,-9,0.00377,0.00725,1.9243,4,1036,87.6,0,0.9978
12211,6920,27,bf16,T,N,441,-606630675,0.33075,0.51063,1.5438,4,20,1025.0,0,1.0111
45,2,11,fp16,N,N,37,-606624069,0.00856,0.00768,0.8972,4,841,0.2,0,0.9983
29,191,258,bf16,T,T,39,-606619899,0.00935,0.00856,0.9151,4,598,14.5,0,1.0085
287,61,3730,fp16,T,N,255,-606602963,0.02311,0.02300,0.9955,4,309,115.4,0,1.0015
4,2901,2,fp32,N,T,612,-606618206,0.00748,0.00768,1.0263,4,1042,9.3,0,0.9859
1034,1,1,fp16,T,T,54,-606629614,0.00477,0.00456,0.9566,4,1250,1.3,0,1.0148
2,937,5094,bf16,N,N,176,-606605266,0.02590,0.02580,0.9962,4,305,369.6,0,1.0103
5,4,908,bf16,N,T,62,-606623149,0.00838,0.00836,0.9972,4,579,2.0,0,1.0039
9763,1234,26443,bf16,T,N,231,-606630877,5.38451,9.74042,1.8090,4,5,117.0,0,1.0623
110,10078,2810,fp32,T,T,82,-606620791,0.27432,0.38927,1.4191,4,26,433.6,0,0.9883
288,2,973,fp16,N,N,48,-606603392,0.01585,0.13750,8.6728,4,68,35.7,0,0.9801
688,34,139,fp32,N,N,556,-606628038,0.00838,0.00732,0.8730,4,881,59.1,0,1.0060
3,72,2,bf16,N,N,388,-606629861,0.00782,0.00836,1.0682,4,1091,0.1,0,0.9993
412,3,3085,fp16,T,T,53,-606629622,0.05502,0.37035,6.7314,4,27,46.6,0,1.0064
227,24132,670,fp32,N,N,556,-606605129,0.27535,0.31290,1.1364,4,32,316.7,0,1.0296
2866,5,2,fp16,T,N,73,-606622845,0.00839,0.00764,0.9111,4,1014,8.2,0,1.0167
1,10841,2,fp32,T,N,131,-606603849,0.00819,0.00809,0.9876,4,1054,15.9,0,1.0301
263,22,7,bf16,N,N,166,-606605226,0.00822,0.00775,0.9423,4,869,3.3,0,1.0132
1,3953,3,fp16,N,T,63,-606604828,0.00798,0.00776,0.9718,4,982,5.0,0,1.0059
