M,N,K,dtype,opA,opB,metric,nsol,def_ms,tflops
214,175,2122,fp32,N,T,0,612,0.02811,5.65
214,175,2122,fp32,N,T,1,612,0.02859,5.56
214,175,2122,fp32,N,T,2,612,0.02827,5.62
315,212,5541,bf16,T,T,0,39,0.13536,5.47
315,212,5541,bf16,T,T,1,39,0.13654,5.42
315,212,5541,bf16,T,T,2,39,0.13622,5.43
72,141,79,bf16,T,T,0,39,0.01131,0.14
72,141,79,bf16,T,T,1,39,0.01269,0.13
72,141,79,bf16,T,T,2,39,0.01307,0.12
83,4359,140,bf16,T,T,0,39,0.01925,5.26
83,4359,140,bf16,T,T,1,39,0.01947,5.20
83,4359,140,bf16,T,T,2,39,0.01947,5.20
2649,18827,161,fp16,N,N,0,90,0.40000,40.15
2649,18827,161,fp16,N,N,1,90,0.40134,40.01
2649,18827,161,fp16,N,N,2,90,0.39926,40.22
7148,4730,94,fp16,N,T,0,62,0.31382,20.25
7148,4730,94,fp16,N,T,1,62,0.31579,20.13
7148,4730,94,fp16,N,T,2,62,0.31590,20.12
359,11233,170,fp32,T,N,0,519,0.06245,21.95
359,11233,170,fp32,T,N,1,519,0.06267,21.88
359,11233,170,fp32,T,N,2,519,0.06261,21.90
11766,99,103,fp16,N,T,0,62,0.03019,7.95
11766,99,103,fp16,N,T,1,62,0.03045,7.88
11766,99,103,fp16,N,T,2,62,0.03003,7.99
394,4599,7965,bf16,T,N,0,238,0.67681,42.65
394,4599,7965,bf16,T,N,1,238,0.67526,42.75
394,4599,7965,bf16,T,N,2,238,0.67857,42.54
830,22378,357,bf16,N,T,0,57,0.27328,48.53
830,22378,357,bf16,N,T,1,57,0.27302,48.57
830,22378,357,bf16,N,T,2,57,0.27312,48.56
238,4143,4475,fp16,T,N,0,255,1.08113,8.16
238,4143,4475,fp16,T,N,1,255,1.08209,8.16
238,4143,4475,fp16,T,N,2,255,1.08198,8.16
22937,818,2810,bf16,T,T,0,39,1.04470,100.93
22937,818,2810,bf16,T,T,1,39,1.04609,100.80
22937,818,2810,bf16,T,T,2,39,1.04614,100.79
88,3797,16268,fp32,T,N,0,519,0.68886,15.78
88,3797,16268,fp32,T,N,1,519,0.68891,15.78
88,3797,16268,fp32,T,N,2,519,0.68907,15.78
363,7366,594,fp32,T,T,0,82,0.14619,21.73
363,7366,594,fp32,T,T,1,82,0.14715,21.59
363,7366,594,fp32,T,T,2,82,0.14683,21.63
946,204,6232,bf16,N,T,0,64,0.13243,18.16
946,204,6232,bf16,N,T,1,64,0.13413,17.93
946,204,6232,bf16,N,T,2,64,0.13339,18.03
125,707,287,bf16,N,N,0,166,0.01392,3.64
125,707,287,bf16,N,N,1,166,0.01477,3.43
125,707,287,bf16,N,N,2,166,0.01467,3.46
2178,1432,328,fp32,T,T,0,82,0.08811,23.22
2178,1432,328,fp32,T,T,1,82,0.08816,23.21
2178,1432,328,fp32,T,T,2,82,0.08869,23.07
5973,23142,64,fp32,N,T,0,612,1.09926,16.10
5973,23142,64,fp32,N,T,1,612,1.10220,16.05
5973,23142,64,fp32,N,T,2,612,1.10049,16.08
17626,636,211,fp32,T,T,0,82,0.17942,26.37
17626,636,211,fp32,T,T,1,82,0.17926,26.39
17626,636,211,fp32,T,T,2,82,0.17947,26.36
10074,14191,162,fp16,T,N,0,245,1.17793,39.32
10074,14191,162,fp16,T,N,1,245,1.17569,39.40
10074,14191,162,fp16,T,N,2,245,1.17996,39.25
4444,194,145,fp32,T,T,0,82,0.02656,9.41
4444,194,145,fp32,T,T,1,82,0.02688,9.30
4444,194,145,fp32,T,T,2,82,0.02704,9.25
13533,1414,4443,fp32,N,N,0,556,4.78095,35.57
13533,1414,4443,fp32,N,N,1,556,4.78367,35.55
13533,1414,4443,fp32,N,N,2,556,4.78458,35.54
647,2799,107,bf16,T,N,0,231,0.05152,7.52
647,2799,107,bf16,T,N,1,231,0.05152,7.52
647,2799,107,bf16,T,N,2,231,0.05157,7.51
2631,3424,159,bf16,N,T,0,201,0.15509,18.47
2631,3424,159,bf16,N,T,1,201,0.15563,18.41
2631,3424,159,bf16,N,T,2,201,0.15541,18.43
5928,5534,2612,fp16,T,T,0,88,8.93385,19.18
5928,5534,2612,fp16,T,T,1,88,8.93454,19.18
5928,5534,2612,fp16,T,T,2,88,8.93833,19.17
30722,1287,346,bf16,N,T,0,57,0.52497,52.12
30722,1287,346,bf16,N,T,1,57,0.52577,52.04
30722,1287,346,bf16,N,T,2,57,0.52561,52.06
2688,22096,22141,bf16,N,N,0,388,19.91316,132.08
2688,22096,22141,bf16,N,N,1,388,19.90169,132.15
2688,22096,22141,bf16,N,N,2,388,19.93652,131.92
1003,1971,1187,bf16,T,T,0,39,0.10645,44.09
1003,1971,1187,bf16,T,T,1,39,0.10645,44.09
1003,1971,1187,bf16,T,T,2,39,0.10645,44.09
957,231,185,fp16,N,T,0,62,0.01173,6.97
957,231,185,fp16,N,T,1,62,0.01173,6.97
957,231,185,fp16,N,T,2,62,0.01168,7.00
14256,28721,676,fp32,T,N,0,519,14.11145,39.23
14256,28721,676,fp32,T,N,1,519,14.11353,39.22
14256,28721,676,fp32,T,N,2,519,14.11241,39.23
3026,173,769,fp16,N,N,0,101,0.15664,5.14
3026,173,769,fp16,N,N,1,101,0.15685,5.13
3026,173,769,fp16,N,N,2,101,0.15675,5.14
70,598,5267,bf16,N,N,0,176,0.03541,12.45
70,598,5267,bf16,N,N,1,176,0.03573,12.34
70,598,5267,bf16,N,N,2,176,0.03616,12.19
1747,908,374,fp32,N,T,0,614,0.06587,18.01
1747,908,374,fp32,N,T,1,614,0.06629,17.90
1747,908,374,fp32,N,T,2,614,0.06624,17.91
156,6536,27943,fp16,T,T,0,53,5.36928,10.61
156,6536,27943,fp16,T,T,1,53,5.36864,10.61
156,6536,27943,fp16,T,T,2,53,5.37013,10.61
1902,2798,7856,fp16,N,N,0,98,0.77137,108.40
1902,2798,7856,fp16,N,N,1,98,0.77110,108.44
1902,2798,7856,fp16,N,N,2,98,0.77153,108.38
4583,11167,5478,bf16,N,T,0,57,6.59825,84.98
4583,11167,5478,bf16,N,T,1,57,6.69639,83.73
4583,11167,5478,bf16,N,T,2,57,6.86002,81.74
1249,4456,2851,fp16,T,N,0,513,0.36390,87.21
1249,4456,2851,fp16,T,N,1,513,0.37659,84.27
1249,4456,2851,fp16,T,N,2,513,0.37830,83.89
1326,73,256,fp32,T,T,0,82,0.01835,2.70
1326,73,256,fp32,T,T,1,82,0.01931,2.57
1326,73,256,fp32,T,T,2,82,0.01893,2.62
421,693,427,bf16,T,T,0,39,0.01648,15.12
421,693,427,bf16,T,T,1,39,0.01691,14.74
421,693,427,bf16,T,T,2,39,0.01685,14.78
3925,607,6714,fp16,N,T,0,68,0.30336,105.46
3925,607,6714,fp16,N,T,1,68,0.30299,105.59
3925,607,6714,fp16,N,T,2,68,0.30224,105.85
691,1793,375,bf16,N,T,0,57,0.04587,20.26
691,1793,375,bf16,N,T,1,57,0.04597,20.21
691,1793,375,bf16,N,T,2,57,0.04592,20.24
744,945,583,fp16,N,T,0,62,0.03184,25.75
744,945,583,fp16,N,T,1,62,0.03221,25.45
744,945,583,fp16,N,T,2,62,0.03184,25.75
1223,758,355,bf16,N,N,0,166,0.02939,22.40
1223,758,355,bf16,N,N,1,166,0.02992,22.00
1223,758,355,bf16,N,N,2,166,0.02987,22.04
542,1047,2577,fp32,N,T,0,612,0.17696,16.53
542,1047,2577,fp32,N,T,1,612,0.17830,16.40
542,1047,2577,fp32,N,T,2,612,0.17808,16.42
1203,457,22202,bf16,N,N,0,176,0.51265,47.62
1203,457,22202,bf16,N,N,1,176,0.51211,47.67
1203,457,22202,bf16,N,N,2,176,0.51382,47.51
655,511,194,fp16,N,T,0,62,0.01579,8.23
655,511,194,fp16,N,T,1,62,0.01595,8.14
655,511,194,fp16,N,T,2,62,0.01632,7.96
6533,162,6950,fp16,T,N,0,255,1.71298,8.59
6533,162,6950,fp16,T,N,1,255,1.71511,8.58
6533,162,6950,fp16,T,N,2,255,1.71618,8.57
1235,2378,16755,bf16,N,N,0,166,0.80977,121.53
1235,2378,16755,bf16,N,N,1,166,0.80662,122.01
1235,2378,16755,bf16,N,N,2,166,0.80667,122.00
1234,8747,7092,fp16,T,T,0,53,9.97242,15.35
1234,8747,7092,fp16,T,T,1,53,9.97093,15.35
1234,8747,7092,fp16,T,T,2,53,9.96869,15.36
5455,2090,25819,bf16,N,N,0,166,4.91226,119.85
5455,2090,25819,bf16,N,N,1,166,4.90890,119.93
5455,2090,25819,bf16,N,N,2,166,4.91088,119.88
231,3057,104,bf16,N,N,0,166,0.01547,9.50
231,3057,104,bf16,N,N,1,166,0.01579,9.30
231,3057,104,bf16,N,N,2,166,0.01573,9.34
16532,174,12160,fp32,N,N,0,556,3.31331,21.11
16532,174,12160,fp32,N,N,1,556,3.32499,21.04
16532,174,12160,fp32,N,N,2,556,3.31950,21.07
71,123,539,fp32,T,T,0,82,0.02555,0.37
71,123,539,fp32,T,T,1,82,0.02571,0.37
71,123,539,fp32,T,T,2,82,0.02549,0.37
225,512,1059,fp16,T,T,0,53,0.02432,10.03
225,512,1059,fp16,T,T,1,53,0.02459,9.92
225,512,1059,fp16,T,T,2,53,0.02448,9.97
530,1188,21055,fp32,T,T,0,82,0.92545,28.65
530,1188,21055,fp32,T,T,1,82,0.92598,28.63
530,1188,21055,fp32,T,T,2,82,0.92545,28.65
15080,1429,18586,fp16,T,N,0,245,10.34021,77.47
15080,1429,18586,fp16,T,N,1,245,10.17162,78.75
15080,1429,18586,fp16,T,N,2,245,10.36779,77.26
12271,12669,524,fp16,T,T,0,53,2.39912,67.91
12271,12669,524,fp16,T,T,1,53,2.39981,67.89
12271,12669,524,fp16,T,T,2,53,2.40173,67.84
109,14531,784,fp32,N,N,0,556,0.11579,21.45
109,14531,784,fp32,N,N,1,556,0.11611,21.39
109,14531,784,fp32,N,N,2,556,0.11600,21.41
16605,13892,483,bf16,N,T,0,57,3.55742,62.64
16605,13892,483,bf16,N,T,1,57,3.55988,62.60
16605,13892,483,bf16,N,T,2,57,3.56116,62.57
31002,1453,302,fp16,N,T,0,62,0.59057,46.07
31002,1453,302,fp16,N,T,1,62,0.59126,46.02
31002,1453,302,fp16,N,T,2,62,0.58817,46.26
223,1287,1964,fp32,N,N,0,556,0.05803,19.43
223,1287,1964,fp32,N,N,1,556,0.05840,19.30
223,1287,1964,fp32,N,N,2,556,0.05851,19.27
311,18165,9058,fp16,T,N,0,245,1.23399,82.94
311,18165,9058,fp16,T,N,1,245,1.23367,82.96
311,18165,9058,fp16,T,N,2,245,1.23415,82.93
5912,131,80,fp32,N,N,0,556,0.02112,5.87
5912,131,80,fp32,N,N,1,556,0.02160,5.74
5912,131,80,fp32,N,N,2,556,0.02160,5.74
127,911,2783,fp16,N,N,0,99,0.06299,10.22
127,911,2783,fp16,N,N,1,99,0.06336,10.16
127,911,2783,fp16,N,N,2,99,0.06304,10.22
25571,241,5129,fp32,N,N,0,556,1.79901,35.14
25571,241,5129,fp32,N,N,1,556,1.80157,35.09
25571,241,5129,fp32,N,N,2,556,1.80108,35.10
367,22027,5486,fp16,N,T,0,62,0.89734,98.84
367,22027,5486,fp16,N,T,1,62,0.89526,99.07
367,22027,5486,fp16,N,T,2,62,0.89905,98.66
433,9615,12168,bf16,T,N,0,231,2.50333,40.47
433,9615,12168,bf16,T,N,1,231,2.50536,40.44
433,9615,12168,bf16,T,N,2,231,2.49155,40.66
2166,2415,155,fp16,T,T,0,53,0.13008,12.47
2166,2415,155,fp16,T,T,1,53,0.13008,12.47
2166,2415,155,fp16,T,T,2,53,0.12971,12.50
1462,86,5010,fp32,T,N,0,519,0.09205,13.69
1462,86,5010,fp32,T,N,1,519,0.09328,13.51
1462,86,5010,fp32,T,N,2,519,0.09227,13.65
312,11259,5817,bf16,T,T,0,39,0.46203,88.45
312,11259,5817,bf16,T,T,1,39,0.46240,88.38
312,11259,5817,bf16,T,T,2,39,0.46160,88.53
193,22434,1140,fp32,N,N,0,556,0.48075,20.53
193,22434,1140,fp32,N,N,1,556,0.48630,20.30
193,22434,1140,fp32,N,N,2,556,0.48683,20.28
191,9273,4017,fp16,T,N,0,249,1.51618,9.39
191,9273,4017,fp16,T,N,1,249,1.51772,9.38
191,9273,4017,fp16,T,N,2,249,1.51820,9.37
16411,274,4276,bf16,N,N,0,166,0.46784,82.20
16411,274,4276,bf16,N,N,1,166,0.46774,82.21
16411,274,4276,bf16,N,N,2,166,0.46870,82.05
9751,11026,4835,fp32,T,T,0,82,27.00918,38.49
9751,11026,4835,fp32,T,T,1,82,27.01937,38.48
9751,11026,4835,fp32,T,T,2,82,27.02081,38.48
1263,125,1858,fp32,T,T,0,82,0.10464,5.61
1263,125,1858,fp32,T,T,1,82,0.10496,5.59
1263,125,1858,fp32,T,T,2,82,0.10480,5.60
148,149,472,bf16,T,N,0,231,0.01360,1.53
148,149,472,bf16,T,N,1,231,0.01424,1.46
148,149,472,bf16,T,N,2,231,0.01413,1.47
21306,23193,1460,bf16,N,T,0,57,14.19988,101.61
21306,23193,1460,bf16,N,T,1,57,14.19551,101.65
21306,23193,1460,bf16,N,T,2,57,14.20324,101.59
582,4744,75,fp16,N,T,0,227,0.02309,17.93
582,4744,75,fp16,N,T,1,227,0.02341,17.69
582,4744,75,fp16,N,T,2,227,0.02363,17.53
11727,2355,382,bf16,T,T,0,39,0.36902,57.18
11727,2355,382,bf16,T,T,1,39,0.36694,57.50
11727,2355,382,bf16,T,T,2,39,0.36982,57.05
648,101,13872,fp16,N,T,0,70,0.18096,10.03
648,101,13872,fp16,N,T,1,70,0.18064,10.05
648,101,13872,fp16,N,T,2,70,0.18251,9.95
117,659,118,fp16,T,N,0,245,0.02752,0.66
117,659,118,fp16,T,N,1,245,0.02779,0.65
117,659,118,fp16,T,N,2,245,0.02763,0.66
1601,7381,883,fp16,N,N,0,90,0.28576,73.03
1601,7381,883,fp16,N,N,1,90,0.28347,73.62
1601,7381,883,fp16,N,N,2,90,0.28251,73.87
5568,200,5838,fp32,T,T,0,82,0.57862,22.47
5568,200,5838,fp32,T,T,1,82,0.57958,22.43
5568,200,5838,fp32,T,T,2,82,0.57963,22.43
9825,65,1399,fp16,N,T,0,68,0.07312,24.44
9825,65,1399,fp16,N,T,1,68,0.07451,23.98
9825,65,1399,fp16,N,T,2,68,0.07376,24.23
1934,31330,629,fp32,T,N,0,519,2.16936,35.14
1934,31330,629,fp32,T,N,1,519,2.17240,35.09
1934,31330,629,fp32,T,N,2,519,2.17165,35.10
1927,12299,222,fp32,T,T,0,82,0.44128,23.85
1927,12299,222,fp32,T,T,1,82,0.43168,24.38
1927,12299,222,fp32,T,T,2,82,0.43238,24.34
2121,227,16060,bf16,N,N,0,176,0.46454,33.29
2121,227,16060,bf16,N,N,1,176,0.46454,33.29
2121,227,16060,bf16,N,N,2,176,0.46486,33.27
2431,16219,16652,bf16,T,N,0,231,17.65752,74.37
2431,16219,16652,bf16,T,N,1,231,17.79848,73.78
2431,16219,16652,bf16,T,N,2,231,17.67314,74.30
505,12192,2885,bf16,N,N,0,388,0.40651,87.39
505,12192,2885,bf16,N,N,1,388,0.40811,87.05
505,12192,2885,bf16,N,N,2,388,0.40752,87.17
580,26962,9790,bf16,T,T,0,39,3.91247,78.26
580,26962,9790,bf16,T,T,1,39,3.80079,80.56
580,26962,9790,bf16,T,T,2,39,3.88548,78.80
612,28050,475,fp32,T,T,0,82,0.51686,31.55
612,28050,475,fp32,T,T,1,82,0.51185,31.86
612,28050,475,fp32,T,T,2,82,0.51110,31.91
1925,141,194,fp32,T,T,0,82,0.01749,6.02
1925,141,194,fp32,T,T,1,82,0.01776,5.93
1925,141,194,fp32,T,T,2,82,0.01787,5.89
1403,5174,13290,fp32,N,T,0,612,5.22272,36.94
1403,5174,13290,fp32,N,T,1,612,5.22368,36.94
1403,5174,13290,fp32,N,T,2,612,5.22544,36.92
107,117,72,bf16,N,N,0,166,0.01003,0.18
107,117,72,bf16,N,N,1,166,0.01125,0.16
107,117,72,bf16,N,N,2,166,0.01077,0.17
781,1100,7846,bf16,N,N,0,283,0.16683,80.81
781,1100,7846,bf16,N,N,1,283,0.16661,80.91
781,1100,7846,bf16,N,N,2,283,0.16592,81.25
858,408,66,bf16,N,N,0,388,0.01141,4.05
858,408,66,bf16,N,N,1,388,0.01179,3.92
858,408,66,bf16,N,N,2,388,0.01344,3.44
646,2768,15111,fp16,T,T,0,53,4.46773,12.10
646,2768,15111,fp16,T,T,1,53,4.46885,12.09
646,2768,15111,fp16,T,T,2,53,4.46677,12.10
979,4376,337,bf16,N,T,0,201,0.09371,30.81
979,4376,337,bf16,N,T,1,201,0.09381,30.78
979,4376,337,bf16,N,T,2,201,0.09403,30.71
563,13001,349,fp16,N,N,0,90,0.22715,22.49
563,13001,349,fp16,N,N,1,90,0.22955,22.26
563,13001,349,fp16,N,N,2,90,0.22816,22.39
5305,20851,690,fp32,T,T,0,82,4.12351,37.02
5305,20851,690,fp32,T,T,1,82,4.12724,36.99
5305,20851,690,fp32,T,T,2,82,4.12500,37.01
4467,96,168,fp16,T,N,0,513,0.01461,9.86
4467,96,168,fp16,T,N,1,513,0.01483,9.72
4467,96,168,fp16,T,N,2,513,0.01451,9.93
107,613,2033,bf16,N,T,0,62,0.04389,6.08
107,613,2033,bf16,N,T,1,62,0.04421,6.03
107,613,2033,bf16,N,T,2,62,0.04389,6.08
620,79,4753,bf16,T,N,0,247,0.06640,7.01
620,79,4753,bf16,T,N,1,247,0.06603,7.05
620,79,4753,bf16,T,N,2,247,0.06688,6.96
365,258,3785,bf16,N,N,0,176,0.03616,19.71
365,258,3785,bf16,N,N,1,176,0.03643,19.57
365,258,3785,bf16,N,N,2,176,0.03643,19.57
471,87,335,fp16,T,N,0,245,0.05317,0.52
471,87,335,fp16,T,N,1,245,0.05339,0.51
471,87,335,fp16,T,N,2,245,0.05323,0.52
275,124,82,fp32,T,T,0,82,0.01520,0.37
275,124,82,fp32,T,T,1,82,0.01536,0.36
275,124,82,fp32,T,T,2,82,0.01509,0.37
2353,7158,186,fp32,T,T,0,82,0.26934,23.26
2353,7158,186,fp32,T,T,1,82,0.26902,23.29
2353,7158,186,fp32,T,T,2,82,0.26934,23.26
230,2401,815,bf16,N,T,0,62,0.03381,26.62
230,2401,815,bf16,N,T,1,62,0.03408,26.41
230,2401,815,bf16,N,T,2,62,0.03397,26.49
7191,358,8056,bf16,N,N,0,174,0.73755,56.24
7191,358,8056,bf16,N,N,1,174,0.73697,56.28
7191,358,8056,bf16,N,N,2,174,0.73718,56.27
1073,607,3106,fp32,T,T,0,82,0.20608,19.63
1073,607,3106,fp32,T,T,1,82,0.20662,19.58
1073,607,3106,fp32,T,T,2,82,0.20699,19.55
719,1234,14159,bf16,N,N,0,176,0.72054,34.87
719,1234,14159,bf16,N,N,1,176,0.72070,34.86
719,1234,14159,bf16,N,N,2,176,0.72081,34.86
12919,855,12506,bf16,N,T,0,57,3.77817,73.12
12919,855,12506,bf16,N,T,1,57,3.78772,72.94
12919,855,12506,bf16,N,T,2,57,3.78281,73.03
242,80,292,fp16,N,T,0,227,0.01008,1.12
242,80,292,fp16,N,T,1,227,0.01141,0.99
242,80,292,fp16,N,T,2,227,0.01120,1.01
2441,5584,13122,bf16,T,T,0,39,4.74378,75.41
2441,5584,13122,bf16,T,T,1,39,4.71136,75.93
2441,5584,13122,bf16,T,T,2,39,4.57205,78.24
12249,6253,7553,fp16,N,T,0,62,16.03643,72.15
12249,6253,7553,fp16,N,T,1,62,16.34716,70.78
12249,6253,7553,fp16,N,T,2,62,16.28263,71.06
309,154,1089,bf16,T,N,0,238,0.02021,5.13
309,154,1089,bf16,T,N,1,238,0.02187,4.74
309,154,1089,bf16,T,N,2,238,0.02075,5.00
751,132,475,bf16,N,N,0,273,0.01893,4.97
751,132,475,bf16,N,N,1,273,0.01936,4.86
751,132,475,bf16,N,N,2,273,0.01952,4.82
129,8398,1701,bf16,N,N,0,174,0.17451,21.12
129,8398,1701,bf16,N,N,1,174,0.17296,21.31
129,8398,1701,bf16,N,N,2,174,0.16683,22.09
878,23645,11174,fp32,T,N,0,519,13.29459,34.90
878,23645,11174,fp32,T,N,1,519,12.90696,35.95
878,23645,11174,fp32,T,N,2,519,12.91507,35.92
5714,91,386,bf16,N,N,0,166,0.02624,15.30
5714,91,386,bf16,N,N,1,166,0.02741,14.64
5714,91,386,bf16,N,N,2,166,0.02640,15.21
493,761,123,bf16,N,T,0,57,0.01429,6.46
493,761,123,bf16,N,T,1,57,0.01445,6.39
493,761,123,bf16,N,T,2,57,0.01456,6.34
559,2154,6482,fp32,T,T,0,82,0.44256,35.27
559,2154,6482,fp32,T,T,1,82,0.44304,35.23
559,2154,6482,fp32,T,T,2,82,0.44304,35.23
7962,2574,1200,fp16,N,N,0,98,0.50449,97.50
7962,2574,1200,fp16,N,N,1,98,0.50449,97.50
7962,2574,1200,fp16,N,N,2,98,0.50513,97.37
119,7019,4210,fp16,T,T,0,53,0.80545,8.73
119,7019,4210,fp16,T,T,1,53,0.80630,8.72
119,7019,4210,fp16,T,T,2,53,0.80652,8.72
7738,146,674,fp16,N,N,0,98,0.22736,6.70
7738,146,674,fp16,N,N,1,98,0.22726,6.70
7738,146,674,fp16,N,N,2,98,0.22731,6.70
340,147,2153,fp16,T,T,0,53,0.03883,5.54
340,147,2153,fp16,T,T,1,53,0.03899,5.52
340,147,2153,fp16,T,T,2,53,0.03877,5.55
430,427,4743,fp16,N,N,0,103,0.07168,24.30
430,427,4743,fp16,N,N,1,103,0.07211,24.15
430,427,4743,fp16,N,N,2,103,0.07200,24.19
2073,245,76,fp32,T,N,0,519,0.01291,5.98
2073,245,76,fp32,T,N,1,519,0.01349,5.72
2073,245,76,fp32,T,N,2,519,0.01365,5.65
12073,936,2570,bf16,N,N,0,388,0.50662,114.65
12073,936,2570,bf16,N,N,1,388,0.50160,115.80
12073,936,2570,bf16,N,N,2,388,0.50385,115.28
105,170,314,fp32,T,N,0,519,0.01712,0.65
105,170,314,fp32,T,N,1,519,0.01744,0.64
105,170,314,fp32,T,N,2,519,0.01723,0.65
144,92,364,bf16,N,T,0,57,0.01493,0.65
144,92,364,bf16,N,T,1,57,0.01669,0.58
144,92,364,bf16,N,T,2,57,0.01488,0.65
4288,450,2592,fp16,T,T,0,88,0.72075,13.88
4288,450,2592,fp16,T,T,1,88,0.72225,13.85
4288,450,2592,fp16,T,T,2,88,0.72123,13.87
2041,2024,965,fp16,T,T,0,53,0.11173,71.35
2041,2024,965,fp16,T,T,1,53,0.11307,70.51
2041,2024,965,fp16,T,T,2,53,0.11312,70.48
14567,3405,29559,fp32,T,T,0,82,188.29144,15.57
14567,3405,29559,fp32,T,T,1,82,187.55855,15.63
14567,3405,29559,fp32,T,T,2,82,188.11305,15.59
506,4116,28732,fp32,T,T,0,82,3.93690,30.40
506,4116,28732,fp32,T,T,1,82,3.74697,31.94
506,4116,28732,fp32,T,T,2,82,4.12394,29.02
5556,123,2908,fp32,N,N,0,558,0.13771,28.86
5556,123,2908,fp32,N,N,1,558,0.13814,28.77
5556,123,2908,fp32,N,N,2,558,0.13776,28.85
454,19665,99,fp32,N,T,0,612,0.14918,11.85
454,19665,99,fp32,N,T,1,612,0.14955,11.82
454,19665,99,fp32,N,T,2,612,0.14944,11.83
840,213,13295,bf16,T,T,0,39,0.32395,14.69
840,213,13295,bf16,T,T,1,39,0.32390,14.69
840,213,13295,bf16,T,T,2,39,0.32374,14.70
123,102,424,bf16,T,N,0,231,0.01419,0.75
123,102,424,bf16,T,N,1,231,0.01525,0.70
123,102,424,bf16,T,N,2,231,0.01451,0.73
542,2374,2525,fp16,N,T,0,68,0.41462,15.67
542,2374,2525,fp16,N,T,1,68,0.41670,15.59
542,2374,2525,fp16,N,T,2,68,0.41552,15.64
833,1676,11106,fp32,N,T,0,614,1.17004,26.50
833,1676,11106,fp32,N,T,1,614,1.17287,26.44
833,1676,11106,fp32,N,T,2,614,1.17132,26.47
19087,222,5268,bf16,N,T,0,57,0.45147,98.89
19087,222,5268,bf16,N,T,1,57,0.45457,98.21
19087,222,5268,bf16,N,T,2,57,0.44891,99.45
18109,1153,16943,bf16,N,N,0,166,6.48284,109.14
18109,1153,16943,bf16,N,N,1,166,6.48034,109.18
18109,1153,16943,bf16,N,N,2,166,6.48162,109.16
324,121,971,bf16,N,T,0,62,0.01808,4.21
324,121,971,bf16,N,T,1,62,0.01856,4.10
324,121,971,bf16,N,T,2,62,0.01835,4.15
776,1459,1840,fp16,T,T,0,53,0.06891,60.46
776,1459,1840,fp16,T,T,1,53,0.06960,59.86
776,1459,1840,fp16,T,T,2,53,0.06928,60.14
204,1514,3641,fp32,N,N,0,558,0.09115,24.68
204,1514,3641,fp32,N,N,1,558,0.09136,24.62
204,1514,3641,fp32,N,N,2,558,0.09184,24.49
109,949,13399,fp16,T,N,0,258,0.59131,4.69
109,949,13399,fp16,T,N,1,258,0.59430,4.66
109,949,13399,fp16,T,N,2,258,0.59153,4.69
4696,13557,428,fp16,T,T,0,53,1.02428,53.20
4696,13557,428,fp16,T,T,1,53,1.02588,53.12
4696,13557,428,fp16,T,T,2,53,1.02412,53.21
161,15296,18597,fp32,N,N,0,556,4.57194,20.03
161,15296,18597,fp32,N,N,1,556,4.58666,19.97
161,15296,18597,fp32,N,N,2,556,4.67093,19.61
1194,12984,1825,fp32,T,N,0,525,1.52402,37.13
1194,12984,1825,fp32,T,N,1,525,1.52492,37.11
1194,12984,1825,fp32,T,N,2,525,1.52530,37.10
463,156,8257,fp16,T,N,0,395,0.16198,7.36
463,156,8257,fp16,T,N,1,395,0.16251,7.34
463,156,8257,fp16,T,N,2,395,0.16272,7.33
176,440,263,fp16,N,T,0,227,0.01221,3.34
176,440,263,fp16,N,T,1,227,0.01403,2.90
176,440,263,fp16,N,T,2,227,0.01269,3.21
12084,3781,1746,bf16,T,T,0,39,1.45719,109.49
12084,3781,1746,bf16,T,T,1,39,1.46130,109.18
12084,3781,1746,bf16,T,T,2,39,1.45863,109.38
165,4383,1662,bf16,N,T,0,62,0.17814,13.49
165,4383,1662,bf16,N,T,1,62,0.17963,13.38
165,4383,1662,bf16,N,T,2,62,0.17968,13.38
960,371,623,fp16,T,N,0,245,0.03184,13.94
960,371,623,fp16,T,N,1,245,0.03200,13.87
960,371,623,fp16,T,N,2,245,0.03205,13.84
13115,31789,540,fp16,T,N,0,245,5.80988,77.50
13115,31789,540,fp16,T,N,1,245,5.79878,77.65
13115,31789,540,fp16,T,N,2,245,5.78673,77.81
11195,230,558,fp32,N,T,0,612,0.11856,24.24
11195,230,558,fp32,N,T,1,612,0.11893,24.16
11195,230,558,fp32,N,T,2,612,0.11941,24.06
1436,17013,22800,bf16,N,N,0,166,15.81137,70.46
1436,17013,22800,bf16,N,N,1,166,15.91095,70.02
1436,17013,22800,bf16,N,N,2,166,15.98321,69.70
96,1194,13185,fp32,N,T,0,612,0.21568,14.01
96,1194,13185,fp32,N,T,1,612,0.21600,13.99
96,1194,13185,fp32,N,T,2,612,0.21392,14.13
850,22713,182,fp16,N,N,0,94,0.21003,33.46
850,22713,182,fp16,N,N,1,94,0.21216,33.12
850,22713,182,fp16,N,N,2,94,0.21019,33.43
85,362,284,bf16,T,N,0,231,0.01739,1.01
85,362,284,bf16,T,N,1,231,0.01749,1.00
85,362,284,bf16,T,N,2,231,0.01803,0.97
827,12024,2657,fp32,T,T,0,82,1.45346,36.36
827,12024,2657,fp32,T,T,1,82,1.45511,36.31
827,12024,2657,fp32,T,T,2,82,1.45527,36.31
17062,17288,2418,fp32,T,N,0,525,35.68172,39.98
17062,17288,2418,fp32,T,N,1,525,35.68626,39.97
17062,17288,2418,fp32,T,N,2,525,35.68471,39.97
1315,291,607,bf16,T,T,0,39,0.02384,19.49
1315,291,607,bf16,T,T,1,39,0.02373,19.57
1315,291,607,bf16,T,T,2,39,0.02400,19.36
981,192,19634,bf16,T,N,0,502,0.12576,58.81
981,192,19634,bf16,T,N,1,502,0.12619,58.61
981,192,19634,bf16,T,N,2,502,0.12619,58.61
100,748,30775,fp16,N,T,0,70,0.37280,12.35
100,748,30775,fp16,N,T,1,70,0.37275,12.35
100,748,30775,fp16,N,T,2,70,0.37344,12.33
1058,9445,16890,fp16,T,T,0,53,21.94408,15.38
1058,9445,16890,fp16,T,T,1,53,21.94344,15.38
1058,9445,16890,fp16,T,T,2,53,21.94072,15.38
95,2415,3507,bf16,T,T,0,39,0.10155,15.85
95,2415,3507,bf16,T,T,1,39,0.10325,15.58
95,2415,3507,bf16,T,T,2,39,0.10187,15.80
5346,279,3898,fp32,N,T,0,612,0.48673,23.89
5346,279,3898,fp32,N,T,1,612,0.48838,23.81
5346,279,3898,fp32,N,T,2,612,0.49217,23.63
683,312,1991,fp32,T,N,0,525,0.04384,19.36
683,312,1991,fp32,T,N,1,525,0.04384,19.36
683,312,1991,fp32,T,N,2,525,0.04437,19.12
4010,168,1298,bf16,N,T,0,212,0.04101,42.64
4010,168,1298,bf16,N,T,1,212,0.04080,42.86
4010,168,1298,bf16,N,T,2,212,0.04128,42.37
5677,2383,159,fp32,T,T,0,82,0.18443,23.33
5677,2383,159,fp32,T,T,1,82,0.18464,23.30
5677,2383,159,fp32,T,T,2,82,0.18491,23.27
148,205,479,fp32,N,N,0,556,0.01387,2.10
148,205,479,fp32,N,N,1,556,0.01424,2.04
148,205,479,fp32,N,N,2,556,0.01424,2.04
76,972,20736,fp16,T,N,0,396,0.89766,3.41
76,972,20736,fp16,T,N,1,396,0.89542,3.42
76,972,20736,fp16,T,N,2,396,0.89500,3.42
30527,1944,76,fp32,N,T,0,614,0.52278,17.25
30527,1944,76,fp32,N,T,1,614,0.52273,17.26
30527,1944,76,fp32,N,T,2,614,0.52310,17.24
1935,10819,666,fp32,N,N,0,556,0.77564,35.95
1935,10819,666,fp32,N,N,1,556,0.77649,35.91
1935,10819,666,fp32,N,N,2,556,0.77686,35.89
169,2913,136,bf16,T,N,0,231,0.01931,6.94
169,2913,136,bf16,T,N,1,231,0.01973,6.79
169,2913,136,bf16,T,N,2,231,0.02005,6.68
1273,7181,650,bf16,N,T,0,57,0.27782,42.78
1273,7181,650,bf16,N,T,1,57,0.27659,42.97
1273,7181,650,bf16,N,T,2,57,0.27744,42.83
195,71,4462,bf16,N,N,0,176,0.01931,6.40
195,71,4462,bf16,N,N,1,176,0.02752,4.49
195,71,4462,bf16,N,N,2,176,0.01979,6.24
705,15548,101,fp32,T,T,0,82,0.15414,14.37
705,15548,101,fp32,T,T,1,82,0.15696,14.11
705,15548,101,fp32,T,T,2,82,0.15579,14.21
202,102,8876,bf16,N,T,0,64,0.11227,3.26
202,102,8876,bf16,N,T,1,64,0.11147,3.28
202,102,8876,bf16,N,T,2,64,0.11216,3.26
441,4706,511,fp32,T,N,0,519,0.07280,29.13
441,4706,511,fp32,T,N,1,519,0.07248,29.26
441,4706,511,fp32,T,N,2,519,0.07259,29.22
442,1338,2446,bf16,T,T,0,39,0.07632,37.91
442,1338,2446,bf16,T,T,1,39,0.07605,38.04
442,1338,2446,bf16,T,T,2,39,0.07632,37.91
101,1714,2364,fp32,T,T,0,82,0.12512,6.54
101,1714,2364,fp32,T,T,1,82,0.12597,6.50
101,1714,2364,fp32,T,T,2,82,0.12560,6.52
500,6494,460,fp32,T,N,0,519,0.09861,30.29
500,6494,460,fp32,T,N,1,519,0.09792,30.51
500,6494,460,fp32,T,N,2,519,0.09787,30.52
7788,528,2298,fp16,N,T,0,229,0.29515,64.03
7788,528,2298,fp16,N,T,1,229,0.29792,63.44
7788,528,2298,fp16,N,T,2,229,0.29622,63.80
1239,2757,113,fp32,T,T,0,82,0.05957,12.96
1239,2757,113,fp32,T,T,1,82,0.06027,12.81
1239,2757,113,fp32,T,T,2,82,0.06005,12.86
1082,20281,82,fp16,T,N,0,245,0.34022,10.58
1082,20281,82,fp16,T,N,1,245,0.33952,10.60
1082,20281,82,fp16,T,N,2,245,0.34208,10.52
67,1996,7836,bf16,N,N,0,283,0.15488,13.53
67,1996,7836,bf16,N,N,1,283,0.15520,13.50
67,1996,7836,bf16,N,N,2,283,0.15526,13.50
9894,1356,116,bf16,N,N,0,273,0.10677,29.15
9894,1356,116,bf16,N,N,1,273,0.10704,29.08
9894,1356,116,bf16,N,N,2,273,0.10651,29.22
698,22778,26762,bf16,N,N,0,166,13.47049,63.17
698,22778,26762,bf16,N,N,1,166,13.49119,63.08
698,22778,26762,bf16,N,N,2,166,13.44335,63.30
1087,6790,6477,fp32,N,T,0,612,2.84648,33.59
1087,6790,6477,fp32,N,T,1,612,2.84750,33.58
1087,6790,6477,fp32,N,T,2,612,2.84803,33.57
422,217,629,bf16,N,T,0,57,0.02907,3.96
422,217,629,bf16,N,T,1,57,0.02965,3.88
422,217,629,bf16,N,T,2,57,0.02928,3.93
14000,622,1632,fp16,N,T,0,62,0.38950,72.97
14000,622,1632,fp16,N,T,1,62,0.39072,72.74
14000,622,1632,fp16,N,T,2,62,0.39088,72.71
1561,697,862,bf16,N,T,0,62,0.04277,43.85
1561,697,862,bf16,N,T,1,62,0.04331,43.31
1561,697,862,bf16,N,T,2,62,0.04309,43.53
698,1398,88,fp16,N,N,0,98,0.02075,8.28
698,1398,88,fp16,N,N,1,98,0.02096,8.19
698,1398,88,fp16,N,N,2,98,0.02096,8.19
258,152,3404,fp16,N,N,0,393,0.03168,8.43
258,152,3404,fp16,N,N,1,393,0.03184,8.39
258,152,3404,fp16,N,N,2,393,0.03200,8.34
224,625,3348,fp32,N,T,0,612,0.06240,15.02
224,625,3348,fp32,N,T,1,612,0.06229,15.05
224,625,3348,fp32,N,T,2,612,0.06192,15.14
788,119,6025,fp16,T,N,0,258,0.16326,6.92
788,119,6025,fp16,T,N,1,258,0.16341,6.91
788,119,6025,fp16,T,N,2,258,0.16374,6.90
12512,5388,1153,fp16,N,T,0,62,1.87677,82.83
12512,5388,1153,fp16,N,T,1,62,1.87783,82.79
12512,5388,1153,fp16,N,T,2,62,1.87767,82.79
444,26995,94,fp32,T,N,0,519,0.14523,15.52
444,26995,94,fp32,T,N,1,519,0.14310,15.75
444,26995,94,fp32,T,N,2,519,0.14315,15.74
213,333,7077,fp16,N,N,0,99,0.04907,20.46
213,333,7077,fp16,N,N,1,99,0.04939,20.33
213,333,7077,fp16,N,N,2,99,0.04928,20.37
382,2866,4218,bf16,N,T,0,62,0.43206,21.38
382,2866,4218,bf16,N,T,1,62,0.43291,21.33
382,2866,4218,bf16,N,T,2,62,0.43403,21.28
174,5530,230,bf16,T,N,0,231,0.02603,17.01
174,5530,230,bf16,T,N,1,231,0.02624,16.87
174,5530,230,bf16,T,N,2,231,0.02651,16.70
98,1648,784,fp32,T,N,0,525,0.02112,11.99
98,1648,784,fp32,T,N,1,525,0.02149,11.78
98,1648,784,fp32,T,N,2,525,0.02133,11.87
1001,6632,28972,fp16,N,T,0,227,5.37707,71.54
1001,6632,28972,fp16,N,T,1,227,5.30849,72.46
1001,6632,28972,fp16,N,T,2,227,5.27952,72.86
87,3301,196,fp32,N,N,0,556,0.02565,4.39
87,3301,196,fp32,N,N,1,556,0.02619,4.30
87,3301,196,fp32,N,N,2,556,0.02661,4.23
517,598,1523,bf16,T,N,0,239,0.08400,11.21
517,598,1523,bf16,T,N,1,239,0.08427,11.18
517,598,1523,bf16,T,N,2,239,0.08475,11.11
123,4325,1751,fp16,T,T,0,53,0.25398,7.34
123,4325,1751,fp16,T,T,1,53,0.25547,7.29
123,4325,1751,fp16,T,T,2,53,0.25494,7.31
25725,73,406,fp16,T,T,0,53,0.05349,28.51
25725,73,406,fp16,T,T,1,53,0.05419,28.14
25725,73,406,fp16,T,T,2,53,0.05301,28.76
116,325,905,bf16,N,T,0,62,0.01840,3.71
116,325,905,bf16,N,T,1,62,0.01840,3.71
116,325,905,bf16,N,T,2,62,0.01861,3.67
10327,19476,5444,fp16,N,T,0,62,29.98780,73.03
10327,19476,5444,fp16,N,T,1,62,30.33340,72.19
10327,19476,5444,fp16,N,T,2,62,30.23025,72.44
7082,237,11227,bf16,N,T,0,62,0.72075,52.29
7082,237,11227,bf16,N,T,1,62,0.71201,52.93
7082,237,11227,bf16,N,T,2,62,0.70219,53.67
255,2022,250,fp32,T,T,0,82,0.03227,7.99
255,2022,250,fp32,T,T,1,82,0.03253,7.92
255,2022,250,fp32,T,T,2,82,0.03275,7.87
5759,307,78,fp16,T,N,0,245,0.04485,6.15
5759,307,78,fp16,T,N,1,245,0.04565,6.04
5759,307,78,fp16,T,N,2,245,0.04571,6.03
3574,244,458,bf16,N,T,0,57,0.03339,23.93
3574,244,458,bf16,N,T,1,57,0.03403,23.48
3574,244,458,bf16,N,T,2,57,0.03355,23.81
8468,2321,125,fp16,N,N,0,94,0.15088,32.57
8468,2321,125,fp16,N,N,1,94,0.15104,32.53
8468,2321,125,fp16,N,N,2,94,0.15125,32.49
1572,10973,882,fp16,N,N,0,94,0.37014,82.21
1572,10973,882,fp16,N,N,1,94,0.37083,82.05
1572,10973,882,fp16,N,N,2,94,0.37035,82.16
3902,876,8936,fp16,T,T,0,88,3.66313,16.68
3902,876,8936,fp16,T,T,1,88,3.66409,16.67
3902,876,8936,fp16,T,T,2,88,3.66484,16.67
3267,308,167,fp32,N,N,0,556,0.02240,15.00
3267,308,167,fp32,N,N,1,556,0.02251,14.93
3267,308,167,fp32,N,N,2,556,0.02267,14.83
271,1096,2358,fp16,T,N,0,572,0.04133,33.89
271,1096,2358,fp16,T,N,1,572,0.04160,33.67
271,1096,2358,fp16,T,N,2,572,0.04187,33.46
1965,4026,1484,fp32,T,N,0,519,0.63681,36.87
1965,4026,1484,fp32,T,N,1,519,0.63697,36.86
1965,4026,1484,fp32,T,N,2,519,0.63659,36.88
31847,6676,167,bf16,N,T,0,57,2.32264,30.57
31847,6676,167,bf16,N,T,1,57,2.32600,30.53
31847,6676,167,bf16,N,T,2,57,2.32627,30.53
28987,10682,5769,fp16,N,N,0,92,50.40818,70.87
28987,10682,5769,fp16,N,N,1,92,50.33052,70.98
28987,10682,5769,fp16,N,N,2,92,48.42757,73.77
6971,141,73,bf16,N,T,0,57,0.02533,5.66
6971,141,73,bf16,N,T,1,57,0.02539,5.65
6971,141,73,bf16,N,T,2,57,0.02544,5.64
158,4150,16198,bf16,N,N,0,176,0.73569,28.87
158,4150,16198,bf16,N,N,1,176,0.73969,28.72
158,4150,16198,bf16,N,N,2,176,0.73307,28.98
86,22474,69,fp32,N,N,0,556,0.02949,9.04
86,22474,69,fp32,N,N,1,556,0.03019,8.84
86,22474,69,fp32,N,N,2,556,0.02901,9.19
5565,1769,127,fp16,N,T,0,62,0.15504,16.13
5565,1769,127,fp16,N,T,1,62,0.15526,16.11
5565,1769,127,fp16,N,T,2,62,0.15536,16.09
18565,86,4865,fp32,T,T,0,82,0.84924,18.29
18565,86,4865,fp32,T,T,1,82,0.85142,18.25
18565,86,4865,fp32,T,T,2,82,0.85073,18.26
307,2279,982,fp16,T,N,0,249,0.11488,11.96
307,2279,982,fp16,T,N,1,249,0.11552,11.89
307,2279,982,fp16,T,N,2,249,0.11595,11.85
219,530,230,fp16,N,N,0,92,0.02171,2.46
219,530,230,fp16,N,N,1,92,0.02181,2.45
219,530,230,fp16,N,N,2,92,0.02192,2.44
2658,2330,5955,fp16,T,N,0,245,0.60422,122.08
2658,2330,5955,fp16,T,N,1,245,0.60523,121.87
2658,2330,5955,fp16,T,N,2,245,0.60545,121.83
10856,8784,1875,fp32,T,N,0,539,8.93754,40.01
10856,8784,1875,fp32,T,N,1,539,8.93941,40.00
10856,8784,1875,fp32,T,N,2,539,8.93941,40.00
22839,4142,2191,fp16,T,N,0,245,3.77508,109.81
22839,4142,2191,fp16,T,N,1,245,3.87594,106.95
22839,4142,2191,fp16,T,N,2,245,3.94756,105.01
4245,2011,2071,fp32,T,N,0,519,1.05004,33.67
4245,2011,2071,fp32,T,N,1,519,1.05238,33.60
4245,2011,2071,fp32,T,N,2,519,1.05222,33.60
31399,5218,1199,fp16,T,N,0,245,3.11667,126.06
31399,5218,1199,fp16,T,N,1,245,3.11630,126.08
31399,5218,1199,fp16,T,N,2,245,3.11785,126.01
274,11224,1798,fp16,N,T,0,229,0.37120,29.79
274,11224,1798,fp16,N,T,1,229,0.37184,29.74
274,11224,1798,fp16,N,T,2,229,0.34555,32.00
146,613,7032,fp32,N,N,0,556,0.19088,6.59
146,613,7032,fp32,N,N,1,556,0.19286,6.53
146,613,7032,fp32,N,N,2,556,0.19360,6.50
3099,467,918,fp16,N,N,0,97,0.05296,50.17
3099,467,918,fp16,N,N,1,97,0.05328,49.87
3099,467,918,fp16,N,N,2,97,0.05344,49.72
2957,8922,18891,bf16,T,N,0,231,23.76512,41.94
2957,8922,18891,bf16,T,N,1,231,24.27574,41.06
2957,8922,18891,bf16,T,N,2,231,23.99317,41.54
3966,609,11153,bf16,N,N,0,174,0.62929,85.61
3966,609,11153,bf16,N,N,1,174,0.62870,85.69
3966,609,11153,bf16,N,N,2,174,0.62769,85.83
742,3744,892,fp32,N,N,0,556,0.16880,29.36
742,3744,892,fp32,N,N,1,556,0.16896,29.33
742,3744,892,fp32,N,N,2,556,0.16880,29.36
387,357,885,fp32,T,T,0,82,0.04496,5.44
387,357,885,fp32,T,T,1,82,0.04496,5.44
387,357,885,fp32,T,T,2,82,0.04496,5.44
30926,3387,14062,bf16,T,T,0,39,53.13681,55.44
30926,3387,14062,bf16,T,T,1,39,53.44337,55.12
30926,3387,14062,bf16,T,T,2,39,53.32566,55.24
81,290,1243,bf16,T,N,0,238,0.02069,2.82
81,290,1243,bf16,T,N,1,238,0.02123,2.75
81,290,1243,bf16,T,N,2,238,0.02107,2.77
119,77,332,fp16,N,N,0,90,0.01397,0.44
119,77,332,fp16,N,N,1,90,0.01408,0.43
119,77,332,fp16,N,N,2,90,0.01381,0.44
223,5023,13437,bf16,N,N,0,176,0.59067,50.96
223,5023,13437,bf16,N,N,1,176,0.59051,50.98
223,5023,13437,bf16,N,N,2,176,0.59435,50.65
13862,1343,17740,bf16,T,T,0,39,9.10154,72.57
13862,1343,17740,bf16,T,T,1,39,9.18901,71.88
13862,1343,17740,bf16,T,T,2,39,9.16874,72.04
1931,18359,31211,bf16,T,T,0,39,42.29461,52.32
1931,18359,31211,bf16,T,T,1,39,42.03881,52.64
1931,18359,31211,bf16,T,T,2,39,41.85098,52.88
2095,6312,3076,bf16,T,N,0,441,0.76316,106.60
2095,6312,3076,bf16,T,N,1,441,0.76348,106.55
2095,6312,3076,bf16,T,N,2,441,0.76171,106.80
283,6211,121,fp32,N,T,0,612,0.03627,11.73
283,6211,121,fp32,N,T,1,612,0.03637,11.69
283,6211,121,fp32,N,T,2,612,0.03675,11.58
3871,469,7578,fp16,T,T,0,53,2.21485,12.42
3871,469,7578,fp16,T,T,1,53,2.21496,12.42
3871,469,7578,fp16,T,T,2,53,2.21720,12.41
2035,632,30826,fp32,T,T,0,82,3.91722,20.24
2035,632,30826,fp32,T,T,1,82,3.92831,20.18
2035,632,30826,fp32,T,T,2,82,3.94298,20.11
151,9065,352,fp32,N,T,0,612,0.04992,19.30
151,9065,352,fp32,N,T,1,612,0.05051,19.08
151,9065,352,fp32,N,T,2,612,0.05136,18.76
641,1266,6315,fp32,N,T,0,612,0.50486,20.30
641,1266,6315,fp32,N,T,1,612,0.51057,20.07
641,1266,6315,fp32,N,T,2,612,0.51105,20.06
2753,20773,5679,fp32,T,T,0,82,16.89955,38.44
2753,20773,5679,fp32,T,T,1,82,16.90328,38.43
2753,20773,5679,fp32,T,T,2,82,16.90350,38.43
5402,68,599,bf16,N,T,0,57,0.02688,16.37
5402,68,599,bf16,N,T,1,57,0.02645,16.64
5402,68,599,bf16,N,T,2,57,0.02597,16.94
1882,247,5134,fp16,T,N,0,258,0.13253,36.01
1882,247,5134,fp16,T,N,1,258,0.13307,35.87
1882,247,5134,fp16,T,N,2,258,0.13291,35.91
946,519,13909,bf16,T,T,0,39,0.36880,37.03
946,519,13909,bf16,T,T,1,39,0.37078,36.84
946,519,13909,bf16,T,T,2,39,0.37371,36.55
25654,85,6115,bf16,T,N,0,238,0.33387,79.88
25654,85,6115,bf16,T,N,1,238,0.33376,79.90
25654,85,6115,bf16,T,N,2,238,0.33403,79.84
26477,483,9987,fp16,T,T,0,53,3.33518,76.59
26477,483,9987,fp16,T,T,1,53,3.32569,76.81
26477,483,9987,fp16,T,T,2,53,3.32932,76.72
3374,7665,186,bf16,N,T,0,57,0.39856,24.14
3374,7665,186,bf16,N,T,1,57,0.39782,24.18
3374,7665,186,bf16,N,T,2,57,0.39568,24.31
13411,1667,450,fp32,T,T,0,82,0.59089,34.05
13411,1667,450,fp32,T,T,1,82,0.59126,34.03
13411,1667,450,fp32,T,T,2,82,0.59222,33.97
2692,75,6605,fp16,N,N,0,103,0.33371,7.99
2692,75,6605,fp16,N,N,1,103,0.33488,7.96
2692,75,6605,fp16,N,N,2,103,0.33568,7.95
4314,5004,140,fp16,N,N,0,223,0.17670,34.21
4314,5004,140,fp16,N,N,1,223,0.17942,33.69
4314,5004,140,fp16,N,N,2,223,0.17931,33.71
3916,83,3662,bf16,T,N,0,244,0.12651,18.82
3916,83,3662,bf16,T,N,1,244,0.12544,18.98
3916,83,3662,bf16,T,N,2,244,0.12624,18.86
5532,1242,4531,bf16,N,T,0,57,0.64534,96.48
5532,1242,4531,bf16,N,T,1,57,0.65494,95.07
5532,1242,4531,bf16,N,T,2,57,0.65574,94.95
174,661,7167,bf16,N,T,0,64,0.12155,13.56
174,661,7167,bf16,N,T,1,64,0.12016,13.72
174,661,7167,bf16,N,T,2,64,0.12245,13.46
3294,2030,1393,fp16,N,N,0,98,0.21195,87.90
3294,2030,1393,fp16,N,N,1,98,0.21280,87.54
3294,2030,1393,fp16,N,N,2,98,0.21227,87.76
729,74,1616,bf16,N,T,0,62,0.02288,7.62
729,74,1616,bf16,N,T,1,62,0.02368,7.36
729,74,1616,bf16,N,T,2,62,0.02352,7.41
372,157,145,fp32,T,T,0,82,0.01701,1.00
372,157,145,fp32,T,T,1,82,0.01675,1.01
372,157,145,fp32,T,T,2,82,0.01728,0.98
2151,1850,393,fp16,N,T,0,62,0.09611,32.54
2151,1850,393,fp16,N,T,1,62,0.09723,32.17
2151,1850,393,fp16,N,T,2,62,0.09701,32.24
303,2918,673,fp16,T,N,0,245,0.16107,7.39
303,2918,673,fp16,T,N,1,245,0.16123,7.38
303,2918,673,fp16,T,N,2,245,0.16144,7.37
2809,1738,229,fp16,T,T,0,53,0.16923,13.21
2809,1738,229,fp16,T,T,1,53,0.16923,13.21
2809,1738,229,fp16,T,T,2,53,0.17008,13.15
1078,3354,28109,fp16,N,T,0,62,4.86421,41.79
1078,3354,28109,fp16,N,T,1,62,4.86528,41.78
1078,3354,28109,fp16,N,T,2,62,4.85019,41.91
2233,219,12261,bf16,T,N,0,247,1.78178,6.73
2233,219,12261,bf16,T,N,1,247,1.77655,6.75
2233,219,12261,bf16,T,N,2,247,1.78093,6.73
3477,109,207,bf16,T,N,0,231,0.02048,7.66
3477,109,207,bf16,T,N,1,231,0.02187,7.18
3477,109,207,bf16,T,N,2,231,0.02069,7.58
430,645,626,fp32,N,T,0,612,0.02869,12.10
430,645,626,fp32,N,T,1,612,0.02907,11.95
430,645,626,fp32,N,T,2,612,0.02896,11.99
145,924,3828,fp32,T,T,0,82,0.19579,5.24
145,924,3828,fp32,T,T,1,82,0.19558,5.24
145,924,3828,fp32,T,T,2,82,0.19499,5.26
25001,74,429,fp32,N,N,0,556,0.11104,14.30
25001,74,429,fp32,N,N,1,556,0.11099,14.30
25001,74,429,fp32,N,N,2,556,0.11136,14.25
3006,267,240,fp32,T,T,0,82,0.03488,11.04
3006,267,240,fp32,T,T,1,82,0.03531,10.91
3006,267,240,fp32,T,T,2,82,0.03531,10.91
3244,2828,475,fp16,N,N,0,223,0.13339,65.34
3244,2828,475,fp16,N,N,1,223,0.13371,65.18
3244,2828,475,fp16,N,N,2,223,0.13376,65.16
1546,808,291,fp16,N,N,0,358,0.03211,22.64
1546,808,291,fp16,N,N,1,358,0.03264,22.27
1546,808,291,fp16,N,N,2,358,0.03221,22.57
28157,93,13024,fp16,N,T,0,68,0.85606,79.68
28157,93,13024,fp16,N,T,1,68,0.86017,79.30
28157,93,13024,fp16,N,T,2,68,0.86113,79.21
1704,856,1816,fp16,N,T,0,239,0.10181,52.03
1704,856,1816,fp16,N,T,1,239,0.10192,51.98
1704,856,1816,fp16,N,T,2,239,0.10197,51.95
505,78,196,fp16,N,T,0,62,0.01429,1.08
505,78,196,fp16,N,T,1,62,0.01595,0.97
505,78,196,fp16,N,T,2,62,0.01451,1.06
6622,22611,73,bf16,T,T,0,39,2.07997,10.51
6622,22611,73,bf16,T,T,1,39,2.08098,10.50
6622,22611,73,bf16,T,T,2,39,2.07528,10.53
19354,2150,1372,bf16,T,N,0,231,0.91932,124.20
19354,2150,1372,bf16,T,N,1,231,0.91889,124.26
19354,2150,1372,bf16,T,N,2,231,0.92006,124.10
1231,688,310,fp32,N,N,0,556,0.03317,15.83
1231,688,310,fp32,N,N,1,556,0.03483,15.08
1231,688,310,fp32,N,N,2,556,0.03355,15.65
573,10917,14761,bf16,N,T,0,57,2.11437,87.34
573,10917,14761,bf16,N,T,1,57,2.11608,87.27
573,10917,14761,bf16,N,T,2,57,2.09517,88.14
3637,218,102,fp32,N,N,0,556,0.01851,8.74
3637,218,102,fp32,N,N,1,556,0.01893,8.54
3637,218,102,fp32,N,N,2,556,0.01909,8.47
242,691,1137,bf16,N,N,0,174,0.03797,10.01
242,691,1137,bf16,N,N,1,174,0.03829,9.93
242,691,1137,bf16,N,N,2,174,0.03813,9.97
1214,400,297,bf16,N,T,0,201,0.02080,13.87
1214,400,297,bf16,N,T,1,201,0.02096,13.76
1214,400,297,bf16,N,T,2,201,0.02107,13.69
23974,324,2749,bf16,T,N,0,332,0.56294,75.86
23974,324,2749,bf16,T,N,1,332,0.56379,75.75
23974,324,2749,bf16,T,N,2,332,0.56283,75.88
1145,100,810,bf16,N,N,0,281,0.02853,6.50
1145,100,810,bf16,N,N,1,281,0.02800,6.62
1145,100,810,bf16,N,N,2,281,0.02843,6.53
647,24777,6756,fp16,T,T,0,53,3.52217,61.50
647,24777,6756,fp16,T,T,1,53,3.52015,61.53
647,24777,6756,fp16,T,T,2,53,3.53705,61.24
1581,136,575,fp32,T,T,0,82,0.03323,7.44
1581,136,575,fp32,T,T,1,82,0.03365,7.35
1581,136,575,fp32,T,T,2,82,0.03376,7.32
1529,1469,3208,fp32,N,N,0,556,0.54934,26.23
1529,1469,3208,fp32,N,N,1,556,0.54966,26.22
1529,1469,3208,fp32,N,N,2,556,0.55121,26.14
1041,111,207,fp16,N,T,0,62,0.01248,3.83
1041,111,207,fp16,N,T,1,62,0.01280,3.74
1041,111,207,fp16,N,T,2,62,0.01280,3.74
16114,246,373,fp32,T,N,0,519,0.10299,28.71
16114,246,373,fp32,T,N,1,519,0.10341,28.60
16114,246,373,fp32,T,N,2,519,0.10288,28.74
634,1072,9880,bf16,N,T,0,212,0.18704,71.80
634,1072,9880,bf16,N,T,1,212,0.18806,71.41
634,1072,9880,bf16,N,T,2,212,0.18864,71.19
958,4184,1406,bf16,N,T,0,203,0.14811,76.10
958,4184,1406,bf16,N,T,1,203,0.14848,75.91
958,4184,1406,bf16,N,T,2,203,0.14811,76.10
503,32115,1397,fp32,T,T,0,82,1.23505,36.54
503,32115,1397,fp32,T,T,1,82,1.23143,36.65
503,32115,1397,fp32,T,T,2,82,1.23303,36.60
7144,26534,290,fp32,N,N,0,556,3.79535,28.97
7144,26534,290,fp32,N,N,1,556,3.79796,28.95
7144,26534,290,fp32,N,N,2,556,3.79834,28.95
459,3912,15115,fp16,N,T,0,239,1.09911,49.39
459,3912,15115,fp16,N,T,1,239,1.09521,49.56
459,3912,15115,fp16,N,T,2,239,1.10225,49.25
854,503,12211,fp32,N,N,0,556,0.59750,17.56
854,503,12211,fp32,N,N,1,556,0.59782,17.55
854,503,12211,fp32,N,N,2,556,0.59873,17.52
1090,1165,86,bf16,N,N,0,166,0.01755,12.45
1090,1165,86,bf16,N,N,1,166,0.01797,12.15
1090,1165,86,bf16,N,N,2,166,0.01797,12.15
3052,19578,807,bf16,T,T,0,39,1.04070,92.67
3052,19578,807,bf16,T,T,1,39,1.03964,92.76
3052,19578,807,bf16,T,T,2,39,1.04049,92.69
2378,1557,356,fp16,N,T,0,62,0.08069,32.67
2378,1557,356,fp16,N,T,1,62,0.08101,32.54
2378,1557,356,fp16,N,T,2,62,0.08085,32.60
222,29109,8621,bf16,N,T,0,57,1.64562,67.71
222,29109,8621,bf16,N,T,1,57,1.65031,67.52
222,29109,8621,bf16,N,T,2,57,1.64599,67.69
640,11328,196,fp32,T,T,0,82,0.10507,27.05
640,11328,196,fp32,T,T,1,82,0.10539,26.97
640,11328,196,fp32,T,T,2,82,0.10501,27.06
2034,1316,107,fp32,T,T,0,82,0.04560,12.56
2034,1316,107,fp32,T,T,1,82,0.04576,12.52
2034,1316,107,fp32,T,T,2,82,0.04613,12.42
2542,550,190,bf16,T,T,0,39,0.02459,21.61
2542,550,190,bf16,T,T,1,39,0.02459,21.61
2542,550,190,bf16,T,T,2,39,0.02459,21.61
1513,407,4914,bf16,T,T,0,39,0.14581,41.50
1513,407,4914,bf16,T,T,1,39,0.14534,41.64
1513,407,4914,bf16,T,T,2,39,0.14661,41.28
23611,297,16277,fp16,T,N,0,245,2.68974,84.87
23611,297,16277,fp16,T,N,1,245,2.68968,84.87
23611,297,16277,fp16,T,N,2,245,2.68968,84.87
20656,384,1807,fp16,T,N,0,513,0.32624,87.87
20656,384,1807,fp16,T,N,1,513,0.31003,92.46
20656,384,1807,fp16,T,N,2,513,0.25974,110.37
294,20969,12617,fp16,N,T,0,62,2.53528,61.36
294,20969,12617,fp16,N,T,1,62,2.51000,61.98
294,20969,12617,fp16,N,T,2,62,2.53123,61.46
394,24930,2032,fp16,T,N,0,245,0.41899,95.27
394,24930,2032,fp16,T,N,1,245,0.41371,96.49
394,24930,2032,fp16,T,N,2,245,0.41350,96.54
97,90,21498,fp16,N,T,0,70,0.29414,1.28
97,90,21498,fp16,N,T,1,70,0.29712,1.26
97,90,21498,fp16,N,T,2,70,0.29638,1.27
18269,1387,3201,fp16,N,N,0,90,1.54780,104.81
18269,1387,3201,fp16,N,N,1,90,1.54908,104.72
18269,1387,3201,fp16,N,N,2,90,1.54818,104.78
1222,1237,211,fp32,N,N,0,556,0.03339,19.11
1222,1237,211,fp32,N,N,1,556,0.03333,19.14
1222,1237,211,fp32,N,N,2,556,0.03397,18.78
3194,177,327,bf16,N,T,0,57,0.09531,3.88
3194,177,327,bf16,N,T,1,57,0.09659,3.83
3194,177,327,bf16,N,T,2,57,0.09552,3.87
6876,874,434,bf16,N,N,0,166,0.08773,59.46
6876,874,434,bf16,N,N,1,166,0.08859,58.88
6876,874,434,bf16,N,N,2,166,0.08832,59.06
14431,291,12564,fp32,T,T,0,82,3.01934,34.95
14431,291,12564,fp32,T,T,1,82,3.02259,34.91
14431,291,12564,fp32,T,T,2,82,3.02387,34.90
824,84,14405,bf16,N,T,0,64,0.22971,8.68
824,84,14405,bf16,N,T,1,64,0.23019,8.66
824,84,14405,bf16,N,T,2,64,0.23030,8.66
1750,296,11977,fp32,T,T,0,82,0.52273,23.74
1750,296,11977,fp32,T,T,1,82,0.52326,23.71
1750,296,11977,fp32,T,T,2,82,0.52310,23.72
3133,3467,1346,fp32,T,T,0,82,0.82172,35.59
3133,3467,1346,fp32,T,T,1,82,0.82294,35.53
3133,3467,1346,fp32,T,T,2,82,0.82188,35.58
1973,307,21776,fp16,N,T,0,68,0.36379,72.51
1973,307,21776,fp16,N,T,1,68,0.36630,72.02
1973,307,21776,fp16,N,T,2,68,0.36534,72.21
986,389,5068,bf16,T,N,0,247,0.49323,7.88
986,389,5068,bf16,T,N,1,247,0.49371,7.87
986,389,5068,bf16,T,N,2,247,0.49441,7.86
4282,5026,83,bf16,T,T,0,39,0.30667,11.65
4282,5026,83,bf16,T,T,1,39,0.30539,11.70
4282,5026,83,bf16,T,T,2,39,0.30896,11.56
507,85,895,fp32,N,T,0,612,0.01669,4.62
507,85,895,fp32,N,T,1,612,0.01744,4.42
507,85,895,fp32,N,T,2,612,0.01691,4.56
125,1461,222,fp16,T,N,0,245,0.03563,2.28
125,1461,222,fp16,T,N,1,245,0.03573,2.27
125,1461,222,fp16,T,N,2,245,0.03568,2.27
188,841,2359,fp16,N,T,0,68,0.08683,8.59
188,841,2359,fp16,N,T,1,68,0.08683,8.59
188,841,2359,fp16,N,T,2,68,0.08699,8.58
657,2564,5507,fp16,T,T,0,53,1.61757,11.47
657,2564,5507,fp16,T,T,1,53,1.61916,11.46
657,2564,5507,fp16,T,T,2,53,1.61826,11.47
5042,257,3126,fp16,N,T,0,68,0.16288,49.74
5042,257,3126,fp16,N,T,1,68,0.16491,49.13
5042,257,3126,fp16,N,T,2,68,0.16400,49.40
16987,270,207,fp32,N,N,0,556,0.08859,21.43
16987,270,207,fp32,N,N,1,556,0.08944,21.23
16987,270,207,fp32,N,N,2,556,0.08869,21.41
13403,1235,7503,fp16,T,N,0,245,2.47693,100.28
13403,1235,7503,fp16,T,N,1,245,2.49352,99.61
13403,1235,7503,fp16,T,N,2,245,2.47309,100.44
12102,10229,10128,fp32,N,N,0,556,61.64165,40.68
12102,10229,10128,fp32,N,N,1,556,61.63152,40.69
12102,10229,10128,fp32,N,N,2,556,61.63365,40.68
150,27857,344,bf16,T,N,0,231,0.13008,22.10
150,27857,344,bf16,T,N,1,231,0.13013,22.09
150,27857,344,bf16,T,N,2,231,0.13093,21.96
387,497,1288,fp32,T,N,0,519,0.03211,15.43
387,497,1288,fp32,T,N,1,519,0.03285,15.08
387,497,1288,fp32,T,N,2,519,0.03259,15.20
242,78,762,fp32,T,N,0,519,0.01573,1.83
242,78,762,fp32,T,N,1,519,0.01643,1.75
242,78,762,fp32,T,N,2,519,0.01685,1.71
71,1137,6138,fp32,N,N,0,556,0.13744,7.21
71,1137,6138,fp32,N,N,1,556,0.13776,7.19
71,1137,6138,fp32,N,N,2,556,0.13781,7.19
10481,560,3286,fp16,T,T,0,88,2.20557,17.49
10481,560,3286,fp16,T,T,1,88,2.20754,17.47
10481,560,3286,fp16,T,T,2,88,2.20829,17.47
72,1275,23451,bf16,N,N,0,176,0.17515,24.58
72,1275,23451,bf16,N,N,1,176,0.17408,24.73
72,1275,23451,bf16,N,N,2,176,0.17312,24.87
28530,420,705,fp32,T,N,0,525,0.49126,34.39
28530,420,705,fp32,T,N,1,525,0.49211,34.33
28530,420,705,fp32,T,N,2,525,0.49131,34.39
7778,407,10080,fp16,T,T,0,53,4.90160,13.02
7778,407,10080,fp16,T,T,1,53,4.90672,13.01
7778,407,10080,fp16,T,T,2,53,4.90438,13.01
72,3326,14248,fp16,T,T,0,88,1.29511,5.27
72,3326,14248,fp16,T,T,1,88,1.28503,5.31
72,3326,14248,fp16,T,T,2,88,1.28924,5.29
2516,114,3599,fp16,T,T,0,53,0.47131,4.38
2516,114,3599,fp16,T,T,1,53,0.47094,4.38
2516,114,3599,fp16,T,T,2,53,0.47201,4.37
2909,844,7555,fp32,T,T,0,82,1.15383,32.15
2909,844,7555,fp32,T,T,1,82,1.15383,32.15
2909,844,7555,fp32,T,T,2,82,1.15431,32.14
553,137,211,bf16,N,T,0,57,0.02368,1.35
553,137,211,bf16,N,T,1,57,0.02373,1.35
553,137,211,bf16,N,T,2,57,0.02373,1.35
203,235,735,fp16,N,N,0,90,0.03701,1.89
203,235,735,fp16,N,N,1,90,0.03579,1.96
203,235,735,fp16,N,N,2,90,0.03568,1.97
4089,10504,12181,fp32,N,T,0,614,27.12836,38.57
4089,10504,12181,fp32,N,T,1,614,27.13263,38.56
4089,10504,12181,fp32,N,T,2,614,27.13391,38.56
1774,9223,3215,fp32,N,T,0,612,2.95806,35.57
1774,9223,3215,fp32,N,T,1,612,2.96014,35.54
1774,9223,3215,fp32,N,T,2,612,2.95902,35.55
1637,17211,1900,fp16,T,T,0,53,7.26286,14.74
1637,17211,1900,fp16,T,T,1,53,7.26478,14.74
1637,17211,1900,fp16,T,T,2,53,7.26205,14.74
24664,346,11218,fp16,T,N,0,245,1.90722,100.39
24664,346,11218,fp16,T,N,1,245,1.91058,100.21
24664,346,11218,fp16,T,N,2,245,1.92013,99.71
352,17804,7954,fp32,N,N,0,562,6.37869,15.63
352,17804,7954,fp32,N,N,1,562,6.37527,15.64
352,17804,7954,fp32,N,N,2,562,6.39618,15.59
6063,417,289,fp32,T,N,0,519,0.05877,24.86
6063,417,289,fp32,T,N,1,519,0.05861,24.93
6063,417,289,fp32,T,N,2,519,0.05893,24.80
3417,183,11297,fp16,N,N,0,99,0.56390,25.05
3417,183,11297,fp16,N,N,1,99,0.56555,24.98
3417,183,11297,fp16,N,N,2,99,0.56390,25.05
25364,5505,4523,bf16,T,T,0,39,18.01855,70.10
25364,5505,4523,bf16,T,T,1,39,16.84435,74.99
25364,5505,4523,bf16,T,T,2,39,16.62771,75.96
68,2501,15564,fp16,T,N,0,258,1.34716,3.93
68,2501,15564,fp16,T,N,1,258,1.34567,3.93
68,2501,15564,fp16,T,N,2,258,1.34540,3.93
3687,1617,11163,fp32,T,T,0,82,3.65247,36.44
3687,1617,11163,fp32,T,T,1,82,3.65513,36.42
3687,1617,11163,fp32,T,T,2,82,3.65439,36.42
2492,847,5091,bf16,N,N,0,174,0.28064,76.58
2492,847,5091,bf16,N,N,1,174,0.28171,76.29
2492,847,5091,bf16,N,N,2,174,0.28208,76.19
1966,27750,117,bf16,T,N,0,231,0.59451,21.47
1966,27750,117,bf16,T,N,1,231,0.59505,21.45
1966,27750,117,bf16,T,N,2,231,0.59627,21.41
125,100,31521,fp16,T,T,0,53,4.32528,0.18
125,100,31521,fp16,T,T,1,53,4.29845,0.18
125,100,31521,fp16,T,T,2,53,4.34032,0.18
121,1673,157,fp16,N,N,0,90,0.01317,4.83
121,1673,157,fp16,N,N,1,90,0.01488,4.27
121,1673,157,fp16,N,N,2,90,0.01493,4.26
16196,740,642,fp16,N,N,0,223,0.21414,71.86
16196,740,642,fp16,N,N,1,223,0.21414,71.86
16196,740,642,fp16,N,N,2,223,0.21387,71.95
7439,1680,194,fp16,N,N,0,352,0.09600,50.51
7439,1680,194,fp16,N,N,1,352,0.09563,50.71
7439,1680,194,fp16,N,N,2,352,0.09589,50.57
22794,1937,436,fp16,T,T,0,53,0.58998,65.26
22794,1937,436,fp16,T,T,1,53,0.58966,65.29
22794,1937,436,fp16,T,T,2,53,0.58849,65.42
194,5940,166,fp16,T,T,0,88,0.04171,9.17
194,5940,166,fp16,T,T,1,88,0.04149,9.22
194,5940,166,fp16,T,T,2,88,0.04181,9.15
4049,309,1274,fp32,T,N,0,519,0.12485,25.53
4049,309,1274,fp32,T,N,1,519,0.12533,25.44
4049,309,1274,fp32,T,N,2,519,0.12517,25.47
148,209,252,fp16,N,T,0,62,0.01467,1.06
148,209,252,fp16,N,T,1,62,0.01605,0.97
148,209,252,fp16,N,T,2,62,0.01925,0.81
26967,19715,1653,bf16,T,T,0,39,17.22766,102.02
26967,19715,1653,bf16,T,T,1,39,17.29577,101.62
26967,19715,1653,bf16,T,T,2,39,17.35358,101.28
2846,1232,491,bf16,N,T,0,201,0.08672,39.70
2846,1232,491,bf16,N,T,1,201,0.08693,39.61
2846,1232,491,bf16,N,T,2,201,0.08704,39.56
11613,1589,471,fp32,N,T,0,612,0.54827,31.70
11613,1589,471,fp32,N,T,1,612,0.54811,31.71
11613,1589,471,fp32,N,T,2,612,0.54843,31.70
31731,9860,598,fp16,T,T,0,88,4.61435,81.09
31731,9860,598,fp16,T,T,1,88,4.61568,81.07
31731,9860,598,fp16,T,T,2,88,4.61333,81.11
791,20754,122,bf16,N,T,0,57,0.18923,21.17
791,20754,122,bf16,N,T,1,57,0.18880,21.22
791,20754,122,bf16,N,T,2,57,0.18918,21.17
1427,2231,631,bf16,N,T,0,57,0.09824,40.90
1427,2231,631,bf16,N,T,1,57,0.09824,40.90
1427,2231,631,bf16,N,T,2,57,0.09819,40.92
2575,303,16687,bf16,T,N,0,244,4.73264,5.50
2575,303,16687,bf16,T,N,1,244,4.73349,5.50
2575,303,16687,bf16,T,N,2,244,4.72229,5.51
19910,223,2122,fp16,T,T,0,53,1.39255,13.53
19910,223,2122,fp16,T,T,1,53,1.39452,13.51
19910,223,2122,fp16,T,T,2,53,1.39367,13.52
2288,2084,3869,fp32,T,N,0,539,0.99334,37.14
2288,2084,3869,fp32,T,N,1,539,0.99281,37.16
2288,2084,3869,fp32,T,N,2,539,0.99158,37.21
1990,27741,288,fp16,T,N,0,245,0.89089,35.69
1990,27741,288,fp16,T,N,1,245,0.89841,35.39
1990,27741,288,fp16,T,N,2,245,0.90337,35.20
8138,2644,2759,fp32,T,T,0,82,3.22414,36.83
8138,2644,2759,fp32,T,T,1,82,3.22638,36.80
8138,2644,2759,fp32,T,T,2,82,3.22622,36.80
190,1400,1423,bf16,N,T,0,212,0.03163,23.94
190,1400,1423,bf16,N,T,1,212,0.03195,23.70
190,1400,1423,bf16,N,T,2,212,0.03189,23.74
27979,893,338,bf16,T,N,0,231,0.25040,67.45
27979,893,338,bf16,T,N,1,231,0.25174,67.09
27979,893,338,bf16,T,N,2,231,0.25152,67.15
466,17035,2453,fp16,N,N,0,94,0.47910,81.29
466,17035,2453,fp16,N,N,1,94,0.48086,80.99
466,17035,2453,fp16,N,N,2,94,0.48081,81.00
3812,3348,6244,fp32,T,N,0,539,4.39018,36.30
3812,3348,6244,fp32,T,N,1,539,4.39050,36.30
3812,3348,6244,fp32,T,N,2,539,4.39216,36.29
446,3693,274,fp16,T,N,0,245,0.03851,23.44
446,3693,274,fp16,T,N,1,245,0.03851,23.44
446,3693,274,fp16,T,N,2,245,0.04048,22.30
3481,90,3689,fp32,N,T,0,612,0.16800,13.76
3481,90,3689,fp32,N,T,1,612,0.16838,13.73
3481,90,3689,fp32,N,T,2,612,0.16934,13.65
74,316,1715,fp32,T,T,0,82,0.07856,1.02
74,316,1715,fp32,T,T,1,82,0.07904,1.01
74,316,1715,fp32,T,T,2,82,0.07888,1.02
872,8918,265,fp16,T,T,0,53,0.29291,14.07
872,8918,265,fp16,T,T,1,53,0.29312,14.06
872,8918,265,fp16,T,T,2,53,0.29328,14.05
548,9613,11948,fp32,T,T,0,82,3.62617,34.71
548,9613,11948,fp32,T,T,1,82,3.62735,34.70
548,9613,11948,fp32,T,T,2,82,3.62692,34.71
1417,263,8247,bf16,N,N,0,176,0.21312,28.84
1417,263,8247,bf16,N,N,1,176,0.21376,28.76
1417,263,8247,bf16,N,N,2,176,0.21195,29.00
326,1193,271,fp16,T,N,0,245,0.01909,11.04
326,1193,271,fp16,T,N,1,245,0.01968,10.71
326,1193,271,fp16,T,N,2,245,0.01947,10.83
457,419,27129,bf16,T,T,0,39,0.71121,14.61
457,419,27129,bf16,T,T,1,39,0.71147,14.60
457,419,27129,bf16,T,T,2,39,0.71164,14.60
201,99,14813,bf16,N,N,0,176,0.04373,13.48
201,99,14813,bf16,N,N,1,176,0.04421,13.33
201,99,14813,bf16,N,N,2,176,0.04400,13.40
127,86,9354,fp32,T,T,0,82,0.20992,0.97
127,86,9354,fp32,T,T,1,82,0.20571,0.99
127,86,9354,fp32,T,T,2,82,0.20726,0.99
4957,311,521,fp32,N,T,0,612,0.07835,20.50
4957,311,521,fp32,N,T,1,612,0.07909,20.31
4957,311,521,fp32,N,T,2,612,0.07888,20.36
7311,13572,2635,fp32,N,T,0,614,16.32525,32.03
7311,13572,2635,fp32,N,T,1,614,16.16130,32.36
7311,13572,2635,fp32,N,T,2,614,16.20813,32.26
3689,209,23998,bf16,N,T,0,62,0.87084,42.49
3689,209,23998,bf16,N,T,1,62,0.85046,43.51
3689,209,23998,bf16,N,T,2,62,0.84988,43.54
103,10533,170,fp32,T,T,0,82,0.04880,7.56
103,10533,170,fp32,T,T,1,82,0.04917,7.50
103,10533,170,fp32,T,T,2,82,0.04944,7.46
281,85,1133,fp32,T,N,0,519,0.03301,1.64
281,85,1133,fp32,T,N,1,519,0.03301,1.64
281,85,1133,fp32,T,N,2,519,0.03296,1.64
524,1695,72,bf16,N,T,0,57,0.01456,8.78
524,1695,72,bf16,N,T,1,57,0.01477,8.66
524,1695,72,bf16,N,T,2,57,0.01467,8.72
1759,492,9449,fp32,N,T,0,614,0.75414,21.69
1759,492,9449,fp32,N,T,1,614,0.77116,21.21
1759,492,9449,fp32,N,T,2,614,0.77158,21.20
19613,166,351,fp16,T,T,0,53,0.19120,11.95
19613,166,351,fp16,T,T,1,53,0.19152,11.93
19613,166,351,fp16,T,T,2,53,0.19163,11.93
1179,78,1778,fp32,T,N,0,519,0.05408,6.05
1179,78,1778,fp32,T,N,1,519,0.05525,5.92
1179,78,1778,fp32,T,N,2,519,0.05477,5.97
1223,15788,2339,fp16,T,T,0,53,5.80823,15.55
1223,15788,2339,fp16,T,T,1,53,5.80929,15.55
1223,15788,2339,fp16,T,T,2,53,5.81089,15.54
303,353,20848,fp32,T,N,0,519,0.31771,14.04
303,353,20848,fp32,T,N,1,519,0.31899,13.98
303,353,20848,fp32,T,N,2,519,0.31931,13.97
1272,19341,5725,fp32,N,T,0,612,7.85412,35.87
1272,19341,5725,fp32,N,T,1,612,7.85342,35.87
1272,19341,5725,fp32,N,T,2,612,7.85502,35.86
11180,179,209,fp32,T,N,0,519,0.04459,18.76
11180,179,209,fp32,T,N,1,519,0.04523,18.50
11180,179,209,fp32,T,N,2,519,0.04512,18.54
801,2624,8123,bf16,N,N,0,411,0.34790,98.15
801,2624,8123,bf16,N,N,1,411,0.34896,97.85
801,2624,8123,bf16,N,N,2,411,0.34779,98.18
1583,179,161,fp32,T,N,0,519,0.01333,6.84
1583,179,161,fp32,T,N,1,519,0.01376,6.63
1583,179,161,fp32,T,N,2,519,0.01920,4.75
131,10222,174,fp16,T,N,0,245,0.02555,18.24
131,10222,174,fp16,T,N,1,245,0.02597,17.94
131,10222,174,fp16,T,N,2,245,0.02624,17.76
7848,198,1281,fp16,T,T,0,53,0.38614,10.31
7848,198,1281,fp16,T,T,1,53,0.38598,10.31
7848,198,1281,fp16,T,T,2,53,0.38608,10.31
144,855,1353,fp16,T,N,0,250,0.03872,8.60
144,855,1353,fp16,T,N,1,250,0.03893,8.56
144,855,1353,fp16,T,N,2,250,0.03925,8.49
68,8119,337,fp16,N,T,0,62,0.03616,10.29
68,8119,337,fp16,N,T,1,62,0.03627,10.26
68,8119,337,fp16,N,T,2,62,0.03648,10.20
1117,9008,176,fp32,T,T,0,82,0.15979,22.17
1117,9008,176,fp32,T,T,1,82,0.16102,22.00
1117,9008,176,fp32,T,T,2,82,0.15979,22.17
30909,2066,76,fp32,T,T,0,82,0.75409,12.87
30909,2066,76,fp32,T,T,1,82,0.76150,12.75
30909,2066,76,fp32,T,T,2,82,0.75654,12.83
1743,110,27492,bf16,N,N,0,176,0.21328,49.43
1743,110,27492,bf16,N,N,1,176,0.20438,51.58
1743,110,27492,bf16,N,N,2,176,0.20459,51.53
3156,144,836,fp16,T,N,0,543,0.02688,28.27
3156,144,836,fp16,T,N,1,543,0.02741,27.72
3156,144,836,fp16,T,N,2,543,0.02731,27.83
81,68,20261,bf16,T,N,0,349,0.04576,4.88
81,68,20261,bf16,T,N,1,349,0.04704,4.74
81,68,20261,bf16,T,N,2,349,0.04603,4.85
1671,2054,8531,bf16,T,N,0,231,1.22561,47.78
1671,2054,8531,bf16,T,N,1,231,1.23793,47.31
1671,2054,8531,bf16,T,N,2,231,1.25452,46.68
30536,1813,1819,fp32,T,N,0,519,5.38955,37.37
30536,1813,1819,fp32,T,N,1,519,5.39318,37.34
30536,1813,1819,fp32,T,N,2,519,5.39259,37.35
12482,255,5206,fp16,N,T,0,62,0.48571,68.23
12482,255,5206,fp16,N,T,1,62,0.48961,67.69
12482,255,5206,fp16,N,T,2,62,0.48891,67.78
215,395,313,fp32,N,N,0,556,0.01061,5.01
215,395,313,fp32,N,N,1,556,0.01136,4.68
215,395,313,fp32,N,N,2,556,0.01125,4.72
869,1089,1189,fp32,N,N,0,556,0.09739,23.11
869,1089,1189,fp32,N,N,1,556,0.09712,23.17
869,1089,1189,fp32,N,N,2,556,0.09755,23.07
5479,2595,207,bf16,N,T,0,57,0.22230,26.48
5479,2595,207,bf16,N,T,1,57,0.22176,26.54
5479,2595,207,bf16,N,T,2,57,0.22246,26.46
5977,27371,6444,fp32,T,T,0,82,53.08450,39.72
5977,27371,6444,fp32,T,T,1,82,53.09543,39.71
5977,27371,6444,fp32,T,T,2,82,53.09884,39.71
1604,422,1363,bf16,N,N,0,174,0.04501,40.99
1604,422,1363,bf16,N,N,1,174,0.04587,40.23
1604,422,1363,bf16,N,N,2,174,0.04533,40.70
14046,22883,488,fp32,N,T,0,612,9.51318,32.98
14046,22883,488,fp32,N,T,1,612,9.61803,32.62
14046,22883,488,fp32,N,T,2,612,9.52843,32.92
224,587,3824,fp16,N,N,0,103,0.07915,12.71
224,587,3824,fp16,N,N,1,103,0.07925,12.69
224,587,3824,fp16,N,N,2,103,0.07947,12.65
1666,3165,373,fp16,N,N,0,94,0.08896,44.22
1666,3165,373,fp16,N,N,1,94,0.08949,43.95
1666,3165,373,fp16,N,N,2,94,0.08928,44.06
146,136,6298,fp16,N,T,0,243,0.14614,1.71
146,136,6298,fp16,N,T,1,243,0.14512,1.72
146,136,6298,fp16,N,T,2,243,0.14480,1.73
155,2278,820,fp32,N,N,0,556,0.04635,12.49
155,2278,820,fp32,N,N,1,556,0.04656,12.44
155,2278,820,fp32,N,N,2,556,0.04613,12.55
16399,476,7718,fp32,T,N,0,525,3.31316,36.37
16399,476,7718,fp32,T,N,1,525,3.31502,36.35
16399,476,7718,fp32,T,N,2,525,3.31454,36.35
725,10047,2053,fp16,N,T,0,62,1.31095,22.81
725,10047,2053,fp16,N,T,1,62,1.31330,22.77
725,10047,2053,fp16,N,T,2,62,1.31175,22.80
110,130,438,fp32,N,N,0,556,0.01232,1.02
110,130,438,fp32,N,N,1,556,0.01264,0.99
110,130,438,fp32,N,N,2,556,0.01269,0.99
1686,2653,3269,bf16,T,N,0,231,0.26390,110.82
1686,2653,3269,bf16,T,N,1,231,0.26528,110.24
1686,2653,3269,bf16,T,N,2,231,0.26550,110.15
2329,16600,114,bf16,N,N,0,388,0.23787,37.06
2329,16600,114,bf16,N,N,1,388,0.23894,36.89
2329,16600,114,bf16,N,N,2,388,0.23915,36.86
126,157,6246,fp32,T,T,0,82,0.33216,0.74
126,157,6246,fp32,T,T,1,82,0.33488,0.74
126,157,6246,fp32,T,T,2,82,0.33382,0.74
27061,884,128,fp16,N,N,0,217,0.17910,34.19
27061,884,128,fp16,N,N,1,217,0.17734,34.53
27061,884,128,fp16,N,N,2,217,0.17931,34.15
238,10868,824,bf16,N,T,0,62,0.17232,24.74
238,10868,824,bf16,N,T,1,62,0.17174,24.82
238,10868,824,bf16,N,T,2,62,0.17254,24.71
21398,457,2410,fp16,N,N,0,94,0.53163,88.66
21398,457,2410,fp16,N,N,1,94,0.53313,88.41
21398,457,2410,fp16,N,N,2,94,0.53323,88.39
1236,9015,3182,bf16,T,N,0,231,1.81986,38.97
1236,9015,3182,bf16,T,N,1,231,1.82402,38.88
1236,9015,3182,bf16,T,N,2,231,1.82269,38.90
1517,188,313,fp32,T,N,0,525,0.01739,10.27
1517,188,313,fp32,T,N,1,525,0.01781,10.02
1517,188,313,fp32,T,N,2,525,0.01781,10.02
206,851,451,bf16,N,T,0,57,0.04741,3.34
206,851,451,bf16,N,T,1,57,0.04768,3.32
206,851,451,bf16,N,T,2,57,0.04736,3.34
609,16636,9519,bf16,N,T,0,57,2.74579,70.25
609,16636,9519,bf16,N,T,1,57,2.70131,71.40
609,16636,9519,bf16,N,T,2,57,2.71992,70.91
18119,415,1438,fp32,N,T,0,612,0.86940,24.87
18119,415,1438,fp32,N,T,1,612,0.87046,24.84
18119,415,1438,fp32,N,T,2,612,0.87020,24.85
7039,89,410,fp16,T,N,0,245,0.10555,4.87
7039,89,410,fp16,T,N,1,245,0.10576,4.86
7039,89,410,fp16,T,N,2,245,0.10603,4.85
2379,190,445,fp16,N,T,0,62,0.04368,9.21
2379,190,445,fp16,N,T,1,62,0.04411,9.12
2379,190,445,fp16,N,T,2,62,0.04384,9.18
2658,72,4118,fp16,N,T,0,243,0.07419,21.25
2658,72,4118,fp16,N,T,1,243,0.07531,20.93
2658,72,4118,fp16,N,T,2,243,0.07515,20.97
14785,615,186,fp16,N,N,0,90,0.10464,32.32
14785,615,186,fp16,N,N,1,90,0.10528,32.13
14785,615,186,fp16,N,N,2,90,0.10469,32.31
256,6830,140,fp16,N,N,0,98,0.02843,17.22
256,6830,140,fp16,N,N,1,98,0.02784,17.59
256,6830,140,fp16,N,N,2,98,0.02784,17.59
13757,2963,1181,bf16,N,T,0,57,1.13729,84.66
13757,2963,1181,bf16,N,T,1,57,1.14108,84.38
13757,2963,1181,bf16,N,T,2,57,1.14012,84.45
101,13135,541,fp16,N,T,0,62,0.07781,18.45
101,13135,541,fp16,N,T,1,62,0.07840,18.31
101,13135,541,fp16,N,T,2,62,0.07520,19.09
2071,1890,2883,bf16,N,T,0,57,0.39904,56.56
2071,1890,2883,bf16,N,T,1,57,0.39904,56.56
2071,1890,2883,bf16,N,T,2,57,0.40214,56.12
1097,24288,373,fp32,N,N,0,556,0.56129,35.41
1097,24288,373,fp32,N,N,1,556,0.56187,35.38
1097,24288,373,fp32,N,N,2,556,0.56203,35.37
494,13381,185,fp16,T,T,0,53,0.19280,12.69
494,13381,185,fp16,T,T,1,53,0.19302,12.67
494,13381,185,fp16,T,T,2,53,0.19291,12.68
4391,3762,5568,bf16,N,N,0,166,1.56343,117.66
4391,3762,5568,bf16,N,N,1,166,1.56428,117.60
4391,3762,5568,bf16,N,N,2,166,1.56354,117.65
653,18188,2049,bf16,T,N,0,332,0.47489,102.49
653,18188,2049,bf16,T,N,1,332,0.47355,102.78
653,18188,2049,bf16,T,N,2,332,0.47329,102.84
253,28343,146,bf16,N,N,0,166,0.12683,16.51
253,28343,146,bf16,N,N,1,166,0.12480,16.78
253,28343,146,bf16,N,N,2,166,0.12448,16.82
1647,94,9665,fp16,N,N,0,101,0.42203,7.09
1647,94,9665,fp16,N,N,1,101,0.42235,7.09
1647,94,9665,fp16,N,N,2,101,0.42251,7.08
449,79,29057,bf16,T,N,0,248,0.31094,6.63
449,79,29057,bf16,T,N,1,248,0.31312,6.58
449,79,29057,bf16,T,N,2,248,0.31243,6.60
392,3259,181,bf16,T,T,0,39,0.02203,21.00
392,3259,181,bf16,T,T,1,39,0.02235,20.69
392,3259,181,bf16,T,T,2,39,0.02235,20.70
3726,321,426,fp16,T,N,0,245,0.03019,33.76
3726,321,426,fp16,T,N,1,245,0.03003,33.94
3726,321,426,fp16,T,N,2,245,0.02971,34.30
8390,3899,9134,bf16,T,N,0,231,8.52378,70.11
8390,3899,9134,bf16,T,N,1,231,8.52116,70.13
8390,3899,9134,bf16,T,N,2,231,8.51471,70.18
3811,67,728,fp16,N,T,0,62,0.02507,14.83
3811,67,728,fp16,N,T,1,62,0.02528,14.71
3811,67,728,fp16,N,T,2,62,0.02528,14.71
9335,170,89,fp32,N,N,0,556,0.02656,10.64
9335,170,89,fp32,N,N,1,556,0.02656,10.64
9335,170,89,fp32,N,N,2,556,0.02656,10.64
2297,1010,24387,fp32,T,N,0,519,7.07075,16.00
2297,1010,24387,fp32,T,N,1,519,7.01011,16.14
2297,1010,24387,fp32,T,N,2,519,6.90195,16.39
31089,5261,5550,bf16,T,T,0,39,27.14911,66.87
31089,5261,5550,bf16,T,T,1,39,28.51969,63.66
31089,5261,5550,bf16,T,T,2,39,27.26415,66.59
66,1333,5868,fp16,N,T,0,70,0.05925,17.43
66,1333,5868,fp16,N,T,1,70,0.05947,17.36
66,1333,5868,fp16,N,T,2,70,0.05989,17.24
261,8695,120,bf16,N,N,0,166,0.03184,17.11
261,8695,120,bf16,N,N,1,166,0.03237,16.82
261,8695,120,bf16,N,N,2,166,0.03275,16.63
9807,17541,7179,bf16,N,N,0,166,34.79906,70.98
9807,17541,7179,bf16,N,N,1,166,34.64093,71.30
9807,17541,7179,bf16,N,N,2,166,34.85042,70.87
718,382,468,fp16,N,T,0,62,0.01813,14.16
718,382,468,fp16,N,T,1,62,0.01856,13.83
718,382,468,fp16,N,T,2,62,0.01856,13.83
167,2645,956,fp32,T,N,0,519,0.04704,17.95
167,2645,956,fp32,T,N,1,519,0.04720,17.89
167,2645,956,fp32,T,N,2,519,0.04725,17.87
123,3618,11058,bf16,N,N,0,176,0.24384,40.36
123,3618,11058,bf16,N,N,1,176,0.24400,40.34
123,3618,11058,bf16,N,N,2,176,0.24454,40.25
21237,5467,12421,fp32,N,T,0,612,72.95336,39.54
21237,5467,12421,fp32,N,T,1,612,72.95417,39.53
21237,5467,12421,fp32,N,T,2,612,72.95103,39.54
9965,527,646,bf16,N,T,0,57,0.14768,45.94
9965,527,646,bf16,N,T,1,57,0.14848,45.70
9965,527,646,bf16,N,T,2,57,0.14843,45.71
4477,1536,7190,bf16,N,N,0,388,1.02748,96.24
4477,1536,7190,bf16,N,N,1,388,1.03532,95.51
4477,1536,7190,bf16,N,N,2,388,1.03516,95.53
1827,1057,9896,bf16,N,N,0,174,0.47499,80.47
1827,1057,9896,bf16,N,N,1,174,0.47526,80.42
1827,1057,9896,bf16,N,N,2,174,0.47569,80.35
398,5543,475,bf16,T,T,0,39,0.05264,39.81
398,5543,475,bf16,T,T,1,39,0.05312,39.45
398,5543,475,bf16,T,T,2,39,0.05317,39.41
4802,499,396,fp32,T,N,0,519,0.06795,27.93
4802,499,396,fp32,T,N,1,519,0.06821,27.82
4802,499,396,fp32,T,N,2,519,0.06832,27.78
4033,1668,1572,bf16,T,N,0,332,0.24790,85.32
4033,1668,1572,bf16,T,N,1,332,0.24747,85.46
4033,1668,1572,bf16,T,N,2,332,0.24832,85.17
20878,3127,219,fp16,T,T,0,53,0.86070,33.22
20878,3127,219,fp16,T,T,1,53,0.86300,33.13
20878,3127,219,fp16,T,T,2,53,0.87057,32.85
20870,439,6197,bf16,N,N,0,166,1.43714,79.01
20870,439,6197,bf16,N,N,1,166,1.43506,79.13
20870,439,6197,bf16,N,N,2,166,1.43607,79.07
825,592,20272,fp32,T,T,0,82,0.87201,22.71
825,592,20272,fp32,T,T,1,82,0.87244,22.70
825,592,20272,fp32,T,T,2,82,0.87137,22.72
751,1192,8953,bf16,T,N,0,489,0.16752,95.68
751,1192,8953,bf16,T,N,1,489,0.16763,95.62
751,1192,8953,bf16,T,N,2,489,0.16747,95.72
32090,118,202,bf16,T,N,0,231,0.05909,25.89
32090,118,202,bf16,T,N,1,231,0.05877,26.03
32090,118,202,bf16,T,N,2,231,0.06021,25.41
5813,8026,10180,bf16,T,T,0,39,13.82144,68.73
5813,8026,10180,bf16,T,T,1,39,13.77813,68.94
5813,8026,10180,bf16,T,T,2,39,13.89179,68.38
311,90,74,bf16,T,T,0,39,0.01083,0.38
311,90,74,bf16,T,T,1,39,0.01104,0.38
311,90,74,bf16,T,T,2,39,0.01115,0.37
1202,3348,1295,fp16,T,T,0,53,0.71622,14.55
1202,3348,1295,fp16,T,T,1,53,0.71761,14.52
1202,3348,1295,fp16,T,T,2,53,0.71793,14.52
100,5628,31052,fp16,N,N,0,232,0.73356,47.65
100,5628,31052,fp16,N,N,1,232,0.73739,47.40
100,5628,31052,fp16,N,N,2,232,0.72913,47.94
1012,21159,325,fp32,T,T,0,82,0.44385,31.36
1012,21159,325,fp32,T,T,1,82,0.44070,31.58
1012,21159,325,fp32,T,T,2,82,0.44059,31.59
1282,333,481,fp32,N,T,0,612,0.03131,13.12
1282,333,481,fp32,N,T,1,612,0.03168,12.96
1282,333,481,fp32,N,T,2,612,0.03163,12.99
2453,570,1820,fp32,T,T,0,82,0.24651,20.65
2453,570,1820,fp32,T,T,1,82,0.24763,20.55
2453,570,1820,fp32,T,T,2,82,0.24752,20.56
341,12298,15826,fp32,T,T,0,82,4.11183,32.28
341,12298,15826,fp32,T,T,1,82,4.11167,32.28
341,12298,15826,fp32,T,T,2,82,4.11423,32.26
479,7223,2586,fp32,T,T,0,82,0.67862,26.37
479,7223,2586,fp32,T,T,1,82,0.67926,26.34
479,7223,2586,fp32,T,T,2,82,0.67729,26.42
388,3834,3931,fp16,N,T,0,68,0.72081,16.23
388,3834,3931,fp16,N,T,1,68,0.71953,16.25
388,3834,3931,fp16,N,T,2,68,0.71931,16.26
1025,3212,4134,fp16,N,N,0,217,0.38331,71.01
1025,3212,4134,fp16,N,N,1,217,0.38347,70.99
1025,3212,4134,fp16,N,N,2,217,0.38358,70.97
605,19394,392,bf16,N,N,0,166,0.47409,19.40
605,19394,392,bf16,N,N,1,166,0.47489,19.37
605,19394,392,bf16,N,N,2,166,0.47414,19.40
148,81,534,bf16,N,N,0,166,0.01499,0.85
148,81,534,bf16,N,N,1,166,0.01536,0.83
148,81,534,bf16,N,N,2,166,0.01547,0.83
11535,2155,18928,fp16,N,N,0,90,7.75129,121.40
11535,2155,18928,fp16,N,N,1,90,7.75348,121.37
11535,2155,18928,fp16,N,N,2,90,7.75566,121.33
314,557,82,fp16,N,N,0,94,0.02096,1.37
314,557,82,fp16,N,N,1,94,0.02075,1.38
314,557,82,fp16,N,N,2,94,0.02085,1.38
5186,1262,116,fp16,T,T,0,88,0.12469,12.18
5186,1262,116,fp16,T,T,1,88,0.12475,12.17
5186,1262,116,fp16,T,T,2,88,0.12523,12.12
18865,22245,580,fp16,N,T,0,62,7.04541,69.09
18865,22245,580,fp16,N,T,1,62,7.04243,69.12
18865,22245,580,fp16,N,T,2,62,7.04723,69.08
1172,29264,531,bf16,T,T,0,39,0.50235,72.51
1172,29264,531,bf16,T,T,1,39,0.50182,72.58
1172,29264,531,bf16,T,T,2,39,0.50225,72.52
2386,18190,3191,fp32,N,N,0,556,18.21786,15.20
2386,18190,3191,fp32,N,N,1,556,18.00831,15.38
2386,18190,3191,fp32,N,N,2,556,17.95812,15.42
5994,7002,579,fp32,N,T,0,612,1.52300,31.91
5994,7002,579,fp32,N,T,1,612,1.52444,31.88
5994,7002,579,fp32,N,T,2,612,1.52599,31.85
9018,107,67,fp32,T,T,0,82,0.02261,5.72
9018,107,67,fp32,T,T,1,82,0.02304,5.61
9018,107,67,fp32,T,T,2,82,0.02267,5.70
119,461,164,fp16,T,N,0,245,0.03104,0.58
119,461,164,fp16,T,N,1,245,0.03163,0.57
119,461,164,fp16,T,N,2,245,0.03120,0.58
106,19703,12487,bf16,T,T,0,39,0.73195,71.26
106,19703,12487,bf16,T,T,1,39,0.73414,71.05
106,19703,12487,bf16,T,T,2,39,0.73153,71.30
1513,7063,204,fp32,T,T,0,82,0.18816,23.17
1513,7063,204,fp32,T,T,1,82,0.18827,23.16
1513,7063,204,fp32,T,T,2,82,0.18891,23.08
9372,204,114,bf16,N,N,0,273,0.02816,15.48
9372,204,114,bf16,N,N,1,273,0.02779,15.69
9372,204,114,bf16,N,N,2,273,0.02795,15.60
30547,1985,9404,fp16,N,N,0,90,18.01183,63.32
30547,1985,9404,fp16,N,N,1,90,17.96175,63.49
30547,1985,9404,fp16,N,N,2,90,17.95973,63.50
23618,815,3616,fp32,T,T,0,82,3.99530,34.84
23618,815,3616,fp32,T,T,1,82,3.99642,34.83
23618,815,3616,fp32,T,T,2,82,3.99738,34.82
4029,380,17193,fp16,T,N,0,387,0.80668,65.26
4029,380,17193,fp16,T,N,1,387,0.80577,65.34
4029,380,17193,fp16,T,N,2,387,0.80710,65.23
11906,14990,397,fp16,T,T,0,53,2.48307,57.07
11906,14990,397,fp16,T,T,1,53,2.48312,57.07
11906,14990,397,fp16,T,T,2,53,2.48397,57.05
174,141,88,bf16,N,N,0,166,0.00992,0.44
174,141,88,bf16,N,N,1,166,0.00987,0.44
174,141,88,bf16,N,N,2,166,0.00992,0.44
192,1107,18638,fp32,T,T,0,82,0.41190,19.23
192,1107,18638,fp32,T,T,1,82,0.41184,19.24
192,1107,18638,fp32,T,T,2,82,0.41248,19.21
1555,360,14955,bf16,T,N,0,489,0.20715,80.83
1555,360,14955,bf16,T,N,1,489,0.20736,80.75
1555,360,14955,bf16,T,N,2,489,0.20827,80.39
96,2681,7921,fp32,N,N,0,558,0.23696,17.21
96,2681,7921,fp32,N,N,1,558,0.23867,17.08
96,2681,7921,fp32,N,N,2,558,0.23872,17.08
189,4734,791,fp32,T,N,0,519,0.06597,21.45
189,4734,791,fp32,T,N,1,519,0.06581,21.51
189,4734,791,fp32,T,N,2,519,0.06539,21.65
417,587,603,bf16,T,T,0,39,0.01840,16.04
417,587,603,bf16,T,T,1,39,0.01872,15.77
417,587,603,bf16,T,T,2,39,0.01861,15.86
617,8315,363,fp16,T,N,0,245,0.34384,10.83
617,8315,363,fp16,T,N,1,245,0.34406,10.83
617,8315,363,fp16,T,N,2,245,0.34416,10.82
943,11227,5886,fp32,T,N,0,519,3.34767,37.23
943,11227,5886,fp32,T,N,1,519,3.34943,37.21
943,11227,5886,fp32,T,N,2,519,3.34879,37.22
8325,8211,1121,fp16,T,T,0,53,1.67005,91.77
8325,8211,1121,fp16,T,T,1,53,1.67085,91.72
8325,8211,1121,fp16,T,T,2,53,1.67239,91.64
472,583,3361,bf16,T,T,0,39,0.08603,21.50
472,583,3361,bf16,T,T,1,39,0.08741,21.16
472,583,3361,bf16,T,T,2,39,0.08651,21.38
22271,8728,91,fp16,T,T,0,53,1.32828,26.63
22271,8728,91,fp16,T,T,1,53,1.32770,26.65
22271,8728,91,fp16,T,T,2,53,1.32823,26.64
1892,16055,23124,fp16,N,N,0,94,12.27614,114.44
1892,16055,23124,fp16,N,N,1,94,12.27363,114.46
1892,16055,23124,fp16,N,N,2,94,12.29620,114.25
2272,2969,2036,fp16,N,N,0,94,0.30672,89.55
2272,2969,2036,fp16,N,N,1,94,0.30651,89.62
2272,2969,2036,fp16,N,N,2,94,0.30667,89.57
4452,17482,13643,fp16,N,N,0,98,29.82434,71.21
4452,17482,13643,fp16,N,N,1,98,29.99101,70.81
4452,17482,13643,fp16,N,N,2,98,29.93784,70.94
314,1199,5099,fp32,N,T,0,612,0.26022,14.75
314,1199,5099,fp32,N,T,1,612,0.26144,14.69
314,1199,5099,fp32,N,T,2,612,0.26059,14.73
257,1588,259,fp32,T,T,0,82,0.02619,8.07
257,1588,259,fp32,T,T,1,82,0.02640,8.01
257,1588,259,fp32,T,T,2,82,0.02624,8.06
879,4392,108,fp16,T,N,0,513,0.03451,24.17
879,4392,108,fp16,T,N,1,513,0.03451,24.17
879,4392,108,fp16,T,N,2,513,0.03440,24.24
3326,820,76,bf16,N,T,0,57,0.04885,8.49
3326,820,76,bf16,N,T,1,57,0.04923,8.42
3326,820,76,bf16,N,T,2,57,0.04912,8.44
211,2476,2485,bf16,T,N,0,345,0.06091,42.63
211,2476,2485,bf16,T,N,1,345,0.06091,42.63
211,2476,2485,bf16,T,N,2,345,0.06117,42.44
996,2794,27247,bf16,T,T,0,39,1.43964,105.34
996,2794,27247,bf16,T,T,1,39,1.43751,105.49
996,2794,27247,bf16,T,T,2,39,1.43618,105.59
6747,14475,3661,fp16,T,T,0,53,9.65910,74.03
6747,14475,3661,fp16,T,T,1,53,9.83414,72.71
6747,14475,3661,fp16,T,T,2,53,9.89222,72.29
157,6770,83,bf16,T,N,0,231,0.01803,9.79
157,6770,83,bf16,T,N,1,231,0.01835,9.62
157,6770,83,bf16,T,N,2,231,0.01813,9.73
149,203,268,fp32,N,T,0,612,0.01035,1.57
149,203,268,fp32,N,T,1,612,0.01045,1.55
149,203,268,fp32,N,T,2,612,0.01045,1.55
500,32431,4675,fp32,N,T,0,612,7.07603,21.43
500,32431,4675,fp32,N,T,1,612,7.17603,21.13
500,32431,4675,fp32,N,T,2,612,7.08840,21.39
986,268,1333,fp32,N,T,0,614,0.05045,13.96
986,268,1333,fp32,N,T,1,614,0.05040,13.98
986,268,1333,fp32,N,T,2,614,0.05024,14.02
522,93,896,bf16,N,T,0,62,0.00976,8.91
522,93,896,bf16,N,T,1,62,0.00976,8.91
522,93,896,bf16,N,T,2,62,0.00992,8.77
4656,759,2229,bf16,T,T,0,39,0.20464,76.98
4656,759,2229,bf16,T,T,1,39,0.20480,76.92
4656,759,2229,bf16,T,T,2,39,0.20491,76.88
154,14465,9515,fp32,N,N,0,556,2.64147,16.05
154,14465,9515,fp32,N,N,1,556,2.62168,16.17
154,14465,9515,fp32,N,N,2,556,2.64424,16.03
2571,11777,10068,fp16,T,N,0,245,8.22250,74.15
2571,11777,10068,fp16,T,N,1,245,8.17631,74.57
2571,11777,10068,fp16,T,N,2,245,8.03684,75.86
823,2702,1162,bf16,T,N,0,238,0.35856,14.41
823,2702,1162,bf16,T,N,1,238,0.36059,14.33
823,2702,1162,bf16,T,N,2,238,0.36128,14.30
71,207,262,bf16,N,T,0,57,0.01275,0.60
71,207,262,bf16,N,T,1,57,0.01312,0.59
71,207,262,bf16,N,T,2,57,0.01323,0.58
939,6937,4202,bf16,T,N,0,231,1.33335,41.06
939,6937,4202,bf16,T,N,1,231,1.33431,41.03
939,6937,4202,bf16,T,N,2,231,1.33346,41.05
16178,9411,7020,fp16,N,T,0,62,30.68936,69.65
16178,9411,7020,fp16,N,T,1,62,30.88995,69.20
16178,9411,7020,fp16,N,T,2,62,30.69022,69.65
1362,105,126,fp32,N,T,0,612,0.01056,3.41
1362,105,126,fp32,N,T,1,612,0.01045,3.45
1362,105,126,fp32,N,T,2,612,0.01035,3.48
353,112,698,fp16,N,N,0,364,0.03675,1.50
353,112,698,fp16,N,N,1,364,0.03280,1.68
353,112,698,fp16,N,N,2,364,0.03291,1.68
10583,8132,1637,fp16,T,T,0,53,2.75507,102.27
10583,8132,1637,fp16,T,T,1,53,2.75640,102.22
10583,8132,1637,fp16,T,T,2,53,2.75849,102.14
320,1267,115,bf16,T,N,0,231,0.01285,7.26
320,1267,115,bf16,T,N,1,231,0.01275,7.32
320,1267,115,bf16,T,N,2,231,0.01264,7.38
26765,448,3895,bf16,N,T,0,201,1.03927,89.88
26765,448,3895,bf16,N,T,1,201,1.04060,89.76
26765,448,3895,bf16,N,T,2,201,1.04183,89.66
344,1008,8021,bf16,T,T,0,39,0.20774,26.78
344,1008,8021,bf16,T,T,1,39,0.21094,26.37
344,1008,8021,bf16,T,T,2,39,0.21323,26.09
11636,1746,8282,fp16,N,N,0,98,2.91737,115.35
11636,1746,8282,fp16,N,N,1,98,2.91550,115.43
11636,1746,8282,fp16,N,N,2,98,2.91582,115.41
7051,164,4162,fp32,N,N,0,556,0.52923,18.19
7051,164,4162,fp32,N,N,1,556,0.52907,18.19
7051,164,4162,fp32,N,N,2,556,0.52614,18.29
6088,4551,241,fp32,N,T,0,612,0.49078,27.21
6088,4551,241,fp32,N,T,1,612,0.49142,27.18
6088,4551,241,fp32,N,T,2,612,0.49083,27.21
116,433,2720,fp32,N,T,0,612,0.04192,6.52
116,433,2720,fp32,N,T,1,612,0.04245,6.44
116,433,2720,fp32,N,T,2,612,0.04235,6.45
2126,13189,21371,bf16,T,N,0,231,14.70908,81.48
2126,13189,21371,bf16,T,N,1,231,14.77302,81.13
2126,13189,21371,bf16,T,N,2,231,14.80321,80.96
2467,1723,2888,fp16,T,T,0,53,0.27467,89.39
2467,1723,2888,fp16,T,T,1,53,0.27216,90.21
2467,1723,2888,fp16,T,T,2,53,0.27568,89.06
458,86,528,bf16,T,T,0,39,0.01611,2.58
458,86,528,bf16,T,T,1,39,0.01648,2.52
458,86,528,bf16,T,T,2,39,0.01616,2.57
22266,294,18504,bf16,T,N,0,231,2.53608,95.53
22266,294,18504,bf16,T,N,1,231,2.53758,95.47
22266,294,18504,bf16,T,N,2,231,2.53774,95.46
869,2264,200,fp16,T,N,0,513,0.02571,30.61
869,2264,200,fp16,T,N,1,513,0.02523,31.20
869,2264,200,fp16,T,N,2,513,0.02565,30.68
966,283,604,fp16,T,T,0,53,0.07056,4.68
966,283,604,fp16,T,T,1,53,0.07077,4.67
966,283,604,fp16,T,T,2,53,0.07040,4.69
2495,12978,631,bf16,N,N,0,166,2.04872,19.95
2495,12978,631,bf16,N,N,1,166,2.04376,19.99
2495,12978,631,bf16,N,N,2,166,2.04674,19.97
1010,68,252,bf16,T,T,0,39,0.01285,2.69
1010,68,252,bf16,T,T,1,39,0.01285,2.69
1010,68,252,bf16,T,T,2,39,0.01296,2.67
11349,2495,157,fp16,N,T,0,62,0.32502,27.36
11349,2495,157,fp16,N,T,1,62,0.32507,27.35
11349,2495,157,fp16,N,T,2,62,0.32560,27.31
67,699,1603,fp16,N,N,0,97,0.02395,6.27
67,699,1603,fp16,N,N,1,97,0.02384,6.30
67,699,1603,fp16,N,N,2,97,0.02411,6.23
74,1447,181,bf16,T,N,0,231,0.01376,2.82
74,1447,181,bf16,T,N,1,231,0.01355,2.86
74,1447,181,bf16,T,N,2,231,0.01333,2.91
110,232,7024,bf16,T,T,0,39,0.14437,2.48
110,232,7024,bf16,T,T,1,39,0.14379,2.49
110,232,7024,bf16,T,T,2,39,0.14507,2.47
5224,6608,5080,bf16,N,T,0,201,2.91545,120.30
5224,6608,5080,bf16,N,T,1,201,2.93225,119.61
5224,6608,5080,bf16,N,T,2,201,2.92569,119.88
174,1184,1099,bf16,T,T,0,39,0.02560,17.69
174,1184,1099,bf16,T,T,1,39,0.02544,17.80
174,1184,1099,bf16,T,T,2,39,0.02555,17.73
488,740,104,fp16,N,N,0,223,0.01029,7.30
488,740,104,fp16,N,N,1,223,0.01045,7.19
488,740,104,fp16,N,N,2,223,0.01035,7.26
25898,2128,992,bf16,N,T,0,201,1.14764,95.27
25898,2128,992,bf16,N,T,1,201,1.15127,94.97
25898,2128,992,bf16,N,T,2,201,1.15148,94.96
20715,1381,296,fp32,N,N,0,556,0.48417,34.98
20715,1381,296,fp32,N,N,1,556,0.48427,34.97
20715,1381,296,fp32,N,N,2,556,0.48433,34.97
2045,496,667,bf16,T,T,0,39,0.03840,35.24
2045,496,667,bf16,T,T,1,39,0.03872,34.95
2045,496,667,bf16,T,T,2,39,0.03867,34.99
158,296,4818,fp16,T,N,0,589,0.03595,12.54
158,296,4818,fp16,T,N,1,589,0.03621,12.44
158,296,4818,fp16,T,N,2,589,0.03611,12.48
192,5614,29044,fp32,T,N,0,519,3.22708,19.40
192,5614,29044,fp32,T,N,1,519,3.23118,19.38
192,5614,29044,fp32,T,N,2,519,3.27337,19.13
466,16572,278,bf16,N,T,0,57,0.24006,17.89
466,16572,278,bf16,N,T,1,57,0.23926,17.95
466,16572,278,bf16,N,T,2,57,0.23995,17.89
81,83,334,bf16,T,T,0,39,0.01392,0.32
81,83,334,bf16,T,T,1,39,0.01355,0.33
81,83,334,bf16,T,T,2,39,0.01333,0.34
135,6933,284,bf16,N,N,0,166,0.02789,19.06
135,6933,284,bf16,N,N,1,166,0.02795,19.02
135,6933,284,bf16,N,N,2,166,0.02795,19.02
720,331,126,fp32,T,T,0,82,0.01573,3.82
720,331,126,fp32,T,T,1,82,0.01541,3.90
720,331,126,fp32,T,T,2,82,0.01536,3.91
869,129,237,fp32,N,N,0,556,0.01291,4.12
869,129,237,fp32,N,N,1,556,0.01291,4.12
869,129,237,fp32,N,N,2,556,0.01301,4.08
1505,14095,326,fp16,T,T,0,53,0.89868,15.39
1505,14095,326,fp16,T,T,1,53,0.89878,15.39
1505,14095,326,fp16,T,T,2,53,0.89862,15.39
334,2072,2231,fp16,T,T,0,53,0.31926,9.67
334,2072,2231,fp16,T,T,1,53,0.31958,9.66
334,2072,2231,fp16,T,T,2,53,0.31904,9.68
5119,635,210,bf16,N,T,0,57,0.05947,22.96
5119,635,210,bf16,N,T,1,57,0.05920,23.06
5119,635,210,bf16,N,T,2,57,0.05920,23.06
4936,94,8035,fp32,T,T,0,82,0.53259,14.00
4936,94,8035,fp32,T,T,1,82,0.52742,14.14
4936,94,8035,fp32,T,T,2,82,0.52854,14.11
245,919,580,bf16,N,T,0,57,0.04971,5.25
245,919,580,bf16,N,T,1,57,0.04933,5.29
245,919,580,bf16,N,T,2,57,0.04933,5.29
1908,22277,6597,fp16,T,N,0,245,3.98597,140.69
1908,22277,6597,fp16,T,N,1,245,3.98661,140.67
1908,22277,6597,fp16,T,N,2,245,3.98938,140.57
174,12917,265,fp16,N,N,0,94,0.05264,22.63
174,12917,265,fp16,N,N,1,94,0.05301,22.47
174,12917,265,fp16,N,N,2,94,0.05312,22.42
649,3639,799,fp32,T,N,0,519,0.13552,27.85
649,3639,799,fp32,T,N,1,519,0.13600,27.75
649,3639,799,fp32,T,N,2,519,0.13568,27.82
859,5876,89,fp32,N,T,0,614,0.06315,14.23
859,5876,89,fp32,N,T,1,614,0.06331,14.19
859,5876,89,fp32,N,T,2,614,0.06347,14.16
29715,993,8860,fp32,T,T,0,82,13.54538,38.60
29715,993,8860,fp32,T,T,1,82,13.54400,38.60
29715,993,8860,fp32,T,T,2,82,13.54448,38.60
6947,3183,74,fp16,N,T,0,62,0.20123,16.26
6947,3183,74,fp16,N,T,1,62,0.20155,16.24
6947,3183,74,fp16,N,T,2,62,0.20219,16.19
8970,7728,9645,fp16,N,T,0,227,19.56321,68.35
8970,7728,9645,fp16,N,T,1,227,19.52636,68.48
8970,7728,9645,fp16,N,T,2,227,19.44454,68.77
2559,4841,13466,fp32,T,T,0,82,8.78997,37.96
2559,4841,13466,fp32,T,T,1,82,8.79327,37.94
2559,4841,13466,fp32,T,T,2,82,8.79317,37.94
131,16953,26390,fp16,N,N,0,97,3.22926,36.30
131,16953,26390,fp16,N,N,1,97,3.22281,36.37
131,16953,26390,fp16,N,N,2,97,3.22953,36.30
471,886,81,fp16,N,T,0,62,0.01227,5.51
471,886,81,fp16,N,T,1,62,0.01221,5.54
471,886,81,fp16,N,T,2,62,0.01221,5.54
5677,318,97,fp16,T,N,0,245,0.05216,6.71
5677,318,97,fp16,T,N,1,245,0.05216,6.71
5677,318,97,fp16,T,N,2,245,0.05195,6.74
21338,649,21082,fp16,N,T,0,62,10.90274,53.56
21338,649,21082,fp16,N,T,1,62,10.73650,54.38
21338,649,21082,fp16,N,T,2,62,10.85223,53.80
420,599,93,fp16,T,T,0,53,0.01755,2.67
420,599,93,fp16,T,T,1,53,0.01755,2.67
420,599,93,fp16,T,T,2,53,0.01755,2.67
25896,1265,29585,bf16,T,T,0,39,33.83287,57.29
25896,1265,29585,bf16,T,T,1,39,33.35852,58.11
25896,1265,29585,bf16,T,T,2,39,33.72434,57.48
1140,2827,3524,fp32,N,T,0,612,0.68401,33.21
1140,2827,3524,fp32,N,T,1,612,0.68395,33.21
1140,2827,3524,fp32,N,T,2,612,0.68262,33.27
1081,2191,1742,fp32,N,T,0,612,0.27536,29.97
1081,2191,1742,fp32,N,T,1,612,0.27531,29.97
1081,2191,1742,fp32,N,T,2,612,0.27563,29.94
222,11147,1866,bf16,N,T,0,62,0.38800,23.80
222,11147,1866,bf16,N,T,1,62,0.38774,23.82
222,11147,1866,bf16,N,T,2,62,0.38774,23.82
10577,16955,71,bf16,T,T,0,39,2.41480,10.55
10577,16955,71,bf16,T,T,1,39,2.40301,10.60
10577,16955,71,bf16,T,T,2,39,2.40163,10.60
5007,6704,12581,fp32,T,N,0,525,22.06548,38.28
5007,6704,12581,fp32,T,N,1,525,22.06532,38.28
5007,6704,12581,fp32,T,N,2,525,22.06692,38.27
190,1393,5249,fp32,N,N,0,556,0.12411,22.39
190,1393,5249,fp32,N,N,1,556,0.12427,22.36
190,1393,5249,fp32,N,N,2,556,0.12421,22.37
2018,4240,29254,bf16,N,N,0,388,6.50189,77.00
2018,4240,29254,bf16,N,N,1,388,6.49767,77.04
2018,4240,29254,bf16,N,N,2,388,6.50317,76.98
559,85,170,bf16,T,N,0,231,0.01131,1.43
559,85,170,bf16,T,N,1,231,0.01125,1.44
559,85,170,bf16,T,N,2,231,0.01141,1.42
9504,1209,6865,bf16,N,T,0,57,1.91912,82.21
9504,1209,6865,bf16,N,T,1,57,1.92125,82.11
9504,1209,6865,bf16,N,T,2,57,1.94520,81.10
3708,11510,1518,fp32,N,T,0,612,3.58020,36.19
3708,11510,1518,fp32,N,T,1,612,3.57988,36.19
3708,11510,1518,fp32,N,T,2,612,3.58084,36.19
1226,541,9918,fp16,N,N,0,103,0.46518,28.28
1226,541,9918,fp16,N,N,1,103,0.46454,28.32
1226,541,9918,fp16,N,N,2,103,0.46459,28.32
216,77,1224,bf16,T,N,0,238,0.02000,2.04
216,77,1224,bf16,T,N,1,238,0.02032,2.00
216,77,1224,bf16,T,N,2,238,0.02027,2.01
299,22499,12831,fp16,T,N,0,245,1.73885,99.28
299,22499,12831,fp16,T,N,1,245,1.74029,99.20
299,22499,12831,fp16,T,N,2,245,1.74135,99.14
865,3870,29521,fp16,T,N,0,245,4.62443,42.74
865,3870,29521,fp16,T,N,1,245,4.61061,42.87
865,3870,29521,fp16,T,N,2,245,4.61813,42.80
16317,19559,1036,bf16,T,T,0,39,8.31215,79.55
16317,19559,1036,bf16,T,T,1,39,8.31418,79.53
16317,19559,1036,bf16,T,T,2,39,8.31764,79.50
183,5514,8753,fp16,T,T,0,53,1.66530,10.61
183,5514,8753,fp16,T,T,1,53,1.66946,10.58
183,5514,8753,fp16,T,T,2,53,1.66951,10.58
758,72,559,bf16,N,N,0,398,0.02128,2.87
758,72,559,bf16,N,N,1,398,0.02133,2.86
758,72,559,bf16,N,N,2,398,0.02139,2.85
3504,3628,22592,bf16,N,N,0,273,5.13009,111.97
3504,3628,22592,bf16,N,N,1,273,5.13841,111.79
3504,3628,22592,bf16,N,N,2,273,5.15142,111.50
216,1019,11332,fp32,N,N,0,558,0.72395,6.89
216,1019,11332,fp32,N,N,1,558,0.72657,6.87
216,1019,11332,fp32,N,N,2,558,0.72246,6.90
8130,6678,344,fp32,N,N,0,556,1.18295,31.58
8130,6678,344,fp32,N,N,1,556,1.18295,31.58
8130,6678,344,fp32,N,N,2,556,1.18327,31.57
1012,5320,10761,fp16,N,T,0,227,1.33756,86.63
1012,5320,10761,fp16,N,T,1,227,1.33746,86.64
1012,5320,10761,fp16,N,T,2,227,1.33634,86.71
12045,182,22942,bf16,N,T,0,62,1.78007,56.51
12045,182,22942,bf16,N,T,1,62,1.79495,56.04
12045,182,22942,bf16,N,T,2,62,1.80055,55.86
114,305,4766,fp32,T,N,0,519,0.08059,4.11
114,305,4766,fp32,T,N,1,519,0.08107,4.09
114,305,4766,fp32,T,N,2,519,0.08181,4.05
89,22004,2505,fp32,T,N,0,525,0.40272,24.36
89,22004,2505,fp32,T,N,1,525,0.40267,24.37
89,22004,2505,fp32,T,N,2,525,0.40278,24.36
140,407,493,fp16,T,N,0,245,0.01488,3.78
140,407,493,fp16,T,N,1,245,0.01509,3.72
140,407,493,fp16,T,N,2,245,0.01520,3.70
10559,27786,176,fp16,N,N,0,92,2.18802,47.20
10559,27786,176,fp16,N,N,1,92,2.16845,47.63
10559,27786,176,fp16,N,N,2,92,2.18488,47.27
1438,2807,7817,bf16,N,N,0,166,1.07404,58.76
1438,2807,7817,bf16,N,N,1,166,1.07415,58.75
1438,2807,7817,bf16,N,N,2,166,1.07297,58.81
73,217,108,fp32,T,T,0,82,0.01301,0.26
73,217,108,fp32,T,T,1,82,0.01328,0.26
73,217,108,fp32,T,T,2,82,0.01349,0.25
29339,160,14198,bf16,T,T,0,39,1.82834,72.91
29339,160,14198,bf16,T,T,1,39,1.83031,72.83
29339,160,14198,bf16,T,T,2,39,1.83986,72.45
84,180,3238,bf16,T,T,0,39,0.06336,1.55
84,180,3238,bf16,T,T,1,39,0.06309,1.55
84,180,3238,bf16,T,T,2,39,0.06283,1.56
304,882,410,fp16,N,N,0,98,0.03387,6.49
304,882,410,fp16,N,N,1,98,0.03392,6.48
304,882,410,fp16,N,N,2,98,0.03376,6.51
110,23091,164,fp16,T,T,0,53,0.04864,17.13
110,23091,164,fp16,T,T,1,53,0.04811,17.32
110,23091,164,fp16,T,T,2,53,0.04832,17.24
15432,2082,13156,bf16,N,T,0,57,12.86153,65.73
15432,2082,13156,bf16,N,T,1,57,12.79673,66.06
15432,2082,13156,bf16,N,T,2,57,12.60180,67.08
3442,122,13296,fp16,T,N,0,258,1.55378,7.19
3442,122,13296,fp16,T,N,1,258,1.54412,7.23
3442,122,13296,fp16,T,N,2,258,1.54855,7.21
29609,136,9792,fp16,N,N,0,364,1.10887,71.12
29609,136,9792,fp16,N,N,1,364,1.11031,71.03
29609,136,9792,fp16,N,N,2,364,1.10940,71.08
75,27249,86,bf16,N,T,0,57,0.05120,6.87
75,27249,86,bf16,N,T,1,57,0.05131,6.85
75,27249,86,bf16,N,T,2,57,0.05131,6.85
15145,751,18949,fp32,N,T,0,612,11.49827,37.49
15145,751,18949,fp32,N,T,1,612,11.49864,37.49
15145,751,18949,fp32,N,T,2,612,11.49949,37.48
571,372,6834,fp32,T,T,0,82,0.15856,18.31
571,372,6834,fp32,T,T,1,82,0.15856,18.31
571,372,6834,fp32,T,T,2,82,0.15846,18.32
106,184,4742,bf16,T,T,0,39,0.08976,2.06
106,184,4742,bf16,T,T,1,39,0.08805,2.10
106,184,4742,bf16,T,T,2,39,0.08896,2.08
15291,3911,543,fp32,T,N,0,519,1.80370,36.01
15291,3911,543,fp32,T,N,1,519,1.80082,36.06
15291,3911,543,fp32,T,N,2,519,1.80199,36.04
24430,71,91,bf16,N,N,0,166,0.03339,9.46
24430,71,91,bf16,N,N,1,166,0.03355,9.41
24430,71,91,bf16,N,N,2,166,0.03355,9.41
67,960,1253,fp16,N,N,0,377,0.01899,8.49
67,960,1253,fp16,N,N,1,377,0.01915,8.42
67,960,1253,fp16,N,N,2,377,0.01925,8.37
245,2194,3381,bf16,T,N,0,244,0.12160,29.89
245,2194,3381,bf16,T,N,1,244,0.12139,29.94
245,2194,3381,bf16,T,N,2,244,0.12123,29.98
161,3119,1061,fp32,T,T,0,82,0.07675,13.88
161,3119,1061,fp32,T,T,1,82,0.07707,13.83
161,3119,1061,fp32,T,T,2,82,0.07717,13.81
356,3289,595,bf16,N,T,0,57,0.05467,25.49
356,3289,595,bf16,N,T,1,57,0.05525,25.22
356,3289,595,bf16,N,T,2,57,0.05504,25.31
1866,75,16699,fp32,T,N,0,519,0.36427,12.83
1866,75,16699,fp32,T,N,1,519,0.36438,12.83
1866,75,16699,fp32,T,N,2,519,0.36459,12.82
557,21407,31961,fp32,N,T,0,612,30.04189,25.37
557,21407,31961,fp32,N,T,1,612,30.11683,25.31
557,21407,31961,fp32,N,T,2,612,30.02963,25.38
30118,393,326,fp32,T,N,0,519,0.24976,30.90
30118,393,326,fp32,T,N,1,519,0.24992,30.88
30118,393,326,fp32,T,N,2,519,0.25008,30.86
2109,1101,18042,fp32,N,N,0,556,4.46714,18.76
2109,1101,18042,fp32,N,N,1,556,4.39930,19.05
2109,1101,18042,fp32,N,N,2,556,4.45920,18.79
103,25130,1031,fp32,N,T,0,612,0.22934,23.27
103,25130,1031,fp32,N,T,1,612,0.22987,23.22
103,25130,1031,fp32,N,T,2,612,0.22918,23.29
124,75,5766,bf16,N,N,0,176,0.02011,5.33
124,75,5766,bf16,N,N,1,176,0.02021,5.31
124,75,5766,bf16,N,N,2,176,0.02016,5.32
8699,1147,1485,fp32,N,T,0,612,0.91148,32.51
8699,1147,1485,fp32,N,T,1,612,0.91073,32.54
8699,1147,1485,fp32,N,T,2,612,0.91356,32.44
951,1041,938,fp32,T,N,0,519,0.08363,22.21
951,1041,938,fp32,T,N,1,519,0.08533,21.76
951,1041,938,fp32,T,N,2,519,0.08459,21.96
5011,2568,26239,bf16,N,N,0,388,7.10883,94.99
5011,2568,26239,bf16,N,N,1,388,7.12078,94.84
5011,2568,26239,bf16,N,N,2,388,7.11518,94.91
1587,15449,3609,bf16,N,T,0,57,7.38334,23.97
1587,15449,3609,bf16,N,T,1,57,7.38201,23.97
1587,15449,3609,bf16,N,T,2,57,7.38537,23.96
90,2525,6506,bf16,N,N,0,176,0.14118,20.95
90,2525,6506,bf16,N,N,1,176,0.13995,21.13
90,2525,6506,bf16,N,N,2,176,0.14096,20.98
132,1625,628,fp32,N,T,0,612,0.02528,10.66
132,1625,628,fp32,N,T,1,612,0.02528,10.66
132,1625,628,fp32,N,T,2,612,0.02512,10.72
713,5176,398,fp32,T,T,0,82,0.12581,23.35
713,5176,398,fp32,T,T,1,82,0.12491,23.52
713,5176,398,fp32,T,T,2,82,0.12469,23.56
3202,1874,3324,fp16,T,N,0,245,0.36603,108.98
3202,1874,3324,fp16,T,N,1,245,0.36560,109.11
3202,1874,3324,fp16,T,N,2,245,0.36587,109.03
403,291,73,fp16,T,N,0,245,0.00981,1.74
403,291,73,fp16,T,N,1,245,0.01013,1.69
403,291,73,fp16,T,N,2,245,0.01035,1.65
6027,28955,8278,fp32,T,T,0,82,73.75387,39.17
6027,28955,8278,fp32,T,T,1,82,73.75163,39.17
6027,28955,8278,fp32,T,T,2,82,73.75744,39.17
274,313,26995,bf16,T,T,0,39,0.65803,7.04
274,313,26995,bf16,T,T,1,39,0.65809,7.04
274,313,26995,bf16,T,T,2,39,0.65713,7.05
6195,29567,418,fp16,T,T,0,53,2.94446,52.01
6195,29567,418,fp16,T,T,1,53,2.94633,51.97
6195,29567,418,fp16,T,T,2,53,2.94371,52.02
1396,2849,7121,fp32,N,N,0,556,1.88951,29.98
1396,2849,7121,fp32,N,N,1,556,1.87960,30.14
1396,2849,7121,fp32,N,N,2,556,1.89175,29.94
416,1077,132,fp16,N,T,0,62,0.01371,8.63
416,1077,132,fp16,N,T,1,62,0.01376,8.60
416,1077,132,fp16,N,T,2,62,0.01365,8.66
1754,8781,2960,fp16,N,T,0,62,3.58681,25.42
1754,8781,2960,fp16,N,T,1,62,3.58655,25.42
1754,8781,2960,fp16,N,T,2,62,3.59193,25.38
10930,4962,2107,fp32,T,N,0,519,6.05346,37.75
10930,4962,2107,fp32,T,N,1,519,6.05351,37.75
10930,4962,2107,fp32,T,N,2,519,6.05314,37.76
105,6203,13648,fp32,T,N,0,519,0.60427,29.42
105,6203,13648,fp32,T,N,1,519,0.60278,29.49
105,6203,13648,fp32,T,N,2,519,0.60283,29.49
6383,2738,1235,bf16,N,T,0,57,0.51489,83.84
6383,2738,1235,bf16,N,T,1,57,0.51419,83.95
6383,2738,1235,bf16,N,T,2,57,0.51377,84.02
3474,2039,114,bf16,T,N,0,231,0.10480,15.41
3474,2039,114,bf16,T,N,1,231,0.10555,15.30
3474,2039,114,bf16,T,N,2,231,0.10699,15.10
242,9255,530,fp32,T,N,0,519,0.08379,28.33
242,9255,530,fp32,T,N,1,519,0.08315,28.55
242,9255,530,fp32,T,N,2,519,0.08336,28.48
71,402,12554,bf16,T,T,0,39,0.32016,2.24
71,402,12554,bf16,T,T,1,39,0.31904,2.25
71,402,12554,bf16,T,T,2,39,0.32272,2.22
957,200,2018,bf16,N,N,0,421,0.06389,12.09
957,200,2018,bf16,N,N,1,421,0.06411,12.05
957,200,2018,bf16,N,N,2,421,0.06421,12.03
26985,634,13628,fp16,N,T,0,62,6.85688,68.01
26985,634,13628,fp16,N,T,1,62,6.91539,67.43
26985,634,13628,fp16,N,T,2,62,6.89389,67.64
122,68,3678,fp32,T,N,0,525,0.08229,0.74
122,68,3678,fp32,T,N,1,525,0.07931,0.77
122,68,3678,fp32,T,N,2,525,0.07941,0.77
535,228,302,fp32,T,T,0,82,0.02053,3.59
535,228,302,fp32,T,T,1,82,0.02059,3.58
535,228,302,fp32,T,T,2,82,0.02064,3.57
542,343,1106,fp32,T,T,0,82,0.05691,7.23
542,343,1106,fp32,T,T,1,82,0.05707,7.21
542,343,1106,fp32,T,T,2,82,0.05669,7.25
5800,109,126,fp16,T,T,0,53,0.02768,5.76
5800,109,126,fp16,T,T,1,53,0.02773,5.74
5800,109,126,fp16,T,T,2,53,0.02725,5.85
1416,16906,17480,fp16,T,N,0,245,6.35261,131.74
1416,16906,17480,fp16,T,N,1,245,6.34583,131.88
1416,16906,17480,fp16,T,N,2,245,6.35266,131.74
567,192,14509,fp32,N,N,0,556,0.42486,7.44
567,192,14509,fp32,N,N,1,556,0.40363,7.83
567,192,14509,fp32,N,N,2,556,0.39478,8.00
9556,998,2034,fp16,N,T,0,62,0.60593,64.03
9556,998,2034,fp16,N,T,1,62,0.60683,63.93
9556,998,2034,fp16,N,T,2,62,0.60699,63.92
31986,1124,4766,fp32,N,N,0,556,19.05041,17.99
31986,1124,4766,fp32,N,N,1,556,19.18721,17.86
31986,1124,4766,fp32,N,N,2,556,19.10134,17.94
770,2821,18032,fp32,N,N,0,556,3.71972,21.06
770,2821,18032,fp32,N,N,1,556,3.71231,21.10
770,2821,18032,fp32,N,N,2,556,3.73135,20.99
417,6000,19896,bf16,T,N,0,464,1.22481,81.29
417,6000,19896,bf16,T,N,1,464,1.22844,81.05
417,6000,19896,bf16,T,N,2,464,1.22209,81.47
150,6166,5438,bf16,N,N,0,176,0.26971,37.30
150,6166,5438,bf16,N,N,1,176,0.26848,37.47
150,6166,5438,bf16,N,N,2,176,0.26614,37.80
157,6750,120,bf16,N,T,0,57,0.03989,6.38
157,6750,120,bf16,N,T,1,57,0.04021,6.32
157,6750,120,bf16,N,T,2,57,0.04011,6.34
1412,446,1334,bf16,T,T,0,39,0.04149,40.49
1412,446,1334,bf16,T,T,1,39,0.04160,40.39
1412,446,1334,bf16,T,T,2,39,0.04155,40.44
422,21234,588,bf16,N,T,0,57,0.17712,59.49
422,21234,588,bf16,N,T,1,57,0.17808,59.17
422,21234,588,bf16,N,T,2,57,0.17776,59.28
8863,501,671,bf16,N,T,0,57,0.14576,40.88
8863,501,671,bf16,N,T,1,57,0.14576,40.88
8863,501,671,bf16,N,T,2,57,0.14549,40.96
1843,1995,25034,fp16,N,N,0,90,2.39304,76.93
1843,1995,25034,fp16,N,N,1,90,2.39549,76.85
1843,1995,25034,fp16,N,N,2,90,2.39821,76.76
4836,194,1048,bf16,N,N,0,174,0.05152,38.17
4836,194,1048,bf16,N,N,1,174,0.05200,37.82
4836,194,1048,bf16,N,N,2,174,0.05163,38.09
9918,246,689,bf16,T,N,0,231,0.19051,17.65
9918,246,689,bf16,T,N,1,231,0.19024,17.67
9918,246,689,bf16,T,N,2,231,0.19040,17.66
30667,70,15467,fp16,N,N,0,99,1.70098,39.04
30667,70,15467,fp16,N,N,1,99,1.70162,39.02
30667,70,15467,fp16,N,N,2,99,1.70407,38.97
1515,626,24348,fp16,N,N,0,101,0.74060,62.36
1515,626,24348,fp16,N,N,1,101,0.74262,62.19
1515,626,24348,fp16,N,N,2,101,0.74428,62.05
136,2207,7638,fp32,T,N,0,519,0.23067,19.88
136,2207,7638,fp32,T,N,1,519,0.23126,19.83
136,2207,7638,fp32,T,N,2,519,0.22992,19.94
10220,682,7867,fp16,N,N,0,98,1.16695,93.98
10220,682,7867,fp16,N,N,1,98,1.17036,93.70
10220,682,7867,fp16,N,N,2,98,1.16785,93.90
238,3949,27223,bf16,T,N,0,244,0.73478,69.64
238,3949,27223,bf16,T,N,1,244,0.73516,69.61
238,3949,27223,bf16,T,N,2,244,0.73564,69.56
2838,30645,1428,bf16,N,T,0,57,2.50318,99.23
2838,30645,1428,bf16,N,T,1,57,2.50478,99.17
2838,30645,1428,bf16,N,T,2,57,2.50462,99.17
29296,95,5863,fp32,T,T,0,82,1.48018,22.05
29296,95,5863,fp32,T,T,1,82,1.48028,22.05
29296,95,5863,fp32,T,T,2,82,1.47975,22.05
13893,1216,615,fp16,N,N,0,352,0.26859,77.37
13893,1216,615,fp16,N,N,1,352,0.26880,77.30
13893,1216,615,fp16,N,N,2,352,0.26699,77.83
3339,9099,10551,fp32,T,N,0,519,16.81257,38.13
3339,9099,10551,fp32,T,N,1,519,16.82553,38.10
3339,9099,10551,fp32,T,N,2,519,16.98548,37.74
438,177,2644,fp32,T,T,0,82,0.13200,3.11
438,177,2644,fp32,T,T,1,82,0.13323,3.08
438,177,2644,fp32,T,T,2,82,0.13328,3.08
1339,8656,3096,bf16,N,N,0,388,0.61745,116.23
1339,8656,3096,bf16,N,N,1,388,0.61803,116.12
1339,8656,3096,bf16,N,N,2,388,0.61782,116.16
489,7118,787,fp32,T,N,0,519,0.17280,31.70
489,7118,787,fp32,T,N,1,519,0.17280,31.70
489,7118,787,fp32,T,N,2,519,0.17286,31.69
333,6465,11304,fp32,T,N,0,519,1.46610,33.20
333,6465,11304,fp32,T,N,1,519,1.46583,33.20
333,6465,11304,fp32,T,N,2,519,1.46652,33.19
2734,3515,1971,fp16,N,N,0,94,0.38043,99.58
2734,3515,1971,fp16,N,N,1,94,0.37846,100.10
2734,3515,1971,fp16,N,N,2,94,0.37408,101.27
65,333,67,fp16,N,N,0,90,0.02464,0.12
65,333,67,fp16,N,N,1,90,0.01947,0.15
65,333,67,fp16,N,N,2,90,0.01941,0.15
559,114,18201,fp16,T,T,0,53,2.48051,0.94
559,114,18201,fp16,T,T,1,53,2.47587,0.94
559,114,18201,fp16,T,T,2,53,2.47342,0.94
3798,310,11710,fp16,T,N,0,255,0.52470,52.55
3798,310,11710,fp16,T,N,1,255,0.52497,52.53
3798,310,11710,fp16,T,N,2,255,0.52438,52.58
215,211,141,fp16,N,N,0,90,0.02475,0.52
215,211,141,fp16,N,N,1,90,0.02379,0.54
215,211,141,fp16,N,N,2,90,0.02432,0.53
88,66,6203,bf16,N,T,0,64,0.03813,1.89
88,66,6203,bf16,N,T,1,64,0.03813,1.89
88,66,6203,bf16,N,T,2,64,0.03781,1.91
10674,240,255,fp32,N,T,0,614,0.06523,20.03
10674,240,255,fp32,N,T,1,614,0.06528,20.01
10674,240,255,fp32,N,T,2,614,0.06528,20.01
10085,80,219,fp16,T,N,0,513,0.02544,13.89
10085,80,219,fp16,T,N,1,513,0.02539,13.92
10085,80,219,fp16,T,N,2,513,0.02533,13.95
19507,821,236,bf16,N,T,0,57,0.19270,39.23
19507,821,236,bf16,N,T,1,57,0.19243,39.28
19507,821,236,bf16,N,T,2,57,0.19211,39.35
94,212,122,fp16,N,N,0,223,0.00923,0.53
94,212,122,fp16,N,N,1,223,0.00901,0.54
94,212,122,fp16,N,N,2,223,0.00901,0.54
9866,254,78,fp32,T,T,0,82,0.04347,8.99
9866,254,78,fp32,T,T,1,82,0.04363,8.96
9866,254,78,fp32,T,T,2,82,0.04277,9.14
1556,70,152,fp16,N,T,0,62,0.01253,2.64
1556,70,152,fp16,N,T,1,62,0.01152,2.87
1556,70,152,fp16,N,T,2,62,0.01125,2.94
1392,23844,1005,bf16,N,N,0,273,0.78646,84.83
1392,23844,1005,bf16,N,N,1,273,0.78758,84.71
1392,23844,1005,bf16,N,N,2,273,0.78945,84.51
1280,524,4072,fp16,T,N,0,392,0.10885,50.18
1280,524,4072,fp16,T,N,1,392,0.10661,51.23
1280,524,4072,fp16,T,N,2,392,0.10661,51.23
2579,373,2126,fp32,N,T,0,612,0.17974,22.76
2579,373,2126,fp32,N,T,1,612,0.17936,22.80
2579,373,2126,fp32,N,T,2,612,0.18006,22.72
99,11881,311,bf16,T,T,0,39,0.03136,23.33
99,11881,311,bf16,T,T,1,39,0.03259,22.45
99,11881,311,bf16,T,T,2,39,0.03269,22.38
173,614,5964,fp32,T,T,0,82,0.29259,4.33
173,614,5964,fp32,T,T,1,82,0.29680,4.27
173,614,5964,fp32,T,T,2,82,0.30779,4.12
3329,364,92,bf16,T,N,0,332,0.01701,13.11
3329,364,92,bf16,T,N,1,332,0.01707,13.06
3329,364,92,bf16,T,N,2,332,0.01685,13.23
808,1981,17745,fp16,N,N,0,101,0.83868,67.73
808,1981,17745,fp16,N,N,1,101,0.83878,67.73
808,1981,17745,fp16,N,N,2,101,0.84033,67.60
12870,22600,629,fp32,T,N,0,525,9.37392,39.03
12870,22600,629,fp32,T,N,1,525,9.37611,39.03
12870,22600,629,fp32,T,N,2,525,9.37584,39.03
2486,8762,74,bf16,N,T,0,57,0.23595,13.66
2486,8762,74,bf16,N,T,1,57,0.23606,13.66
2486,8762,74,bf16,N,T,2,57,0.23638,13.64
309,297,171,fp16,N,T,0,62,0.01163,2.70
309,297,171,fp16,N,T,1,62,0.01157,2.71
309,297,171,fp16,N,T,2,62,0.01152,2.72
110,1173,10047,bf16,N,N,0,176,0.09819,26.41
110,1173,10047,bf16,N,N,1,176,0.09765,26.55
110,1173,10047,bf16,N,N,2,176,0.09787,26.49
26433,1285,789,fp32,T,N,0,519,1.50738,35.56
26433,1285,789,fp32,T,N,1,519,1.50716,35.56
26433,1285,789,fp32,T,N,2,519,1.50716,35.56
26127,125,5609,fp32,N,T,0,612,1.23591,29.64
26127,125,5609,fp32,N,T,1,612,1.23244,29.73
26127,125,5609,fp32,N,T,2,612,1.23975,29.55
137,5357,3127,bf16,T,N,0,244,0.18400,24.94
137,5357,3127,bf16,T,N,1,244,0.18363,25.00
137,5357,3127,bf16,T,N,2,244,0.18406,24.94
1073,238,115,bf16,T,N,0,231,0.01152,5.10
1073,238,115,bf16,T,N,1,231,0.01157,5.08
1073,238,115,bf16,T,N,2,231,0.01147,5.12
1118,969,1698,fp32,T,N,0,519,0.14571,25.25
1118,969,1698,fp32,T,N,1,519,0.14581,25.23
1118,969,1698,fp32,T,N,2,519,0.14576,25.24
1900,10646,3547,fp32,T,T,0,82,3.88527,36.93
1900,10646,3547,fp32,T,T,1,82,3.88741,36.91
1900,10646,3547,fp32,T,T,2,82,3.88751,36.91
4997,18945,1340,fp16,N,T,0,62,2.62472,96.66
4997,18945,1340,fp16,N,T,1,62,2.62147,96.78
4997,18945,1340,fp16,N,T,2,62,2.62600,96.61
1520,184,1937,fp16,T,T,0,53,0.25035,4.33
1520,184,1937,fp16,T,T,1,53,0.25072,4.32
1520,184,1937,fp16,T,T,2,53,0.25403,4.27
72,1116,922,bf16,N,T,0,62,0.02267,6.54
72,1116,922,bf16,N,T,1,62,0.02256,6.57
72,1116,922,bf16,N,T,2,62,0.02256,6.57
163,707,31962,fp32,T,N,0,519,0.47462,15.52
163,707,31962,fp32,T,N,1,519,0.47558,15.49
163,707,31962,fp32,T,N,2,519,0.47505,15.51
1190,18111,4682,bf16,T,N,0,231,1.60012,126.12
1190,18111,4682,bf16,T,N,1,231,1.60045,126.10
1190,18111,4682,bf16,T,N,2,231,1.60082,126.07
3553,2403,10779,bf16,T,T,0,39,1.90066,96.84
3553,2403,10779,bf16,T,T,1,39,1.87277,98.28
3553,2403,10779,bf16,T,T,2,39,1.88882,97.45
673,7562,7611,fp32,N,N,0,556,3.43433,22.56
673,7562,7611,fp32,N,N,1,556,3.39961,22.79
673,7562,7611,fp32,N,N,2,556,3.43881,22.53
124,1277,147,fp32,N,T,0,612,0.01029,4.52
124,1277,147,fp32,N,T,1,612,0.01035,4.50
124,1277,147,fp32,N,T,2,612,0.01040,4.48
80,362,5165,bf16,T,N,0,247,0.04448,6.73
80,362,5165,bf16,T,N,1,247,0.04464,6.70
80,362,5165,bf16,T,N,2,247,0.04443,6.73
7992,217,477,fp16,N,N,0,94,0.20368,8.12
7992,217,477,fp16,N,N,1,94,0.20374,8.12
7992,217,477,fp16,N,N,2,94,0.20379,8.12
1031,917,672,fp16,N,T,0,62,0.03701,34.33
1031,917,672,fp16,N,T,1,62,0.03712,34.23
1031,917,672,fp16,N,T,2,62,0.03680,34.53
7122,6290,1504,fp16,T,T,0,88,7.03080,19.17
7122,6290,1504,fp16,T,T,1,88,7.03118,19.16
7122,6290,1504,fp16,T,T,2,88,7.03176,19.16
2296,10222,400,fp32,T,T,0,82,0.59003,31.82
2296,10222,400,fp32,T,T,1,82,0.59083,31.78
2296,10222,400,fp32,T,T,2,82,0.59046,31.80
3782,29886,17295,bf16,N,T,0,57,65.95266,59.28
3782,29886,17295,bf16,N,T,1,57,66.23485,59.03
3782,29886,17295,bf16,N,T,2,57,66.35261,58.92
15799,13616,281,bf16,N,T,0,201,2.59944,46.51
15799,13616,281,bf16,N,T,1,201,2.59896,46.52
15799,13616,281,bf16,N,T,2,201,2.59950,46.51
3035,1778,126,bf16,N,N,0,166,0.06123,22.21
3035,1778,126,bf16,N,N,1,166,0.06149,22.11
3035,1778,126,bf16,N,N,2,166,0.06117,22.23
8525,314,770,fp32,T,T,0,82,0.20139,20.47
8525,314,770,fp32,T,T,1,82,0.20139,20.47
8525,314,770,fp32,T,T,2,82,0.20166,20.44
90,85,10412,fp32,N,N,0,556,0.31110,0.51
90,85,10412,fp32,N,N,1,556,0.31168,0.51
90,85,10412,fp32,N,N,2,556,0.31094,0.51
10836,115,143,bf16,T,T,0,39,0.02272,15.69
10836,115,143,bf16,T,T,1,39,0.02235,15.95
10836,115,143,bf16,T,T,2,39,0.02208,16.14
20236,6589,82,fp32,N,T,0,612,1.76562,12.38
20236,6589,82,fp32,N,T,1,612,1.76482,12.39
20236,6589,82,fp32,N,T,2,612,1.76461,12.39
3010,5288,8853,fp32,N,N,0,556,14.61212,19.29
3010,5288,8853,fp32,N,N,1,556,14.58294,19.33
3010,5288,8853,fp32,N,N,2,556,14.60844,19.29
2922,487,214,fp16,T,N,0,245,0.07579,8.04
2922,487,214,fp16,T,N,1,245,0.07568,8.05
2922,487,214,fp16,T,N,2,245,0.07568,8.05
191,1019,199,bf16,N,T,0,57,0.01120,6.92
191,1019,199,bf16,N,T,1,57,0.01125,6.88
191,1019,199,bf16,N,T,2,57,0.01163,6.66
19714,1885,13261,bf16,T,T,0,39,15.60034,63.18
19714,1885,13261,bf16,T,T,1,39,15.62743,63.07
19714,1885,13261,bf16,T,T,2,39,15.58493,63.24
633,1554,335,fp16,T,T,0,53,0.08037,8.20
633,1554,335,fp16,T,T,1,53,0.08000,8.24
633,1554,335,fp16,T,T,2,53,0.08016,8.22
17826,4137,948,fp16,T,T,0,53,1.43655,97.33
17826,4137,948,fp16,T,T,1,53,1.43767,97.26
17826,4137,948,fp16,T,T,2,53,1.43836,97.21
946,4476,138,fp32,T,N,0,525,0.05941,19.67
946,4476,138,fp32,T,N,1,525,0.05947,19.65
946,4476,138,fp32,T,N,2,525,0.05856,19.96
8778,25074,190,fp16,N,N,0,98,1.71698,48.71
8778,25074,190,fp16,N,N,1,98,1.72258,48.55
8778,25074,190,fp16,N,N,2,98,1.71650,48.73
139,3810,20537,fp16,T,N,0,258,0.52657,41.31
139,3810,20537,fp16,T,N,1,258,0.52699,41.28
139,3810,20537,fp16,T,N,2,258,0.52721,41.26
101,24219,71,fp16,N,T,0,62,0.04155,8.36
101,24219,71,fp16,N,T,1,62,0.03941,8.81
101,24219,71,fp16,N,T,2,62,0.03968,8.75
4218,112,436,fp16,T,N,0,513,0.02032,20.27
4218,112,436,fp16,T,N,1,513,0.02005,20.54
4218,112,436,fp16,T,N,2,513,0.02000,20.60
191,2451,281,fp32,N,N,0,556,0.02501,10.52
191,2451,281,fp32,N,N,1,556,0.02501,10.52
191,2451,281,fp32,N,N,2,556,0.02496,10.54
1479,3900,8072,fp32,T,N,0,525,2.74617,33.91
1479,3900,8072,fp32,T,N,1,525,2.74793,33.89
1479,3900,8072,fp32,T,N,2,525,2.74894,33.87
475,10444,3843,fp32,N,T,0,614,1.16727,32.67
475,10444,3843,fp32,N,T,1,614,1.16647,32.69
475,10444,3843,fp32,N,T,2,614,1.16727,32.67
12558,7993,2436,fp32,N,T,0,612,13.04996,37.47
12558,7993,2436,fp32,N,T,1,612,13.05045,37.47
12558,7993,2436,fp32,N,T,2,612,13.05119,37.47
12253,69,32336,fp32,N,N,0,556,2.70851,20.19
12253,69,32336,fp32,N,N,1,556,2.70782,20.19
12253,69,32336,fp32,N,N,2,556,2.70755,20.19
313,350,11412,bf16,T,T,0,39,0.28251,8.85
313,350,11412,bf16,T,T,1,39,0.28171,8.88
313,350,11412,bf16,T,T,2,39,0.28166,8.88
4302,9576,1914,fp16,T,N,0,513,1.19111,132.40
4302,9576,1914,fp16,T,N,1,513,1.18268,133.34
4302,9576,1914,fp16,T,N,2,513,1.18327,133.27
90,1856,219,fp32,T,T,0,82,0.02315,3.16
90,1856,219,fp32,T,T,1,82,0.02299,3.18
90,1856,219,fp32,T,T,2,82,0.02325,3.15
74,106,1559,fp32,N,T,0,612,0.02891,0.85
74,106,1559,fp32,N,T,1,612,0.02811,0.87
74,106,1559,fp32,N,T,2,612,0.02821,0.87
1474,88,485,fp16,T,T,0,53,0.05920,2.13
1474,88,485,fp16,T,T,1,53,0.05931,2.12
1474,88,485,fp16,T,T,2,53,0.05920,2.13
18642,1059,1238,fp32,T,T,0,82,1.37580,35.53
18642,1059,1238,fp32,T,T,1,82,1.37666,35.51
18642,1059,1238,fp32,T,T,2,82,1.37852,35.46
2088,219,3729,fp16,T,N,0,255,0.65953,5.17
2088,219,3729,fp16,T,N,1,255,0.66049,5.16
2088,219,3729,fp16,T,N,2,255,0.65953,5.17
8350,572,2992,bf16,N,T,0,57,0.29990,95.30
8350,572,2992,bf16,N,T,1,57,0.30027,95.18
8350,572,2992,bf16,N,T,2,57,0.30070,95.05
7199,6809,1795,bf16,T,T,0,39,1.78823,98.41
7199,6809,1795,bf16,T,T,1,39,1.79325,98.13
7199,6809,1795,bf16,T,T,2,39,1.78855,98.39
92,22188,9288,fp16,N,T,0,68,0.55046,68.89
92,22188,9288,fp16,N,T,1,68,0.55371,68.48
92,22188,9288,fp16,N,T,2,68,0.55387,68.46
700,1283,732,bf16,T,T,0,39,0.03621,36.31
700,1283,732,bf16,T,T,1,39,0.03627,36.25
700,1283,732,bf16,T,T,2,39,0.03611,36.41
9887,259,499,fp32,N,N,0,556,0.11552,22.12
9887,259,499,fp32,N,N,1,556,0.11531,22.16
9887,259,499,fp32,N,N,2,556,0.11541,22.14
8246,2521,2052,fp16,N,N,0,94,0.85489,99.80
8246,2521,2052,fp16,N,N,1,94,0.86129,99.05
8246,2521,2052,fp16,N,N,2,94,0.85841,99.39
101,23839,432,bf16,T,N,0,231,0.10107,20.58
101,23839,432,bf16,T,N,1,231,0.09909,20.99
101,23839,432,bf16,T,N,2,231,0.09941,20.93
10201,17743,5612,fp16,T,N,0,245,14.61793,138.97
10201,17743,5612,fp16,T,N,1,245,14.59137,139.23
10201,17743,5612,fp16,T,N,2,245,14.63137,138.85
280,102,119,fp16,T,T,0,53,0.02475,0.27
280,102,119,fp16,T,T,1,53,0.02443,0.28
280,102,119,fp16,T,T,2,53,0.02469,0.28
97,2260,594,fp32,T,T,0,82,0.03840,6.78
97,2260,594,fp32,T,T,1,82,0.03851,6.76
97,2260,594,fp32,T,T,2,82,0.03851,6.76
8004,151,2116,bf16,N,T,0,62,0.11669,43.83
8004,151,2116,bf16,N,T,1,62,0.11589,44.13
8004,151,2116,bf16,N,T,2,62,0.11573,44.19
110,415,29830,fp16,N,N,0,103,0.21280,12.80
110,415,29830,fp16,N,N,1,103,0.21382,12.74
110,415,29830,fp16,N,N,2,103,0.20443,13.32
184,385,479,bf16,T,T,0,39,0.01579,4.30
184,385,479,bf16,T,T,1,39,0.01621,4.19
184,385,479,bf16,T,T,2,39,0.01621,4.19
1325,5959,1635,bf16,N,T,0,57,0.63142,40.89
1325,5959,1635,bf16,N,T,1,57,0.63163,40.88
1325,5959,1635,bf16,N,T,2,57,0.63019,40.97
8167,4317,1737,fp32,T,N,0,519,3.23849,37.82
8167,4317,1737,fp32,T,N,1,519,3.24089,37.79
8167,4317,1737,fp32,T,N,2,519,3.24132,37.79
4929,91,1148,fp32,T,N,0,519,0.05824,17.68
4929,91,1148,fp32,T,N,1,519,0.05845,17.62
4929,91,1148,fp32,T,N,2,519,0.05867,17.55
110,333,496,bf16,T,N,0,231,0.01488,2.44
110,333,496,bf16,T,N,1,231,0.01483,2.45
110,333,496,bf16,T,N,2,231,0.01467,2.48
2164,10976,5278,bf16,T,T,0,39,2.22941,112.46
2164,10976,5278,bf16,T,T,1,39,2.26872,110.51
2164,10976,5278,bf16,T,T,2,39,2.24973,111.45
100,504,555,bf16,T,T,0,39,0.01669,3.35
100,504,555,bf16,T,T,1,39,0.01691,3.31
100,504,555,bf16,T,T,2,39,0.01717,3.26
1122,6049,316,bf16,T,N,0,231,0.14080,30.46
1122,6049,316,bf16,T,N,1,231,0.13830,31.02
1122,6049,316,bf16,T,N,2,231,0.13846,30.98
616,120,5184,fp32,N,N,0,572,0.04608,16.63
616,120,5184,fp32,N,N,1,572,0.04629,16.56
616,120,5184,fp32,N,N,2,572,0.04592,16.69
27407,4751,4668,bf16,N,N,0,166,15.82114,76.84
27407,4751,4668,bf16,N,N,1,166,15.73608,77.25
27407,4751,4668,bf16,N,N,2,166,15.80520,76.91
599,664,298,fp32,N,N,0,556,0.02080,11.40
599,664,298,fp32,N,N,1,556,0.02059,11.51
599,664,298,fp32,N,N,2,556,0.02059,11.51
92,212,29811,fp32,N,N,0,564,0.47206,2.46
92,212,29811,fp32,N,N,1,564,0.43739,2.66
92,212,29811,fp32,N,N,2,564,0.44086,2.64
1552,584,10350,fp32,T,N,0,539,0.66817,28.08
1552,584,10350,fp32,T,N,1,539,0.66795,28.09
1552,584,10350,fp32,T,N,2,539,0.66843,28.07
98,244,102,fp16,T,T,0,88,0.02187,0.22
98,244,102,fp16,T,T,1,88,0.02203,0.22
98,244,102,fp16,T,T,2,88,0.02245,0.22
19985,11321,5633,fp16,T,N,0,245,18.09194,140.89
19985,11321,5633,fp16,T,N,1,245,18.04576,141.25
19985,11321,5633,fp16,T,N,2,245,18.11157,140.74
406,146,19188,fp32,N,T,0,612,0.28768,7.91
406,146,19188,fp32,N,T,1,612,0.28923,7.86
406,146,19188,fp32,N,T,2,612,0.28811,7.90
1816,14603,3655,bf16,N,T,0,57,7.67428,25.26
1816,14603,3655,bf16,N,T,1,57,7.67764,25.25
1816,14603,3655,bf16,N,T,2,57,7.68254,25.23
759,85,160,fp16,N,T,0,62,0.01520,1.36
759,85,160,fp16,N,T,1,62,0.01541,1.34
759,85,160,fp16,N,T,2,62,0.01531,1.35
29706,266,514,bf16,N,N,0,166,0.15376,52.83
29706,266,514,bf16,N,N,1,166,0.15403,52.74
29706,266,514,bf16,N,N,2,166,0.15366,52.87
12840,107,3089,fp32,T,N,0,519,0.28832,29.44
12840,107,3089,fp32,T,N,1,519,0.28832,29.44
12840,107,3089,fp32,T,N,2,519,0.28832,29.44
3173,7649,23619,fp32,T,N,0,519,101.90881,11.25
3173,7649,23619,fp32,T,N,1,519,101.05131,11.35
3173,7649,23619,fp32,T,N,2,519,101.27270,11.32
7285,685,6427,fp32,N,T,0,612,1.95160,32.87
7285,685,6427,fp32,N,T,1,612,1.95277,32.85
7285,685,6427,fp32,N,T,2,612,1.95330,32.84
18839,2111,21110,bf16,N,T,0,57,29.61832,56.69
18839,2111,21110,bf16,N,T,1,57,29.14477,57.61
18839,2111,21110,bf16,N,T,2,57,29.59053,56.74
741,430,17622,fp16,N,T,0,70,0.25787,43.55
741,430,17622,fp16,N,T,1,70,0.25750,43.61
741,430,17622,fp16,N,T,2,70,0.25835,43.47
84,14962,418,fp16,N,T,0,62,0.06400,16.42
84,14962,418,fp16,N,T,1,62,0.06384,16.46
84,14962,418,fp16,N,T,2,62,0.06411,16.39
3359,1604,106,fp16,T,N,0,382,0.05675,20.13
3359,1604,106,fp16,T,N,1,382,0.05573,20.49
3359,1604,106,fp16,T,N,2,382,0.05573,20.49
89,2154,847,fp32,N,T,0,612,0.02651,12.25
89,2154,847,fp32,N,T,1,612,0.02624,12.38
89,2154,847,fp32,N,T,2,612,0.02656,12.23
1242,1261,1908,fp16,N,N,0,101,0.10075,59.32
1242,1261,1908,fp16,N,N,1,101,0.10085,59.26
1242,1261,1908,fp16,N,N,2,101,0.10117,59.07
16120,173,3935,fp32,T,N,0,519,0.85217,25.75
16120,173,3935,fp32,T,N,1,519,0.85206,25.76
16120,173,3935,fp32,T,N,2,519,0.85254,25.74
6012,873,866,bf16,N,N,0,166,0.13221,68.75
6012,873,866,bf16,N,N,1,166,0.13184,68.95
6012,873,866,bf16,N,N,2,166,0.12960,70.14
293,18551,3351,fp16,N,T,0,62,1.62914,22.36
293,18551,3351,fp16,N,T,1,62,1.63037,22.34
293,18551,3351,fp16,N,T,2,62,1.63010,22.35
2507,540,395,fp32,N,N,0,556,0.05232,20.44
2507,540,395,fp32,N,N,1,556,0.05237,20.42
2507,540,395,fp32,N,N,2,556,0.05216,20.50
8444,428,9622,bf16,T,N,0,332,0.86177,80.70
8444,428,9622,bf16,T,N,1,332,0.85964,80.90
8444,428,9622,bf16,T,N,2,332,0.86017,80.85
11670,317,111,fp16,T,N,0,245,0.06181,13.29
11670,317,111,fp16,T,N,1,245,0.06219,13.21
11670,317,111,fp16,T,N,2,245,0.06048,13.58
329,1159,4714,bf16,T,N,0,247,0.46822,7.68
329,1159,4714,bf16,T,N,1,247,0.46795,7.68
329,1159,4714,bf16,T,N,2,247,0.46758,7.69
2610,1322,2439,fp16,T,N,0,245,0.26502,63.51
2610,1322,2439,fp16,T,N,1,245,0.26480,63.56
2610,1322,2439,fp16,T,N,2,245,0.26523,63.46
5450,6720,27143,fp32,T,N,0,525,129.37996,15.37
5450,6720,27143,fp32,T,N,1,525,129.07607,15.40
5450,6720,27143,fp32,T,N,2,525,129.75174,15.32
74,1736,682,fp32,N,T,0,614,0.02336,7.50
74,1736,682,fp32,N,T,1,614,0.02325,7.54
74,1736,682,fp32,N,T,2,614,0.02341,7.48
550,408,32137,fp16,T,T,0,53,4.28298,3.37
550,408,32137,fp16,T,T,1,53,4.27984,3.37
550,408,32137,fp16,T,T,2,53,4.28085,3.37
9535,425,11312,fp16,N,T,0,62,1.41948,64.59
9535,425,11312,fp16,N,T,1,62,1.45122,63.18
9535,425,11312,fp16,N,T,2,62,1.43703,63.80
107,30772,11568,fp32,N,N,0,556,3.13657,24.29
107,30772,11568,fp32,N,N,1,556,3.13860,24.27
107,30772,11568,fp32,N,N,2,556,3.13620,24.29
275,8860,23161,fp32,T,T,0,82,3.74911,30.10
275,8860,23161,fp32,T,T,1,82,3.75887,30.03
275,8860,23161,fp32,T,T,2,82,3.80698,29.65
382,269,756,fp32,T,T,0,82,0.03525,4.41
382,269,756,fp32,T,T,1,82,0.03339,4.65
382,269,756,fp32,T,T,2,82,0.03323,4.68
136,5136,73,bf16,N,T,0,201,0.01269,8.03
136,5136,73,bf16,N,T,1,201,0.01291,7.90
136,5136,73,bf16,N,T,2,201,0.01301,7.84
83,2500,14078,fp32,N,N,0,556,0.40848,14.30
83,2500,14078,fp32,N,N,1,556,0.41104,14.21
83,2500,14078,fp32,N,N,2,556,0.41072,14.22
1404,617,267,fp32,T,T,0,82,0.03675,12.59
1404,617,267,fp32,T,T,1,82,0.03653,12.66
1404,617,267,fp32,T,T,2,82,0.03669,12.61
7305,1330,4087,fp16,N,N,0,92,0.84188,94.33
7305,1330,4087,fp16,N,N,1,92,0.84326,94.18
7305,1330,4087,fp16,N,N,2,92,0.84305,94.20
27124,3194,625,fp16,T,N,0,245,0.98406,110.05
27124,3194,625,fp16,T,N,1,245,0.98534,109.90
27124,3194,625,fp16,T,N,2,245,0.97831,110.69
190,402,389,fp32,N,N,0,556,0.01179,5.04
190,402,389,fp32,N,N,1,556,0.01189,5.00
190,402,389,fp32,N,N,2,556,0.01179,5.04
4166,189,5890,fp16,N,N,0,103,0.31440,29.50
4166,189,5890,fp16,N,N,1,103,0.31387,29.55
4166,189,5890,fp16,N,N,2,103,0.31446,29.50
101,210,207,fp16,N,T,0,62,0.01328,0.66
101,210,207,fp16,N,T,1,62,0.01387,0.63
101,210,207,fp16,N,T,2,62,0.01365,0.64
125,1408,780,bf16,N,T,0,212,0.01829,15.01
125,1408,780,bf16,N,T,1,212,0.01813,15.14
125,1408,780,bf16,N,T,2,212,0.01813,15.14
535,4798,999,fp32,N,T,0,612,0.22955,22.34
535,4798,999,fp32,N,T,1,612,0.22971,22.33
535,4798,999,fp32,N,T,2,612,0.22971,22.33
2753,344,6678,fp32,T,T,0,82,0.44422,28.47
2753,344,6678,fp32,T,T,1,82,0.44443,28.46
2753,344,6678,fp32,T,T,2,82,0.44433,28.47
479,32527,1079,bf16,T,T,0,39,0.40619,82.78
479,32527,1079,bf16,T,T,1,39,0.40283,83.47
479,32527,1079,bf16,T,T,2,39,0.40379,83.27
31523,2313,103,fp32,T,T,0,82,0.77494,19.38
31523,2313,103,fp32,T,T,1,82,0.76550,19.62
31523,2313,103,fp32,T,T,2,82,0.77350,19.42
1337,547,7907,fp32,T,N,0,519,0.42987,26.90
1337,547,7907,fp32,T,N,1,519,0.43099,26.83
1337,547,7907,fp32,T,N,2,519,0.43062,26.86
13654,225,84,bf16,T,T,0,39,0.06171,8.36
13654,225,84,bf16,T,T,1,39,0.05963,8.66
13654,225,84,bf16,T,T,2,39,0.06037,8.55
4207,588,4371,fp32,N,T,0,614,0.92070,23.49
4207,588,4371,fp32,N,T,1,614,0.92070,23.49
4207,588,4371,fp32,N,T,2,614,0.92044,23.49
158,870,305,bf16,N,T,0,57,0.03397,2.47
158,870,305,bf16,N,T,1,57,0.03408,2.46
158,870,305,bf16,N,T,2,57,0.03456,2.43
1769,394,18970,bf16,N,T,0,62,0.43755,60.44
1769,394,18970,bf16,N,T,1,62,0.43910,60.22
1769,394,18970,bf16,N,T,2,62,0.43174,61.25
636,868,21000,bf16,N,N,0,283,0.40923,56.66
636,868,21000,bf16,N,N,1,283,0.40928,56.65
636,868,21000,bf16,N,N,2,283,0.40854,56.75
3021,584,6110,fp32,N,T,0,614,0.79345,27.17
3021,584,6110,fp32,N,T,1,614,0.79382,27.16
3021,584,6110,fp32,N,T,2,614,0.79350,27.17
5443,14127,12876,fp32,N,T,0,612,51.62023,38.36
5443,14127,12876,fp32,N,T,1,612,51.63138,38.35
5443,14127,12876,fp32,N,T,2,612,51.63244,38.35
5155,77,874,bf16,N,T,0,62,0.03648,19.02
5155,77,874,bf16,N,T,1,62,0.03627,19.13
5155,77,874,bf16,N,T,2,62,0.03653,18.99
544,5369,929,fp32,N,T,0,612,0.24576,22.08
544,5369,929,fp32,N,T,1,612,0.24630,22.03
544,5369,929,fp32,N,T,2,612,0.24582,22.08
4630,3869,32331,fp16,T,T,0,53,74.89975,15.46
4630,3869,32331,fp16,T,T,1,53,75.17052,15.41
4630,3869,32331,fp16,T,T,2,53,75.07383,15.43
341,2238,782,fp32,T,N,0,519,0.06341,18.82
341,2238,782,fp32,T,N,1,519,0.06325,18.87
341,2238,782,fp32,T,N,2,519,0.06267,19.05
10620,10215,286,bf16,T,N,0,231,1.38535,44.79
10620,10215,286,bf16,T,N,1,231,1.38194,44.90
10620,10215,286,bf16,T,N,2,231,1.36524,45.45
846,157,2688,fp16,T,T,0,53,0.30720,2.32
846,157,2688,fp16,T,T,1,53,0.30822,2.32
846,157,2688,fp16,T,T,2,53,0.31184,2.29
13208,3202,649,fp16,N,N,0,98,0.63622,86.28
13208,3202,649,fp16,N,N,1,98,0.63622,86.28
13208,3202,649,fp16,N,N,2,98,0.63654,86.24
113,12635,7498,fp16,T,N,0,250,0.28928,74.01
113,12635,7498,fp16,T,N,1,250,0.28512,75.09
113,12635,7498,fp16,T,N,2,250,0.27899,76.74
186,4730,105,fp16,T,T,0,53,0.03269,5.65
186,4730,105,fp16,T,T,1,53,0.03269,5.65
186,4730,105,fp16,T,T,2,53,0.03275,5.64
182,5577,501,bf16,N,N,0,166,0.04155,24.48
182,5577,501,bf16,N,N,1,166,0.04267,23.84
182,5577,501,bf16,N,N,2,166,0.04240,23.99
1650,1411,25496,fp32,N,N,0,556,7.03021,16.89
1650,1411,25496,fp32,N,N,1,556,7.08574,16.75
1650,1411,25496,fp32,N,N,2,556,7.09976,16.72
464,222,405,fp16,T,N,0,245,0.02133,3.91
464,222,405,fp16,T,N,1,245,0.02133,3.91
464,222,405,fp16,T,N,2,245,0.02107,3.96
184,4480,2764,fp16,T,N,0,572,0.11163,40.82
184,4480,2764,fp16,T,N,1,572,0.11147,40.88
184,4480,2764,fp16,T,N,2,572,0.11136,40.92
151,691,89,bf16,N,N,0,166,0.01771,1.05
151,691,89,bf16,N,N,1,166,0.01749,1.06
151,691,89,bf16,N,N,2,166,0.01755,1.06
1196,792,196,fp16,N,N,0,358,0.02011,18.47
1196,792,196,fp16,N,N,1,358,0.02032,18.27
1196,792,196,fp16,N,N,2,358,0.02048,18.13
197,964,330,fp16,T,N,0,382,0.01557,8.05
197,964,330,fp16,T,N,1,382,0.01547,8.10
197,964,330,fp16,T,N,2,382,0.01531,8.19
21875,1935,2328,fp16,T,T,0,53,1.98642,99.21
21875,1935,2328,fp16,T,T,1,53,2.02530,97.31
21875,1935,2328,fp16,T,T,2,53,2.02077,97.53
8500,26349,296,fp32,T,N,0,519,3.56719,37.17
8500,26349,296,fp32,T,N,1,519,3.56719,37.17
8500,26349,296,fp32,T,N,2,519,3.56879,37.15
664,1313,4287,fp32,T,T,0,82,0.43094,17.35
664,1313,4287,fp32,T,T,1,82,0.43137,17.33
664,1313,4287,fp32,T,T,2,82,0.43099,17.34
20130,23510,263,fp16,N,N,0,98,3.87727,64.20
20130,23510,263,fp16,N,N,1,98,3.87621,64.22
20130,23510,263,fp16,N,N,2,98,3.87893,64.18
5338,845,850,fp16,N,N,0,94,0.14374,53.35
5338,845,850,fp16,N,N,1,94,0.14459,53.03
5338,845,850,fp16,N,N,2,94,0.14363,53.39
1361,4747,126,fp16,T,N,0,245,0.14987,10.86
1361,4747,126,fp16,T,N,1,245,0.14965,10.88
1361,4747,126,fp16,T,N,2,245,0.14982,10.87
19824,257,589,fp16,T,T,0,53,0.48033,12.49
19824,257,589,fp16,T,T,1,53,0.48017,12.50
19824,257,589,fp16,T,T,2,53,0.48038,12.49
69,5177,5648,bf16,T,T,0,39,0.20976,19.24
69,5177,5648,bf16,T,T,1,39,0.21019,19.20
69,5177,5648,bf16,T,T,2,39,0.20827,19.37
2040,27729,2270,fp16,N,T,0,62,2.36584,108.55
2040,27729,2270,fp16,N,T,1,62,2.36712,108.49
2040,27729,2270,fp16,N,T,2,62,2.36728,108.49
2525,254,174,fp16,N,T,0,62,0.01755,12.72
2525,254,174,fp16,N,T,1,62,0.01755,12.72
2525,254,174,fp16,N,T,2,62,0.01755,12.72
834,14469,28803,fp16,T,T,0,53,46.12305,15.07
834,14469,28803,fp16,T,T,1,53,46.12870,15.07
834,14469,28803,fp16,T,T,2,53,46.12288,15.07
3170,893,13132,fp32,T,T,0,82,2.01480,36.90
3170,893,13132,fp32,T,T,1,82,2.01448,36.91
3170,893,13132,fp32,T,T,2,82,2.01389,36.92
467,22797,84,bf16,N,T,0,57,0.10917,16.38
467,22797,84,bf16,N,T,1,57,0.10971,16.30
467,22797,84,bf16,N,T,2,57,0.10939,16.35
6218,18056,11230,bf16,T,N,0,441,25.59006,98.54
6218,18056,11230,bf16,T,N,1,441,25.37800,99.36
6218,18056,11230,bf16,T,N,2,441,25.43384,99.14
13285,2858,91,bf16,N,T,0,57,0.35856,19.27
13285,2858,91,bf16,N,T,1,57,0.35728,19.34
13285,2858,91,bf16,N,T,2,57,0.35899,19.25
7639,1668,7534,fp16,N,T,0,62,2.07778,92.40
7639,1668,7534,fp16,N,T,1,62,2.12834,90.21
7639,1668,7534,fp16,N,T,2,62,2.10525,91.20
871,375,9806,bf16,T,N,0,247,0.99142,6.46
871,375,9806,bf16,T,N,1,247,0.98833,6.48
871,375,9806,bf16,T,N,2,247,0.98913,6.48
764,353,6813,fp16,T,T,0,53,0.90033,4.08
764,353,6813,fp16,T,T,1,53,0.89953,4.09
764,353,6813,fp16,T,T,2,53,0.89889,4.09
17790,3423,221,fp16,T,T,0,53,0.79948,33.67
17790,3423,221,fp16,T,T,1,53,0.80273,33.53
17790,3423,221,fp16,T,T,2,53,0.80220,33.55
1066,3653,1475,fp32,N,N,0,556,0.41750,27.52
1066,3653,1475,fp32,N,N,1,556,0.41574,27.63
1066,3653,1475,fp32,N,N,2,556,0.41841,27.46
17576,10895,6970,fp16,N,N,0,94,21.40611,124.70
17576,10895,6970,fp16,N,N,1,94,21.40846,124.69
17576,10895,6970,fp16,N,N,2,94,21.41390,124.66
24937,1133,237,fp32,T,T,0,82,0.40715,32.89
24937,1133,237,fp32,T,T,1,82,0.40742,32.87
24937,1133,237,fp32,T,T,2,82,0.40720,32.89
605,11747,32659,fp32,N,N,0,556,13.73157,33.81
605,11747,32659,fp32,N,N,1,556,13.72960,33.81
605,11747,32659,fp32,N,N,2,556,13.73093,33.81
5601,195,24918,fp16,T,T,0,53,5.98690,9.09
5601,195,24918,fp16,T,T,1,53,5.98594,9.09
5601,195,24918,fp16,T,T,2,53,5.98999,9.09
89,30085,98,fp32,T,N,0,519,0.04245,12.36
89,30085,98,fp32,T,N,1,519,0.04277,12.27
89,30085,98,fp32,T,N,2,519,0.04176,12.57
107,280,2547,fp16,T,N,0,572,0.07515,2.03
107,280,2547,fp16,T,N,1,572,0.07451,2.05
107,280,2547,fp16,T,N,2,572,0.07467,2.04
21484,416,479,fp32,T,T,0,82,0.33616,25.47
21484,416,479,fp32,T,T,1,82,0.33552,25.52
21484,416,479,fp32,T,T,2,82,0.33590,25.49
16914,155,10843,bf16,N,N,0,174,1.19793,47.46
16914,155,10843,bf16,N,N,1,174,1.19937,47.40
16914,155,10843,bf16,N,N,2,174,1.20017,47.37
431,518,102,fp32,N,T,0,612,0.01173,3.88
431,518,102,fp32,N,T,1,612,0.01141,3.99
431,518,102,fp32,N,T,2,612,0.01141,3.99
210,93,8159,bf16,T,N,0,247,0.05557,5.73
210,93,8159,bf16,T,N,1,247,0.05557,5.73
210,93,8159,bf16,T,N,2,247,0.05573,5.72
503,13129,95,bf16,N,N,0,166,0.06939,18.08
503,13129,95,bf16,N,N,1,166,0.06907,18.17
503,13129,95,bf16,N,N,2,166,0.06949,18.06
423,27785,322,fp16,T,T,0,53,0.20331,37.23
423,27785,322,fp16,T,T,1,53,0.20491,36.94
423,27785,322,fp16,T,T,2,53,0.20374,37.15
4387,87,237,bf16,N,T,0,57,0.06315,2.86
4387,87,237,bf16,N,T,1,57,0.06293,2.87
4387,87,237,bf16,N,T,2,57,0.06304,2.87
3757,1581,11166,bf16,T,T,0,39,1.49607,88.66
3757,1581,11166,bf16,T,T,1,39,1.50023,88.42
3757,1581,11166,bf16,T,T,2,39,1.49314,88.84
166,8429,3488,fp16,N,N,0,101,0.24176,40.37
166,8429,3488,fp16,N,N,1,101,0.23979,40.71
166,8429,3488,fp16,N,N,2,101,0.24011,40.65
520,11075,25122,fp16,N,N,0,94,3.50052,82.66
520,11075,25122,fp16,N,N,1,94,3.50169,82.63
520,11075,25122,fp16,N,N,2,94,3.50031,82.67
2220,17527,1745,fp16,N,N,0,94,1.36226,99.68
2220,17527,1745,fp16,N,N,1,94,1.36306,99.63
2220,17527,1745,fp16,N,N,2,94,1.36492,99.49
12375,4872,11937,bf16,T,T,0,39,22.69632,63.42
12375,4872,11937,bf16,T,T,1,39,23.20155,62.04
12375,4872,11937,bf16,T,T,2,39,23.15222,62.17
79,2362,9100,fp16,T,N,0,258,0.85153,3.99
79,2362,9100,fp16,T,N,1,258,0.77270,4.40
79,2362,9100,fp16,T,N,2,258,0.77276,4.39
857,2569,70,fp32,N,T,0,612,0.02853,10.80
857,2569,70,fp32,N,T,1,612,0.02912,10.58
857,2569,70,fp32,N,T,2,612,0.02880,10.70
289,14695,266,bf16,T,N,0,231,0.06293,35.90
289,14695,266,bf16,T,N,1,231,0.06208,36.39
289,14695,266,bf16,T,N,2,231,0.06197,36.46
376,13479,29717,bf16,N,N,0,166,3.09236,97.41
376,13479,29717,bf16,N,N,1,166,3.08068,97.78
376,13479,29717,bf16,N,N,2,166,3.08356,97.69
24069,849,13029,fp32,N,T,0,612,25.50862,20.87
24069,849,13029,fp32,N,T,1,612,25.64345,20.76
24069,849,13029,fp32,N,T,2,612,25.34878,21.01
3794,504,492,bf16,N,T,0,201,0.05429,34.66
3794,504,492,bf16,N,T,1,201,0.05419,34.72
3794,504,492,bf16,N,T,2,201,0.05397,34.86
989,475,79,bf16,T,N,0,231,0.01216,6.10
989,475,79,bf16,T,N,1,231,0.01221,6.08
989,475,79,bf16,T,N,2,231,0.01200,6.19
721,13885,224,bf16,N,N,0,166,0.16277,27.55
721,13885,224,bf16,N,N,1,166,0.15856,28.29
721,13885,224,bf16,N,N,2,166,0.16235,27.63
4108,1185,266,bf16,N,T,0,57,0.08928,29.01
4108,1185,266,bf16,N,T,1,57,0.08933,28.99
4108,1185,266,bf16,N,T,2,57,0.08917,29.04
6552,8989,417,fp16,N,N,0,94,0.67083,73.22
6552,8989,417,fp16,N,N,1,94,0.67014,73.30
6552,8989,417,fp16,N,N,2,94,0.67121,73.18
653,19672,205,fp32,T,T,0,82,0.21600,24.38
653,19672,205,fp32,T,T,1,82,0.21094,24.97
653,19672,205,fp32,T,T,2,82,0.21099,24.96
1174,6814,9484,fp32,T,N,0,519,4.12255,36.81
1174,6814,9484,fp32,T,N,1,519,4.12165,36.81
1174,6814,9484,fp32,T,N,2,519,4.12309,36.80
29967,133,295,bf16,N,N,0,166,0.08501,27.66
29967,133,295,bf16,N,N,1,166,0.08496,27.68
29967,133,295,bf16,N,N,2,166,0.08485,27.71
1804,7911,134,fp16,T,N,0,245,0.36352,10.52
1804,7911,134,fp16,T,N,1,245,0.36384,10.51
1804,7911,134,fp16,T,N,2,245,0.36352,10.52
2352,261,1225,fp16,T,N,0,249,0.08304,18.11
2352,261,1225,fp16,T,N,1,249,0.08293,18.13
2352,261,1225,fp16,T,N,2,249,0.08320,18.08
2601,647,32322,fp16,N,T,0,68,2.49560,43.59
2601,647,32322,fp16,N,T,1,68,2.46419,44.15
2601,647,32322,fp16,N,T,2,68,2.44061,44.57
9633,160,109,fp32,T,T,0,82,0.03040,11.05
9633,160,109,fp32,T,T,1,82,0.03045,11.03
9633,160,109,fp32,T,T,2,82,0.03040,11.05
364,3244,149,bf16,N,T,0,57,0.02315,15.20
364,3244,149,bf16,N,T,1,57,0.02341,15.03
364,3244,149,bf16,N,T,2,57,0.02315,15.20
359,67,110,bf16,N,N,0,166,0.01019,0.52
359,67,110,bf16,N,N,1,166,0.01051,0.50
359,67,110,bf16,N,N,2,166,0.01029,0.51
1250,3960,702,bf16,N,T,0,201,0.11627,59.77
1250,3960,702,bf16,N,T,1,201,0.11648,59.66
1250,3960,702,bf16,N,T,2,201,0.11637,59.72
2203,6528,7640,bf16,N,T,0,201,1.96984,111.55
2203,6528,7640,bf16,N,T,1,201,1.97010,111.54
2203,6528,7640,bf16,N,T,2,201,1.97069,111.51
1013,867,12736,fp16,N,T,0,68,0.28192,79.35
1013,867,12736,fp16,N,T,1,68,0.28112,79.58
1013,867,12736,fp16,N,T,2,68,0.28155,79.46
77,3747,14955,fp32,N,T,0,612,0.71985,11.99
77,3747,14955,fp32,N,T,1,612,0.72636,11.88
77,3747,14955,fp32,N,T,2,612,0.72849,11.85
154,703,168,fp32,T,N,0,519,0.01275,2.85
154,703,168,fp32,T,N,1,519,0.01259,2.89
154,703,168,fp32,T,N,2,519,0.01296,2.81
285,28309,883,bf16,N,N,0,166,0.70438,20.23
285,28309,883,bf16,N,N,1,166,0.70422,20.23
285,28309,883,bf16,N,N,2,166,0.70086,20.33
2290,332,6552,bf16,N,N,0,283,0.14544,68.50
2290,332,6552,bf16,N,N,1,283,0.14534,68.55
2290,332,6552,bf16,N,N,2,283,0.14507,68.68
529,120,436,fp16,N,T,0,227,0.01995,2.78
529,120,436,fp16,N,T,1,227,0.01968,2.81
529,120,436,fp16,N,T,2,227,0.01973,2.81
22068,3554,5483,fp32,N,N,0,556,47.36247,18.16
22068,3554,5483,fp32,N,N,1,556,47.03601,18.29
22068,3554,5483,fp32,N,N,2,556,47.15282,18.24
6634,2048,101,fp32,T,T,0,82,0.12235,22.43
6634,2048,101,fp32,T,T,1,82,0.12293,22.32
6634,2048,101,fp32,T,T,2,82,0.12261,22.38
260,3279,1015,fp32,N,T,0,612,0.08987,19.26
260,3279,1015,fp32,N,T,1,612,0.08997,19.23
260,3279,1015,fp32,N,T,2,612,0.08992,19.25
922,2654,2954,bf16,N,N,0,174,0.74278,19.46
922,2654,2954,bf16,N,N,1,174,0.73900,19.56
922,2654,2954,bf16,N,N,2,174,0.73958,19.55
351,363,511,bf16,N,T,0,57,0.01867,6.98
351,363,511,bf16,N,T,1,57,0.01867,6.98
351,363,511,bf16,N,T,2,57,0.01835,7.10
97,65,1116,bf16,T,T,0,39,0.02715,0.52
97,65,1116,bf16,T,T,1,39,0.02491,0.57
97,65,1116,bf16,T,T,2,39,0.02501,0.56
11848,5719,2700,fp32,T,N,0,519,9.36176,39.08
11848,5719,2700,fp32,T,N,1,519,9.36251,39.08
11848,5719,2700,fp32,T,N,2,519,9.36395,39.08
191,1089,7147,fp16,N,T,0,70,0.22470,13.23
191,1089,7147,fp16,N,T,1,70,0.22720,13.09
191,1089,7147,fp16,N,T,2,70,0.22614,13.15
2226,1031,2826,bf16,N,T,0,62,0.21302,60.89
2226,1031,2826,bf16,N,T,1,62,0.21227,61.11
2226,1031,2826,bf16,N,T,2,62,0.21291,60.92
3552,507,131,fp32,T,T,0,82,0.04437,10.63
3552,507,131,fp32,T,T,1,82,0.04437,10.63
3552,507,131,fp32,T,T,2,82,0.04464,10.57
64,2094,176,fp32,N,T,0,612,0.01077,4.38
64,2094,176,fp32,N,T,1,612,0.01083,4.36
64,2094,176,fp32,N,T,2,612,0.01072,4.40
72,15645,65,bf16,N,N,0,166,0.02005,7.30
72,15645,65,bf16,N,N,1,166,0.01995,7.34
72,15645,65,bf16,N,N,2,166,0.02016,7.26
299,535,106,fp32,N,N,0,556,0.01061,3.20
299,535,106,fp32,N,N,1,556,0.01083,3.13
299,535,106,fp32,N,N,2,556,0.01083,3.13
3865,3707,28093,bf16,T,N,0,231,7.25710,110.93
3865,3707,28093,bf16,T,N,1,231,7.25400,110.97
3865,3707,28093,bf16,T,N,2,231,7.25592,110.94
119,21363,806,fp32,T,N,0,519,0.15312,26.76
119,21363,806,fp32,T,N,1,519,0.15285,26.81
119,21363,806,fp32,T,N,2,519,0.15264,26.85
120,108,6461,fp16,T,T,0,53,0.70134,0.24
120,108,6461,fp16,T,T,1,53,0.69995,0.24
120,108,6461,fp16,T,T,2,53,0.70395,0.24
2303,586,3598,bf16,N,T,0,62,0.18032,53.86
2303,586,3598,bf16,N,T,1,62,0.18150,53.51
2303,586,3598,bf16,N,T,2,62,0.18006,53.94
100,1313,1437,bf16,N,N,0,174,0.03899,9.68
100,1313,1437,bf16,N,N,1,174,0.03899,9.68
100,1313,1437,bf16,N,N,2,174,0.03899,9.68
163,146,405,fp16,N,T,0,62,0.01451,1.33
163,146,405,fp16,N,T,1,62,0.01451,1.33
163,146,405,fp16,N,T,2,62,0.01456,1.32
3550,20576,288,fp16,T,T,0,88,0.58710,71.66
3550,20576,288,fp16,T,T,1,88,0.58721,71.65
3550,20576,288,fp16,T,T,2,88,0.58667,71.72
8045,13641,2561,fp16,N,N,0,90,4.96470,113.22
8045,13641,2561,fp16,N,N,1,90,4.96107,113.30
8045,13641,2561,fp16,N,N,2,90,4.96198,113.28
2711,2603,768,fp32,N,T,0,612,0.36374,29.80
2711,2603,768,fp32,N,T,1,612,0.36091,30.03
2711,2603,768,fp32,N,T,2,612,0.36080,30.04
132,10740,1933,fp32,N,T,0,616,0.23035,23.79
132,10740,1933,fp32,N,T,1,616,0.23067,23.76
132,10740,1933,fp32,N,T,2,616,0.23056,23.77
197,254,30035,fp16,T,N,0,259,0.57201,5.25
197,254,30035,fp16,T,N,1,259,0.57675,5.21
197,254,30035,fp16,T,N,2,259,0.57862,5.19
783,19621,130,fp16,N,T,0,62,0.16304,24.50
783,19621,130,fp16,N,T,1,62,0.16315,24.48
783,19621,130,fp16,N,T,2,62,0.16304,24.50
1986,22701,6501,fp16,T,T,0,53,8.66565,67.64
1986,22701,6501,fp16,T,T,1,53,8.75365,66.96
1986,22701,6501,fp16,T,T,2,53,8.63898,67.85
182,1832,10826,fp16,T,T,0,88,0.90977,7.94
182,1832,10826,fp16,T,T,1,88,0.91809,7.86
182,1832,10826,fp16,T,T,2,88,0.91532,7.89
2308,394,5990,bf16,N,T,0,62,0.19078,57.10
2308,394,5990,bf16,N,T,1,62,0.19152,56.88
2308,394,5990,bf16,N,T,2,62,0.19243,56.61
360,2088,4043,bf16,T,N,0,489,0.09765,62.24
360,2088,4043,bf16,T,N,1,489,0.09787,62.10
360,2088,4043,bf16,T,N,2,489,0.09797,62.04
178,3968,979,fp16,N,T,0,239,0.03632,38.08
178,3968,979,fp16,N,T,1,239,0.03616,38.24
178,3968,979,fp16,N,T,2,239,0.03643,37.96
15809,5328,17236,fp32,T,N,0,525,110.40716,26.30
15809,5328,17236,fp32,T,N,1,525,110.77047,26.21
15809,5328,17236,fp32,T,N,2,525,111.06310,26.14
1113,858,453,fp16,T,T,0,53,0.10357,8.35
1113,858,453,fp16,T,T,1,53,0.10357,8.35
1113,858,453,fp16,T,T,2,53,0.10405,8.31
2754,5573,185,fp32,N,T,0,612,0.24731,22.96
2754,5573,185,fp32,N,T,1,612,0.24784,22.91
2754,5573,185,fp32,N,T,2,612,0.24752,22.94
148,31009,5819,fp32,N,N,0,556,2.61438,20.43
148,31009,5819,fp32,N,N,1,556,2.62168,20.37
148,31009,5819,fp32,N,N,2,556,2.62104,20.38
1342,179,545,bf16,T,N,0,231,0.02496,10.49
1342,179,545,bf16,T,N,1,231,0.02512,10.42
1342,179,545,bf16,T,N,2,231,0.02491,10.51
392,131,1298,bf16,N,N,0,174,0.02037,6.54
392,131,1298,bf16,N,N,1,174,0.02037,6.54
392,131,1298,bf16,N,N,2,174,0.02043,6.53
148,151,70,fp16,T,T,0,53,0.01616,0.19
148,151,70,fp16,T,T,1,53,0.01557,0.20
148,151,70,fp16,T,T,2,53,0.01520,0.21
257,124,194,fp32,N,N,0,556,0.00944,1.31
257,124,194,fp32,N,N,1,556,0.00939,1.32
257,124,194,fp32,N,N,2,556,0.00965,1.28
145,6383,95,fp32,N,T,0,612,0.02235,7.87
145,6383,95,fp32,N,T,1,612,0.02256,7.79
145,6383,95,fp32,N,T,2,612,0.02251,7.81
3028,171,467,fp32,T,N,0,519,0.03136,15.42
3028,171,467,fp32,T,N,1,519,0.03157,15.32
3028,171,467,fp32,T,N,2,519,0.03131,15.45
1316,72,2894,fp32,T,N,0,539,0.05264,10.42
1316,72,2894,fp32,T,N,1,539,0.05253,10.44
1316,72,2894,fp32,T,N,2,539,0.05264,10.42
207,127,353,fp16,T,T,0,53,0.04763,0.39
207,127,353,fp16,T,T,1,53,0.04784,0.39
207,127,353,fp16,T,T,2,53,0.04731,0.39
140,308,3461,fp16,N,N,0,232,0.03323,8.98
140,308,3461,fp16,N,N,1,232,0.03317,9.00
140,308,3461,fp16,N,N,2,232,0.03312,9.01
2000,242,5154,fp16,N,T,0,70,0.24246,20.58
2000,242,5154,fp16,N,T,1,70,0.24208,20.61
2000,242,5154,fp16,N,T,2,70,0.24187,20.63
1776,615,2856,fp32,T,T,0,82,0.29307,21.29
1776,615,2856,fp32,T,T,1,82,0.29392,21.23
1776,615,2856,fp32,T,T,2,82,0.29168,21.39
32078,427,548,bf16,T,T,0,39,0.21888,68.59
32078,427,548,bf16,T,T,1,39,0.21846,68.72
32078,427,548,bf16,T,T,2,39,0.21819,68.80
1033,2976,243,bf16,N,N,0,388,0.04853,30.78
1033,2976,243,bf16,N,N,1,388,0.04843,30.85
1033,2976,243,bf16,N,N,2,388,0.04848,30.82
2302,78,22207,bf16,T,T,0,39,0.53350,14.95
2302,78,22207,bf16,T,T,1,39,0.53201,14.99
2302,78,22207,bf16,T,T,2,39,0.53233,14.98
882,14048,3431,fp32,N,N,0,556,3.03241,28.04
882,14048,3431,fp32,N,N,1,556,3.02612,28.10
882,14048,3431,fp32,N,N,2,556,3.03406,28.02
985,150,316,fp16,N,N,0,92,0.04720,1.98
985,150,316,fp16,N,N,1,92,0.04715,1.98
985,150,316,fp16,N,N,2,92,0.04693,1.99
6915,2820,6842,bf16,N,T,0,57,3.03332,87.97
6915,2820,6842,bf16,N,T,1,57,3.04505,87.63
6915,2820,6842,bf16,N,T,2,57,3.07380,86.81
127,5413,19648,fp16,T,N,0,255,0.55627,48.56
127,5413,19648,fp16,T,N,1,255,0.55627,48.56
127,5413,19648,fp16,T,N,2,255,0.55595,48.59
32327,83,10919,fp32,N,T,0,612,3.34052,17.54
32327,83,10919,fp32,N,T,1,612,3.34543,17.51
32327,83,10919,fp32,N,T,2,612,3.37743,17.35
6919,80,623,bf16,N,N,0,398,0.03675,18.77
6919,80,623,bf16,N,N,1,398,0.03680,18.74
6919,80,623,bf16,N,N,2,398,0.03659,18.85
4561,273,2822,fp32,N,N,0,556,0.29456,23.86
4561,273,2822,fp32,N,N,1,556,0.29424,23.88
4561,273,2822,fp32,N,N,2,556,0.29408,23.90
5932,1237,75,fp32,T,T,0,82,0.08528,12.91
5932,1237,75,fp32,T,T,1,82,0.08549,12.87
5932,1237,75,fp32,T,T,2,82,0.08549,12.87
148,115,75,fp16,N,N,0,94,0.02981,0.09
148,115,75,fp16,N,N,1,94,0.02768,0.09
148,115,75,fp16,N,N,2,94,0.02336,0.11
441,23973,5390,fp32,N,N,0,556,4.10901,27.74
441,23973,5390,fp32,N,N,1,556,4.10463,27.77
441,23973,5390,fp32,N,N,2,556,4.10047,27.79
21797,1039,9013,fp16,T,T,0,53,25.22573,16.18
21797,1039,9013,fp16,T,T,1,53,25.22339,16.18
21797,1039,9013,fp16,T,T,2,53,25.21922,16.19
4178,124,470,bf16,N,T,0,57,0.07376,6.60
4178,124,470,bf16,N,T,1,57,0.07381,6.60
4178,124,470,bf16,N,T,2,57,0.07376,6.60
637,852,540,bf16,N,N,0,273,0.04571,12.82
637,852,540,bf16,N,N,1,273,0.04560,12.85
637,852,540,bf16,N,N,2,273,0.04571,12.82
440,23483,231,bf16,N,N,0,166,0.27808,17.17
440,23483,231,bf16,N,N,1,166,0.27803,17.17
440,23483,231,bf16,N,N,2,166,0.27947,17.08
132,12461,269,fp16,N,T,0,62,0.06165,14.35
132,12461,269,fp16,N,T,1,62,0.06107,14.49
132,12461,269,fp16,N,T,2,62,0.06128,14.44
5264,70,5817,fp16,N,N,0,107,0.26880,15.95
5264,70,5817,fp16,N,N,1,107,0.26902,15.94
5264,70,5817,fp16,N,N,2,107,0.26896,15.94
13141,2643,1712,fp32,N,N,0,556,3.10340,38.32
13141,2643,1712,fp32,N,N,1,556,3.10457,38.31
13141,2643,1712,fp32,N,N,2,556,3.10414,38.31
177,212,104,fp32,T,T,0,82,0.01413,0.55
177,212,104,fp32,T,T,1,82,0.01339,0.58
177,212,104,fp32,T,T,2,82,0.01339,0.58
11140,515,1375,fp16,N,T,0,62,0.34214,46.11
11140,515,1375,fp16,N,T,1,62,0.34224,46.10
11140,515,1375,fp16,N,T,2,62,0.34182,46.16
8859,392,9465,fp16,T,N,0,519,0.88230,74.51
8859,392,9465,fp16,T,N,1,519,0.88257,74.49
8859,392,9465,fp16,T,N,2,519,0.88262,74.48
17423,85,13136,fp16,T,N,0,250,1.15511,33.68
17423,85,13136,fp16,T,N,1,250,1.15532,33.68
17423,85,13136,fp16,T,N,2,250,1.15473,33.69
85,78,6210,fp32,N,T,0,612,0.25430,0.32
85,78,6210,fp32,N,T,1,612,0.25590,0.32
85,78,6210,fp32,N,T,2,612,0.25163,0.33
2516,1025,367,fp32,N,N,0,556,0.08320,22.75
2516,1025,367,fp32,N,N,1,556,0.08240,22.97
2516,1025,367,fp32,N,N,2,556,0.08235,22.99
1186,4465,851,bf16,N,N,0,166,0.24395,36.95
1186,4465,851,bf16,N,N,1,166,0.24416,36.91
1186,4465,851,bf16,N,N,2,166,0.24427,36.90
4309,13014,214,fp32,N,T,0,612,0.90657,26.47
4309,13014,214,fp32,N,T,1,612,0.91014,26.37
4309,13014,214,fp32,N,T,2,612,0.90998,26.38
2950,453,4775,bf16,T,N,0,239,0.49542,25.76
2950,453,4775,bf16,T,N,1,239,0.49558,25.75
2950,453,4775,bf16,T,N,2,239,0.49350,25.86
823,1145,329,fp16,N,T,0,62,0.03691,16.80
823,1145,329,fp16,N,T,1,62,0.03755,16.51
823,1145,329,fp16,N,T,2,62,0.03739,16.58
114,9909,13746,bf16,T,N,0,244,0.76492,40.60
114,9909,13746,bf16,T,N,1,244,0.76172,40.77
114,9909,13746,bf16,T,N,2,244,0.76129,40.79
324,546,5836,fp32,N,N,0,558,0.13392,15.42
324,546,5836,fp32,N,N,1,558,0.13413,15.39
324,546,5836,fp32,N,N,2,558,0.13392,15.42
113,2290,16861,fp32,T,T,0,82,0.38246,22.82
113,2290,16861,fp32,T,T,1,82,0.38272,22.80
113,2290,16861,fp32,T,T,2,82,0.38278,22.80
2740,181,9875,fp32,N,T,0,612,0.52721,18.58
2740,181,9875,fp32,N,T,1,612,0.52273,18.74
2740,181,9875,fp32,N,T,2,612,0.52907,18.51
17487,949,87,bf16,T,T,0,39,0.24214,11.93
17487,949,87,bf16,T,T,1,39,0.23926,12.07
17487,949,87,bf16,T,T,2,39,0.24027,12.02
4011,75,89,fp32,N,N,0,556,0.01376,3.89
4011,75,89,fp32,N,N,1,556,0.01371,3.91
4011,75,89,fp32,N,N,2,556,0.01371,3.91
28610,2191,1006,fp16,N,T,0,62,1.45468,86.70
28610,2191,1006,fp16,N,T,1,62,1.45660,86.59
28610,2191,1006,fp16,N,T,2,62,1.45778,86.52
511,382,1011,fp32,T,T,0,82,0.05312,7.43
511,382,1011,fp32,T,T,1,82,0.05312,7.43
511,382,1011,fp32,T,T,2,82,0.05333,7.40
12169,2247,1119,bf16,N,T,0,57,0.75702,80.84
12169,2247,1119,bf16,N,T,1,57,0.75601,80.95
12169,2247,1119,bf16,N,T,2,57,0.75633,80.91
2834,24408,937,fp16,T,T,0,53,1.30156,99.59
2834,24408,937,fp16,T,T,1,53,1.30178,99.58
2834,24408,937,fp16,T,T,2,53,1.30338,99.46
3193,1339,11056,fp16,N,T,0,62,1.53815,61.46
3193,1339,11056,fp16,N,T,1,62,1.51474,62.41
3193,1339,11056,fp16,N,T,2,62,1.53090,61.75
8032,144,997,fp32,N,N,0,562,0.10981,21.00
8032,144,997,fp32,N,N,1,562,0.11013,20.94
8032,144,997,fp32,N,N,2,562,0.10992,20.98
1107,1175,862,bf16,N,N,0,174,0.04645,48.27
1107,1175,862,bf16,N,N,1,174,0.04656,48.16
1107,1175,862,bf16,N,N,2,174,0.04656,48.16
816,875,5062,fp16,T,N,0,255,0.16160,44.73
816,875,5062,fp16,T,N,1,255,0.16043,45.06
816,875,5062,fp16,T,N,2,255,0.16198,44.63
159,96,9738,fp32,T,N,0,525,0.20672,1.44
159,96,9738,fp32,T,N,1,525,0.20358,1.46
159,96,9738,fp32,T,N,2,525,0.20368,1.46
3603,894,1131,fp32,T,T,0,82,0.27174,26.81
3603,894,1131,fp32,T,T,1,82,0.27206,26.78
3603,894,1131,fp32,T,T,2,82,0.27275,26.71
14425,426,224,bf16,N,T,0,57,0.09819,28.04
14425,426,224,bf16,N,T,1,57,0.09893,27.83
14425,426,224,bf16,N,T,2,57,0.09856,27.93
15258,5172,1776,fp16,N,T,0,62,2.45518,114.17
15258,5172,1776,fp16,N,T,1,62,2.46248,113.83
15258,5172,1776,fp16,N,T,2,62,2.45880,114.00
21019,3938,7318,fp32,T,T,0,82,31.02911,39.04
21019,3938,7318,fp32,T,T,1,82,31.03007,39.04
21019,3938,7318,fp32,T,T,2,82,31.02975,39.04
3534,19598,226,bf16,N,T,0,57,0.81804,38.27
3534,19598,226,bf16,N,T,1,57,0.81638,38.35
3534,19598,226,bf16,N,T,2,57,0.81548,38.39
17548,223,470,bf16,N,N,0,166,0.08565,42.94
17548,223,470,bf16,N,N,1,166,0.08597,42.78
17548,223,470,bf16,N,N,2,166,0.08581,42.86
197,1583,17757,fp16,T,T,0,53,1.84637,6.00
197,1583,17757,fp16,T,T,1,53,1.84471,6.00
197,1583,17757,fp16,T,T,2,53,1.84445,6.00
5526,17480,17740,fp32,T,N,0,525,142.69553,24.02
5526,17480,17740,fp32,T,N,1,525,142.76582,24.01
5526,17480,17740,fp32,T,N,2,525,142.30562,24.08
189,3889,24289,bf16,T,N,0,244,0.67622,52.80
189,3889,24289,bf16,T,N,1,244,0.67723,52.72
189,3889,24289,bf16,T,N,2,244,0.67627,52.80
8718,2538,1171,fp32,T,T,0,82,1.46844,35.29
8718,2538,1171,fp32,T,T,1,82,1.46946,35.26
8718,2538,1171,fp32,T,T,2,82,1.46876,35.28
17179,23309,360,bf16,T,T,0,39,4.62389,62.35
17179,23309,360,bf16,T,T,1,39,4.62592,62.32
17179,23309,360,bf16,T,T,2,39,4.62912,62.28
733,1023,21778,bf16,T,T,0,39,0.63521,51.42
733,1023,21778,bf16,T,T,1,39,0.63611,51.34
733,1023,21778,bf16,T,T,2,39,0.63521,51.42
655,656,4950,bf16,T,T,0,39,0.14038,30.30
655,656,4950,bf16,T,T,1,39,0.14293,29.76
655,656,4950,bf16,T,T,2,39,0.14469,29.40
1501,3532,7452,fp32,T,T,0,82,2.12813,37.13
1501,3532,7452,fp32,T,T,1,82,2.12882,37.12
1501,3532,7452,fp32,T,T,2,82,2.12909,37.11
601,88,68,fp16,T,T,0,88,0.01717,0.42
601,88,68,fp16,T,T,1,88,0.01728,0.42
601,88,68,fp16,T,T,2,88,0.01707,0.42
2103,240,602,fp16,N,N,0,364,0.02960,20.53
2103,240,602,fp16,N,N,1,364,0.02912,20.87
2103,240,602,fp16,N,N,2,364,0.02928,20.75
642,91,1756,bf16,T,N,0,239,0.05189,3.95
642,91,1756,bf16,T,N,1,239,0.05200,3.95
642,91,1756,bf16,T,N,2,239,0.05157,3.98
618,9140,18575,fp16,T,T,0,53,13.90022,15.10
618,9140,18575,fp16,T,T,1,53,13.90347,15.09
618,9140,18575,fp16,T,T,2,53,13.90534,15.09
1284,961,92,fp16,N,T,0,62,0.02672,8.50
1284,961,92,fp16,N,T,1,62,0.02635,8.62
1284,961,92,fp16,N,T,2,62,0.02640,8.60
13448,75,7443,fp16,T,N,0,255,0.37707,39.82
13448,75,7443,fp16,T,N,1,255,0.37595,39.94
13448,75,7443,fp16,T,N,2,255,0.37643,39.89
22771,296,4987,fp32,T,N,0,525,1.96354,34.24
22771,296,4987,fp32,T,N,1,525,1.96354,34.24
22771,296,4987,fp32,T,N,2,525,1.96328,34.24
6333,1240,197,bf16,N,N,0,388,0.07296,42.41
6333,1240,197,bf16,N,N,1,388,0.07285,42.47
6333,1240,197,bf16,N,N,2,388,0.07285,42.47
185,2714,18660,fp32,N,T,0,612,0.82198,22.80
185,2714,18660,fp32,N,T,1,612,0.82300,22.77
185,2714,18660,fp32,N,T,2,612,0.82310,22.77
809,79,3052,bf16,T,N,0,244,0.04283,9.11
809,79,3052,bf16,T,N,1,244,0.04304,9.06
809,79,3052,bf16,T,N,2,244,0.04304,9.06
2624,604,13270,fp32,T,T,0,82,1.16817,36.01
2624,604,13270,fp32,T,T,1,82,1.16876,35.99
2624,604,13270,fp32,T,T,2,82,1.16876,35.99
375,114,618,fp32,N,N,0,556,0.01445,3.66
375,114,618,fp32,N,N,1,556,0.01461,3.62
375,114,618,fp32,N,N,2,556,0.01483,3.56
217,4799,16292,bf16,T,N,0,244,0.83612,40.58
217,4799,16292,bf16,T,N,1,244,0.84252,40.28
217,4799,16292,bf16,T,N,2,244,0.84268,40.27
73,568,1589,fp16,T,T,0,53,0.18235,0.72
73,568,1589,fp16,T,T,1,53,0.18608,0.71
73,568,1589,fp16,T,T,2,53,0.18646,0.71
4455,7385,86,fp16,N,T,0,62,0.35766,15.82
4455,7385,86,fp16,N,T,1,62,0.35840,15.79
4455,7385,86,fp16,N,T,2,62,0.35787,15.81
166,99,22869,bf16,N,T,0,64,0.36774,2.04
166,99,22869,bf16,N,T,1,64,0.37078,2.03
166,99,22869,bf16,N,T,2,64,0.37248,2.02
17437,86,870,bf16,N,T,0,62,0.06725,38.80
17437,86,870,bf16,N,T,1,62,0.06763,38.58
17437,86,870,bf16,N,T,2,62,0.06747,38.67
4559,378,3859,fp16,T,N,0,249,0.52859,25.16
4559,378,3859,fp16,T,N,1,249,0.52945,25.12
4559,378,3859,fp16,T,N,2,249,0.52865,25.16
580,8482,12263,bf16,N,N,0,166,1.98034,60.93
580,8482,12263,bf16,N,N,1,166,1.97853,60.98
580,8482,12263,bf16,N,N,2,166,1.98077,60.91
9100,191,12051,bf16,N,N,0,174,0.60246,69.53
9100,191,12051,bf16,N,N,1,174,0.60230,69.55
9100,191,12051,bf16,N,N,2,174,0.60187,69.60
167,1166,5552,fp16,T,T,0,88,0.27707,7.80
167,1166,5552,fp16,T,T,1,88,0.27739,7.79
167,1166,5552,fp16,T,T,2,88,0.27750,7.79
18458,10185,1135,bf16,N,T,0,57,4.85504,87.90
18458,10185,1135,bf16,N,T,1,57,4.85590,87.88
18458,10185,1135,bf16,N,T,2,57,4.85584,87.88
7179,177,2602,bf16,N,T,0,62,0.16486,40.11
7179,177,2602,bf16,N,T,1,62,0.16358,40.43
7179,177,2602,bf16,N,T,2,62,0.16432,40.24
892,12626,28226,bf16,T,N,0,231,4.84907,131.11
892,12626,28226,bf16,T,N,1,231,4.85680,130.91
892,12626,28226,bf16,T,N,2,231,4.85094,131.06
16922,3126,13285,bf16,T,T,0,39,23.25185,60.45
16922,3126,13285,bf16,T,T,1,39,23.35393,60.18
16922,3126,13285,bf16,T,T,2,39,23.00000,61.11
96,1740,341,fp32,T,N,0,539,0.01413,8.06
96,1740,341,fp32,T,N,1,539,0.01403,8.12
96,1740,341,fp32,T,N,2,539,0.01403,8.12
825,23486,1529,fp32,T,T,0,82,1.59453,37.16
825,23486,1529,fp32,T,T,1,82,1.59543,37.14
825,23486,1529,fp32,T,T,2,82,1.59597,37.13
14444,1979,362,fp16,N,N,0,94,0.32102,64.47
14444,1979,362,fp16,N,N,1,94,0.32064,64.54
14444,1979,362,fp16,N,N,2,94,0.31926,64.82
1216,12531,14533,fp16,N,T,0,62,6.41250,69.07
1216,12531,14533,fp16,N,T,1,62,6.38002,69.42
1216,12531,14533,fp16,N,T,2,62,6.44258,68.75
22420,1246,4499,fp16,T,N,0,245,2.10376,119.48
22420,1246,4499,fp16,T,N,1,245,2.10573,119.37
22420,1246,4499,fp16,T,N,2,245,2.10365,119.49
277,11006,401,fp16,T,T,0,53,0.23782,10.28
277,11006,401,fp16,T,T,1,53,0.23766,10.29
277,11006,401,fp16,T,T,2,53,0.23787,10.28
9821,1929,162,fp32,T,T,0,82,0.24400,25.16
9821,1929,162,fp32,T,T,1,82,0.24438,25.12
9821,1929,162,fp32,T,T,2,82,0.24427,25.13
349,18934,326,fp32,N,N,0,556,0.27931,15.43
349,18934,326,fp32,N,N,1,556,0.27920,15.43
349,18934,326,fp32,N,N,2,556,0.27931,15.43
8572,30201,163,fp16,N,T,0,62,2.97902,28.33
8572,30201,163,fp16,N,T,1,62,2.98201,28.30
8572,30201,163,fp16,N,T,2,62,2.97779,28.34
71,209,25398,fp32,T,N,0,519,0.40107,1.88
71,209,25398,fp32,T,N,1,519,0.40219,1.87
71,209,25398,fp32,T,N,2,519,0.37734,2.00
1166,495,992,bf16,T,N,0,238,0.05355,21.38
1166,495,992,bf16,T,N,1,238,0.05413,21.15
1166,495,992,bf16,T,N,2,238,0.05360,21.36
981,160,1705,bf16,T,T,0,39,0.04197,12.75
981,160,1705,bf16,T,T,1,39,0.04219,12.69
981,160,1705,bf16,T,T,2,39,0.04181,12.80
8092,3214,4176,fp16,T,T,0,88,11.50280,18.88
8092,3214,4176,fp16,T,T,1,88,11.50419,18.88
8092,3214,4176,fp16,T,T,2,88,11.50515,18.88
93,1587,2733,bf16,T,T,0,39,0.07840,10.29
93,1587,2733,bf16,T,T,1,39,0.07808,10.33
93,1587,2733,bf16,T,T,2,39,0.07845,10.28
14984,571,23967,fp32,T,T,0,82,21.94063,18.69
14984,571,23967,fp32,T,T,1,82,21.98666,18.65
14984,571,23967,fp32,T,T,2,82,21.81631,18.80
19600,209,5465,fp32,N,N,0,556,1.44391,31.01
19600,209,5465,fp32,N,N,1,556,1.44359,31.02
19600,209,5465,fp32,N,N,2,556,1.44396,31.01
143,1931,5637,bf16,T,T,0,39,0.15739,19.78
143,1931,5637,bf16,T,T,1,39,0.15787,19.72
143,1931,5637,bf16,T,T,2,39,0.15723,19.80
101,181,3456,bf16,T,N,0,244,0.02747,4.60
101,181,3456,bf16,T,N,1,244,0.02757,4.58
101,181,3456,bf16,T,N,2,244,0.02768,4.56
309,13286,1002,fp16,T,T,0,88,0.46929,17.53
309,13286,1002,fp16,T,T,1,88,0.46934,17.53
309,13286,1002,fp16,T,T,2,88,0.46934,17.53
235,102,217,fp16,N,T,0,62,0.01387,0.75
235,102,217,fp16,N,T,1,62,0.01397,0.74
235,102,217,fp16,N,T,2,62,0.01397,0.74
25589,3586,80,bf16,T,N,0,231,0.60977,24.08
25589,3586,80,bf16,T,N,1,231,0.59606,24.63
25589,3586,80,bf16,T,N,2,231,0.59771,24.56
2230,26473,406,bf16,T,T,0,39,0.85212,56.26
2230,26473,406,bf16,T,T,1,39,0.86252,55.58
2230,26473,406,bf16,T,T,2,39,0.85772,55.89
2202,103,7547,fp32,N,T,0,612,0.21003,16.30
2202,103,7547,fp32,N,T,1,612,0.20592,16.62
2202,103,7547,fp32,N,T,2,612,0.20550,16.66
1042,26501,828,bf16,N,T,0,57,0.58646,77.97
1042,26501,828,bf16,N,T,1,57,0.58726,77.87
1042,26501,828,bf16,N,T,2,57,0.58635,77.99
6782,10109,88,bf16,N,N,0,166,0.55217,21.85
6782,10109,88,bf16,N,N,1,166,0.55206,21.86
6782,10109,88,bf16,N,N,2,166,0.55233,21.85
278,3495,4647,fp16,N,N,0,103,0.22608,39.94
278,3495,4647,fp16,N,N,1,103,0.22438,40.25
278,3495,4647,fp16,N,N,2,103,0.22336,40.43
13023,72,141,fp32,N,T,0,614,0.03339,7.92
13023,72,141,fp32,N,T,1,614,0.03355,7.88
13023,72,141,fp32,N,T,2,614,0.03280,8.06
8986,204,886,fp32,T,T,0,82,0.15600,20.82
8986,204,886,fp32,T,T,1,82,0.15648,20.76
8986,204,886,fp32,T,T,2,82,0.15638,20.77
163,3498,352,fp32,N,T,0,612,0.02523,15.91
163,3498,352,fp32,N,T,1,612,0.02528,15.88
163,3498,352,fp32,N,T,2,612,0.02517,15.95
6777,18432,73,fp32,N,N,0,556,0.68710,26.54
6777,18432,73,fp32,N,N,1,556,0.68849,26.49
6777,18432,73,fp32,N,N,2,556,0.68811,26.50
19822,786,101,fp32,N,T,0,612,0.21931,14.35
19822,786,101,fp32,N,T,1,612,0.20726,15.19
19822,786,101,fp32,N,T,2,612,0.20891,15.06
2772,1082,29358,fp32,N,N,0,556,5.53804,31.80
2772,1082,29358,fp32,N,N,1,556,5.53740,31.80
2772,1082,29358,fp32,N,N,2,556,5.54454,31.76
977,707,4243,bf16,T,T,0,39,0.13307,44.05
977,707,4243,bf16,T,T,1,39,0.13312,44.03
977,707,4243,bf16,T,T,2,39,0.13339,43.94
1544,1221,475,fp32,N,T,0,612,0.07957,22.51
1544,1221,475,fp32,N,T,1,612,0.07979,22.45
1544,1221,475,fp32,N,T,2,612,0.07936,22.57
2563,2309,1807,fp32,N,T,0,612,0.69926,30.59
2563,2309,1807,fp32,N,T,1,612,0.69937,30.58
2563,2309,1807,fp32,N,T,2,612,0.69921,30.59
11020,1068,6461,fp16,T,N,0,382,1.26001,120.70
11020,1068,6461,fp16,T,N,1,382,1.26167,120.54
11020,1068,6461,fp16,T,N,2,382,1.26257,120.46
113,6310,133,fp32,T,T,0,82,0.02731,6.95
113,6310,133,fp32,T,T,1,82,0.02747,6.91
113,6310,133,fp32,T,T,2,82,0.02741,6.92
16306,696,6909,bf16,T,N,0,441,1.22636,127.87
16306,696,6909,bf16,T,N,1,441,1.22503,128.01
16306,696,6909,bf16,T,N,2,441,1.22551,127.96
68,118,9424,bf16,T,N,0,247,0.03285,4.60
68,118,9424,bf16,T,N,1,247,0.03259,4.64
68,118,9424,bf16,T,N,2,247,0.03259,4.64
2040,9775,30415,fp32,T,N,0,519,126.02142,9.63
2040,9775,30415,fp32,T,N,1,519,126.37411,9.60
2040,9775,30415,fp32,T,N,2,519,125.88035,9.64
4372,507,10063,fp32,N,N,0,556,1.66749,26.75
4372,507,10063,fp32,N,N,1,556,1.59458,27.98
4372,507,10063,fp32,N,N,2,556,1.59634,27.95
120,32425,8926,fp32,N,N,0,556,2.83443,24.51
120,32425,8926,fp32,N,N,1,556,2.83225,24.53
120,32425,8926,fp32,N,N,2,556,2.83785,24.48
968,308,1322,bf16,T,T,0,39,0.02864,27.52
968,308,1322,bf16,T,T,1,39,0.02869,27.47
968,308,1322,bf16,T,T,2,39,0.02880,27.37
29582,192,475,bf16,T,N,0,441,0.09600,56.21
29582,192,475,bf16,T,N,1,441,0.09627,56.05
29582,192,475,bf16,T,N,2,441,0.09611,56.14
1726,68,10439,fp32,T,T,0,82,0.23376,10.48
1726,68,10439,fp32,T,T,1,82,0.23387,10.48
1726,68,10439,fp32,T,T,2,82,0.23387,10.48
438,83,271,fp16,N,N,0,94,0.04592,0.43
438,83,271,fp16,N,N,1,94,0.04592,0.43
438,83,271,fp16,N,N,2,94,0.04587,0.43
199,2644,389,bf16,T,T,0,39,0.01952,20.97
199,2644,389,bf16,T,T,1,39,0.01952,20.97
199,2644,389,bf16,T,T,2,39,0.01968,20.80
657,2022,6077,fp16,N,N,0,99,0.43003,37.55
657,2022,6077,fp16,N,N,1,99,0.43035,37.52
657,2022,6077,fp16,N,N,2,99,0.43163,37.41
621,230,111,fp16,N,N,0,92,0.02416,1.31
621,230,111,fp16,N,N,1,92,0.02416,1.31
621,230,111,fp16,N,N,2,92,0.02437,1.30
500,429,362,fp32,N,T,0,612,0.02469,6.29
500,429,362,fp32,N,T,1,612,0.02453,6.33
500,429,362,fp32,N,T,2,612,0.02459,6.32
881,320,6760,bf16,N,N,0,425,0.12981,29.36
881,320,6760,bf16,N,N,1,425,0.13067,29.17
881,320,6760,bf16,N,N,2,425,0.13008,29.30
1141,153,626,fp16,N,T,0,62,0.01931,11.32
1141,153,626,fp16,N,T,1,62,0.01931,11.32
1141,153,626,fp16,N,T,2,62,0.01941,11.26
5208,4275,29942,bf16,T,T,0,39,22.13407,60.24
5208,4275,29942,bf16,T,T,1,39,22.24367,59.94
5208,4275,29942,bf16,T,T,2,39,22.49248,59.28
540,350,2299,bf16,N,N,0,176,0.05557,15.64
540,350,2299,bf16,N,N,1,176,0.05573,15.59
540,350,2299,bf16,N,N,2,176,0.05568,15.61
3892,2184,721,fp32,N,T,0,616,0.51297,23.89
3892,2184,721,fp32,N,T,1,616,0.51238,23.92
3892,2184,721,fp32,N,T,2,616,0.51201,23.94
3993,7543,674,bf16,N,T,0,57,0.85286,47.61
3993,7543,674,bf16,N,T,1,57,0.85404,47.54
3993,7543,674,bf16,N,T,2,57,0.85356,47.57
7441,1048,6193,bf16,N,T,0,201,1.06876,90.37
7441,1048,6193,bf16,N,T,1,201,1.06903,90.35
7441,1048,6193,bf16,N,T,2,201,1.06732,90.50
4725,97,10660,fp16,T,N,0,258,1.35783,7.20
4725,97,10660,fp16,T,N,1,258,1.35650,7.20
4725,97,10660,fp16,T,N,2,258,1.35847,7.19
2998,17066,10075,fp32,T,T,0,82,26.58362,38.78
2998,17066,10075,fp32,T,T,1,82,26.58980,38.77
2998,17066,10075,fp32,T,T,2,82,26.59130,38.77
1740,84,22273,fp16,T,N,0,395,0.17643,36.90
1740,84,22273,fp16,T,N,1,395,0.17622,36.95
1740,84,22273,fp16,T,N,2,395,0.17648,36.89
5895,2070,5830,fp32,T,N,0,519,3.80058,37.44
5895,2070,5830,fp32,T,N,1,519,3.80116,37.43
5895,2070,5830,fp32,T,N,2,519,3.80063,37.44
66,4797,29467,fp32,T,N,0,519,1.32604,14.07
66,4797,29467,fp32,T,N,1,519,1.35138,13.81
66,4797,29467,fp32,T,N,2,519,1.34119,13.91
4905,391,1095,fp16,N,T,0,68,0.12933,32.47
4905,391,1095,fp16,N,T,1,68,0.12896,32.57
4905,391,1095,fp16,N,T,2,68,0.12955,32.42
119,6842,5078,fp16,N,N,0,101,0.23387,35.36
119,6842,5078,fp16,N,N,1,101,0.23542,35.13
119,6842,5078,fp16,N,N,2,101,0.23542,35.13
17020,1376,3181,fp32,T,T,0,82,3.99023,37.34
17020,1376,3181,fp32,T,T,1,82,3.99210,37.32
17020,1376,3181,fp32,T,T,2,82,3.99093,37.33
1012,600,10418,fp16,N,T,0,241,0.19632,64.44
1012,600,10418,fp16,N,T,1,241,0.19680,64.29
1012,600,10418,fp16,N,T,2,241,0.19728,64.13
3443,24753,327,fp16,T,T,0,53,1.20748,46.16
3443,24753,327,fp16,T,T,1,53,1.20919,46.09
3443,24753,327,fp16,T,T,2,53,1.20828,46.13
7183,1572,20987,fp32,T,N,0,525,12.57263,37.70
7183,1572,20987,fp32,T,N,1,525,12.57364,37.69
7183,1572,20987,fp32,T,N,2,525,12.57433,37.69
8020,771,12250,fp16,N,N,0,94,1.82621,82.96
8020,771,12250,fp16,N,N,1,94,1.82583,82.97
8020,771,12250,fp16,N,N,2,94,1.82317,83.09
29726,1010,98,fp16,T,N,0,245,0.49883,11.80
29726,1010,98,fp16,T,N,1,245,0.50465,11.66
29726,1010,98,fp16,T,N,2,245,0.49963,11.78
400,2492,1234,bf16,T,T,0,39,0.05776,42.59
400,2492,1234,bf16,T,T,1,39,0.05781,42.55
400,2492,1234,bf16,T,T,2,39,0.05723,42.99
173,346,8110,bf16,N,T,0,64,0.10752,9.03
173,346,8110,bf16,N,T,1,64,0.10752,9.03
173,346,8110,bf16,N,T,2,64,0.10768,9.02
259,18046,422,bf16,N,T,0,57,0.20102,19.62
259,18046,422,bf16,N,T,1,57,0.20182,19.55
259,18046,422,bf16,N,T,2,57,0.20166,19.56
586,6354,6415,bf16,T,N,0,231,1.17351,40.71
586,6354,6415,bf16,T,N,1,231,1.17297,40.73
586,6354,6415,bf16,T,N,2,231,1.17639,40.61
9848,24188,87,bf16,T,N,0,332,1.75207,23.66
9848,24188,87,bf16,T,N,1,332,1.74919,23.70
9848,24188,87,bf16,T,N,2,332,1.74786,23.71
574,471,9156,fp16,T,T,0,53,1.14081,4.34
574,471,9156,fp16,T,T,1,53,1.17847,4.20
574,471,9156,fp16,T,T,2,53,1.17719,4.21
16845,124,3039,bf16,T,T,0,39,0.17542,72.37
16845,124,3039,bf16,T,T,1,39,0.17547,72.35
16845,124,3039,bf16,T,T,2,39,0.17488,72.60
12325,16749,2633,fp32,T,T,0,82,27.73446,39.20
12325,16749,2633,fp32,T,T,1,82,27.72976,39.20
12325,16749,2633,fp32,T,T,2,82,27.73654,39.19
5159,3203,16159,fp32,T,N,0,519,14.56385,36.67
5159,3203,16159,fp32,T,N,1,519,14.56556,36.66
5159,3203,16159,fp32,T,N,2,519,14.56454,36.67
2549,30464,67,fp16,N,T,0,227,0.53563,19.43
2549,30464,67,fp16,N,T,1,227,0.54038,19.26
2549,30464,67,fp16,N,T,2,227,0.54022,19.26
1670,551,7875,bf16,N,N,0,176,0.46619,31.09
1670,551,7875,bf16,N,N,1,176,0.46619,31.09
1670,551,7875,bf16,N,N,2,176,0.46582,31.11
1574,618,21842,fp16,N,N,0,107,0.68171,62.33
1574,618,21842,fp16,N,N,1,107,0.68331,62.19
1574,618,21842,fp16,N,N,2,107,0.68203,62.30
20398,1225,79,bf16,N,T,0,57,0.21942,17.99
20398,1225,79,bf16,N,T,1,57,0.22043,17.91
20398,1225,79,bf16,N,T,2,57,0.21926,18.01
382,4492,17015,fp16,T,N,0,386,0.77473,75.37
382,4492,17015,fp16,T,N,1,386,0.77388,75.46
382,4492,17015,fp16,T,N,2,386,0.77489,75.36
1968,13384,961,fp16,N,N,0,358,0.59110,85.65
1968,13384,961,fp16,N,N,1,358,0.58961,85.86
1968,13384,961,fp16,N,N,2,358,0.59014,85.78
337,828,8552,bf16,N,N,0,283,0.16822,28.37
337,828,8552,bf16,N,N,1,283,0.16496,28.93
337,828,8552,bf16,N,N,2,283,0.16555,28.83
1180,439,590,fp16,T,N,0,245,0.02885,21.18
1180,439,590,fp16,T,N,1,245,0.02923,20.91
1180,439,590,fp16,T,N,2,245,0.02917,20.95
2766,4506,159,bf16,T,N,0,231,0.19030,20.83
2766,4506,159,bf16,T,N,1,231,0.19056,20.80
2766,4506,159,bf16,T,N,2,231,0.19046,20.81
759,12077,193,bf16,N,N,0,166,0.14400,24.57
759,12077,193,bf16,N,N,1,166,0.14486,24.43
759,12077,193,bf16,N,N,2,166,0.14437,24.51
449,23090,5869,fp16,T,N,0,245,1.08705,111.95
449,23090,5869,fp16,T,N,1,245,1.08348,112.32
449,23090,5869,fp16,T,N,2,245,1.07911,112.77
106,28441,31497,fp16,T,N,0,245,2.67342,71.04
106,28441,31497,fp16,T,N,1,245,2.67331,71.04
106,28441,31497,fp16,T,N,2,245,2.67390,71.02
5769,17957,12895,fp32,T,T,0,82,69.08096,38.67
5769,17957,12895,fp32,T,T,1,82,69.08443,38.67
5769,17957,12895,fp32,T,T,2,82,69.08731,38.67
95,9138,12513,fp32,T,N,0,519,1.05303,20.63
95,9138,12513,fp32,T,N,1,519,1.05548,20.58
95,9138,12513,fp32,T,N,2,519,1.05569,20.58
394,1463,31796,fp32,T,N,0,519,1.81778,20.17
394,1463,31796,fp32,T,N,1,519,1.82455,20.09
394,1463,31796,fp32,T,N,2,519,1.80637,20.29
65,274,242,fp32,T,T,0,82,0.01824,0.47
65,274,242,fp32,T,T,1,82,0.01856,0.46
65,274,242,fp32,T,T,2,82,0.01904,0.45
90,22457,3084,fp16,T,N,0,249,0.17830,69.92
90,22457,3084,fp16,T,N,1,249,0.17755,70.21
90,22457,3084,fp16,T,N,2,249,0.17771,70.15
1994,238,414,bf16,N,N,0,166,0.02320,16.94
1994,238,414,bf16,N,N,1,166,0.02341,16.78
1994,238,414,bf16,N,N,2,166,0.02315,16.98
253,94,130,fp32,T,N,0,519,0.00971,0.64
253,94,130,fp32,T,N,1,519,0.00971,0.64
253,94,130,fp32,T,N,2,519,0.00976,0.63
14222,109,76,fp32,T,N,0,519,0.02624,8.98
14222,109,76,fp32,T,N,1,519,0.02624,8.98
14222,109,76,fp32,T,N,2,519,0.02624,8.98
13293,72,12346,fp16,T,T,0,88,2.88985,8.18
13293,72,12346,fp16,T,T,1,88,2.89806,8.15
13293,72,12346,fp16,T,T,2,88,2.87518,8.22
11394,8324,85,bf16,T,N,0,332,1.11649,14.44
11394,8324,85,bf16,T,N,1,332,1.11991,14.40
11394,8324,85,bf16,T,N,2,332,1.12044,14.39
317,8550,2666,bf16,T,N,0,238,0.42833,33.74
317,8550,2666,bf16,T,N,1,238,0.40400,35.77
317,8550,2666,bf16,T,N,2,238,0.40496,35.69
1508,511,1272,fp32,T,T,0,82,0.09861,19.88
1508,511,1272,fp32,T,T,1,82,0.09893,19.81
1508,511,1272,fp32,T,T,2,82,0.09835,19.93
110,966,4115,bf16,T,T,0,39,0.10256,8.53
110,966,4115,bf16,T,T,1,39,0.10272,8.51
110,966,4115,bf16,T,T,2,39,0.10309,8.48
290,4826,2268,fp32,N,T,0,612,0.27622,22.98
290,4826,2268,fp32,N,T,1,612,0.27638,22.97
290,4826,2268,fp32,N,T,2,612,0.27728,22.89
7715,122,14089,bf16,T,T,0,39,0.60374,43.93
7715,122,14089,bf16,T,T,1,39,0.60742,43.66
7715,122,14089,bf16,T,T,2,39,0.60609,43.76
791,71,1195,fp32,T,T,0,82,0.05765,2.33
791,71,1195,fp32,T,T,1,82,0.05803,2.31
791,71,1195,fp32,T,T,2,82,0.05755,2.33
135,20213,375,bf16,N,N,0,166,0.12181,16.80
135,20213,375,bf16,N,N,1,166,0.12117,16.89
135,20213,375,bf16,N,N,2,166,0.12144,16.85
15384,113,1931,fp16,N,N,0,101,0.15712,42.73
15384,113,1931,fp16,N,N,1,101,0.15739,42.66
15384,113,1931,fp16,N,N,2,101,0.15707,42.74
24335,295,2762,fp32,T,T,0,82,1.30700,30.34
24335,295,2762,fp32,T,T,1,82,1.30818,30.31
24335,295,2762,fp32,T,T,2,82,1.30796,30.32
9263,2388,1114,fp32,T,N,0,525,1.35842,36.28
9263,2388,1114,fp32,T,N,1,525,1.35799,36.29
9263,2388,1114,fp32,T,N,2,525,1.35794,36.29
989,10574,355,bf16,N,T,0,57,0.31456,23.60
989,10574,355,bf16,N,T,1,57,0.31360,23.68
989,10574,355,bf16,N,T,2,57,0.31382,23.66
8228,158,21583,bf16,N,T,0,62,1.26279,44.44
8228,158,21583,bf16,N,T,1,62,1.25585,44.68
8228,158,21583,bf16,N,T,2,62,1.24700,45.00
1085,3838,67,fp16,N,T,0,62,0.05760,9.69
1085,3838,67,fp16,N,T,1,62,0.05824,9.58
1085,3838,67,fp16,N,T,2,62,0.05739,9.72
246,19744,3580,bf16,T,N,0,441,0.29115,119.44
246,19744,3580,bf16,T,N,1,441,0.29051,119.71
246,19744,3580,bf16,T,N,2,441,0.28726,121.06
9485,10592,12392,bf16,N,N,0,388,17.22036,144.59
9485,10592,12392,bf16,N,N,1,388,17.20313,144.74
9485,10592,12392,bf16,N,N,2,388,17.22287,144.57
738,3816,26739,fp32,T,T,0,82,5.65399,26.64
738,3816,26739,fp32,T,T,1,82,5.42236,27.77
738,3816,26739,fp32,T,T,2,82,5.80177,25.96
2151,1726,13254,bf16,N,N,0,166,1.23095,79.95
2151,1726,13254,bf16,N,N,1,166,1.23185,79.89
2151,1726,13254,bf16,N,N,2,166,1.23191,79.89
25172,20113,346,fp16,N,N,0,94,5.11201,68.53
25172,20113,346,fp16,N,N,1,94,5.13558,68.22
25172,20113,346,fp16,N,N,2,94,5.12897,68.31
14968,2555,3460,fp32,T,T,0,82,6.96253,38.01
14968,2555,3460,fp32,T,T,1,82,6.96307,38.01
14968,2555,3460,fp32,T,T,2,82,6.96408,38.00
721,10747,1830,fp32,N,N,0,556,1.10769,25.60
721,10747,1830,fp32,N,N,1,556,1.09607,25.87
721,10747,1830,fp32,N,N,2,556,1.10935,25.56
693,832,17661,fp16,T,N,0,572,0.32902,61.90
693,832,17661,fp16,T,N,1,572,0.32816,62.06
693,832,17661,fp16,T,N,2,572,0.32800,62.09
19576,24745,65,fp32,T,T,0,82,4.89872,12.85
19576,24745,65,fp32,T,T,1,82,4.87147,12.93
19576,24745,65,fp32,T,T,2,82,4.90662,12.83
7313,787,155,fp16,T,T,0,53,0.14704,12.13
7313,787,155,fp16,T,T,1,53,0.14726,12.12
7313,787,155,fp16,T,T,2,53,0.14715,12.12
87,271,931,bf16,T,T,0,39,0.02299,1.91
87,271,931,bf16,T,T,1,39,0.02240,1.96
87,271,931,bf16,T,T,2,39,0.02245,1.96
339,160,7250,fp16,N,N,0,393,0.13584,5.79
339,160,7250,fp16,N,N,1,393,0.13643,5.76
339,160,7250,fp16,N,N,2,393,0.13611,5.78
16016,336,106,bf16,T,N,0,441,0.04277,26.67
16016,336,106,bf16,T,N,1,441,0.04320,26.41
16016,336,106,bf16,T,N,2,441,0.04309,26.47
24041,3896,14248,fp32,N,N,0,556,163.71999,16.30
24041,3896,14248,fp32,N,N,1,556,163.95094,16.28
24041,3896,14248,fp32,N,N,2,556,163.30629,16.34
2037,22540,74,fp16,N,N,0,217,0.43115,15.76
2037,22540,74,fp16,N,N,1,217,0.43131,15.75
2037,22540,74,fp16,N,N,2,217,0.43094,15.77
350,15421,209,fp16,T,T,0,53,0.18011,12.53
350,15421,209,fp16,T,T,1,53,0.18000,12.53
350,15421,209,fp16,T,T,2,53,0.18048,12.50
381,8124,14911,bf16,T,T,0,39,0.90289,102.23
381,8124,14911,bf16,T,T,1,39,0.89921,102.65
381,8124,14911,bf16,T,T,2,39,0.89894,102.68
117,1829,1788,bf16,N,N,0,174,0.06715,11.40
117,1829,1788,bf16,N,N,1,174,0.06693,11.43
117,1829,1788,bf16,N,N,2,174,0.06699,11.42
2810,102,4203,bf16,T,T,0,39,0.11296,21.33
2810,102,4203,bf16,T,T,1,39,0.11387,21.16
2810,102,4203,bf16,T,T,2,39,0.11333,21.26
678,488,2906,fp16,N,T,0,241,0.05163,37.25
678,488,2906,fp16,N,T,1,241,0.05173,37.17
678,488,2906,fp16,N,T,2,241,0.05184,37.09
