M,N,K,dtype,opA,opB,pad,cneqd,nsol,best_ms,def_ms,gain
1905,4220,624,fp16,T,T,8,1,88,0.14202,0.56246,3.9606
1427,2625,352,fp16,T,T,0,0,53,0.05933,0.19981,3.3679
492,3429,102,fp16,N,T,0,1,62,0.02611,0.02826,1.0821
11696,460,4637,fp16,N,T,0,0,62,0.55456,0.89331,1.6108
1096,461,3931,fp16,N,N,0,1,103,0.09699,0.15302,1.5777
1532,12804,528,fp16,N,T,8,0,62,0.28205,0.86170,3.0551
106,13780,287,fp32,T,T,1,0,82,0.05626,0.08346,1.4835
105,66,4795,fp16,T,T,8,0,53,0.07450,0.49991,6.7105
4879,109,718,fp32,N,N,8,0,556,0.04154,0.04154,1.0000
170,1352,138,bf16,N,N,64,1,388,0.01040,0.00982,0.9446
4145,1728,984,fp32,N,N,0,0,556,0.38087,0.37942,0.9962
2793,1904,3830,fp16,T,N,1,1,513,0.36976,0.37190,1.0058
889,7772,5022,fp16,N,T,64,0,62,0.65373,2.52935,3.8691
584,1647,1015,fp32,T,T,64,1,82,0.07901,0.11354,1.4370
997,86,451,fp16,T,T,64,1,53,0.01542,0.05619,3.6431
106,13780,287,fp32,T,T,64,1,82,0.05366,0.08419,1.5689
1092,9595,1875,fp16,T,T,1,0,53,0.41133,2.91425,7.0850
4372,2471,825,bf16,N,N,1,1,166,0.21363,0.27526,1.2885
424,175,103,fp32,N,T,0,0,612,0.01024,0.00883,0.8625
3004,2115,296,bf16,T,N,64,1,231,0.06566,0.09635,1.4673
542,1798,2282,bf16,N,T,64,1,62,0.07104,0.25939,3.6514
9902,313,549,fp16,T,N,0,1,245,0.06179,0.31885,5.1600
810,5773,728,fp16,T,N,8,1,245,0.09603,0.28032,2.9190
151,151,4030,fp32,T,T,64,0,82,0.09318,0.19811,2.1260
236,487,649,fp16,T,N,0,1,245,0.01776,0.01654,0.9315
3417,692,141,fp32,N,N,64,0,556,0.03590,0.04230,1.1783
5553,595,197,bf16,N,N,64,0,166,0.04400,0.05443,1.2371
273,338,7740,fp16,T,N,1,1,258,0.09258,0.20381,2.2015
10867,322,714,fp32,N,T,64,0,612,0.17686,0.18797,1.0628
383,9312,2446,bf16,T,T,0,0,39,0.21299,0.21686,1.0182
552,6906,842,fp32,T,T,64,1,82,0.20122,0.27562,1.3698
1419,6769,390,fp16,T,T,64,1,53,0.16637,0.50989,3.0648
1191,1174,292,fp32,N,T,64,1,612,0.03654,0.04608,1.2609
2987,147,5597,fp16,T,N,1,1,258,0.13136,0.23098,1.7583
2509,994,505,fp16,T,T,1,1,53,0.05037,0.20160,4.0025
850,98,559,fp32,N,N,1,1,556,0.01379,0.02026,1.4687
8311,818,74,bf16,N,T,1,0,57,0.06515,0.08806,1.3517
1483,746,6507,fp16,N,N,8,1,101,0.17306,0.45203,2.6121
4018,68,75,fp16,N,T,64,1,62,0.01075,0.01469,1.3661
10067,102,162,fp32,N,T,0,1,612,0.02614,0.03405,1.3023
2554,9083,2629,fp16,T,N,1,1,245,0.88608,0.93738,1.0579
183,603,4630,fp16,T,N,8,1,258,0.06598,0.07290,1.1048
507,77,78,fp16,T,T,64,1,53,0.01174,0.01555,1.3242
4145,1728,984,fp32,N,N,0,1,556,0.37898,0.37872,0.9993
155,5445,329,fp32,N,T,0,0,612,0.03341,0.03718,1.1130
68,1420,259,bf16,T,T,0,0,39,0.01357,0.01226,0.9033
67,1967,82,bf16,N,N,8,1,166,0.01021,0.01779,1.7430
2936,90,2367,bf16,N,T,64,0,62,0.05008,0.11581,2.3125
1794,257,122,fp16,N,T,64,0,62,0.01258,0.01149,0.9135
3507,75,366,fp32,N,T,8,1,612,0.01728,0.02330,1.3481
10794,369,212,bf16,T,T,8,0,39,0.06851,0.07555,1.1028
138,13352,2985,fp32,T,T,0,1,82,0.46573,0.83946,1.8025
4209,13670,99,bf16,T,N,8,1,231,0.39402,0.40173,1.0196
5645,1125,164,fp32,N,T,0,0,612,0.08266,0.08717,1.0546
751,126,226,bf16,T,T,8,0,39,0.01296,0.01187,0.9160
10326,269,657,bf16,N,N,8,1,166,0.07808,0.08874,1.1365
3083,6539,212,bf16,T,N,64,1,231,0.18451,0.29280,1.5869
124,1038,1093,fp32,N,T,1,0,612,0.02394,0.02339,0.9773
9525,12110,133,fp32,T,N,1,1,519,0.94829,1.24720,1.3152
839,245,70,bf16,N,N,8,0,166,0.01072,0.00947,0.8836
652,81,3181,fp32,T,T,8,1,82,0.07734,0.16560,2.1411
198,709,9383,bf16,N,N,0,1,176,0.08653,0.11037,1.2755
3764,9240,190,fp32,N,T,0,1,616,0.41584,0.50842,1.2226
74,562,163,bf16,N,N,8,1,166,0.01085,0.01123,1.0354
12503,3669,15312,fp32,N,N,64,1,556,35.46487,74.37572,2.0972
4985,1124,12879,fp32,N,T,8,1,614,3.67713,7.96970,2.1674
105,66,4795,fp16,T,T,0,1,53,0.07514,0.50474,6.7176
2936,90,2367,bf16,N,T,8,0,62,0.04854,0.11437,2.3560
739,2020,166,fp32,N,T,1,0,614,0.02765,0.03069,1.1100
673,2329,89,bf16,N,T,0,1,57,0.02211,0.02448,1.1071
422,107,1272,fp32,N,N,0,0,556,0.01664,0.01866,1.1212
7276,1888,6631,fp16,N,N,1,1,358,1.47313,1.68545,1.1441
91,853,730,bf16,T,T,1,0,39,0.01898,0.01875,0.9882
8336,291,11051,fp32,T,N,64,1,519,1.62282,1.68167,1.0363
808,5642,5457,bf16,T,T,0,1,39,0.57277,0.57095,0.9968
652,81,3181,fp32,T,T,8,0,82,0.07827,0.16560,2.1157
65,215,99,fp32,N,N,64,0,556,0.00986,0.00867,0.8799
2330,11172,84,fp16,N,T,64,1,62,0.20608,0.34131,1.6562
140,105,927,bf16,T,N,0,1,238,0.01610,0.01619,1.0060
12940,277,246,fp32,N,T,0,1,612,0.07542,0.08083,1.0717
492,8165,136,fp16,N,N,64,1,94,0.04506,0.04938,1.0959
392,4831,5134,fp16,T,N,0,1,249,0.25344,2.24545,8.8598
454,7947,161,fp16,N,N,0,1,94,0.04470,0.05056,1.1310
10677,219,75,bf16,T,T,0,0,39,0.02886,0.03078,1.0665
4791,108,131,fp32,T,N,64,0,525,0.01350,0.01382,1.0237
8743,6764,959,fp32,N,N,0,1,556,2.97844,2.97915,1.0002
14592,8348,2880,fp16,T,N,64,1,382,4.84504,5.06066,1.0445
4145,1728,984,fp32,N,N,8,1,556,0.38077,0.38067,0.9997
105,66,4795,fp16,T,T,1,1,53,0.07459,0.46781,6.2715
1635,1505,467,bf16,T,T,8,1,39,0.04595,0.04986,1.0850
134,448,166,fp16,N,N,1,0,358,0.00979,0.00893,0.9117
1069,558,146,fp32,T,T,0,0,82,0.01728,0.01830,1.0593
14748,1953,7253,fp16,T,N,8,1,245,2.95412,4.14440,1.4029
2793,1904,3830,fp16,T,N,64,0,513,0.36227,0.36269,1.0011
8311,818,74,bf16,N,T,1,1,57,0.06384,0.08842,1.3850
423,1147,3942,fp32,N,N,0,0,556,0.16470,0.17574,1.0670
15023,1032,3721,bf16,T,N,1,1,441,0.99159,0.99108,0.9995
571,7143,874,fp32,T,N,0,1,519,0.20704,0.21597,1.0431
751,126,226,bf16,T,T,0,1,39,0.01530,0.01165,0.7615
492,3429,102,fp16,N,T,64,1,62,0.02755,0.02915,1.0581
5437,6421,1930,bf16,T,N,0,0,231,1.15140,1.15664,1.0046
1869,1715,11158,fp16,T,N,8,0,245,0.84077,1.45703,1.7330
102,2607,11429,fp16,T,N,64,0,258,0.16259,1.44177,8.8673
452,1657,75,bf16,N,T,0,1,57,0.01370,0.01338,0.9766
75,1579,461,bf16,T,T,1,1,39,0.01530,0.01501,0.9812
366,16110,95,bf16,T,N,64,0,231,0.05786,0.06256,1.0813
3754,5746,297,bf16,N,T,8,0,57,0.24304,0.39056,1.6070
332,100,81,fp16,T,T,1,1,53,0.01110,0.01818,1.6369
181,562,181,bf16,T,T,8,0,39,0.01411,0.01168,0.8277
370,419,690,fp16,T,N,64,0,245,0.01888,0.01827,0.9678
2321,440,9919,fp32,N,T,0,1,614,0.63504,0.87696,1.3810
6730,1374,2355,fp16,T,N,8,0,245,0.36090,0.53354,1.4784
5392,3709,9643,fp32,N,T,8,1,612,9.78983,10.17611,1.0395
1320,882,132,fp16,T,N,1,1,245,0.01779,0.01731,0.9730
4517,15105,294,bf16,N,N,8,0,166,0.70051,1.70993,2.4410
8336,291,11051,fp32,T,N,0,0,519,1.62285,1.68058,1.0356
1173,9097,317,bf16,T,T,8,1,39,0.16998,0.16781,0.9872
571,7143,874,fp32,T,N,64,1,519,0.20646,0.21670,1.0496
2554,9083,2629,fp16,T,N,8,0,245,0.90464,0.95552,1.0562
6102,72,153,bf16,T,T,8,0,39,0.01306,0.02064,1.5809
13066,143,1967,bf16,T,N,0,0,238,0.11312,0.12160,1.0750
7793,539,483,fp16,T,T,1,0,53,0.07549,0.29501,3.9080
6487,5468,7184,bf16,T,N,1,1,332,3.69550,3.87646,1.0490
5474,91,4891,bf16,N,N,0,0,176,0.12454,0.26999,2.1678
138,13352,2985,fp32,T,T,1,1,82,0.46957,0.84202,1.7932
1857,1039,2516,fp32,N,N,0,0,556,0.28743,0.40608,1.4128
4517,15105,294,bf16,N,N,64,1,166,0.70397,1.69674,2.4102
8171,5231,330,fp32,T,T,1,1,82,0.77050,0.82919,1.0762
12503,3669,15312,fp32,N,N,0,1,556,35.47206,77.79211,2.1931
347,431,276,bf16,T,T,64,1,39,0.01190,0.01210,1.0161
175,290,14749,bf16,N,N,1,1,176,0.07366,0.07232,0.9818
12251,84,348,fp16,N,T,8,0,62,0.03757,0.03981,1.0596
424,175,103,fp32,N,T,8,0,612,0.00848,0.00861,1.0151
5392,3709,9643,fp32,N,T,64,1,612,9.79051,10.17163,1.0389
181,562,181,bf16,T,T,64,1,39,0.01194,0.01053,0.8820
7864,2552,161,fp32,N,T,0,1,616,0.20589,0.28794,1.3985
3363,1686,246,bf16,N,T,1,1,57,0.06963,0.09840,1.4131
75,122,2595,fp16,N,N,8,0,101,0.01558,0.02669,1.7125
5586,77,2060,bf16,T,T,64,0,39,0.05706,0.08211,1.4391
75,122,2595,fp16,N,N,8,1,101,0.01530,0.02656,1.7364
124,87,7777,fp32,T,N,64,1,519,0.10704,0.12947,1.2096
74,562,163,bf16,N,N,1,0,166,0.01002,0.01072,1.0703
751,126,226,bf16,T,T,1,0,39,0.01200,0.01075,0.8960
1290,262,2153,bf16,T,T,0,1,39,0.05661,0.05923,1.0464
885,9917,1736,fp16,T,N,8,0,245,0.28973,0.30394,1.0490
364,190,834,fp16,T,N,8,0,249,0.01712,0.01683,0.9832
162,69,986,fp32,T,T,1,1,82,0.03098,0.04534,1.4638
69,308,164,bf16,T,T,1,1,39,0.01190,0.00966,0.8118
1024,283,415,fp16,T,N,0,1,245,0.01773,0.05792,3.2672
10349,149,795,fp16,N,N,64,0,97,0.06848,0.08077,1.1794
2330,11172,84,fp16,N,T,1,0,62,0.18960,0.30637,1.6159
700,397,123,bf16,T,T,1,1,39,0.01168,0.01037,0.8877
635,2023,10079,fp32,T,N,64,1,519,0.84682,1.23258,1.4555
771,1203,4548,bf16,T,T,0,1,39,0.15357,0.17482,1.1384
2023,496,1395,fp32,N,N,64,1,556,0.10019,0.10250,1.0230
147,1368,2827,bf16,T,N,1,1,489,0.04333,0.04448,1.0266
92,113,458,bf16,T,N,1,0,231,0.01299,0.01206,0.9286
613,72,170,fp16,N,T,8,0,227,0.00835,0.00928,1.1111
4879,109,718,fp32,N,N,0,0,556,0.04003,0.04032,1.0072
2769,205,258,bf16,T,T,64,0,39,0.01504,0.01459,0.9702
78,737,6525,fp16,N,N,8,1,103,0.04554,0.04499,0.9881
284,9469,2166,fp32,T,T,1,1,82,0.38791,0.57290,1.4769
118,5931,775,fp16,T,T,0,0,53,0.03229,0.11494,3.5600
1351,7364,3868,fp32,N,N,64,0,556,2.08279,2.80548,1.3470
79,2005,189,fp32,T,T,1,0,82,0.01517,0.01645,1.0844
118,3392,1395,fp16,N,T,1,1,239,0.03408,0.03766,1.1052
134,448,166,fp16,N,N,8,0,358,0.00915,0.00829,0.9056
218,482,1298,bf16,T,T,64,1,39,0.02755,0.02678,0.9721
10450,143,2935,fp16,T,T,64,0,53,0.16646,0.86487,5.1955
12503,3669,15312,fp32,N,N,1,1,556,35.50854,84.65392,2.3840
3764,9240,190,fp32,N,T,64,1,616,0.41863,0.50221,1.1997
305,313,6339,bf16,N,N,64,1,176,0.04950,0.04966,1.0032
2936,90,2367,bf16,N,T,1,1,62,0.04445,0.07507,1.6890
5437,6421,1930,bf16,T,N,0,1,231,1.15511,1.15553,1.0004
637,544,2007,fp16,N,N,8,0,387,0.03878,0.06198,1.5982
9676,1302,14020,fp32,N,T,1,0,612,9.29527,9.73086,1.0469
3641,133,5902,fp16,N,N,8,1,99,0.13907,0.29754,2.1394
181,2083,150,fp32,T,N,0,1,519,0.01261,0.01258,0.9975
2061,374,260,fp16,T,T,64,1,88,0.01638,0.03715,2.2676
3363,1686,246,bf16,N,T,8,0,57,0.06979,0.10038,1.4383
203,127,13692,bf16,N,N,0,1,176,0.03971,0.03974,1.0008
180,1014,142,fp16,T,T,0,0,88,0.01146,0.02179,1.9022
284,9469,2166,fp32,T,T,64,0,82,0.38864,0.57235,1.4727
241,661,216,fp32,N,T,0,1,612,0.01098,0.00995,0.9067
100,3600,1323,bf16,N,T,64,0,212,0.03507,0.03571,1.0182
93,788,1149,fp32,T,T,8,0,82,0.03469,0.05501,1.5858
3677,14736,86,fp32,T,T,0,1,82,0.32400,0.37120,1.1457
15593,597,2184,fp32,T,N,64,0,519,1.12589,1.15908,1.0295
3671,1206,4962,bf16,N,T,0,1,57,0.41021,0.41514,1.0120
865,7538,5974,fp32,N,N,8,1,556,2.05137,3.17915,1.5498
584,1647,1015,fp32,T,T,1,0,82,0.07834,0.10813,1.3803
1069,558,146,fp32,T,T,8,0,82,0.01718,0.01837,1.0689
6618,849,491,fp16,T,T,1,1,53,0.10301,0.37437,3.6344
110,3060,213,bf16,N,T,1,1,57,0.01290,0.01370,1.0620
9143,2008,659,fp16,T,T,1,0,53,0.30285,1.58654,5.2387
3056,3626,13129,fp32,T,N,64,1,519,7.51383,7.88131,1.0489
308,1820,255,fp32,T,N,1,0,539,0.01830,0.02326,1.2710
789,13514,13664,fp16,T,T,64,1,88,2.82788,16.31521,5.7694
2987,147,5597,fp16,T,N,64,0,258,0.14237,0.24563,1.7253
492,8165,136,fp16,N,N,64,0,94,0.04630,0.04922,1.0629
3056,3626,13129,fp32,T,N,0,0,519,7.51248,7.87402,1.0481
106,13780,287,fp32,T,T,1,1,82,0.05750,0.08464,1.4719
69,115,8793,fp32,T,N,8,1,519,0.12566,0.14944,1.1892
2271,6268,184,fp16,T,T,0,0,88,0.17181,0.29655,1.7260
68,126,125,fp16,N,N,8,1,98,0.01130,0.02624,2.3229
174,9664,2038,bf16,N,T,8,1,212,0.10515,0.20787,1.9769
847,2812,2262,fp32,T,T,8,1,82,0.31223,0.38717,1.2400
9561,766,154,bf16,N,N,64,1,166,0.08195,0.07936,0.9684
8349,305,400,fp16,N,N,0,1,90,0.04554,0.05139,1.1286
808,5642,5457,bf16,T,T,8,0,39,0.56595,0.56336,0.9954
1844,165,356,fp16,T,T,8,1,53,0.01395,0.04374,3.1353
92,113,458,bf16,T,N,0,1,231,0.01408,0.01222,0.8682
299,209,12772,fp32,N,N,0,0,556,0.16285,0.34099,2.0939
118,1847,65,fp32,T,N,1,0,519,0.01037,0.00890,0.8580
199,392,423,bf16,N,N,1,1,388,0.01190,0.01162,0.9758
7273,9312,349,fp32,T,N,64,0,525,1.23303,1.34253,1.0888
3004,2115,296,bf16,T,N,0,1,231,0.06368,0.09344,1.4673
151,387,3370,fp32,T,T,8,1,82,0.08045,0.16246,2.0195
5710,10169,12360,bf16,T,N,8,1,231,9.94913,18.03941,1.8132
181,2083,150,fp32,T,N,64,0,519,0.01174,0.01334,1.1362
587,98,7821,fp32,N,T,1,1,612,0.07549,0.32493,4.3044
9143,2008,659,fp16,T,T,64,0,53,0.29968,1.59527,5.3232
7563,365,4501,fp16,N,N,0,1,97,0.28077,2.38155,8.4822
548,9016,482,fp32,T,T,8,1,82,0.15565,0.21315,1.3694
2987,147,5597,fp16,T,N,8,0,258,0.14198,0.24355,1.7153
5461,7768,303,bf16,N,T,1,0,201,0.41466,0.52435,1.2645
84,166,321,fp16,N,N,64,1,98,0.01264,0.01251,0.9899
4517,15105,294,bf16,N,N,1,1,166,0.70548,1.68180,2.3839
588,1107,7070,bf16,N,N,8,1,176,0.15946,0.29485,1.8491
13578,3558,10424,bf16,N,N,1,1,166,7.67187,8.97313,1.1696
700,397,123,bf16,T,T,0,1,39,0.01219,0.01094,0.8976
1069,558,146,fp32,T,T,1,1,82,0.01693,0.01875,1.1078
10677,219,75,bf16,T,T,1,1,39,0.03270,0.03517,1.0753
173,13358,1971,bf16,N,N,0,0,174,0.15485,0.40938,2.6437
234,6201,1168,fp16,T,T,0,0,53,0.06589,0.29248,4.4391
694,5308,3243,fp16,T,N,64,1,382,0.25530,0.42403,1.6609
332,100,81,fp16,T,T,64,1,53,0.01130,0.01856,1.6430
2392,96,68,fp16,T,N,0,0,513,0.01005,0.00874,0.8694
12333,1523,5555,fp32,N,T,1,1,612,5.30956,5.60323,1.0553
2509,994,505,fp16,T,T,64,0,53,0.05011,0.20240,4.0390
1333,358,3818,fp16,N,T,8,1,68,0.07760,0.19056,2.4557
3655,10822,445,bf16,N,N,0,0,166,0.50307,1.36269,2.7087
158,5866,355,bf16,T,N,1,1,231,0.02493,0.03107,1.2465
158,221,853,fp32,T,N,64,1,519,0.01622,0.01485,0.9152
587,98,7821,fp32,N,T,0,1,612,0.07661,0.32461,4.2373
932,351,855,fp32,N,T,1,0,612,0.02842,0.03936,1.3851
709,413,1765,fp16,N,N,64,0,97,0.04070,0.06659,1.6360
2534,193,6815,fp32,N,T,1,1,612,0.25629,0.32669,1.2747
113,1911,1120,fp16,N,N,64,0,97,0.02976,0.03568,1.1989
1849,3390,94,fp16,T,T,8,0,88,0.07898,0.09856,1.2480
847,2812,2262,fp32,T,T,0,1,82,0.31456,0.38669,1.2293
997,86,451,fp16,T,T,1,1,53,0.01478,0.05062,3.4243
158,5866,355,bf16,T,N,8,1,231,0.02342,0.03082,1.3156
2081,246,88,fp32,N,T,8,1,612,0.01178,0.01296,1.1005
9902,313,549,fp16,T,N,8,0,245,0.06851,0.31888,4.6544
288,160,202,bf16,T,T,1,1,39,0.01261,0.01133,0.8985
1635,1505,467,bf16,T,T,1,0,39,0.04394,0.04704,1.0706
633,82,73,fp16,T,N,8,0,245,0.01021,0.00976,0.9561
10450,143,2935,fp16,T,T,0,1,53,0.17046,0.86279,5.0614
3846,64,87,fp32,N,N,1,1,556,0.01034,0.00947,0.9164
1541,254,10050,fp16,T,T,1,1,88,0.17610,0.76730,4.3573
138,13352,2985,fp32,T,T,8,1,82,0.46595,0.85620,1.8375
3200,1083,12079,fp32,N,T,0,1,612,2.23246,4.91999,2.2038
14377,248,85,fp32,T,N,64,1,525,0.03510,0.03840,1.0939
147,175,974,fp32,T,N,0,0,519,0.01738,0.02941,1.6925
965,2494,471,fp32,N,T,0,1,612,0.08246,0.11414,1.3842
3754,5746,297,bf16,N,T,0,1,57,0.25133,0.39530,1.5728
147,175,974,fp32,T,N,0,1,519,0.01795,0.02893,1.6114
68,126,125,fp16,N,N,1,0,98,0.01178,0.02205,1.8723
106,9251,3855,fp32,N,N,1,0,556,0.26362,0.31005,1.1761
2229,264,1314,fp32,T,T,64,1,82,0.06758,0.09539,1.4115
5392,3709,9643,fp32,N,T,0,0,612,9.78984,10.16533,1.0384
383,9312,2446,bf16,T,T,8,1,39,0.22131,0.22128,0.9999
1508,1451,2633,fp32,N,N,1,1,556,0.34983,0.47165,1.3482
10677,219,75,bf16,T,T,64,1,39,0.03290,0.03645,1.1080
305,313,6339,bf16,N,N,0,0,176,0.04915,0.04819,0.9805
231,12672,8358,fp16,T,N,1,1,519,0.40279,0.42989,1.0673
748,12451,10274,fp16,T,T,64,1,53,1.66762,12.36620,7.4155
13045,6705,1231,bf16,N,N,0,0,166,2.04772,2.43912,1.1911
5649,1411,9797,bf16,T,N,64,0,231,1.41332,2.48110,1.7555
1061,4099,1785,bf16,T,T,1,0,39,0.16874,0.17066,1.0114
5474,91,4891,bf16,N,N,1,0,176,0.11552,0.27587,2.3881
1692,931,70,fp32,T,T,0,1,82,0.02234,0.02592,1.1605
84,166,321,fp16,N,N,0,1,98,0.01738,0.01315,0.7569
743,5112,14516,bf16,T,T,64,0,39,1.17860,1.18701,1.0071
471,194,2980,bf16,T,T,64,0,39,0.05715,0.06400,1.1198
3927,252,2130,fp32,N,N,0,1,556,0.14890,0.16496,1.1079
81,161,209,bf16,T,T,8,1,39,0.01373,0.01213,0.8834
287,655,179,fp16,N,T,1,0,62,0.01258,0.01114,0.8855
181,2083,150,fp32,T,N,8,1,519,0.01619,0.01290,0.7964
523,1101,1092,fp16,T,T,8,0,53,0.03523,0.04090,1.1608
199,15408,328,bf16,N,T,64,1,201,0.05923,0.05990,1.0113
7793,539,483,fp16,T,T,8,0,53,0.09194,0.29981,3.2611
13427,8228,983,bf16,T,N,64,0,332,1.82404,1.82289,0.9994
69,3681,3374,fp32,T,N,64,0,519,0.09514,0.15171,1.5947
91,853,730,bf16,T,T,1,1,39,0.02176,0.01907,0.8765
64,1601,11248,fp32,N,T,8,1,612,0.11203,0.17549,1.5664
1024,283,415,fp16,T,N,1,0,245,0.02099,0.06061,2.8872
124,1553,1018,fp16,T,T,0,1,53,0.02442,0.11235,4.6016
423,1147,3942,fp32,N,N,64,0,556,0.16614,0.17514,1.0541
3025,93,549,fp16,T,T,64,1,53,0.01955,0.06886,3.5221
227,1075,10900,fp16,N,T,1,0,70,0.17203,0.41827,2.4314
394,345,390,fp32,T,T,64,0,82,0.01946,0.02429,1.2484
839,245,70,bf16,N,N,8,1,166,0.01587,0.01363,0.8589
69,308,164,bf16,T,T,64,0,39,0.01709,0.01168,0.6835
370,419,690,fp16,T,N,8,1,245,0.02112,0.01942,0.9197
315,485,67,fp16,T,T,0,0,53,0.01690,0.01626,0.9621
4831,1856,2415,fp16,N,N,8,1,352,0.40736,0.42112,1.0338
13506,115,141,bf16,T,N,8,0,231,0.03011,0.03840,1.2752
82,12158,254,bf16,N,T,1,0,57,0.03728,0.04342,1.1648
571,7143,874,fp32,T,N,64,0,519,0.20627,0.21527,1.0436
65,67,161,fp32,T,T,64,0,82,0.01430,0.01510,1.0559
118,1847,65,fp32,T,N,0,0,519,0.01475,0.01078,0.7310
2936,90,2367,bf16,N,T,8,1,62,0.04838,0.11322,2.3399
13554,1013,652,fp16,T,N,8,1,245,0.21639,0.25520,1.1794
124,1038,1093,fp32,N,T,8,0,612,0.02586,0.02435,0.9418
771,1203,4548,bf16,T,T,1,1,39,0.15411,0.17888,1.1607
1442,6614,224,fp16,T,N,8,1,245,0.07984,0.38218,4.7868
3641,133,5902,fp16,N,N,0,0,99,0.13590,0.29677,2.1837
1849,3390,94,fp16,T,T,64,0,88,0.08003,0.10003,1.2499
14748,1953,7253,fp16,T,N,8,0,245,2.94721,3.33403,1.1312
1439,127,326,bf16,T,T,8,1,39,0.01808,0.01373,0.7593
586,1349,397,bf16,T,N,8,1,231,0.02486,0.02582,1.0386
14592,8348,2880,fp16,T,N,0,1,382,4.76965,4.99522,1.0473
1333,358,3818,fp16,N,T,8,0,68,0.07795,0.19123,2.4532
492,8165,136,fp16,N,N,1,1,94,0.04688,0.04861,1.0369
83,106,2377,bf16,N,T,8,0,62,0.02189,0.02112,0.9649
158,221,853,fp32,T,N,0,1,519,0.01846,0.01488,0.8059
82,12158,254,bf16,N,T,8,1,57,0.03232,0.03683,1.1396
2330,11172,84,fp16,N,T,0,1,62,0.18694,0.29347,1.5698
4660,125,1724,fp16,T,N,1,0,250,0.05990,0.09530,1.5908
10067,102,162,fp32,N,T,8,1,612,0.03008,0.03690,1.2266
4985,1124,12879,fp32,N,T,1,0,614,3.66808,5.56198,1.5163
846,105,1184,fp32,N,T,8,1,612,0.02077,0.02010,0.9676
279,2516,163,bf16,T,N,0,1,332,0.01795,0.01549,0.8627
1611,190,1342,fp32,N,T,1,0,612,0.03702,0.05424,1.4650
2298,4269,1478,fp32,T,T,8,1,82,0.78772,0.82701,1.0499
1408,323,809,fp16,T,N,1,1,249,0.03078,0.03242,1.0530
1532,12804,528,fp16,N,T,0,0,62,0.26784,0.80087,2.9901
3363,1686,246,bf16,N,T,64,0,57,0.06573,0.09818,1.4937
6083,739,2176,fp32,T,N,64,1,519,0.54131,0.57459,1.0615
134,448,166,fp16,N,N,0,0,358,0.01443,0.00970,0.6718
552,6906,842,fp32,T,T,64,0,82,0.20080,0.27642,1.3766
3624,6413,257,fp16,T,T,1,1,53,0.29555,0.83200,2.8151
15865,5520,663,fp32,T,N,1,0,525,3.02405,3.09829,1.0246
227,1075,10900,fp16,N,T,8,1,70,0.15926,0.39171,2.4595
284,9469,2166,fp32,T,T,1,0,82,0.38861,0.57434,1.4779
965,2494,471,fp32,N,T,1,0,612,0.07888,0.10141,1.2856
13526,88,236,bf16,N,N,8,1,388,0.02467,0.02925,1.1855
84,166,321,fp16,N,N,64,0,98,0.01683,0.01318,0.7833
3716,7393,410,fp32,T,N,1,1,519,0.61091,0.64279,1.0522
1069,558,146,fp32,T,T,1,0,82,0.01923,0.01846,0.9601
4831,1856,2415,fp16,N,N,1,1,352,0.39968,0.40032,1.0016
173,946,229,fp16,T,T,64,0,53,0.01498,0.03190,2.1304
383,9312,2446,bf16,T,T,8,0,39,0.22359,0.22406,1.0021
4119,1654,242,fp16,N,N,64,1,92,0.07446,0.08448,1.1345
2932,839,440,fp32,N,T,0,0,612,0.08176,0.09478,1.1593
2769,205,258,bf16,T,T,8,0,39,0.02045,0.01517,0.7418
5334,213,96,fp16,T,T,8,1,53,0.01821,0.03302,1.8137
4831,1856,2415,fp16,N,N,1,0,352,0.40090,0.40003,0.9978
288,160,202,bf16,T,T,0,0,39,0.01846,0.01248,0.6759
10067,102,162,fp32,N,T,1,0,612,0.02973,0.03699,1.2443
1173,9097,317,bf16,T,T,8,0,39,0.18189,0.18170,0.9989
169,212,5710,fp16,T,T,8,0,88,0.09107,0.19991,2.1950
3315,2796,1422,fp32,N,N,8,0,556,0.70090,0.84359,1.2036
8476,1093,4411,fp16,N,N,8,0,94,0.74999,0.98903,1.3187
10326,269,657,bf16,N,N,0,1,166,0.07898,0.08586,1.0871
124,1553,1018,fp16,T,T,1,1,53,0.02525,0.12349,4.8910
748,12451,10274,fp16,T,T,8,1,53,2.33073,12.36844,5.3067
273,372,3358,fp16,T,N,1,1,392,0.04534,0.04403,0.9711
392,4831,5134,fp16,T,N,8,1,249,0.25290,2.24830,8.8902
3677,14736,86,fp32,T,T,8,0,82,0.33267,0.39802,1.1964
13371,829,2008,fp32,T,N,1,0,519,1.18298,1.21242,1.0249
6819,91,343,fp16,N,T,8,1,62,0.02573,0.09581,3.7239
118,5931,775,fp16,T,T,64,1,53,0.03392,0.11562,3.4085
1483,746,6507,fp16,N,N,64,0,101,0.17290,0.47469,2.7455
2356,240,518,fp32,T,N,0,0,539,0.02746,0.02864,1.0431
2308,2440,251,bf16,N,N,8,1,388,0.05510,0.05562,1.0093
6055,233,4089,fp32,T,N,1,0,519,0.35712,0.42624,1.1935
789,13514,13664,fp16,T,T,1,1,88,3.39285,16.32452,4.8115
492,3429,102,fp16,N,T,1,0,62,0.02742,0.02902,1.0583
300,1144,355,fp32,N,N,64,0,562,0.01891,0.02576,1.3621
2554,9083,2629,fp16,T,N,64,1,245,0.91837,0.97258,1.0590
871,424,270,bf16,N,N,64,0,388,0.01667,0.01190,0.7140
936,2757,72,fp16,N,T,64,0,62,0.03651,0.04288,1.1744
470,4385,2240,fp32,T,T,8,0,82,0.30423,0.41895,1.3771
3641,133,5902,fp16,N,N,64,1,99,0.13526,0.29879,2.2089
300,1144,355,fp32,N,N,64,1,562,0.01888,0.02637,1.3966
68,1420,259,bf16,T,T,64,1,39,0.01677,0.01254,0.7481
163,2986,4127,fp16,N,T,1,0,70,0.08128,0.20141,2.4780
1778,253,115,bf16,T,T,64,1,39,0.01770,0.01165,0.6582
1635,1505,467,bf16,T,T,0,0,39,0.04624,0.04870,1.0533
83,10068,679,fp16,T,N,0,0,382,0.03808,0.03920,1.0294
4635,388,214,bf16,N,N,1,1,273,0.02448,0.03434,1.4026
75,122,2595,fp16,N,N,1,0,101,0.02352,0.02717,1.1551
963,1741,728,fp32,T,T,64,0,82,0.09517,0.13965,1.4674
170,1352,138,bf16,N,N,0,1,388,0.01491,0.01005,0.6738
14748,1953,7253,fp16,T,N,0,0,245,2.95313,3.34373,1.1323
158,5866,355,bf16,T,N,1,0,231,0.02586,0.03091,1.1956
358,3706,753,bf16,N,N,1,1,166,0.04877,0.19994,4.0997
78,7756,2424,fp16,N,N,1,1,232,0.07555,0.11942,1.5807
6055,233,4089,fp32,T,N,1,1,519,0.35690,0.42423,1.1886
332,100,81,fp16,T,T,0,0,53,0.01530,0.01962,1.2824
673,2329,89,bf16,N,T,0,0,57,0.02483,0.02435,0.9807
5209,1425,13848,bf16,T,T,0,0,39,2.09934,2.33860,1.1140
1541,254,10050,fp16,T,T,0,0,88,0.17693,0.76551,4.3266
644,380,9280,fp32,N,N,64,1,564,0.20224,0.57229,2.8297
5461,7768,303,bf16,N,T,1,1,201,0.41440,0.53037,1.2798
231,12672,8358,fp16,T,N,64,0,519,0.40138,0.42407,1.0565
11696,460,4637,fp16,N,T,0,1,62,0.56362,0.89367,1.5856
4119,1654,242,fp16,N,N,1,0,92,0.07357,0.08570,1.1649
808,5642,5457,bf16,T,T,64,1,39,0.57613,0.57024,0.9898
3056,3626,13129,fp32,T,N,8,1,519,7.51770,7.87856,1.0480
1092,9595,1875,fp16,T,T,0,1,53,0.40141,2.50936,6.2514
1101,509,1317,fp32,N,N,64,0,556,0.06470,0.06621,1.0232
199,15408,328,bf16,N,T,8,1,201,0.05741,0.05677,0.9888
13062,127,4389,bf16,N,T,0,1,62,0.22269,0.22077,0.9914
5553,595,197,bf16,N,N,0,0,166,0.04038,0.05197,1.2868
10944,9731,585,bf16,N,T,64,0,57,1.58135,1.96702,1.2439
102,506,3687,fp32,N,N,1,0,556,0.05043,0.05469,1.0844
10794,369,212,bf16,T,T,64,0,39,0.06858,0.07827,1.1414
7793,539,483,fp16,T,T,1,1,53,0.07798,0.29527,3.7862
1794,257,122,fp16,N,T,64,1,62,0.01667,0.01178,0.7063
748,12451,10274,fp16,T,T,1,0,53,2.32580,12.36895,5.3181
1290,262,2153,bf16,T,T,8,1,39,0.05891,0.05990,1.0168
158,5866,355,bf16,T,N,8,0,231,0.02509,0.03120,1.2436
12333,1523,5555,fp32,N,T,8,0,612,5.32902,5.61747,1.0541
4791,108,131,fp32,T,N,64,1,525,0.01658,0.01398,0.8436
5392,3709,9643,fp32,N,T,64,0,612,9.78977,10.17125,1.0390
147,1368,2827,bf16,T,N,8,1,489,0.04237,0.04093,0.9660
13427,8228,983,bf16,T,N,8,0,332,1.87594,1.87361,0.9988
108,4505,994,fp16,N,T,8,1,68,0.03421,0.03539,1.0346
13212,451,153,fp16,N,T,1,0,62,0.07814,0.09514,1.2174
1096,461,3931,fp16,N,N,64,1,103,0.10029,0.15997,1.5951
1905,4220,624,fp16,T,T,0,1,88,0.13936,0.56154,4.0294
963,1741,728,fp32,T,T,0,0,82,0.09546,0.13734,1.4388
15023,1032,3721,bf16,T,N,64,1,441,0.96717,0.98221,1.0156
106,9251,3855,fp32,N,N,1,1,556,0.26407,0.30983,1.1733
586,1349,397,bf16,T,N,0,0,231,0.02506,0.02624,1.0472
3978,653,124,fp16,T,N,64,1,245,0.03786,0.03875,1.0237
1635,1505,467,bf16,T,T,1,1,39,0.04470,0.04685,1.0480
109,7349,597,fp32,N,T,0,0,612,0.04883,0.11306,2.3152
4145,1728,984,fp32,N,N,64,1,556,0.37939,0.37837,0.9973
12995,245,3410,bf16,N,T,64,1,57,0.24858,0.24906,1.0019
2067,806,864,fp16,T,N,64,0,249,0.05539,0.13997,2.5269
68,1420,259,bf16,T,T,1,1,39,0.01776,0.01264,0.7117
2308,2440,251,bf16,N,N,0,0,388,0.05168,0.05245,1.0149
6819,91,343,fp16,N,T,0,0,62,0.02579,0.09581,3.7146
847,2812,2262,fp32,T,T,0,0,82,0.31405,0.38883,1.2381
945,83,3339,bf16,T,N,64,0,244,0.04960,0.08525,1.7187
158,221,853,fp32,T,N,1,1,519,0.01856,0.01494,0.8052
9676,1302,14020,fp32,N,T,64,0,612,9.28094,9.71636,1.0469
6487,5468,7184,bf16,T,N,64,1,332,3.67016,4.10847,1.1194
195,577,7106,fp32,T,T,0,0,82,0.16275,0.34951,2.1475
2932,839,440,fp32,N,T,1,0,612,0.08266,0.10362,1.2536
174,9664,2038,bf16,N,T,1,0,212,0.11389,0.26733,2.3473
1442,6614,224,fp16,T,N,1,1,245,0.08854,0.38362,4.3325
936,2757,72,fp16,N,T,1,0,62,0.03283,0.03894,1.1862
10246,575,77,fp16,N,T,8,1,62,0.06954,0.08029,1.1546
6821,1559,981,fp16,T,T,64,0,53,0.24867,1.37053,5.5114
965,2494,471,fp32,N,T,64,0,612,0.08384,0.11238,1.3405
10486,209,3778,fp16,N,T,64,0,68,0.24451,0.30432,1.2446
1351,7364,3868,fp32,N,N,8,0,556,2.08260,2.85614,1.3714
1096,461,3931,fp16,N,N,1,0,103,0.09165,0.14598,1.5929
8860,5018,227,fp32,T,N,0,0,519,0.55443,0.61824,1.1151
3927,252,2130,fp32,N,N,8,0,556,0.14928,0.16381,1.0973
78,969,72,bf16,T,N,8,1,231,0.01651,0.01178,0.7132
668,13726,229,bf16,N,N,1,0,166,0.10653,0.14864,1.3953
2298,4269,1478,fp32,T,T,64,1,82,0.79648,0.82461,1.0353
1259,4405,2183,fp32,T,T,1,0,82,0.67322,0.69850,1.0376
118,1847,65,fp32,T,N,8,1,519,0.01462,0.01030,0.7046
124,87,7777,fp32,T,N,1,0,519,0.11293,0.13062,1.1567
73,3297,480,bf16,N,N,64,1,166,0.01891,0.01686,0.8917
515,222,15199,bf16,T,T,64,1,39,0.25671,0.39783,1.5497
11696,460,4637,fp16,N,T,8,1,62,0.56099,0.88464,1.5769
1228,3589,183,fp16,N,T,8,1,62,0.06614,0.08368,1.2651
108,4505,994,fp16,N,T,64,0,68,0.03530,0.03539,1.0027
584,1647,1015,fp32,T,T,8,1,82,0.07978,0.11357,1.4236
8336,291,11051,fp32,T,N,1,0,519,1.62436,1.68135,1.0351
461,3942,8040,fp32,N,T,8,0,612,0.78208,0.95159,1.2167
6020,10409,6258,bf16,N,N,1,1,166,5.91811,9.56788,1.6167
116,6642,96,bf16,T,N,8,0,231,0.01664,0.01296,0.7789
4209,13670,99,bf16,T,N,8,0,231,0.37261,0.39319,1.0552
5553,595,197,bf16,N,N,1,0,166,0.03824,0.05037,1.3172
3779,5180,4900,fp32,T,N,8,0,525,4.93487,5.04319,1.0219
97,699,93,fp32,T,N,64,1,519,0.01382,0.00966,0.6991
571,7143,874,fp32,T,N,0,0,519,0.20637,0.21552,1.0443
1328,143,9192,fp16,T,N,8,0,258,0.09078,0.42400,4.6704
3716,7393,410,fp32,T,N,8,1,519,0.61011,0.64336,1.0545
191,87,16126,fp32,N,N,64,0,556,0.09965,0.50519,5.0697
3200,1083,12079,fp32,N,T,1,1,612,2.21051,4.05944,1.8364
5710,10169,12360,bf16,T,N,0,0,231,9.93035,17.72014,1.7844
448,152,457,fp32,N,N,8,1,562,0.01782,0.01549,0.8690
118,1847,65,fp32,T,N,8,0,519,0.01238,0.00938,0.7571
637,544,2007,fp16,N,N,0,1,387,0.03754,0.06026,1.6053
1953,343,1299,bf16,T,N,8,0,239,0.04592,0.13597,2.9610
396,75,1043,fp32,T,T,8,1,82,0.03222,0.04858,1.5074
1557,4472,5976,fp16,N,N,1,0,352,0.72228,1.29418,1.7918
67,108,1650,fp16,T,N,64,0,387,0.02230,0.02240,1.0043
507,77,78,fp16,T,T,1,1,53,0.01379,0.01626,1.1787
440,10642,246,fp16,T,N,0,0,245,0.05984,0.07229,1.2080
8349,305,400,fp16,N,N,64,0,90,0.05040,0.05386,1.0686
1849,3390,94,fp16,T,T,1,1,88,0.07971,0.10010,1.2557
75,122,2595,fp16,N,N,1,1,101,0.02195,0.02739,1.2478
118,1847,65,fp32,T,N,1,1,519,0.01600,0.00982,0.6140
124,87,7777,fp32,T,N,0,1,519,0.11024,0.13034,1.1823
608,673,828,bf16,N,N,0,1,174,0.03046,0.03402,1.1166
218,482,1298,bf16,T,T,1,0,39,0.02845,0.02707,0.9516
2063,2161,71,bf16,N,N,0,0,166,0.04211,0.04115,0.9772
7273,9312,349,fp32,T,N,0,0,525,1.23313,1.34058,1.0871
1508,1451,2633,fp32,N,N,1,0,556,0.35306,0.47450,1.3440
2298,4269,1478,fp32,T,T,0,0,82,0.78797,0.82234,1.0436
181,562,181,bf16,T,T,8,1,39,0.01843,0.01213,0.6580
6487,5468,7184,bf16,T,N,8,0,332,3.65042,3.97295,1.0884
945,83,3339,bf16,T,N,8,0,244,0.04803,0.08480,1.7655
344,9455,1072,bf16,T,N,64,0,231,0.10310,0.27120,2.6303
284,9469,2166,fp32,T,T,8,1,82,0.39219,0.57581,1.4682
147,175,974,fp32,T,N,1,1,519,0.01885,0.02922,1.5501
124,1038,1093,fp32,N,T,8,1,612,0.02480,0.02394,0.9652
2321,440,9919,fp32,N,T,8,0,614,0.63520,0.87972,1.3849
1450,5583,1655,fp16,N,T,8,0,62,0.34506,1.11504,3.2315
1731,1563,15835,fp32,T,N,8,1,519,2.33524,2.43854,1.0442
203,127,13692,bf16,N,N,8,0,176,0.04704,0.03997,0.8497
65,215,99,fp32,N,N,1,0,556,0.01296,0.00960,0.7407
173,946,229,fp16,T,T,0,1,53,0.01712,0.03229,1.8860
151,151,4030,fp32,T,T,64,1,82,0.09446,0.19744,2.0901
173,4117,313,bf16,T,T,0,1,39,0.02010,0.02611,1.2994
2145,81,194,fp32,N,N,0,1,556,0.01645,0.01645,1.0000
214,127,1798,fp16,N,N,1,0,103,0.02102,0.02342,1.1142
781,544,2681,fp16,T,T,1,1,53,0.07075,0.06922,0.9783
117,12499,68,fp32,T,N,8,0,519,0.02150,0.01923,0.8943
14087,182,4028,fp32,T,T,64,1,82,0.63699,0.94343,1.4811
91,853,730,bf16,T,T,64,0,39,0.02285,0.01920,0.8403
3764,9240,190,fp32,N,T,1,1,616,0.44416,0.52282,1.1771
173,4117,313,bf16,T,T,8,1,39,0.02266,0.02650,1.1695
847,2812,2262,fp32,T,T,64,1,82,0.31491,0.38983,1.2379
78,7756,2424,fp16,N,N,1,0,232,0.07494,0.12035,1.6059
184,85,360,bf16,N,T,1,0,57,0.01328,0.01341,1.0096
1281,1312,87,bf16,T,T,0,1,39,0.02106,0.01990,0.9453
669,226,14265,fp32,T,N,8,1,519,0.22669,0.30224,1.3333
669,226,14265,fp32,T,N,1,1,519,0.22438,0.30058,1.3396
14018,4072,95,fp16,N,N,0,0,358,0.28573,0.29578,1.0352
3978,653,124,fp16,T,N,1,1,245,0.03574,0.03648,1.0206
652,81,3181,fp32,T,T,0,0,82,0.07830,0.16656,2.1271
113,1911,1120,fp16,N,N,8,1,97,0.03110,0.03472,1.1163
2063,2161,71,bf16,N,N,8,1,166,0.04211,0.04176,0.9916
3056,3626,13129,fp32,T,N,1,1,519,7.52899,7.88768,1.0476
65,67,161,fp32,T,T,64,1,82,0.01472,0.01485,1.0087
358,3706,753,bf16,N,N,64,0,166,0.05290,0.19667,3.7181
1635,1505,467,bf16,T,T,64,0,39,0.04694,0.05059,1.0777
79,2005,189,fp32,T,T,0,0,82,0.01699,0.01677,0.9868
305,313,6339,bf16,N,N,0,1,176,0.04973,0.04797,0.9646
100,3600,1323,bf16,N,T,8,0,212,0.03526,0.03478,0.9864
1778,253,115,bf16,T,T,1,1,39,0.01792,0.01187,0.6625
8255,91,1012,bf16,T,T,64,0,39,0.04768,0.05533,1.1604
615,4927,7112,fp16,N,T,64,0,62,0.42477,1.89521,4.4617
2630,128,15222,fp16,T,T,8,1,88,0.25978,1.23498,4.7540
2061,374,260,fp16,T,T,64,0,88,0.01978,0.03725,1.8835
97,699,93,fp32,T,N,0,1,519,0.01472,0.00989,0.6717
781,544,2681,fp16,T,T,8,0,53,0.07037,0.06976,0.9914
4313,13416,13161,fp16,T,T,8,0,53,20.61258,92.33521,4.4796
97,699,93,fp32,T,N,1,0,519,0.01514,0.00973,0.6427
130,1916,359,bf16,T,N,0,0,332,0.01750,0.01824,1.0420
75,432,101,bf16,T,T,64,1,39,0.01674,0.01139,0.6807
4635,388,214,bf16,N,N,64,1,273,0.02656,0.03472,1.3072
75,2123,3323,bf16,N,N,0,0,176,0.05910,0.07782,1.3167
7033,225,296,fp16,N,N,0,1,90,0.03667,0.12966,3.5358
846,105,1184,fp32,N,T,0,1,612,0.02077,0.01843,0.8875
102,506,3687,fp32,N,N,0,1,556,0.04954,0.05475,1.1053
14876,152,14052,bf16,N,T,0,1,212,0.84400,0.84503,1.0012
1905,4220,624,fp16,T,T,8,0,88,0.14582,0.56234,3.8563
10450,143,2935,fp16,T,T,8,1,53,0.16979,0.86704,5.1065
344,9455,1072,bf16,T,N,8,0,231,0.10067,0.27450,2.7266
118,1847,65,fp32,T,N,0,1,519,0.01581,0.01130,0.7146
6780,1116,11361,fp32,T,T,64,1,82,4.69868,4.69772,0.9998
315,171,1140,bf16,N,N,8,0,174,0.01952,0.01885,0.9656
267,2819,1383,fp32,T,T,8,1,82,0.10102,0.15456,1.5299
69,115,8793,fp32,T,N,0,1,519,0.12522,0.14768,1.1794
424,175,103,fp32,N,T,64,1,612,0.01459,0.01002,0.6864
79,13936,890,fp32,T,T,64,1,82,0.11424,0.17066,1.4938
279,2516,163,bf16,T,N,64,1,332,0.01725,0.01574,0.9128
2081,246,88,fp32,N,T,8,0,612,0.01542,0.01296,0.8402
69,3681,3374,fp32,T,N,0,0,519,0.09606,0.15219,1.5843
523,1101,1092,fp16,T,T,64,0,53,0.03606,0.04282,1.1872
910,309,132,fp16,N,N,0,0,94,0.01670,0.02461,1.4732
936,2757,72,fp16,N,T,1,1,62,0.03242,0.03923,1.2103
808,5642,5457,bf16,T,T,1,0,39,0.58615,0.60586,1.0336
147,175,974,fp32,T,N,8,1,519,0.02000,0.02944,1.4720
3677,14736,86,fp32,T,T,64,0,82,0.34458,0.40983,1.1894
6618,849,491,fp16,T,T,8,0,53,0.11018,0.37818,3.4325
134,448,166,fp16,N,N,64,0,358,0.01469,0.01018,0.6928
2392,96,68,fp16,T,N,64,0,513,0.01424,0.01126,0.7910
709,413,1765,fp16,N,N,1,0,97,0.03843,0.06426,1.6719
15363,9972,2458,bf16,T,N,8,1,332,5.49458,6.28957,1.1447
12875,6370,191,fp16,N,N,8,0,92,0.64605,0.66420,1.0281
7793,539,483,fp16,T,T,0,0,53,0.08960,0.29930,3.3404
3846,64,87,fp32,N,N,8,1,556,0.01549,0.01427,0.9215
75,2123,3323,bf16,N,N,1,1,176,0.05584,0.07491,1.3415
586,1349,397,bf16,T,N,0,1,231,0.02432,0.02608,1.0724
344,9455,1072,bf16,T,N,1,0,231,0.09779,0.27347,2.7965
83,10068,679,fp16,T,N,1,0,382,0.03789,0.03994,1.0541
4372,2471,825,bf16,N,N,1,0,166,0.21495,0.27501,1.2794
10677,219,75,bf16,T,T,8,0,39,0.03635,0.03763,1.0352
781,544,2681,fp16,T,T,64,0,53,0.07251,0.06941,0.9572
2769,205,258,bf16,T,T,1,1,39,0.01786,0.01638,0.9176
173,13358,1971,bf16,N,N,1,1,174,0.16490,0.39536,2.3976
93,788,1149,fp32,T,T,1,0,82,0.03514,0.05613,1.5975
273,372,3358,fp16,T,N,8,1,392,0.04410,0.04365,0.9898
1441,295,7589,bf16,T,N,0,1,247,0.16272,0.84026,5.1638
584,1647,1015,fp32,T,T,8,0,82,0.07952,0.11248,1.4145
108,1200,435,fp32,T,T,8,0,82,0.02160,0.02666,1.2341
82,12158,254,bf16,N,T,1,1,57,0.03638,0.04256,1.1697
1320,882,132,fp16,T,N,64,1,245,0.01866,0.01699,0.9108
542,380,1502,fp32,T,T,0,1,82,0.04486,0.07706,1.7175
751,126,226,bf16,T,T,1,1,39,0.01763,0.01206,0.6842
523,1101,1092,fp16,T,T,1,0,53,0.03568,0.04275,1.1982
7563,365,4501,fp16,N,N,8,1,97,0.28128,2.38225,8.4693
3221,2116,3329,fp32,T,T,1,1,82,1.26887,1.27389,1.0040
84,166,321,fp16,N,N,8,0,98,0.01686,0.01280,0.7590
4178,132,72,bf16,T,T,8,1,39,0.01805,0.01664,0.9220
9561,766,154,bf16,N,N,1,1,166,0.07958,0.07933,0.9968
243,691,7352,fp32,N,T,0,0,612,0.12061,0.12435,1.0310
288,160,202,bf16,T,T,8,1,39,0.01920,0.01229,0.6400
8255,91,1012,bf16,T,T,1,0,39,0.04627,0.05523,1.1936
14087,182,4028,fp32,T,T,0,0,82,0.63779,0.94196,1.4769
1191,1174,292,fp32,N,T,1,1,612,0.04042,0.05245,1.2977
5334,213,96,fp16,T,T,1,0,53,0.01741,0.03296,1.8934
7033,225,296,fp16,N,N,64,0,90,0.03862,0.13018,3.3703
7563,365,4501,fp16,N,N,0,0,97,0.27783,2.38155,8.5721
454,7947,161,fp16,N,N,64,0,94,0.04483,0.04947,1.1035
3315,2796,1422,fp32,N,N,8,1,556,0.70112,0.84596,1.2066
3677,14736,86,fp32,T,T,8,1,82,0.33786,0.39824,1.1787
634,7223,271,fp16,T,T,0,0,53,0.08333,0.18231,2.1878
1517,84,684,fp16,N,T,1,1,62,0.01875,0.02288,1.2201
637,544,2007,fp16,N,N,0,0,387,0.03843,0.06038,1.5712
1450,5583,1655,fp16,N,T,64,1,62,0.33197,1.09620,3.3021
1920,1284,150,bf16,N,T,8,0,57,0.03984,0.04237,1.0635
4018,68,75,fp16,N,T,8,0,62,0.01453,0.01469,1.0110
3654,188,2292,fp16,N,T,8,1,68,0.06211,0.18118,2.9170
4372,2471,825,bf16,N,N,8,1,166,0.22490,0.30794,1.3692
102,66,75,fp16,N,T,8,0,62,0.01392,0.00960,0.6897
1857,1039,2516,fp32,N,N,1,1,556,0.28461,0.36691,1.2892
936,2757,72,fp16,N,T,64,1,62,0.03536,0.04301,1.2163
889,7772,5022,fp16,N,T,8,1,62,0.66586,2.57940,3.8738
2112,10840,14628,fp32,T,T,8,0,82,16.89774,17.32117,1.0251
332,645,1646,fp32,T,N,8,1,519,0.03728,0.03651,0.9794
102,66,75,fp16,N,T,0,1,62,0.01434,0.00950,0.6629
2098,736,12275,fp16,T,T,1,0,53,0.43811,3.05099,6.9639
644,380,9280,fp32,N,N,0,0,564,0.19991,0.52576,2.6301
5161,287,8138,bf16,N,T,0,1,62,0.33015,0.33930,1.0277
157,325,1287,bf16,N,T,64,0,62,0.01843,0.02090,1.1337
1441,295,7589,bf16,T,N,1,1,247,0.16045,0.79021,4.9250
69,115,8793,fp32,T,N,0,0,519,0.12541,0.14624,1.1661
188,7399,144,fp32,N,N,64,1,556,0.02454,0.02365,0.9635
102,506,3687,fp32,N,N,8,0,556,0.04902,0.05485,1.1188
68,126,125,fp16,N,N,8,0,98,0.01504,0.02470,1.6425
12995,245,3410,bf16,N,T,8,0,57,0.25933,0.25466,0.9820
587,98,7821,fp32,N,T,64,1,612,0.07821,0.32464,4.1510
4560,1718,117,fp32,N,T,8,0,612,0.08640,0.09946,1.1511
2330,11172,84,fp16,N,T,1,1,62,0.20317,0.30775,1.5147
78,737,6525,fp16,N,N,0,1,103,0.05091,0.04538,0.8913
11756,2334,9582,bf16,N,N,0,1,166,4.23759,4.29781,1.0142
234,6201,1168,fp16,T,T,64,1,53,0.06163,0.29232,4.7430
396,75,1043,fp32,T,T,1,1,82,0.03344,0.04912,1.4689
889,7772,5022,fp16,N,T,0,0,62,0.66007,2.49816,3.7847
8255,91,1012,bf16,T,T,64,1,39,0.04816,0.05674,1.1781
10944,9731,585,bf16,N,T,1,1,57,1.52589,1.77658,1.1643
1173,9097,317,bf16,T,T,1,1,39,0.16134,0.16349,1.0133
10677,219,75,bf16,T,T,8,1,39,0.03645,0.03837,1.0527
3417,692,141,fp32,N,N,0,0,556,0.03680,0.04214,1.1452
16353,1104,98,bf16,N,N,1,1,388,0.11267,0.12029,1.0676
72,1869,12307,bf16,N,N,8,0,176,0.10989,0.14902,1.3561
3221,2116,3329,fp32,T,T,0,0,82,1.26221,1.26401,1.0014
1668,871,185,fp32,T,N,1,1,519,0.02762,0.03136,1.1356
865,7538,5974,fp32,N,N,0,1,556,2.04935,3.18571,1.5545
15865,5520,663,fp32,T,N,8,1,525,2.98990,3.08184,1.0307
138,13352,2985,fp32,T,T,64,0,82,0.46679,0.85332,1.8281
124,87,7777,fp32,T,N,1,1,519,0.11117,0.13059,1.1747
9828,5235,95,fp16,T,T,0,1,53,0.62938,0.75114,1.1935
584,1647,1015,fp32,T,T,0,0,82,0.07856,0.11110,1.4143
4408,5521,751,fp32,T,T,0,1,82,1.00084,1.08554,1.0846
4301,446,6441,fp16,T,T,0,1,53,0.36077,1.92657,5.3402
903,552,1712,bf16,T,N,0,0,476,0.04390,0.04400,1.0022
1320,882,132,fp16,T,N,8,1,245,0.01718,0.01658,0.9646
571,7143,874,fp32,T,N,1,0,519,0.20384,0.21239,1.0419
1441,295,7589,bf16,T,N,8,0,247,0.16250,0.83620,5.1459
396,75,1043,fp32,T,T,64,0,82,0.03261,0.04835,1.4828
423,1147,3942,fp32,N,N,8,1,556,0.16307,0.17494,1.0728
850,796,12111,fp16,T,N,1,1,392,0.24170,0.61715,2.5534
4245,7628,618,bf16,T,T,8,0,39,0.49309,0.48855,0.9908
3004,2115,296,bf16,T,N,8,1,231,0.06704,0.09882,1.4740
5474,91,4891,bf16,N,N,8,1,176,0.12579,0.26698,2.1224
771,1203,4548,bf16,T,T,1,0,39,0.15379,0.17706,1.1513
1668,871,185,fp32,T,N,64,1,519,0.02925,0.03158,1.0799
124,87,7777,fp32,T,N,0,0,519,0.11242,0.13034,1.1594
635,2023,10079,fp32,T,N,1,0,519,0.84669,1.22535,1.4472
1096,461,3931,fp16,N,N,8,0,103,0.09942,0.15616,1.5706
5474,91,4891,bf16,N,N,8,0,176,0.12525,0.27274,2.1776
492,3429,102,fp16,N,T,64,0,62,0.02851,0.02947,1.0337
174,9664,2038,bf16,N,T,1,1,212,0.11926,0.26839,2.2503
211,972,568,fp32,T,T,1,0,82,0.02317,0.03126,1.3494
108,4505,994,fp16,N,T,64,1,68,0.03437,0.03536,1.0289
3716,7393,410,fp32,T,N,64,0,519,0.61075,0.64170,1.0507
9676,1302,14020,fp32,N,T,64,1,612,9.28193,9.71822,1.0470
8476,1093,4411,fp16,N,N,64,0,94,0.75306,0.98880,1.3131
1061,4099,1785,bf16,T,T,8,1,39,0.18483,0.19232,1.0405
184,85,360,bf16,N,T,1,1,57,0.01552,0.01363,0.8784
587,98,7821,fp32,N,T,64,0,612,0.07763,0.32541,4.1917
315,485,67,fp16,T,T,64,1,53,0.01539,0.01664,1.0811
1331,77,2317,fp32,N,N,0,0,556,0.04074,0.06589,1.6174
6055,233,4089,fp32,T,N,8,0,519,0.35751,0.44762,1.2521
268,5451,4998,fp16,N,T,64,1,68,0.20880,0.69277,3.3179
74,562,163,bf16,N,N,8,0,166,0.01491,0.01158,0.7768
15023,1032,3721,bf16,T,N,8,0,441,0.96308,0.97536,1.0128
2769,205,258,bf16,T,T,64,1,39,0.01859,0.01498,0.8055
12251,84,348,fp16,N,T,8,1,62,0.04010,0.04240,1.0575
157,265,69,bf16,T,T,8,0,39,0.01565,0.01018,0.6503
73,3297,480,bf16,N,N,1,0,166,0.01827,0.01651,0.9037
810,5773,728,fp16,T,N,8,0,245,0.09469,0.28147,2.9726
12333,1523,5555,fp32,N,T,64,1,612,5.32598,5.62041,1.0553
4018,68,75,fp16,N,T,1,0,62,0.01565,0.01414,0.9039
9525,12110,133,fp32,T,N,64,0,519,0.92096,1.24733,1.3544
2509,994,505,fp16,T,T,1,0,53,0.05146,0.20125,3.9111
965,2494,471,fp32,N,T,64,1,612,0.08509,0.11322,1.3306
6055,233,4089,fp32,T,N,0,1,519,0.35712,0.44349,1.2418
287,655,179,fp16,N,T,8,0,62,0.01478,0.01120,0.7576
102,66,75,fp16,N,T,64,0,62,0.01491,0.00982,0.6588
155,5445,329,fp32,N,T,1,1,612,0.03453,0.03709,1.0741
4791,108,131,fp32,T,N,8,1,525,0.01888,0.01376,0.7288
77,2427,1756,bf16,T,T,0,0,39,0.03824,0.05194,1.3582
2098,736,12275,fp16,T,T,8,0,53,0.45565,3.12277,6.8534
147,1368,2827,bf16,T,N,64,0,489,0.04445,0.04458,1.0029
75,432,101,bf16,T,T,0,1,39,0.01629,0.01363,0.8369
1918,560,85,bf16,T,N,0,1,441,0.01744,0.01645,0.9431
287,655,179,fp16,N,T,0,1,62,0.01469,0.01117,0.7603
10944,9731,585,bf16,N,T,1,0,57,1.52388,1.78922,1.1741
3321,12111,11668,bf16,T,T,64,1,39,7.06656,12.48582,1.7669
960,1283,3537,fp16,T,N,1,1,250,0.11120,0.17366,1.5617
3716,7393,410,fp32,T,N,0,0,519,0.61066,0.64343,1.0537
2271,6268,184,fp16,T,T,1,1,88,0.22752,0.29715,1.3060
709,413,1765,fp16,N,N,1,1,97,0.03766,0.06387,1.6958
366,16110,95,bf16,T,N,8,1,231,0.05840,0.06589,1.1282
299,209,12772,fp32,N,N,64,0,556,0.16163,0.35053,2.1687
810,5773,728,fp16,T,N,64,1,245,0.09690,0.28202,2.9105
4308,3514,179,fp16,N,N,1,0,98,0.12003,0.13923,1.1600
3025,93,549,fp16,T,T,64,0,53,0.01805,0.06726,3.7269
75,432,101,bf16,T,T,8,1,39,0.01661,0.01110,0.6686
82,89,16294,fp32,T,T,1,1,82,0.34960,0.35053,1.0027
1463,545,2294,fp16,T,T,1,0,53,0.07568,0.09379,1.2393
2023,496,1395,fp32,N,N,1,1,556,0.10266,0.10355,1.0087
13066,143,1967,bf16,T,N,8,1,238,0.11411,0.12554,1.1001
2392,96,68,fp16,T,N,0,1,513,0.01504,0.00998,0.6638
673,2329,89,bf16,N,T,64,1,57,0.02496,0.02534,1.0154
847,2812,2262,fp32,T,T,64,0,82,0.31402,0.38682,1.2318
6335,2833,802,fp16,T,N,1,1,245,0.28371,0.29571,1.0423
3779,5180,4900,fp32,T,N,0,1,525,4.93314,5.04540,1.0228
932,351,855,fp32,N,T,8,1,612,0.02781,0.04330,1.5570
74,562,163,bf16,N,N,1,1,166,0.01642,0.01152,0.7018
3315,2796,1422,fp32,N,N,0,1,556,0.70026,0.83127,1.1871
1191,1174,292,fp32,N,T,64,0,612,0.03955,0.04688,1.1853
1557,4472,5976,fp16,N,N,0,1,352,0.66560,1.16717,1.7536
4245,7628,618,bf16,T,T,64,0,39,0.51447,0.51408,0.9993
850,796,12111,fp16,T,N,1,0,392,0.24237,0.60643,2.5021
1096,461,3931,fp16,N,N,8,1,103,0.09856,0.15181,1.5403
79,13936,890,fp32,T,T,64,0,82,0.11437,0.17069,1.4924
6819,91,343,fp16,N,T,0,1,62,0.02451,0.09616,3.9230
67,108,1650,fp16,T,N,0,1,387,0.02157,0.02154,0.9985
3417,692,141,fp32,N,N,1,0,556,0.03686,0.04179,1.1337
608,673,828,bf16,N,N,64,0,174,0.02944,0.03558,1.2087
2061,374,260,fp16,T,T,1,1,88,0.01949,0.03779,1.9392
181,2083,150,fp32,T,N,0,0,519,0.01626,0.01328,0.8169
7563,365,4501,fp16,N,N,1,1,97,0.25456,2.38107,9.3536
2630,128,15222,fp16,T,T,64,1,88,0.25568,1.23386,4.8258
8311,818,74,bf16,N,T,64,0,57,0.07059,0.09296,1.3169
424,175,103,fp32,N,T,0,1,612,0.01347,0.00957,0.7102
1173,9097,317,bf16,T,T,64,0,39,0.17392,0.17222,0.9902
191,87,16126,fp32,N,N,8,1,556,0.09782,0.45911,4.6932
4313,13416,13161,fp16,T,T,64,0,53,21.45911,92.01514,4.2879
4831,1856,2415,fp16,N,N,64,0,352,0.39975,0.41354,1.0345
74,562,163,bf16,N,N,0,0,166,0.01517,0.01146,0.7553
4791,108,131,fp32,T,N,0,1,525,0.01626,0.01363,0.8386
157,265,69,bf16,T,T,64,0,39,0.01562,0.01075,0.6885
109,7349,597,fp32,N,T,1,0,612,0.04717,0.11053,2.3433
471,194,2980,bf16,T,T,8,1,39,0.05616,0.06202,1.1043
2330,11172,84,fp16,N,T,0,0,62,0.17139,0.29232,1.7056
12875,6370,191,fp16,N,N,0,0,92,0.63408,0.66938,1.0557
2356,240,518,fp32,T,N,1,1,539,0.02819,0.03418,1.2123
452,1657,75,bf16,N,T,1,0,57,0.01642,0.01341,0.8168
5710,10169,12360,bf16,T,N,64,0,231,9.93589,17.99135,1.8107
8171,5231,330,fp32,T,T,8,0,82,0.80829,0.87536,1.0830
184,85,360,bf16,N,T,0,0,57,0.01459,0.01315,0.9013
1024,283,415,fp16,T,N,8,1,245,0.01968,0.05917,3.0065
846,105,1184,fp32,N,T,64,0,612,0.02051,0.01818,0.8861
3004,2115,296,bf16,T,N,8,0,231,0.06678,0.09562,1.4317
1441,295,7589,bf16,T,N,64,0,247,0.16438,0.84580,5.1452
3654,188,2292,fp16,N,T,64,1,68,0.06189,0.18189,2.9390
4791,108,131,fp32,T,N,1,0,525,0.01814,0.01379,0.7601
65,215,99,fp32,N,N,0,0,556,0.01475,0.00982,0.6659
208,741,1481,fp16,N,T,1,0,68,0.02499,0.03773,1.5096
13045,6705,1231,bf16,N,N,64,1,166,2.09089,2.38257,1.1395
5355,5350,84,fp16,T,N,0,1,245,0.20890,0.41120,1.9684
5704,6966,12644,bf16,T,T,8,1,39,8.57809,14.01955,1.6343
1869,1715,11158,fp16,T,N,0,0,245,0.83981,1.46221,1.7411
2304,11397,12082,fp32,T,T,1,1,82,16.31630,16.38433,1.0042
5586,77,2060,bf16,T,T,0,0,39,0.07488,0.08266,1.1038
69,3681,3374,fp32,T,N,0,1,519,0.09453,0.15232,1.6114
1508,1451,2633,fp32,N,N,64,0,556,0.35315,0.49699,1.4073
3417,692,141,fp32,N,N,1,1,556,0.03574,0.04224,1.1817
7276,1888,6631,fp16,N,N,8,0,358,1.50765,1.58449,1.0510
471,194,2980,bf16,T,T,1,0,39,0.05616,0.06163,1.0974
3083,6539,212,bf16,T,N,8,1,231,0.18787,0.29549,1.5728
8476,1093,4411,fp16,N,N,64,1,94,0.75037,0.98263,1.3095
865,7538,5974,fp32,N,N,1,0,556,2.05236,3.23192,1.5747
8055,9820,96,bf16,T,T,64,1,39,0.76794,0.91079,1.1860
68,4264,2180,fp16,T,N,0,0,572,0.04131,0.05190,1.2564
2081,246,88,fp32,N,T,1,1,612,0.01578,0.01210,0.7667
6083,739,2176,fp32,T,N,1,1,519,0.54272,0.57303,1.0558
6083,739,2176,fp32,T,N,0,0,519,0.54074,0.57495,1.0633
9525,12110,133,fp32,T,N,8,0,519,0.92938,1.24717,1.3419
542,1798,2282,bf16,N,T,8,1,62,0.07203,0.25984,3.6073
330,573,374,bf16,N,N,8,0,166,0.01779,0.02320,1.3039
118,3392,1395,fp16,N,T,8,1,239,0.03971,0.03949,0.9944
700,397,123,bf16,T,T,1,0,39,0.01514,0.01149,0.7590
144,2480,599,fp16,T,N,64,1,519,0.02022,0.02912,1.4399
124,1038,1093,fp32,N,T,64,1,612,0.02509,0.02378,0.9477
3321,12111,11668,bf16,T,T,8,1,39,7.04339,13.50233,1.9170
67,108,1650,fp16,T,N,1,1,387,0.02198,0.02230,1.0146
515,222,15199,bf16,T,T,8,1,39,0.26304,0.39872,1.5158
6819,91,343,fp16,N,T,8,0,62,0.02493,0.09565,3.8370
903,552,1712,bf16,T,N,0,1,476,0.04355,0.04432,1.0176
2534,193,6815,fp32,N,T,0,0,612,0.29799,0.41488,1.3923
318,1488,7580,fp32,N,T,1,1,614,0.25242,0.37002,1.4659
1692,931,70,fp32,T,T,0,0,82,0.02256,0.02592,1.1489
5586,77,2060,bf16,T,T,1,1,39,0.07642,0.08829,1.1554
92,113,458,bf16,T,N,1,1,231,0.01552,0.01322,0.8515
635,2023,10079,fp32,T,N,1,1,519,0.85165,1.22807,1.4420
5334,213,96,fp16,T,T,0,0,53,0.01555,0.03222,2.0720
287,655,179,fp16,N,T,0,0,62,0.01485,0.01126,0.7586
633,82,73,fp16,T,N,1,1,245,0.01421,0.01005,0.7072
5461,7768,303,bf16,N,T,64,1,201,0.45680,0.56211,1.2305
1918,560,85,bf16,T,N,64,1,441,0.01587,0.01616,1.0181
3490,818,480,fp32,T,N,0,0,519,0.08512,0.08672,1.0188
4209,13670,99,bf16,T,N,0,1,231,0.38039,0.40573,1.0666
15865,5520,663,fp32,T,N,8,0,525,2.99070,3.08078,1.0301
490,2629,296,fp32,N,T,1,0,612,0.04000,0.03994,0.9984
234,6201,1168,fp16,T,T,1,1,53,0.06784,0.29680,4.3750
12503,3669,15312,fp32,N,N,0,0,556,35.45706,78.34094,2.2095
1778,253,115,bf16,T,T,64,0,39,0.01168,0.01123,0.9616
452,1657,75,bf16,N,T,64,0,57,0.01325,0.01475,1.1135
1557,4472,5976,fp16,N,N,8,0,352,0.62768,1.05991,1.6886
345,1611,5872,fp32,T,N,1,0,519,0.19795,0.29927,1.5118
11562,68,15032,fp32,N,N,8,1,556,1.02004,1.55876,1.5281
4560,1718,117,fp32,N,T,1,0,612,0.08339,0.09741,1.1681
9143,2008,659,fp16,T,T,0,0,53,0.29997,1.58846,5.2954
1483,746,6507,fp16,N,N,1,0,101,0.17715,0.44656,2.5208
13371,829,2008,fp32,T,N,1,1,519,1.18077,1.21191,1.0264
13066,143,1967,bf16,T,N,1,0,238,0.11018,0.12304,1.1168
1352,1047,6228,fp16,N,N,1,0,101,0.24336,0.46435,1.9081
308,1820,255,fp32,T,N,0,1,539,0.01757,0.02262,1.2878
8255,91,1012,bf16,T,T,1,1,39,0.04538,0.05309,1.1700
751,126,226,bf16,T,T,8,1,39,0.01178,0.01091,0.9266
422,107,1272,fp32,N,N,8,0,556,0.01542,0.01866,1.2095
839,245,70,bf16,N,N,0,0,166,0.00950,0.00986,1.0370
16353,1104,98,bf16,N,N,8,0,388,0.10269,0.10685,1.0405
484,4151,623,fp16,N,N,0,1,94,0.05037,0.07690,1.5267
158,5866,355,bf16,T,N,64,1,231,0.02310,0.03114,1.3476
3655,10822,445,bf16,N,N,0,1,166,0.50167,1.34810,2.6872
748,12451,10274,fp16,T,T,0,1,53,1.83998,12.36735,6.7215
743,5112,14516,bf16,T,T,1,1,39,1.11946,1.14173,1.0199
236,487,649,fp16,T,N,0,0,245,0.01702,0.01699,0.9981
1156,455,723,fp32,T,N,64,0,519,0.03229,0.04157,1.2874
315,171,1140,bf16,N,N,0,0,174,0.01830,0.01795,0.9808
276,1315,283,bf16,N,T,64,1,57,0.01526,0.01517,0.9937
588,1107,7070,bf16,N,N,1,1,176,0.16310,0.29690,1.8203
6730,1374,2355,fp16,T,N,8,1,245,0.36083,0.53258,1.4760
10067,102,162,fp32,N,T,0,0,612,0.02592,0.03398,1.3111
214,127,1798,fp16,N,N,0,0,103,0.01571,0.02208,1.4053
14018,4072,95,fp16,N,N,1,0,358,0.33431,0.34567,1.0340
1173,9097,317,bf16,T,T,0,0,39,0.17590,0.18042,1.0257
14592,8348,2880,fp16,T,N,8,0,382,4.83234,5.03593,1.0421
280,799,15061,fp16,N,T,64,0,70,0.22845,0.46627,2.0410
332,645,1646,fp32,T,N,1,0,519,0.03693,0.03610,0.9775
151,364,1623,bf16,N,T,0,0,62,0.02077,0.02410,1.1603
1849,3390,94,fp16,T,T,0,1,88,0.07872,0.09939,1.2626
344,9455,1072,bf16,T,N,0,0,231,0.10128,0.27379,2.7033
345,1611,5872,fp32,T,N,1,1,519,0.19750,0.29639,1.5006
810,5773,728,fp16,T,N,1,1,245,0.09558,0.28602,2.9923
10246,575,77,fp16,N,T,1,0,62,0.05354,0.07232,1.3509
6819,91,343,fp16,N,T,1,1,62,0.02218,0.08979,4.0491
6055,233,4089,fp32,T,N,0,0,519,0.35712,0.44205,1.2378
81,161,209,bf16,T,T,64,1,39,0.01264,0.01136,0.8987
4018,68,75,fp16,N,T,0,0,62,0.00954,0.01456,1.5268
102,2607,11429,fp16,T,N,1,1,258,0.16042,1.13399,7.0690
3846,64,87,fp32,N,N,64,1,556,0.00957,0.00973,1.0167
1541,254,10050,fp16,T,T,1,0,88,0.17475,0.76644,4.3858
345,1611,5872,fp32,T,N,64,1,519,0.19830,0.32512,1.6395
839,245,70,bf16,N,N,64,1,166,0.01267,0.00973,0.7677
1517,84,684,fp16,N,T,0,1,62,0.01686,0.02051,1.2163
13066,143,1967,bf16,T,N,64,1,238,0.11491,0.12854,1.1186
1228,3589,183,fp16,N,T,1,1,62,0.05677,0.06803,1.1984
456,2763,2903,fp32,N,T,1,1,612,0.25706,0.28733,1.1178
211,972,568,fp32,T,T,8,1,82,0.02294,0.03174,1.3835
330,573,374,bf16,N,N,1,1,166,0.01549,0.02333,1.5062
1692,931,70,fp32,T,T,8,1,82,0.02189,0.02630,1.2017
5474,91,4891,bf16,N,N,1,1,176,0.11862,0.27808,2.3442
6618,849,491,fp16,T,T,8,1,53,0.10784,0.37770,3.5024
448,152,457,fp32,N,N,64,0,562,0.01299,0.01142,0.8793
484,4151,623,fp16,N,N,64,0,94,0.05130,0.09210,1.7954
668,13726,229,bf16,N,N,1,1,166,0.10560,0.14941,1.4148
1441,295,7589,bf16,T,N,64,1,247,0.16464,0.84378,5.1250
332,100,81,fp16,T,T,8,1,53,0.01267,0.01878,1.4823
2769,205,258,bf16,T,T,0,1,39,0.01642,0.01491,0.9084
523,1101,1092,fp16,T,T,0,1,53,0.03469,0.04051,1.1679
1320,882,132,fp16,T,N,0,1,245,0.01722,0.01622,0.9424
5474,91,4891,bf16,N,N,0,1,176,0.12477,0.26906,2.1564
12333,1523,5555,fp32,N,T,1,0,612,5.30614,5.60195,1.0557
65,215,99,fp32,N,N,1,1,556,0.00848,0.00874,1.0302
13578,3558,10424,bf16,N,N,8,1,166,7.51648,7.63220,1.0154
318,1488,7580,fp32,N,T,1,0,614,0.24983,0.36691,1.4687
158,5866,355,bf16,T,N,64,0,231,0.02272,0.03085,1.3577
11562,68,15032,fp32,N,N,64,1,556,0.98765,1.50273,1.5215
12251,84,348,fp16,N,T,0,1,62,0.03734,0.03837,1.0274
6020,10409,6258,bf16,N,N,1,0,166,5.88614,9.41879,1.6002
1228,3589,183,fp16,N,T,0,1,62,0.05760,0.07117,1.2356
13062,127,4389,bf16,N,T,1,1,62,0.21123,0.21018,0.9950
68,4264,2180,fp16,T,N,64,1,572,0.04192,0.05299,1.2641
1062,297,6650,bf16,T,N,64,0,247,0.10531,0.54685,5.1926
771,1203,4548,bf16,T,T,8,1,39,0.15363,0.17690,1.1514
10067,102,162,fp32,N,T,64,0,612,0.03027,0.03926,1.2970
452,1657,75,bf16,N,T,1,1,57,0.01571,0.01341,0.8534
72,1548,483,bf16,N,N,64,1,273,0.01584,0.01824,1.1515
191,87,16126,fp32,N,N,64,1,556,0.09830,0.49802,5.0661
6821,1559,981,fp16,T,T,8,0,53,0.24867,1.36404,5.4853
588,1107,7070,bf16,N,N,0,0,176,0.15757,0.29635,1.8808
1349,78,13119,fp16,T,T,1,0,53,0.20627,1.60606,7.7861
3754,5746,297,bf16,N,T,64,1,57,0.25331,0.38576,1.5229
3363,1686,246,bf16,N,T,1,0,57,0.07347,0.09850,1.3406
174,9664,2038,bf16,N,T,64,0,212,0.10246,0.19949,1.9469
15023,1032,3721,bf16,T,N,8,1,441,0.96381,0.97636,1.0130
10450,143,2935,fp16,T,T,64,1,53,0.16986,0.86308,5.0812
12875,6370,191,fp16,N,N,8,1,92,0.64903,0.66138,1.0190
92,113,458,bf16,T,N,8,0,231,0.01469,0.01325,0.9020
4831,1856,2415,fp16,N,N,64,1,352,0.39991,0.40947,1.0239
1508,1451,2633,fp32,N,N,0,1,556,0.35255,0.49613,1.4073
364,190,834,fp16,T,N,8,1,249,0.01773,0.01709,0.9639
669,226,14265,fp32,T,N,8,0,519,0.22576,0.30103,1.3334
12503,3669,15312,fp32,N,N,8,0,556,35.48640,82.90445,2.3362
236,487,649,fp16,T,N,8,1,245,0.01830,0.01706,0.9318
2932,839,440,fp32,N,T,8,1,612,0.08221,0.09485,1.1538
4313,13416,13161,fp16,T,T,8,1,53,20.30320,92.34558,4.5483
2630,128,15222,fp16,T,T,0,1,88,0.25776,1.23389,4.7870
1349,78,13119,fp16,T,T,8,0,53,0.22438,1.68810,7.5232
392,4831,5134,fp16,T,N,1,1,249,0.25293,2.24030,8.8574
1052,415,301,fp16,N,T,64,1,62,0.01750,0.01626,0.9287
846,105,1184,fp32,N,T,0,0,612,0.02150,0.01882,0.8750
151,364,1623,bf16,N,T,1,0,62,0.02003,0.02160,1.0783
4496,131,5525,bf16,N,N,8,0,176,0.19690,0.21034,1.0683
15493,2845,112,bf16,N,N,8,0,166,0.31757,0.31568,0.9941
515,222,15199,bf16,T,T,8,0,39,0.26455,0.39904,1.5084
963,1741,728,fp32,T,T,8,1,82,0.09549,0.12723,1.3324
12333,1523,5555,fp32,N,T,0,1,612,5.32543,5.61590,1.0545
6487,5468,7184,bf16,T,N,64,0,332,3.68133,4.11928,1.1190
3716,7393,410,fp32,T,N,1,0,519,0.61047,0.64215,1.0519
330,573,374,bf16,N,N,64,0,166,0.01523,0.02458,1.6135
1351,7364,3868,fp32,N,N,1,1,556,2.08743,2.96760,1.4216
144,2480,599,fp16,T,N,8,1,519,0.01878,0.02976,1.5843
5169,73,1647,bf16,N,T,64,0,62,0.05002,0.06448,1.2892
113,1911,1120,fp16,N,N,0,1,97,0.02845,0.03459,1.2160
3978,653,124,fp16,T,N,8,1,245,0.03498,0.03558,1.0174
75,1579,461,bf16,T,T,64,1,39,0.01594,0.01504,0.9438
1541,254,10050,fp16,T,T,0,1,88,0.17482,0.76551,4.3789
280,799,15061,fp16,N,T,0,1,70,0.23376,0.46538,1.9908
10349,149,795,fp16,N,N,1,1,97,0.06474,0.07542,1.1651
1299,2508,11405,fp16,T,T,8,1,53,0.98541,5.62483,5.7081
7563,365,4501,fp16,N,N,8,0,97,0.28087,2.38183,8.4803
1331,77,2317,fp32,N,N,1,0,556,0.04016,0.06566,1.6351
108,1200,435,fp32,T,T,64,0,82,0.01917,0.02534,1.3222
345,1611,5872,fp32,T,N,8,1,519,0.19808,0.31101,1.5701
106,13780,287,fp32,T,T,64,0,82,0.05206,0.08272,1.5888
5704,6966,12644,bf16,T,T,64,1,39,8.57044,13.64438,1.5920
12940,277,246,fp32,N,T,1,1,612,0.07386,0.08134,1.1014
1905,4220,624,fp16,T,T,1,0,88,0.14582,0.56285,3.8598
743,5112,14516,bf16,T,T,0,1,39,1.17892,1.18977,1.0092
542,1798,2282,bf16,N,T,0,1,62,0.07008,0.25914,3.6977
1024,283,415,fp16,T,N,8,0,245,0.01821,0.05821,3.1969
1483,746,6507,fp16,N,N,8,0,101,0.16630,0.45671,2.7462
345,1611,5872,fp32,T,N,64,0,519,0.19818,0.32631,1.6465
743,5112,14516,bf16,T,T,1,0,39,1.11777,1.13873,1.0188
910,225,3632,bf16,T,N,1,1,244,0.06227,0.20090,3.2261
1331,77,2317,fp32,N,N,8,1,556,0.03923,0.06560,1.6721
172,1702,10175,fp32,N,T,8,1,612,0.23008,0.32960,1.4325
173,4117,313,bf16,T,T,8,0,39,0.01782,0.02570,1.4417
4119,1654,242,fp16,N,N,1,1,92,0.07315,0.08419,1.1509
106,13780,287,fp32,T,T,0,0,82,0.05418,0.08499,1.5688
1483,746,6507,fp16,N,N,0,1,101,0.16736,0.45661,2.7283
1532,12804,528,fp16,N,T,0,1,62,0.27555,0.81520,2.9584
4372,2471,825,bf16,N,N,8,0,166,0.22013,0.30887,1.4031
12995,245,3410,bf16,N,T,8,1,57,0.25411,0.25466,1.0021
10326,269,657,bf16,N,N,8,0,166,0.08106,0.08806,1.0865
2304,11397,12082,fp32,T,T,0,1,82,16.27518,16.28203,1.0004
2098,736,12275,fp16,T,T,8,1,53,0.45741,3.11173,6.8029
450,111,83,fp32,T,T,64,0,82,0.01190,0.01114,0.9355
2194,3032,13510,bf16,T,N,64,0,441,1.51060,1.60087,1.0598
1320,882,132,fp16,T,N,1,0,245,0.01901,0.01747,0.9192
110,3060,213,bf16,N,T,0,1,57,0.01581,0.01408,0.8907
158,221,853,fp32,T,N,64,0,519,0.01709,0.01478,0.8652
170,1352,138,bf16,N,N,0,0,388,0.01322,0.01014,0.7675
492,8165,136,fp16,N,N,8,1,94,0.04438,0.04893,1.1024
945,83,3339,bf16,T,N,1,1,244,0.04611,0.08298,1.7994
214,127,1798,fp16,N,N,64,1,103,0.02125,0.02246,1.0572
1637,1981,198,fp16,N,N,8,0,90,0.03302,0.03693,1.1182
173,4117,313,bf16,T,T,1,1,39,0.01894,0.02595,1.3699
2298,4269,1478,fp32,T,T,1,0,82,0.78576,0.82231,1.0465
1052,415,301,fp16,N,T,0,0,62,0.02125,0.01750,0.8238
123,128,456,fp16,T,N,64,0,513,0.01962,0.01645,0.8385
3641,133,5902,fp16,N,N,64,0,99,0.13670,0.30087,2.2008
318,117,651,fp32,N,N,1,1,556,0.01654,0.01389,0.8395
1441,295,7589,bf16,T,N,8,1,247,0.16019,0.83757,5.2285
470,4385,2240,fp32,T,T,64,1,82,0.30419,0.41991,1.3804
12995,245,3410,bf16,N,T,64,0,57,0.24855,0.24877,1.0009
183,603,4630,fp16,T,N,8,0,258,0.06691,0.07270,1.0866
2534,193,6815,fp32,N,T,8,0,612,0.29863,0.41117,1.3769
13062,127,4389,bf16,N,T,64,0,62,0.22710,0.22755,1.0020
5833,6565,3145,fp32,N,T,0,0,612,6.20604,6.52403,1.0512
14748,1953,7253,fp16,T,N,1,0,245,2.94040,3.33557,1.1344
67,108,1650,fp16,T,N,64,1,387,0.02285,0.02266,0.9916
318,1488,7580,fp32,N,T,0,1,614,0.25101,0.35181,1.4016
7793,539,483,fp16,T,T,0,1,53,0.08723,0.29757,3.4112
637,544,2007,fp16,N,N,8,1,387,0.03920,0.06173,1.5747
1299,2508,11405,fp16,T,T,64,0,53,1.02487,5.61814,5.4818
454,7947,161,fp16,N,N,1,0,94,0.04000,0.04800,1.2000
1408,323,809,fp16,T,N,64,0,249,0.02925,0.02992,1.0230
1062,297,6650,bf16,T,N,0,1,247,0.10304,0.54691,5.3078
72,1548,483,bf16,N,N,0,1,273,0.01533,0.01811,1.1816
315,171,1140,bf16,N,N,1,0,174,0.02010,0.01920,0.9554
5392,3709,9643,fp32,N,T,1,1,612,9.76446,10.13595,1.0380
4879,109,718,fp32,N,N,8,1,556,0.04269,0.04179,0.9790
273,338,7740,fp16,T,N,8,1,258,0.09565,0.20058,2.0970
116,6642,96,bf16,T,N,64,1,231,0.01622,0.01299,0.8008
885,9917,1736,fp16,T,N,64,1,245,0.29187,0.30112,1.0317
8336,291,11051,fp32,T,N,1,1,519,1.62407,1.68135,1.0353
1299,2508,11405,fp16,T,T,8,0,53,0.97840,5.62735,5.7516
960,1283,3537,fp16,T,N,8,1,250,0.11034,0.16278,1.4753
4879,109,718,fp32,N,N,1,0,556,0.04160,0.04115,0.9892
492,8165,136,fp16,N,N,8,0,94,0.04582,0.04915,1.0726
586,1349,397,bf16,T,N,64,1,231,0.02416,0.02659,1.1007
454,7947,161,fp16,N,N,64,1,94,0.04573,0.05034,1.1008
3417,692,141,fp32,N,N,0,1,556,0.03459,0.04198,1.2137
273,372,3358,fp16,T,N,8,0,392,0.04480,0.04406,0.9836
68,1420,259,bf16,T,T,64,0,39,0.01421,0.01229,0.8649
1577,1968,376,fp16,T,N,8,0,513,0.03651,0.04323,1.1840
370,419,690,fp16,T,N,1,0,245,0.02125,0.01869,0.8795
4209,13670,99,bf16,T,N,0,0,231,0.37837,0.39971,1.0564
2932,839,440,fp32,N,T,64,1,612,0.08131,0.09533,1.1724
243,691,7352,fp32,N,T,8,1,612,0.12128,0.12442,1.0259
3671,1206,4962,bf16,N,T,1,1,57,0.46368,0.46295,0.9984
10326,269,657,bf16,N,N,1,0,166,0.07891,0.08378,1.0616
1797,409,271,fp32,T,T,0,0,82,0.02314,0.02781,1.2019
12251,84,348,fp16,N,T,64,1,62,0.04077,0.04448,1.0911
668,13726,229,bf16,N,N,64,0,166,0.10413,0.14976,1.4382
123,128,456,fp16,T,N,1,0,513,0.01395,0.01181,0.8463
12875,6370,191,fp16,N,N,64,0,92,0.64839,0.67552,1.0419
12875,6370,191,fp16,N,N,64,1,92,0.65824,0.68903,1.0468
523,1101,1092,fp16,T,T,8,1,53,0.03504,0.04080,1.1644
199,5202,11677,fp16,T,T,0,0,53,0.43383,2.81982,6.4999
344,9455,1072,bf16,T,N,8,1,231,0.10166,0.27303,2.6856
461,3942,8040,fp32,N,T,1,1,612,0.78480,0.97722,1.2452
8336,291,11051,fp32,T,N,0,1,519,1.62209,1.67882,1.0350
1069,558,146,fp32,T,T,64,1,82,0.01843,0.01840,0.9983
3025,93,549,fp16,T,T,1,0,53,0.01741,0.06429,3.6930
10677,219,75,bf16,T,T,0,1,39,0.02998,0.03219,1.0736
158,221,853,fp32,T,N,0,0,519,0.01837,0.01488,0.8101
260,1393,258,bf16,T,N,8,0,231,0.01754,0.01571,0.8960
5209,1425,13848,bf16,T,T,8,0,39,1.76174,1.75818,0.9980
5437,6421,1930,bf16,T,N,8,0,231,1.12852,1.13773,1.0082
147,175,974,fp32,T,N,64,1,519,0.01856,0.03043,1.6397
3624,6413,257,fp16,T,T,8,1,53,0.32250,0.83280,2.5824
587,98,7821,fp32,N,T,0,0,612,0.07811,0.32666,4.1819
268,5451,4998,fp16,N,T,1,0,68,0.21869,0.87060,3.9810
364,190,834,fp16,T,N,64,0,249,0.01856,0.01725,0.9293
91,853,730,bf16,T,T,8,1,39,0.02214,0.01907,0.8613
345,1611,5872,fp32,T,N,0,1,519,0.19815,0.31370,1.5832
5334,213,96,fp16,T,T,64,1,53,0.01600,0.03315,2.0720
300,14986,4110,fp16,N,N,0,0,98,0.47770,0.60653,1.2697
743,5112,14516,bf16,T,T,8,1,39,1.16724,1.17037,1.0027
300,1144,355,fp32,N,N,8,0,562,0.01670,0.02544,1.5230
7864,2552,161,fp32,N,T,64,1,616,0.20915,0.28493,1.3623
15493,2845,112,bf16,N,N,0,0,166,0.30807,0.30746,0.9980
492,3429,102,fp16,N,T,8,0,62,0.02598,0.02861,1.1010
347,431,276,bf16,T,T,8,0,39,0.01293,0.01171,0.9060
5553,595,197,bf16,N,N,0,1,166,0.03926,0.05178,1.3187
13045,6705,1231,bf16,N,N,64,0,166,2.09460,2.38696,1.1396
3258,11435,13198,fp16,T,T,1,0,53,15.53348,59.27810,3.8162
471,194,2980,bf16,T,T,0,1,39,0.05194,0.06170,1.1879
1637,1981,198,fp16,N,N,1,0,90,0.03181,0.03725,1.1710
635,2023,10079,fp32,T,N,8,1,519,0.84772,1.26845,1.4963
211,972,568,fp32,T,T,0,1,82,0.02214,0.03190,1.4408
571,7143,874,fp32,T,N,1,1,519,0.20342,0.21245,1.0444
2509,994,505,fp16,T,T,0,1,53,0.05037,0.20186,4.0076
109,7349,597,fp32,N,T,8,0,612,0.04752,0.11242,2.3657
1331,77,2317,fp32,N,N,0,1,556,0.03971,0.06563,1.6527
2166,573,8877,fp32,T,T,1,1,82,0.59923,0.59879,0.9993
15363,9972,2458,bf16,T,N,64,1,332,5.51606,6.19865,1.1237
211,972,568,fp32,T,T,8,0,82,0.02224,0.03152,1.4173
288,160,202,bf16,T,T,8,0,39,0.01133,0.01062,0.9379
615,4927,7112,fp16,N,T,64,1,62,0.42323,1.91438,4.5232
4313,13416,13161,fp16,T,T,0,1,53,21.37501,92.05067,4.3065
2392,96,68,fp16,T,N,64,1,513,0.00941,0.00925,0.9830
5710,10169,12360,bf16,T,N,1,0,231,9.88251,17.39810,1.7605
1857,1039,2516,fp32,N,N,8,0,556,0.28794,0.41690,1.4479
68,4264,2180,fp16,T,N,64,0,572,0.04608,0.05325,1.1556
2321,440,9919,fp32,N,T,64,1,614,0.63706,0.88656,1.3917
1439,127,326,bf16,T,T,64,0,39,0.01539,0.01379,0.8960
14748,1953,7253,fp16,T,N,0,1,245,2.94629,3.31803,1.1262
15493,2845,112,bf16,N,N,1,0,166,0.32058,0.31863,0.9939
14377,248,85,fp32,T,N,0,0,525,0.03430,0.03795,1.1063
314,149,139,bf16,T,T,64,1,39,0.01488,0.01162,0.7807
709,413,1765,fp16,N,N,0,0,97,0.03904,0.06611,1.6934
709,413,1765,fp16,N,N,8,0,97,0.04016,0.06717,1.6725
118,3392,1395,fp16,N,T,0,1,239,0.03706,0.03894,1.0509
1557,4472,5976,fp16,N,N,64,0,352,0.65684,1.15969,1.7656
865,7538,5974,fp32,N,N,64,0,556,2.05089,3.08897,1.5062
4245,7628,618,bf16,T,T,0,1,39,0.49709,0.49578,0.9974
195,577,7106,fp32,T,T,0,1,82,0.16246,0.35613,2.1920
172,1702,10175,fp32,N,T,0,1,612,0.23469,0.32416,1.3812
14592,8348,2880,fp16,T,N,64,0,382,4.83222,5.03468,1.0419
571,7143,874,fp32,T,N,8,0,519,0.20611,0.21635,1.0497
92,7926,4010,fp32,N,N,0,0,558,0.19101,0.23687,1.2401
1290,262,2153,bf16,T,T,0,0,39,0.05818,0.05984,1.0286
208,741,1481,fp16,N,T,1,1,68,0.02474,0.03773,1.5252
4308,3514,179,fp16,N,N,1,1,98,0.12374,0.14074,1.1373
633,82,73,fp16,T,N,8,1,245,0.01194,0.00966,0.8097
4313,13416,13161,fp16,T,T,1,0,53,21.33224,92.20213,4.3222
218,482,1298,bf16,T,T,64,0,39,0.02730,0.02618,0.9590
608,673,828,bf16,N,N,64,1,174,0.02822,0.03290,1.1655
615,4927,7112,fp16,N,T,1,0,62,0.48003,2.42894,5.0599
92,15421,95,fp32,T,N,8,0,519,0.02243,0.03018,1.3452
296,15994,4060,fp32,N,T,0,0,612,1.16177,2.02983,1.7472
162,69,986,fp32,T,T,64,0,82,0.03165,0.04669,1.4752
448,152,457,fp32,N,N,1,0,562,0.01690,0.01341,0.7936
109,7349,597,fp32,N,T,64,1,612,0.05021,0.11296,2.2498
110,3060,213,bf16,N,T,8,0,57,0.01603,0.01485,0.9262
2063,2161,71,bf16,N,N,8,0,166,0.04301,0.04102,0.9539
81,161,209,bf16,T,T,8,0,39,0.01834,0.01334,0.7277
5437,6421,1930,bf16,T,N,1,0,231,1.07745,1.10317,1.0239
1844,165,356,fp16,T,T,1,1,53,0.01654,0.04547,2.7485
556,677,636,fp32,T,T,8,1,82,0.02531,0.04557,1.8002
134,448,166,fp16,N,N,0,1,358,0.01418,0.00970,0.6840
4408,5521,751,fp32,T,T,8,1,82,0.99668,1.06577,1.0693
694,5308,3243,fp16,T,N,8,1,382,0.25491,0.43731,1.7155
79,2005,189,fp32,T,T,8,1,82,0.01731,0.01779,1.0277
67,1967,82,bf16,N,N,64,0,166,0.01594,0.01805,1.1325
300,1144,355,fp32,N,N,0,0,562,0.01760,0.02528,1.4364
3978,653,124,fp16,T,N,0,1,245,0.03334,0.03632,1.0893
1024,283,415,fp16,T,N,0,0,245,0.01962,0.05882,2.9984
130,1916,359,bf16,T,N,0,1,332,0.01696,0.01837,1.0830
1419,6769,390,fp16,T,T,1,1,53,0.15005,0.51331,3.4210
5649,1411,9797,bf16,T,N,1,1,231,1.32945,2.32750,1.7507
3764,9240,190,fp32,N,T,8,1,616,0.40391,0.50179,1.2424
2304,11397,12082,fp32,T,T,64,1,82,16.27122,16.27481,1.0002
78,737,6525,fp16,N,N,1,0,103,0.04454,0.04349,0.9763
3846,64,87,fp32,N,N,1,0,556,0.01229,0.01008,0.8203
69,3681,3374,fp32,T,N,8,0,519,0.09219,0.15149,1.6432
151,151,4030,fp32,T,T,8,0,82,0.09274,0.17990,1.9400
1857,1039,2516,fp32,N,N,1,0,556,0.28432,0.36115,1.2702
1439,127,326,bf16,T,T,0,0,39,0.01411,0.01366,0.9683
963,1741,728,fp32,T,T,1,1,82,0.09450,0.14339,1.5174
92,15421,95,fp32,T,N,1,1,519,0.02230,0.03056,1.3702
586,1349,397,bf16,T,N,64,0,231,0.02320,0.02611,1.1255
13062,127,4389,bf16,N,T,1,0,62,0.20435,0.20365,0.9966
4301,446,6441,fp16,T,T,8,0,53,0.35773,1.92798,5.3895
6020,10409,6258,bf16,N,N,0,0,166,5.88992,9.29576,1.5782
10246,575,77,fp16,N,T,0,1,62,0.06496,0.07514,1.1567
1778,253,115,bf16,T,T,0,1,39,0.01168,0.01123,0.9616
5704,6966,12644,bf16,T,T,0,0,39,8.58168,14.59124,1.7003
709,413,1765,fp16,N,N,64,1,97,0.04067,0.06710,1.6499
1299,2508,11405,fp16,T,T,0,0,53,0.99114,5.62957,5.6799
1857,1039,2516,fp32,N,N,64,0,556,0.28755,0.41139,1.4307
2356,240,518,fp32,T,N,8,0,539,0.02685,0.03043,1.1335
10349,149,795,fp16,N,N,0,0,97,0.06512,0.07715,1.1848
2298,4269,1478,fp32,T,T,8,0,82,0.78970,0.83085,1.0521
1427,2625,352,fp16,T,T,1,1,53,0.06058,0.20400,3.3677
173,13358,1971,bf16,N,N,8,1,174,0.16384,0.41965,2.5613
16276,71,213,fp16,T,N,1,0,245,0.02646,0.04925,1.8610
2098,736,12275,fp16,T,T,64,0,53,0.48231,3.07442,6.3744
6335,2833,802,fp16,T,N,64,0,245,0.29888,0.29875,0.9996
140,105,927,bf16,T,N,1,1,238,0.01971,0.01731,0.8782
300,1144,355,fp32,N,N,0,1,562,0.01766,0.02512,1.4221
3507,75,366,fp32,N,T,1,1,612,0.01917,0.02259,1.1786
1920,1284,150,bf16,N,T,64,1,57,0.03936,0.04160,1.0569
492,8165,136,fp16,N,N,0,1,94,0.04608,0.04902,1.0639
1328,143,9192,fp16,T,N,1,0,258,0.09808,0.40503,4.1295
199,392,423,bf16,N,N,64,0,388,0.01466,0.01110,0.7576
2308,2440,251,bf16,N,N,0,1,388,0.05491,0.05446,0.9918
439,1849,264,bf16,T,N,0,1,231,0.02026,0.03398,1.6777
162,69,986,fp32,T,T,64,1,82,0.03136,0.04643,1.4806
13554,1013,652,fp16,T,N,0,0,245,0.21485,0.24359,1.1338
3655,10822,445,bf16,N,N,8,0,166,0.51034,1.34986,2.6450
4018,68,75,fp16,N,T,64,0,62,0.01290,0.01571,1.2184
102,66,75,fp16,N,T,64,1,62,0.01194,0.00931,0.7802
273,372,3358,fp16,T,N,1,0,392,0.04685,0.04422,0.9440
5437,6421,1930,bf16,T,N,64,1,231,1.13537,1.14077,1.0048
173,946,229,fp16,T,T,1,1,53,0.01200,0.02995,2.4960
694,5308,3243,fp16,T,N,0,1,382,0.25261,0.43891,1.7375
847,2812,2262,fp32,T,T,1,1,82,0.31472,0.38925,1.2368
3004,2115,296,bf16,T,N,0,0,231,0.06397,0.09571,1.4962
2194,3032,13510,bf16,T,N,1,0,441,1.59137,1.74110,1.0941
2321,440,9919,fp32,N,T,64,0,614,0.63504,0.87780,1.3823
6132,888,2993,fp16,T,N,8,0,513,0.27760,0.28787,1.0370
644,380,9280,fp32,N,N,1,1,564,0.20509,0.60074,2.9292
1577,1968,376,fp16,T,N,8,1,513,0.03610,0.04403,1.2199
885,9917,1736,fp16,T,N,0,1,245,0.28592,0.30112,1.0532
12940,277,246,fp32,N,T,64,0,612,0.07731,0.08243,1.0662
2298,4269,1478,fp32,T,T,1,1,82,0.78484,0.81952,1.0442
1061,4099,1785,bf16,T,T,1,1,39,0.16640,0.16938,1.0179
296,15994,4060,fp32,N,T,1,1,612,1.17671,2.10676,1.7904
1173,9097,317,bf16,T,T,0,1,39,0.18035,0.18176,1.0078
997,86,451,fp16,T,T,0,0,53,0.01626,0.05354,3.2933
173,13358,1971,bf16,N,N,0,1,174,0.16179,0.39421,2.4365
1577,1968,376,fp16,T,N,0,1,513,0.03606,0.04442,1.2316
2229,264,1314,fp32,T,T,1,1,82,0.06784,0.09475,1.3967
81,161,209,bf16,T,T,0,0,39,0.01565,0.01210,0.7730
635,2023,10079,fp32,T,N,64,0,519,0.84765,1.23745,1.4599
394,345,390,fp32,T,T,0,0,82,0.01917,0.02429,1.2671
118,5931,775,fp16,T,T,1,1,53,0.03238,0.11206,3.4605
1024,283,415,fp16,T,N,64,0,245,0.01808,0.05901,3.2637
93,788,1149,fp32,T,T,0,0,82,0.03565,0.05530,1.5512
5474,91,4891,bf16,N,N,64,1,176,0.12528,0.26954,2.1515
3624,6413,257,fp16,T,T,64,0,53,0.29107,0.83296,2.8617
106,13780,287,fp32,T,T,8,1,82,0.05366,0.08470,1.5784
10067,102,162,fp32,N,T,64,1,612,0.03011,0.04000,1.3284
9676,1302,14020,fp32,N,T,0,0,612,9.27778,9.71330,1.0469
75,432,101,bf16,T,T,64,0,39,0.01546,0.01088,0.7039
370,419,690,fp16,T,N,8,0,245,0.02061,0.01862,0.9037
12251,84,348,fp16,N,T,1,0,62,0.03878,0.04256,1.0974
817,809,5759,fp16,T,N,8,0,255,0.15066,0.19319,1.2823
748,12451,10274,fp16,T,T,0,0,53,1.82030,12.36436,6.7925
1427,2625,352,fp16,T,T,1,0,53,0.06019,0.20323,3.3764
652,81,3181,fp32,T,T,0,1,82,0.07882,0.16790,2.1303
820,218,4672,bf16,T,T,1,1,39,0.08518,0.12246,1.4376
846,105,1184,fp32,N,T,1,0,612,0.02118,0.02074,0.9789
584,1647,1015,fp32,T,T,1,1,82,0.07875,0.10886,1.3824
850,98,559,fp32,N,N,8,1,556,0.01526,0.02006,1.3145
1092,9595,1875,fp16,T,T,0,0,53,0.39850,2.51361,6.3077
885,9917,1736,fp16,T,N,1,1,245,0.27011,0.29674,1.0986
16353,1104,98,bf16,N,N,0,0,388,0.09763,0.10378,1.0629
6102,72,153,bf16,T,T,8,1,39,0.01597,0.02122,1.3287
3641,133,5902,fp16,N,N,8,0,99,0.13600,0.29853,2.1951
2825,1283,1943,fp32,T,N,1,0,519,0.40663,0.43712,1.0750
6618,849,491,fp16,T,T,1,0,53,0.10730,0.37523,3.4972
644,380,9280,fp32,N,N,64,0,564,0.20221,0.56528,2.7955
644,380,9280,fp32,N,N,8,0,564,0.20509,0.54311,2.6482
172,1702,10175,fp32,N,T,64,0,612,0.23603,0.31949,1.3536
5833,6565,3145,fp32,N,T,64,1,612,6.21738,6.53444,1.0510
383,9312,2446,bf16,T,T,64,0,39,0.21674,0.21837,1.0075
552,6906,842,fp32,T,T,0,0,82,0.20090,0.27459,1.3668
318,117,651,fp32,N,N,0,1,556,0.01142,0.01312,1.1484
151,387,3370,fp32,T,T,0,1,82,0.08019,0.16378,2.0423
4245,7628,618,bf16,T,T,64,1,39,0.51607,0.51501,0.9980
3363,1686,246,bf16,N,T,0,0,57,0.06784,0.09530,1.4047
396,75,1043,fp32,T,T,1,0,82,0.03130,0.04784,1.5286
10246,575,77,fp16,N,T,0,0,62,0.06397,0.07613,1.1901
2932,839,440,fp32,N,T,8,0,612,0.08147,0.09475,1.1630
6335,2833,802,fp16,T,N,0,0,245,0.29661,0.30381,1.0243
1156,455,723,fp32,T,N,8,1,519,0.03251,0.04269,1.3130
1333,358,3818,fp16,N,T,64,0,68,0.07904,0.19101,2.4166
893,978,1063,bf16,T,N,1,1,238,0.03824,0.03866,1.0109
523,1101,1092,fp16,T,T,0,0,53,0.03501,0.04147,1.1846
170,1352,138,bf16,N,N,1,0,388,0.01050,0.00963,0.9177
2509,994,505,fp16,T,T,0,0,53,0.05014,0.20266,4.0415
2112,10840,14628,fp32,T,T,8,1,82,16.89795,17.30026,1.0238
318,117,651,fp32,N,N,64,0,556,0.01168,0.01325,1.1343
1442,6614,224,fp16,T,N,8,0,245,0.07750,0.38173,4.9253
14592,8348,2880,fp16,T,N,0,0,382,4.77030,4.97654,1.0432
4178,132,72,bf16,T,T,0,0,39,0.01014,0.01453,1.4322
358,3706,753,bf16,N,N,0,1,166,0.04662,0.19914,4.2711
2229,264,1314,fp32,T,T,0,1,82,0.06662,0.09501,1.4260
3654,188,2292,fp16,N,T,64,0,68,0.06102,0.18192,2.9811
65,67,161,fp32,T,T,1,1,82,0.01318,0.01450,1.0995
10677,219,75,bf16,T,T,1,0,39,0.03091,0.03450,1.1159
174,9664,2038,bf16,N,T,0,0,212,0.10355,0.20829,2.0114
92,7926,4010,fp32,N,N,8,0,558,0.19226,0.24160,1.2567
743,5112,14516,bf16,T,T,64,1,39,1.18337,1.20071,1.0147
1668,871,185,fp32,T,N,8,0,519,0.02637,0.03130,1.1869
234,6201,1168,fp16,T,T,0,1,53,0.06400,0.29171,4.5580
1419,6769,390,fp16,T,T,1,0,53,0.15008,0.51303,3.4183
214,127,1798,fp16,N,N,1,1,103,0.01654,0.02339,1.4139
1024,283,415,fp16,T,N,1,1,245,0.01818,0.05805,3.1936
8255,91,1012,bf16,T,T,8,1,39,0.05050,0.05392,1.0678
364,190,834,fp16,T,N,0,0,249,0.01696,0.01699,1.0019
75,432,101,bf16,T,T,1,1,39,0.01072,0.00992,0.9254
871,424,270,bf16,N,N,1,0,388,0.01238,0.01258,1.0155
314,149,139,bf16,T,T,1,0,39,0.01104,0.01011,0.9159
9676,1302,14020,fp32,N,T,8,0,612,9.27714,9.71689,1.0474
1905,4220,624,fp16,T,T,0,0,88,0.13898,0.56205,4.0442
78,969,72,bf16,T,N,64,1,231,0.01306,0.01171,0.8971
12875,6370,191,fp16,N,N,1,1,92,0.64612,0.69005,1.0680
1869,1715,11158,fp16,T,N,1,1,245,0.78727,1.37921,1.7519
82,89,16294,fp32,T,T,64,1,82,0.34893,0.34919,1.0007
5169,73,1647,bf16,N,T,8,1,62,0.05155,0.06835,1.3259
199,392,423,bf16,N,N,0,0,388,0.01213,0.01110,0.9156
299,209,12772,fp32,N,N,8,1,556,0.16298,0.34307,2.1050
180,1014,142,fp16,T,T,8,0,88,0.01469,0.02237,1.5229
211,972,568,fp32,T,T,1,1,82,0.02304,0.03165,1.3736
2330,11172,84,fp16,N,T,8,0,62,0.17312,0.30128,1.7403
332,645,1646,fp32,T,N,0,0,519,0.03747,0.03658,0.9761
694,5308,3243,fp16,T,N,8,0,382,0.25395,0.43485,1.7123
162,69,986,fp32,T,T,1,0,82,0.03139,0.04614,1.4699
4985,1124,12879,fp32,N,T,8,0,614,3.67618,7.30587,1.9874
1844,165,356,fp16,T,T,0,1,53,0.01622,0.04387,2.7042
6020,10409,6258,bf16,N,N,64,1,166,5.86695,9.40825,1.6036
234,6201,1168,fp16,T,T,8,1,53,0.06534,0.29299,4.4838
450,111,83,fp32,T,T,0,1,82,0.01443,0.01261,0.8736
10677,219,75,bf16,T,T,64,0,39,0.03600,0.03629,1.0080
138,13352,2985,fp32,T,T,64,1,82,0.46695,0.85223,1.8251
810,5773,728,fp16,T,N,64,0,245,0.09728,0.28224,2.9013
227,1075,10900,fp16,N,T,0,1,70,0.15846,0.39178,2.4723
7033,225,296,fp16,N,N,64,1,90,0.03962,0.13008,3.2835
7864,2552,161,fp32,N,T,0,0,616,0.20663,0.28442,1.3765
183,603,4630,fp16,T,N,64,1,258,0.06790,0.07325,1.0787
68,126,125,fp16,N,N,64,0,98,0.01424,0.02694,1.8921
134,448,166,fp16,N,N,8,1,358,0.01283,0.01018,0.7930
997,86,451,fp16,T,T,64,0,53,0.01600,0.05699,3.5620
1541,254,10050,fp16,T,T,64,0,88,0.18541,0.76618,4.1324
8743,6764,959,fp32,N,N,64,1,556,2.98248,2.98162,0.9997
10794,369,212,bf16,T,T,64,1,39,0.07190,0.08038,1.1179
1351,7364,3868,fp32,N,N,1,0,556,2.08715,2.96450,1.4204
299,209,12772,fp32,N,N,1,1,556,0.17527,0.34951,1.9942
195,577,7106,fp32,T,T,1,0,82,0.16173,0.34983,2.1630
8171,5231,330,fp32,T,T,1,0,82,0.77418,0.83722,1.0814
163,2986,4127,fp16,N,T,0,1,70,0.10022,0.28019,2.7957
191,87,16126,fp32,N,N,0,1,556,0.09754,0.46298,4.7467
4119,1654,242,fp16,N,N,0,1,92,0.07210,0.08288,1.1496
7273,9312,349,fp32,T,N,64,1,525,1.23015,1.33882,1.0883
2308,2440,251,bf16,N,N,1,1,388,0.05824,0.05478,0.9407
4372,2471,825,bf16,N,N,0,1,166,0.22071,0.30426,1.3786
1844,165,356,fp16,T,T,0,0,53,0.01562,0.04451,2.8504
73,3297,480,bf16,N,N,8,1,166,0.01654,0.01632,0.9865
3363,1686,246,bf16,N,T,8,1,57,0.07030,0.10032,1.4269
117,12499,68,fp32,T,N,0,0,519,0.02022,0.01926,0.9525
101,4812,104,bf16,T,N,0,1,332,0.01434,0.01162,0.8103
4985,1124,12879,fp32,N,T,0,0,614,3.67753,7.12497,1.9374
4313,13416,13161,fp16,T,T,64,1,53,21.50439,92.05549,4.2808
490,2629,296,fp32,N,T,1,1,612,0.03898,0.04013,1.0296
945,83,3339,bf16,T,N,0,1,244,0.04634,0.08406,1.8142
392,4831,5134,fp16,T,N,64,1,249,0.25434,2.24702,8.8348
6132,888,2993,fp16,T,N,8,1,513,0.27994,0.28899,1.0324
157,325,1287,bf16,N,T,8,1,62,0.01706,0.01987,1.1651
199,5202,11677,fp16,T,T,1,0,53,0.38896,2.81106,7.2271
383,9312,2446,bf16,T,T,0,1,39,0.22000,0.21949,0.9977
1062,297,6650,bf16,T,N,8,1,247,0.10400,0.54589,5.2489
2534,193,6815,fp32,N,T,1,0,612,0.25626,0.32679,1.2752
392,4831,5134,fp16,T,N,8,0,249,0.25082,2.24625,8.9557
1794,257,122,fp16,N,T,0,0,62,0.01165,0.01290,1.1071
7793,539,483,fp16,T,T,64,0,53,0.08806,0.29754,3.3786
1778,253,115,bf16,T,T,8,1,39,0.01277,0.01216,0.9524
9561,766,154,bf16,N,N,8,0,166,0.07840,0.07808,0.9959
448,152,457,fp32,N,N,64,1,562,0.01187,0.01126,0.9488
8689,3620,162,fp16,N,T,1,0,62,0.26615,0.35085,1.3183
9525,12110,133,fp32,T,N,64,1,519,0.91959,1.24506,1.3539
358,3706,753,bf16,N,N,1,0,166,0.04618,0.19821,4.2925
92,15421,95,fp32,T,N,8,1,519,0.02163,0.03024,1.3979
15023,1032,3721,bf16,T,N,0,0,441,0.96817,0.98036,1.0126
77,2427,1756,bf16,T,T,8,0,39,0.03744,0.05171,1.3812
130,1916,359,bf16,T,N,1,1,332,0.01574,0.01837,1.1667
1849,3390,94,fp16,T,T,1,0,88,0.07869,0.09952,1.2647
2063,2161,71,bf16,N,N,64,0,166,0.04240,0.04506,1.0626
932,351,855,fp32,N,T,8,0,612,0.02733,0.04349,1.5913
5355,5350,84,fp16,T,N,64,1,245,0.21047,0.40224,1.9112
14018,4072,95,fp16,N,N,0,1,358,0.28640,0.29335,1.0242
4301,446,6441,fp16,T,T,0,0,53,0.35834,1.92481,5.3715
820,218,4672,bf16,T,T,8,0,39,0.08000,0.11235,1.4044
2112,10840,14628,fp32,T,T,64,1,82,16.88542,17.23336,1.0206
12251,84,348,fp16,N,T,64,0,62,0.03933,0.04435,1.1277
4308,3514,179,fp16,N,N,8,1,98,0.11837,0.13578,1.1471
118,5931,775,fp16,T,T,8,0,53,0.03187,0.11651,3.6556
4517,15105,294,bf16,N,N,0,1,166,0.71540,1.69287,2.3663
79,13936,890,fp32,T,T,8,1,82,0.11395,0.17043,1.4956
634,7223,271,fp16,T,T,0,1,53,0.08202,0.18115,2.2087
507,77,78,fp16,T,T,0,1,53,0.01024,0.01526,1.4906
75,2123,3323,bf16,N,N,0,1,176,0.05187,0.07725,1.4892
3490,818,480,fp32,T,N,1,0,519,0.08224,0.08531,1.0374
694,5308,3243,fp16,T,N,1,1,382,0.26144,0.53767,2.0565
1532,12804,528,fp16,N,T,8,1,62,0.28643,0.84852,2.9624
195,577,7106,fp32,T,T,8,1,82,0.16071,0.34983,2.1768
789,13514,13664,fp16,T,T,8,0,88,3.91151,16.32318,4.1731
92,113,458,bf16,T,N,0,0,231,0.01219,0.01251,1.0262
3641,133,5902,fp16,N,N,1,1,99,0.13946,0.30099,2.1583
273,338,7740,fp16,T,N,64,0,258,0.09296,0.20253,2.1787
3056,3626,13129,fp32,T,N,8,0,519,7.51720,7.87807,1.0480
347,431,276,bf16,T,T,1,1,39,0.01366,0.01181,0.8642
162,69,986,fp32,T,T,8,1,82,0.03082,0.04586,1.4881
440,10642,246,fp16,T,N,1,0,245,0.06128,0.08410,1.3723
151,151,4030,fp32,T,T,1,1,82,0.09232,0.17610,1.9075
158,5866,355,bf16,T,N,0,0,231,0.02349,0.03104,1.3215
936,2757,72,fp16,N,T,8,0,62,0.03059,0.03853,1.2594
850,796,12111,fp16,T,N,0,0,392,0.23034,0.53261,2.3123
318,117,651,fp32,N,N,0,0,556,0.01120,0.01334,1.1914
67,1967,82,bf16,N,N,0,1,166,0.00979,0.01738,1.7745
2630,128,15222,fp16,T,T,64,0,88,0.25431,1.22951,4.8348
13045,6705,1231,bf16,N,N,1,1,166,1.91553,2.34930,1.2264
15363,9972,2458,bf16,T,N,64,0,332,5.52397,6.21159,1.1245
4308,3514,179,fp16,N,N,0,1,98,0.12048,0.14058,1.1668
5209,1425,13848,bf16,T,T,64,1,39,2.09973,2.32001,1.1049
318,1488,7580,fp32,N,T,0,0,614,0.24893,0.34919,1.4028
3321,12111,11668,bf16,T,T,0,1,39,7.08776,12.00373,1.6936
1228,3589,183,fp16,N,T,64,1,62,0.05981,0.07328,1.2253
109,7349,597,fp32,N,T,8,1,612,0.04691,0.11254,2.3990
105,66,4795,fp16,T,T,8,1,53,0.07437,0.50026,6.7268
370,419,690,fp16,T,N,1,1,245,0.01904,0.01856,0.9748
236,487,649,fp16,T,N,8,0,245,0.01760,0.01722,0.9782
5645,1125,164,fp32,N,T,1,0,612,0.08099,0.09082,1.1213
2271,6268,184,fp16,T,T,1,0,88,0.22170,0.29699,1.3396
8743,6764,959,fp32,N,N,1,1,556,2.98767,2.98789,1.0001
13578,3558,10424,bf16,N,N,64,0,166,7.48904,7.89868,1.0547
2793,1904,3830,fp16,T,N,64,1,513,0.35735,0.36247,1.0143
4124,1181,69,fp16,T,T,64,1,53,0.06480,0.06861,1.0588
170,1352,138,bf16,N,N,8,1,388,0.02330,0.01635,0.7019
9561,766,154,bf16,N,N,64,0,166,0.08038,0.08022,0.9980
169,212,5710,fp16,T,T,0,1,88,0.08723,0.20010,2.2938
1953,343,1299,bf16,T,N,64,0,239,0.04560,0.13683,3.0007
195,577,7106,fp32,T,T,64,0,82,0.16150,0.34983,2.1660
850,796,12111,fp16,T,N,8,1,392,0.23255,0.53466,2.2992
652,81,3181,fp32,T,T,1,0,82,0.07936,0.16912,2.1311
15865,5520,663,fp32,T,N,0,0,525,2.97740,3.05221,1.0251
5710,10169,12360,bf16,T,N,0,1,231,9.95011,19.12531,1.9221
1156,455,723,fp32,T,N,8,0,519,0.03338,0.04294,1.2867
69,115,8793,fp32,T,N,8,0,519,0.12682,0.15191,1.1978
515,222,15199,bf16,T,T,0,1,39,0.25424,0.39882,1.5687
1351,7364,3868,fp32,N,N,64,1,556,2.08408,2.80523,1.3460
318,1488,7580,fp32,N,T,64,0,614,0.24970,0.36362,1.4562
652,81,3181,fp32,T,T,64,0,82,0.07837,0.16749,2.1372
6020,10409,6258,bf16,N,N,8,0,166,5.91124,9.90669,1.6759
315,171,1140,bf16,N,N,0,1,174,0.01965,0.01917,0.9756
8349,305,400,fp16,N,N,1,1,90,0.04730,0.05398,1.1414
3671,1206,4962,bf16,N,T,64,0,57,0.41760,0.42311,1.0132
358,3706,753,bf16,N,N,8,0,166,0.04749,0.20269,4.2682
1427,2625,352,fp16,T,T,0,1,53,0.05898,0.20045,3.3988
173,4117,313,bf16,T,T,1,0,39,0.02083,0.02598,1.2473
1331,77,2317,fp32,N,N,64,0,556,0.04150,0.06589,1.5875
3671,1206,4962,bf16,N,T,8,1,57,0.41543,0.42077,1.0129
8311,818,74,bf16,N,T,8,1,57,0.06957,0.08806,1.2659
82,89,16294,fp32,T,T,8,1,82,0.35008,0.34864,0.9959
6618,849,491,fp16,T,T,0,1,53,0.10979,0.37786,3.4416
1637,1981,198,fp16,N,N,64,1,90,0.03555,0.04006,1.1269
9902,313,549,fp16,T,N,64,1,245,0.06896,0.31888,4.6241
2112,10840,14628,fp32,T,T,1,1,82,16.94299,17.44213,1.0295
124,1553,1018,fp16,T,T,8,0,53,0.02346,0.11158,4.7572
8476,1093,4411,fp16,N,N,1,1,94,0.71767,0.93434,1.3019
14876,152,14052,bf16,N,T,1,1,212,0.85949,0.86522,1.0067
268,5451,4998,fp16,N,T,0,1,68,0.20845,0.72317,3.4693
208,741,1481,fp16,N,T,64,0,68,0.02602,0.04602,1.7688
6335,2833,802,fp16,T,N,8,1,245,0.29997,0.30583,1.0195
608,673,828,bf16,N,N,0,0,174,0.02758,0.03408,1.2355
4301,446,6441,fp16,T,T,64,0,53,0.36627,1.92603,5.2584
180,1014,142,fp16,T,T,64,0,88,0.01574,0.02291,1.4553
3978,653,124,fp16,T,N,8,0,245,0.03462,0.03645,1.0527
12995,245,3410,bf16,N,T,0,0,57,0.24951,0.24839,0.9955
634,7223,271,fp16,T,T,64,1,53,0.08048,0.18099,2.2489
227,1075,10900,fp16,N,T,64,0,70,0.15949,0.39015,2.4462
9828,5235,95,fp16,T,T,0,0,53,0.63037,0.75005,1.1899
1352,1047,6228,fp16,N,N,0,1,101,0.23757,0.45450,1.9131
613,72,170,fp16,N,T,1,0,227,0.01392,0.01037,0.7448
1794,257,122,fp16,N,T,1,0,62,0.01472,0.01334,0.9065
299,209,12772,fp32,N,N,8,0,556,0.16234,0.34522,2.1266
5645,1125,164,fp32,N,T,64,1,612,0.08688,0.08966,1.0320
1331,77,2317,fp32,N,N,1,1,556,0.04038,0.06502,1.6101
147,175,974,fp32,T,N,8,0,519,0.01834,0.02960,1.6143
64,1601,11248,fp32,N,T,1,0,612,0.12506,0.18455,1.4757
11562,68,15032,fp32,N,N,0,0,556,0.97901,1.36276,1.3920
10486,209,3778,fp16,N,T,1,0,68,0.26215,0.33891,1.2928
739,2020,166,fp32,N,T,1,1,614,0.02870,0.03082,1.0736
236,487,649,fp16,T,N,64,1,245,0.01837,0.01683,0.9164
227,1075,10900,fp16,N,T,1,1,70,0.17280,0.41987,2.4298
492,3429,102,fp16,N,T,8,1,62,0.02861,0.02915,1.0190
820,218,4672,bf16,T,T,8,1,39,0.08016,0.11264,1.4052
3624,6413,257,fp16,T,T,1,0,53,0.28880,0.83012,2.8744
144,2480,599,fp16,T,N,1,1,519,0.02010,0.03398,1.6911
454,7947,161,fp16,N,N,1,1,94,0.03923,0.04848,1.2357
15593,597,2184,fp32,T,N,1,0,519,1.12522,1.15604,1.0274
1869,1715,11158,fp16,T,N,0,1,245,0.83709,1.45918,1.7431
72,1869,12307,bf16,N,N,1,1,176,0.10714,0.13955,1.3026
1797,409,271,fp32,T,T,64,0,82,0.02310,0.02794,1.2091
13554,1013,652,fp16,T,N,8,0,245,0.21731,0.25242,1.1615
1794,257,122,fp16,N,T,1,1,62,0.01475,0.01328,0.9002
100,3600,1323,bf16,N,T,8,1,212,0.03565,0.03514,0.9856
1778,253,115,bf16,T,T,0,0,39,0.01709,0.01184,0.6929
77,2427,1756,bf16,T,T,64,0,39,0.03907,0.05104,1.3063
3716,7393,410,fp32,T,N,8,0,519,0.60954,0.64026,1.0504
1517,84,684,fp16,N,T,0,0,62,0.01760,0.02074,1.1782
1517,84,684,fp16,N,T,8,1,62,0.01587,0.02067,1.3024
8860,5018,227,fp32,T,N,8,0,519,0.55280,0.61626,1.1148
456,2763,2903,fp32,N,T,8,0,612,0.25936,0.32227,1.2426
108,1200,435,fp32,T,T,1,1,82,0.02035,0.02659,1.3066
1052,415,301,fp16,N,T,1,0,62,0.01763,0.01558,0.8838
8055,9820,96,bf16,T,T,0,0,39,0.75133,0.89629,1.1929
1352,1047,6228,fp16,N,N,8,0,101,0.23811,0.45491,1.9105
2145,81,194,fp32,N,N,0,0,556,0.01469,0.01632,1.1111
2356,240,518,fp32,T,N,64,1,539,0.02778,0.02893,1.0415
4245,7628,618,bf16,T,T,1,0,39,0.50052,0.49888,0.9967
2356,240,518,fp32,T,N,0,1,539,0.02800,0.02902,1.0366
5209,1425,13848,bf16,T,T,1,1,39,2.10686,2.39589,1.1372
72,1548,483,bf16,N,N,1,1,273,0.01440,0.01834,1.2733
553,12216,462,fp16,T,T,64,1,88,0.10554,0.36570,3.4651
9828,5235,95,fp16,T,T,1,0,53,0.58797,0.73370,1.2479
123,128,456,fp16,T,N,0,0,513,0.01459,0.01168,0.8004
8860,5018,227,fp32,T,N,1,0,519,0.55428,0.62436,1.1264
850,98,559,fp32,N,N,1,0,556,0.01645,0.02051,1.2471
1918,560,85,bf16,T,N,0,0,441,0.01494,0.01574,1.0535
267,2819,1383,fp32,T,T,64,0,82,0.10070,0.15485,1.5377
260,1393,258,bf16,T,N,0,0,231,0.01789,0.01574,0.8801
4985,1124,12879,fp32,N,T,64,1,614,3.67871,7.05275,1.9172
700,397,123,bf16,T,T,8,0,39,0.01482,0.01219,0.8229
199,392,423,bf16,N,N,1,0,388,0.01354,0.01174,0.8676
2023,496,1395,fp32,N,N,8,0,556,0.10166,0.10483,1.0312
13506,115,141,bf16,T,N,1,1,231,0.03011,0.03606,1.1977
69,115,8793,fp32,T,N,1,1,519,0.12131,0.14525,1.1973
1463,545,2294,fp16,T,T,1,1,53,0.07542,0.09558,1.2673
2825,1283,1943,fp32,T,N,64,0,519,0.40554,0.43859,1.0815
184,85,360,bf16,N,T,8,1,57,0.01472,0.01325,0.9000
144,2480,599,fp16,T,N,8,0,519,0.02003,0.02976,1.4856
75,1579,461,bf16,T,T,1,0,39,0.01754,0.01475,0.8412
1450,5583,1655,fp16,N,T,8,1,62,0.34499,1.11015,3.2179
3654,188,2292,fp16,N,T,1,0,68,0.06659,0.22832,3.4286
158,221,853,fp32,T,N,1,0,519,0.01667,0.01498,0.8983
8860,5018,227,fp32,T,N,1,1,519,0.55348,0.62247,1.1247
318,1488,7580,fp32,N,T,64,1,614,0.25037,0.35491,1.4176
91,853,730,bf16,T,T,64,1,39,0.01894,0.01875,0.9899
7033,225,296,fp16,N,N,8,0,90,0.03651,0.12992,3.5583
78,737,6525,fp16,N,N,64,1,103,0.04637,0.04490,0.9683
15593,597,2184,fp32,T,N,64,1,519,1.12474,1.15777,1.0294
9902,313,549,fp16,T,N,1,0,245,0.06918,0.31901,4.6110
4408,5521,751,fp32,T,T,1,0,82,0.99367,1.07041,1.0772
3258,11435,13198,fp16,T,T,8,0,53,13.45731,59.25400,4.4031
162,69,986,fp32,T,T,0,0,82,0.03091,0.04576,1.4803
188,7399,144,fp32,N,N,1,0,556,0.02317,0.02304,0.9945
101,4812,104,bf16,T,N,64,0,332,0.01171,0.01165,0.9945
1463,545,2294,fp16,T,T,64,0,53,0.07478,0.08378,1.1202
6102,72,153,bf16,T,T,0,1,39,0.01315,0.02054,1.5620
173,4117,313,bf16,T,T,64,0,39,0.01930,0.02608,1.3516
183,603,4630,fp16,T,N,64,0,258,0.06637,0.07328,1.1041
12940,277,246,fp32,N,T,8,1,612,0.07517,0.08202,1.0911
396,75,1043,fp32,T,T,0,1,82,0.03213,0.04813,1.4980
1692,931,70,fp32,T,T,64,1,82,0.02154,0.02682,1.2452
314,149,139,bf16,T,T,0,1,39,0.01053,0.01030,0.9787
183,603,4630,fp16,T,N,1,0,258,0.06090,0.06912,1.1350
10246,575,77,fp16,N,T,8,0,62,0.06662,0.07910,1.1873
7276,1888,6631,fp16,N,N,8,1,358,1.51159,1.58590,1.0492
490,2629,296,fp32,N,T,0,1,612,0.03661,0.03933,1.0743
556,677,636,fp32,T,T,64,1,82,0.02480,0.04643,1.8723
72,1548,483,bf16,N,N,0,0,273,0.01309,0.01818,1.3887
155,5445,329,fp32,N,T,8,0,612,0.03315,0.03760,1.1342
865,7538,5974,fp32,N,N,8,0,556,2.04949,3.36143,1.6401
118,1847,65,fp32,T,N,64,0,519,0.00934,0.00944,1.0103
1281,1312,87,bf16,T,T,0,0,39,0.02045,0.02026,0.9906
3221,2116,3329,fp32,T,T,8,1,82,1.26180,1.26302,1.0010
75,2123,3323,bf16,N,N,64,1,176,0.04794,0.07949,1.6582
1953,343,1299,bf16,T,N,1,0,239,0.04234,0.12973,3.0643
151,364,1623,bf16,N,T,0,1,62,0.01981,0.02419,1.2213
10486,209,3778,fp16,N,T,0,0,68,0.24071,0.29955,1.2445
1419,6769,390,fp16,T,T,8,0,53,0.15962,0.51044,3.1979
227,1075,10900,fp16,N,T,8,0,70,0.15715,0.39002,2.4818
523,1101,1092,fp16,T,T,1,1,53,0.03395,0.04157,1.2243
14087,182,4028,fp32,T,T,1,0,82,0.63652,0.93933,1.4757
997,86,451,fp16,T,T,8,1,53,0.01501,0.05318,3.5437
102,2607,11429,fp16,T,N,0,1,258,0.16173,1.37860,8.5241
548,9016,482,fp32,T,T,64,1,82,0.15955,0.19178,1.2020
5586,77,2060,bf16,T,T,8,0,39,0.05936,0.08160,1.3747
3677,14736,86,fp32,T,T,1,0,82,0.45178,0.58224,1.2888
2509,994,505,fp16,T,T,8,0,53,0.05053,0.20311,4.0196
1061,4099,1785,bf16,T,T,0,1,39,0.18029,0.18298,1.0149
267,2819,1383,fp32,T,T,1,1,82,0.09891,0.15568,1.5739
439,1849,264,bf16,T,N,8,1,231,0.01949,0.03395,1.7422
3004,2115,296,bf16,T,N,1,1,231,0.06499,0.08765,1.3486
330,573,374,bf16,N,N,1,0,166,0.01475,0.02333,1.5814
515,222,15199,bf16,T,T,0,0,39,0.25261,0.39651,1.5697
82,12158,254,bf16,N,T,0,0,57,0.03341,0.03683,1.1025
172,1702,10175,fp32,N,T,8,0,612,0.23101,0.33760,1.4614
199,15408,328,bf16,N,T,8,0,201,0.05786,0.05850,1.0111
273,338,7740,fp16,T,N,0,0,258,0.09309,0.20704,2.2241
78,7756,2424,fp16,N,N,64,1,232,0.06634,0.10147,1.5297
9828,5235,95,fp16,T,T,8,1,53,0.63568,0.76257,1.1996
7864,2552,161,fp32,N,T,8,0,616,0.20327,0.27379,1.3470
330,573,374,bf16,N,N,64,1,166,0.01469,0.02458,1.6732
79,2005,189,fp32,T,T,64,1,82,0.01475,0.01658,1.1237
871,424,270,bf16,N,N,0,1,388,0.01254,0.01197,0.9541
101,4812,104,bf16,T,N,1,1,332,0.01181,0.01187,1.0054
4660,125,1724,fp16,T,N,64,0,250,0.05718,0.09219,1.6122
11756,2334,9582,bf16,N,N,1,0,166,4.43357,4.83037,1.0895
450,111,83,fp32,T,T,0,0,82,0.01158,0.01104,0.9530
963,1741,728,fp32,T,T,1,0,82,0.09389,0.14167,1.5089
181,562,181,bf16,T,T,0,1,39,0.01123,0.01040,0.9259
3315,2796,1422,fp32,N,N,64,1,556,0.69728,0.83377,1.1957
2098,736,12275,fp16,T,T,0,0,53,0.45856,3.10261,6.7659
9561,766,154,bf16,N,N,0,1,166,0.07590,0.07526,0.9916
440,10642,246,fp16,T,N,64,0,245,0.06099,0.07418,1.2162
203,127,13692,bf16,N,N,64,0,176,0.04061,0.03974,0.9787
124,1553,1018,fp16,T,T,1,0,53,0.02352,0.12275,5.2190
2630,128,15222,fp16,T,T,0,0,88,0.25479,1.22711,4.8163
273,338,7740,fp16,T,N,1,0,258,0.09299,0.20435,2.1975
157,325,1287,bf16,N,T,0,1,62,0.01661,0.02003,1.2062
1731,1563,15835,fp32,T,N,1,0,519,2.33397,2.43301,1.0424
75,2123,3323,bf16,N,N,8,0,176,0.04726,0.07920,1.6757
65,67,161,fp32,T,T,0,1,82,0.01366,0.01408,1.0304
945,83,3339,bf16,T,N,8,1,244,0.04694,0.08448,1.7996
124,1038,1093,fp32,N,T,1,1,612,0.02352,0.02346,0.9973
155,5445,329,fp32,N,T,64,0,612,0.03347,0.03770,1.1262
2061,374,260,fp16,T,T,8,1,88,0.01610,0.03715,2.3081
108,4505,994,fp16,N,T,1,0,68,0.03379,0.03747,1.1089
3846,64,87,fp32,N,N,0,1,556,0.00947,0.01008,1.0642
6102,72,153,bf16,T,T,1,0,39,0.01277,0.02006,1.5714
889,7772,5022,fp16,N,T,1,0,62,0.73258,2.49928,3.4116
305,313,6339,bf16,N,N,1,0,176,0.04717,0.04618,0.9790
394,345,390,fp32,T,T,8,0,82,0.01731,0.02365,1.3660
288,160,202,bf16,T,T,1,0,39,0.01136,0.01194,1.0507
452,1657,75,bf16,N,T,8,0,57,0.01382,0.01357,0.9815
315,171,1140,bf16,N,N,64,1,174,0.01824,0.01840,1.0088
151,151,4030,fp32,T,T,8,1,82,0.09226,0.17875,1.9376
10349,149,795,fp16,N,N,1,0,97,0.06512,0.07584,1.1646
330,573,374,bf16,N,N,0,1,166,0.01514,0.02333,1.5412
279,2516,163,bf16,T,N,8,0,332,0.01379,0.01565,1.1346
241,661,216,fp32,N,T,0,0,612,0.01018,0.01008,0.9906
81,161,209,bf16,T,T,0,1,39,0.01296,0.01178,0.9086
422,107,1272,fp32,N,N,64,1,556,0.01770,0.01856,1.0488
3779,5180,4900,fp32,T,N,1,0,525,4.94032,5.05786,1.0238
1333,358,3818,fp16,N,T,1,1,68,0.08237,0.24275,2.9472
4791,108,131,fp32,T,N,8,0,525,0.01277,0.01354,1.0602
608,673,828,bf16,N,N,1,0,174,0.02659,0.03341,1.2563
2067,806,864,fp16,T,N,0,1,249,0.05392,0.14864,2.7567
241,661,216,fp32,N,T,64,0,612,0.01024,0.01008,0.9844
9828,5235,95,fp16,T,T,64,1,53,0.63719,0.76599,1.2021
6102,72,153,bf16,T,T,1,1,39,0.01274,0.02022,1.5879
893,978,1063,bf16,T,N,8,0,238,0.03770,0.03699,0.9813
6055,233,4089,fp32,T,N,64,1,519,0.35821,0.48413,1.3515
16276,71,213,fp16,T,N,8,0,245,0.02685,0.04838,1.8021
97,699,93,fp32,T,N,8,1,519,0.00966,0.00928,0.9603
613,72,170,fp16,N,T,8,1,227,0.00909,0.00979,1.0775
13526,88,236,bf16,N,N,64,1,388,0.02461,0.02970,1.2068
157,265,69,bf16,T,T,0,1,39,0.01018,0.00963,0.9466
817,809,5759,fp16,T,N,64,0,255,0.15376,0.19101,1.2422
1797,409,271,fp32,T,T,8,0,82,0.02237,0.02774,1.2403
3315,2796,1422,fp32,N,N,1,1,556,0.69997,0.85005,1.2144
181,2083,150,fp32,T,N,64,1,519,0.01123,0.01270,1.1310
92,7926,4010,fp32,N,N,1,0,558,0.19104,0.23859,1.2489
2145,81,194,fp32,N,N,1,1,556,0.00995,0.01645,1.6527
3779,5180,4900,fp32,T,N,0,0,525,4.93415,5.04295,1.0221
191,87,16126,fp32,N,N,1,1,556,0.09632,0.44388,4.6083
1844,165,356,fp16,T,T,64,0,53,0.01328,0.04358,3.2819
1349,78,13119,fp16,T,T,64,0,53,0.21994,1.74401,7.9296
3846,64,87,fp32,N,N,64,0,556,0.00960,0.00989,1.0300
6780,1116,11361,fp32,T,T,64,0,82,4.69974,4.69792,0.9996
450,111,83,fp32,T,T,1,0,82,0.01181,0.01062,0.8997
450,111,83,fp32,T,T,1,1,82,0.01328,0.01117,0.8410
300,14986,4110,fp16,N,N,0,1,98,0.47056,0.60093,1.2770
424,175,103,fp32,N,T,8,1,612,0.00912,0.00941,1.0316
144,2480,599,fp16,T,N,0,0,519,0.01859,0.02877,1.5473
553,12216,462,fp16,T,T,1,0,88,0.11706,0.36599,3.1266
461,3942,8040,fp32,N,T,8,1,612,0.78109,0.95233,1.2192
4560,1718,117,fp32,N,T,64,1,612,0.08704,0.09882,1.1353
1517,84,684,fp16,N,T,64,0,62,0.01530,0.02061,1.3473
542,1798,2282,bf16,N,T,0,0,62,0.07002,0.25834,3.6897
3321,12111,11668,bf16,T,T,0,0,39,7.08264,12.86361,1.8162
1408,323,809,fp16,T,N,64,1,249,0.02877,0.03037,1.0556
394,345,390,fp32,T,T,0,1,82,0.01782,0.02422,1.3591
1869,1715,11158,fp16,T,N,1,0,245,0.78487,1.36020,1.7330
151,387,3370,fp32,T,T,8,0,82,0.08013,0.16368,2.0427
8255,91,1012,bf16,T,T,0,0,39,0.04829,0.05235,1.0842
422,107,1272,fp32,N,N,8,1,556,0.01517,0.01859,1.2257
191,87,16126,fp32,N,N,8,0,556,0.09642,0.46605,4.8337
181,562,181,bf16,T,T,1,1,39,0.01280,0.01050,0.8200
3025,93,549,fp16,T,T,8,1,53,0.01645,0.06662,4.0506
587,98,7821,fp32,N,T,8,0,612,0.07779,0.32426,4.1683
3754,5746,297,bf16,N,T,8,1,57,0.24743,0.38941,1.5738
6780,1116,11361,fp32,T,T,1,1,82,4.70112,4.70032,0.9998
439,1849,264,bf16,T,N,64,0,231,0.02051,0.03418,1.6662
858,71,97,fp32,N,T,8,0,612,0.00909,0.00934,1.0282
3056,3626,13129,fp32,T,N,64,0,519,7.51218,7.87813,1.0487
1228,3589,183,fp16,N,T,1,0,62,0.05667,0.06883,1.2146
817,809,5759,fp16,T,N,0,1,255,0.14922,0.19392,1.2996
633,82,73,fp16,T,N,64,0,245,0.01504,0.01373,0.9128
3321,12111,11668,bf16,T,T,1,1,39,6.95122,13.20560,1.8998
169,212,5710,fp16,T,T,8,1,88,0.08774,0.20003,2.2797
110,3060,213,bf16,N,T,8,1,57,0.01731,0.01421,0.8207
3507,75,366,fp32,N,T,0,0,612,0.01994,0.02230,1.1188
6102,72,153,bf16,T,T,64,1,39,0.01885,0.02266,1.2020
276,1315,283,bf16,N,T,1,1,57,0.01971,0.01450,0.7354
839,245,70,bf16,N,N,1,1,166,0.01434,0.01014,0.7076
394,345,390,fp32,T,T,8,1,82,0.01968,0.02429,1.2342
571,639,6699,fp32,T,N,64,0,519,0.16007,0.28858,1.8029
1463,545,2294,fp16,T,T,64,1,53,0.07686,0.08538,1.1107
318,117,651,fp32,N,N,64,1,556,0.01626,0.01408,0.8661
2194,3032,13510,bf16,T,N,8,1,441,1.50644,1.58871,1.0546
78,969,72,bf16,T,N,0,0,231,0.01491,0.01171,0.7854
635,2023,10079,fp32,T,N,8,0,519,0.84855,1.30407,1.5368
4560,1718,117,fp32,N,T,8,1,612,0.08794,0.09901,1.1259
315,171,1140,bf16,N,N,8,1,174,0.01958,0.01885,0.9624
157,325,1287,bf16,N,T,0,0,62,0.01981,0.02000,1.0097
1299,2508,11405,fp16,T,T,0,1,53,0.99213,5.62871,5.6733
810,5773,728,fp16,T,N,1,0,245,0.09350,0.28346,3.0315
72,1869,12307,bf16,N,N,0,1,176,0.10835,0.14416,1.3305
3764,9240,190,fp32,N,T,0,0,616,0.42269,0.50858,1.2032
6487,5468,7184,bf16,T,N,1,0,332,3.69686,3.88163,1.0500
2166,573,8877,fp32,T,T,0,0,82,0.60112,0.60090,0.9996
5161,287,8138,bf16,N,T,8,0,62,0.31319,0.32227,1.0290
484,4151,623,fp16,N,N,1,0,94,0.04416,0.07155,1.6203
4124,1181,69,fp16,T,T,8,0,53,0.06563,0.06774,1.0322
69,308,164,bf16,T,T,1,0,39,0.01715,0.01194,0.6959
69,308,164,bf16,T,T,64,1,39,0.01843,0.01194,0.6476
1173,9097,317,bf16,T,T,64,1,39,0.16688,0.16646,0.9975
10486,209,3778,fp16,N,T,64,1,68,0.24445,0.30461,1.2461
15493,2845,112,bf16,N,N,8,1,166,0.31584,0.31536,0.9985
965,2494,471,fp32,N,T,0,0,612,0.08499,0.11523,1.3558
4178,132,72,bf16,T,T,0,1,39,0.01645,0.01632,0.9922
5209,1425,13848,bf16,T,T,8,1,39,1.76126,1.76337,1.0012
68,4264,2180,fp16,T,N,8,0,572,0.04422,0.05178,1.1708
72,1869,12307,bf16,N,N,64,1,176,0.10531,0.14205,1.3488
461,3942,8040,fp32,N,T,1,0,612,0.78410,0.97892,1.2485
2987,147,5597,fp16,T,N,64,1,258,0.14502,0.24506,1.6898
2936,90,2367,bf16,N,T,0,0,62,0.05014,0.11517,2.2968
1259,4405,2183,fp32,T,T,1,1,82,0.67200,0.69738,1.0378
318,1488,7580,fp32,N,T,8,1,614,0.25370,0.34570,1.3626
1349,78,13119,fp16,T,T,64,1,53,0.22496,1.74900,7.7747
633,82,73,fp16,T,N,1,0,245,0.01482,0.01152,0.7775
347,431,276,bf16,T,T,0,0,39,0.01891,0.01325,0.7005
507,77,78,fp16,T,T,8,0,53,0.01456,0.01741,1.1956
893,978,1063,bf16,T,N,0,0,238,0.04096,0.03923,0.9578
2534,193,6815,fp32,N,T,64,0,612,0.29875,0.41482,1.3885
5161,287,8138,bf16,N,T,0,0,62,0.31904,0.33120,1.0381
199,15408,328,bf16,N,T,64,0,201,0.06150,0.06150,1.0000
7793,539,483,fp16,T,T,8,1,53,0.09242,0.29863,3.2313
637,544,2007,fp16,N,N,64,0,387,0.03891,0.06058,1.5567
6335,2833,802,fp16,T,N,1,0,245,0.27895,0.28995,1.0395
3221,2116,3329,fp32,T,T,64,0,82,1.26026,1.26055,1.0002
347,431,276,bf16,T,T,64,0,39,0.01978,0.01299,0.6570
5169,73,1647,bf16,N,T,1,0,62,0.04544,0.05408,1.1901
515,222,15199,bf16,T,T,1,1,39,0.24707,0.36563,1.4799
2936,90,2367,bf16,N,T,0,1,62,0.04877,0.11440,2.3458
781,544,2681,fp16,T,T,8,1,53,0.07162,0.07014,0.9794
318,117,651,fp32,N,N,8,1,556,0.01536,0.01405,0.9146
358,3706,753,bf16,N,N,0,0,166,0.04707,0.20003,4.2495
140,105,927,bf16,T,N,1,0,238,0.01904,0.01718,0.9025
7864,2552,161,fp32,N,T,64,0,616,0.20880,0.28842,1.3813
2063,2161,71,bf16,N,N,64,1,166,0.04320,0.04525,1.0474
108,1438,15336,bf16,T,N,8,0,247,0.14186,1.03687,7.3093
1668,871,185,fp32,T,N,0,1,519,0.02675,0.03123,1.1675
124,1038,1093,fp32,N,T,0,0,612,0.02474,0.02336,0.9444
1577,1968,376,fp16,T,N,0,0,513,0.03622,0.04435,1.2244
347,431,276,bf16,T,T,1,0,39,0.01824,0.01344,0.7368
5645,1125,164,fp32,N,T,8,0,612,0.08355,0.08800,1.0532
1611,190,1342,fp32,N,T,0,0,612,0.03808,0.05235,1.3748
4119,1654,242,fp16,N,N,0,0,92,0.07098,0.07952,1.1204
4119,1654,242,fp16,N,N,64,0,92,0.07395,0.08582,1.1605
4517,15105,294,bf16,N,N,64,0,166,0.70250,1.73924,2.4758
15593,597,2184,fp32,T,N,8,1,519,1.12526,1.15761,1.0288
5461,7768,303,bf16,N,T,0,1,201,0.42576,0.54080,1.2702
78,737,6525,fp16,N,N,1,1,103,0.04752,0.04339,0.9131
169,212,5710,fp16,T,T,0,0,88,0.08890,0.20007,2.2505
267,2819,1383,fp32,T,T,0,1,82,0.10096,0.15495,1.5347
1439,127,326,bf16,T,T,1,0,39,0.02067,0.01382,0.6687
318,1488,7580,fp32,N,T,8,0,614,0.25331,0.35008,1.3820
910,309,132,fp16,N,N,64,1,94,0.01715,0.02518,1.4683
16276,71,213,fp16,T,N,0,0,245,0.02554,0.04736,1.8546
67,108,1650,fp16,T,N,8,0,387,0.02230,0.02214,0.9928
1731,1563,15835,fp32,T,N,8,0,519,2.33582,2.43963,1.0444
3716,7393,410,fp32,T,N,64,1,519,0.61108,0.64496,1.0555
97,699,93,fp32,T,N,0,0,519,0.01408,0.00982,0.6977
11562,68,15032,fp32,N,N,64,0,556,0.98689,1.42004,1.4389
8860,5018,227,fp32,T,N,64,0,519,0.55399,0.61616,1.1122
3671,1206,4962,bf16,N,T,8,0,57,0.41648,0.41850,1.0048
1290,262,2153,bf16,T,T,64,1,39,0.05853,0.05939,1.0148
4660,125,1724,fp16,T,N,1,1,250,0.06064,0.09542,1.5736
644,380,9280,fp32,N,N,8,1,564,0.20413,0.58186,2.8504
4119,1654,242,fp16,N,N,8,1,92,0.07328,0.08179,1.1162
1918,560,85,bf16,T,N,1,1,441,0.01514,0.01712,1.1311
490,2629,296,fp32,N,T,0,0,612,0.03926,0.03984,1.0147
151,151,4030,fp32,T,T,0,1,82,0.09366,0.18391,1.9634
2166,573,8877,fp32,T,T,8,0,82,0.60100,0.60020,0.9987
439,1849,264,bf16,T,N,1,0,231,0.02051,0.03206,1.5632
471,194,2980,bf16,T,T,8,0,39,0.05354,0.05866,1.0956
456,2763,2903,fp32,N,T,64,1,612,0.25783,0.32848,1.2740
9828,5235,95,fp16,T,T,1,1,53,0.60410,0.73658,1.2193
5461,7768,303,bf16,N,T,0,0,201,0.42202,0.53821,1.2753
10246,575,77,fp16,N,T,64,1,62,0.07117,0.08278,1.1632
588,1107,7070,bf16,N,N,64,0,176,0.15942,0.29146,1.8282
1953,343,1299,bf16,T,N,8,1,239,0.04566,0.13613,2.9811
1463,545,2294,fp16,T,T,8,1,53,0.07530,0.08445,1.1215
751,126,226,bf16,T,T,64,1,39,0.01645,0.01222,0.7432
75,122,2595,fp16,N,N,0,1,101,0.02525,0.02691,1.0659
1953,343,1299,bf16,T,N,64,1,239,0.04544,0.13690,3.0127
13506,115,141,bf16,T,N,64,1,231,0.03133,0.04154,1.3258
344,9455,1072,bf16,T,N,0,1,231,0.10230,0.27034,2.6425
78,7756,2424,fp16,N,N,0,0,232,0.06678,0.10166,1.5223
6730,1374,2355,fp16,T,N,0,1,245,0.36311,0.53332,1.4688
279,2516,163,bf16,T,N,0,0,332,0.01773,0.01574,0.8881
6730,1374,2355,fp16,T,N,64,1,245,0.35943,0.53725,1.4947
102,2607,11429,fp16,T,N,8,1,258,0.16234,1.39239,8.5772
81,161,209,bf16,T,T,1,1,39,0.01757,0.01283,0.7304
151,364,1623,bf16,N,T,64,0,62,0.02106,0.02365,1.1231
1918,560,85,bf16,T,N,8,1,441,0.01363,0.01597,1.1714
82,89,16294,fp32,T,T,8,0,82,0.34999,0.34810,0.9946
11756,2334,9582,bf16,N,N,64,1,166,4.23286,4.31446,1.0193
147,175,974,fp32,T,N,1,0,519,0.01722,0.02893,1.6803
73,3297,480,bf16,N,N,64,0,166,0.01632,0.01645,1.0078
183,603,4630,fp16,T,N,0,1,258,0.06461,0.07126,1.1030
889,7772,5022,fp16,N,T,64,1,62,0.65767,2.56635,3.9022
1349,78,13119,fp16,T,T,0,0,53,0.22467,1.73310,7.7139
2067,806,864,fp16,T,N,1,1,249,0.05402,0.14711,2.7233
6821,1559,981,fp16,T,T,8,1,53,0.24912,1.36347,5.4731
214,127,1798,fp16,N,N,8,0,103,0.01584,0.02198,1.3879
1352,1047,6228,fp16,N,N,0,0,101,0.23783,0.45204,1.9007
273,372,3358,fp16,T,N,0,1,392,0.04371,0.04275,0.9780
9561,766,154,bf16,N,N,1,0,166,0.07862,0.07661,0.9744
1463,545,2294,fp16,T,T,8,0,53,0.07235,0.08285,1.1451
1849,3390,94,fp16,T,T,64,1,88,0.07878,0.09965,1.2648
314,149,139,bf16,T,T,64,0,39,0.01123,0.01011,0.9003
15493,2845,112,bf16,N,N,64,0,166,0.30051,0.30003,0.9984
75,2123,3323,bf16,N,N,64,0,176,0.05136,0.07981,1.5539
92,113,458,bf16,T,N,8,1,231,0.01203,0.01194,0.9920
586,1349,397,bf16,T,N,1,0,231,0.02358,0.02605,1.1045
470,4385,2240,fp32,T,T,1,1,82,0.30458,0.43783,1.4375
102,2607,11429,fp16,T,N,1,0,258,0.15866,1.18081,7.4425
75,1579,461,bf16,T,T,8,0,39,0.01533,0.01491,0.9728
101,4812,104,bf16,T,N,0,0,332,0.01123,0.01174,1.0456
1062,297,6650,bf16,T,N,8,0,247,0.10448,0.54532,5.2193
163,2986,4127,fp16,N,T,64,1,70,0.09136,0.26131,2.8602
4018,68,75,fp16,N,T,8,1,62,0.00976,0.01453,1.4885
11756,2334,9582,bf16,N,N,8,1,166,4.22515,4.29997,1.0177
199,392,423,bf16,N,N,0,1,388,0.01162,0.01130,0.9725
14876,152,14052,bf16,N,T,8,1,212,0.84346,0.84314,0.9996
280,799,15061,fp16,N,T,8,0,70,0.22861,0.46596,2.0382
15493,2845,112,bf16,N,N,1,1,166,0.31751,0.31994,1.0077
2145,81,194,fp32,N,N,64,0,556,0.00998,0.01661,1.6635
2023,496,1395,fp32,N,N,64,0,556,0.10022,0.10256,1.0233
2067,806,864,fp16,T,N,1,0,249,0.05427,0.14634,2.6963
1439,127,326,bf16,T,T,0,1,39,0.01325,0.01258,0.9493
181,2083,150,fp32,T,N,8,0,519,0.01158,0.01261,1.0884
314,149,139,bf16,T,T,1,1,39,0.01059,0.00992,0.9366
789,13514,13664,fp16,T,T,0,1,88,2.82332,16.31263,5.7778
3655,10822,445,bf16,N,N,64,1,166,0.51997,1.34798,2.5924
945,83,3339,bf16,T,N,64,1,244,0.04957,0.08451,1.7050
1101,509,1317,fp32,N,N,0,0,556,0.06598,0.06605,1.0010
1061,4099,1785,bf16,T,T,64,0,39,0.18128,0.18048,0.9956
423,1147,3942,fp32,N,N,8,0,556,0.16502,0.17607,1.0669
8743,6764,959,fp32,N,N,8,0,556,2.97087,2.96962,0.9996
910,309,132,fp16,N,N,64,0,94,0.01683,0.02477,1.4715
151,151,4030,fp32,T,T,0,0,82,0.09322,0.17975,1.9283
3321,12111,11668,bf16,T,T,8,0,39,7.09442,13.78829,1.9435
548,9016,482,fp32,T,T,1,0,82,0.16327,0.19850,1.2158
109,7349,597,fp32,N,T,0,1,612,0.04637,0.11328,2.4431
13578,3558,10424,bf16,N,N,1,0,166,7.67628,8.93837,1.1644
2356,240,518,fp32,T,N,8,1,539,0.02790,0.03011,1.0791
932,351,855,fp32,N,T,0,0,612,0.02829,0.04371,1.5453
3978,653,124,fp16,T,N,1,0,245,0.03664,0.03702,1.0105
2098,736,12275,fp16,T,T,0,1,53,0.45760,3.10962,6.7955
7273,9312,349,fp32,T,N,8,1,525,1.24126,1.36363,1.0986
9902,313,549,fp16,T,N,1,1,245,0.07018,0.31898,4.5454
673,2329,89,bf16,N,T,8,1,57,0.02330,0.02547,1.0934
1286,649,13014,fp32,N,N,64,0,556,0.62736,0.95399,1.5206
108,4505,994,fp16,N,T,1,1,68,0.03456,0.03757,1.0870
4635,388,214,bf16,N,N,64,0,273,0.02557,0.03475,1.3592
3221,2116,3329,fp32,T,T,64,1,82,1.26247,1.26129,0.9991
5645,1125,164,fp32,N,T,64,0,612,0.08563,0.08938,1.0437
287,655,179,fp16,N,T,8,1,62,0.01587,0.01142,0.7197
6618,849,491,fp16,T,T,64,0,53,0.10333,0.37895,3.6674
184,85,360,bf16,N,T,64,0,57,0.01597,0.01302,0.8156
13371,829,2008,fp32,T,N,8,0,519,1.18490,1.21303,1.0237
158,221,853,fp32,T,N,8,0,519,0.01728,0.01475,0.8537
203,127,13692,bf16,N,N,0,0,176,0.04282,0.03946,0.9215
299,209,12772,fp32,N,N,1,0,556,0.16531,0.35018,2.1183
267,2819,1383,fp32,T,T,64,1,82,0.10144,0.15626,1.5404
10486,209,3778,fp16,N,T,0,1,68,0.24471,0.30407,1.2426
1351,7364,3868,fp32,N,N,0,1,556,2.07921,2.92616,1.4073
109,7349,597,fp32,N,T,64,0,612,0.04678,0.11293,2.4138
8336,291,11051,fp32,T,N,64,0,519,1.62420,1.68056,1.0347
175,290,14749,bf16,N,N,64,1,176,0.07984,0.07686,0.9627
910,309,132,fp16,N,N,8,1,94,0.01702,0.02493,1.4643
13062,127,4389,bf16,N,T,64,1,62,0.21757,0.21674,0.9962
4372,2471,825,bf16,N,N,0,0,166,0.22154,0.30999,1.3992
67,108,1650,fp16,T,N,0,0,387,0.02253,0.02208,0.9801
637,544,2007,fp16,N,N,1,0,387,0.04048,0.06083,1.5028
7033,225,296,fp16,N,N,0,0,90,0.03686,0.12963,3.5165
74,562,163,bf16,N,N,0,1,166,0.01616,0.01152,0.7129
588,1107,7070,bf16,N,N,64,1,176,0.16032,0.29472,1.8383
571,639,6699,fp32,T,N,0,0,519,0.15875,0.28899,1.8204
808,5642,5457,bf16,T,T,0,0,39,0.57216,0.56788,0.9925
456,2763,2903,fp32,N,T,64,0,612,0.26128,0.32640,1.2492
72,1548,483,bf16,N,N,1,0,273,0.01680,0.01824,1.0857
8311,818,74,bf16,N,T,8,0,57,0.06554,0.08675,1.3237
97,699,93,fp32,T,N,8,0,519,0.01258,0.00925,0.7354
383,9312,2446,bf16,T,T,1,0,39,0.21767,0.21568,0.9909
2063,2161,71,bf16,N,N,0,1,166,0.04150,0.04080,0.9830
1328,143,9192,fp16,T,N,8,1,258,0.09210,0.42567,4.6220
4124,1181,69,fp16,T,T,8,1,53,0.06512,0.06797,1.0437
1557,4472,5976,fp16,N,N,1,1,352,0.72320,1.27466,1.7625
14018,4072,95,fp16,N,N,8,0,358,0.29639,0.29370,0.9909
6618,849,491,fp16,T,T,0,0,53,0.11008,0.37939,3.4465
10944,9731,585,bf16,N,T,8,0,57,1.55259,1.86021,1.1981
5586,77,2060,bf16,T,T,0,1,39,0.07597,0.08138,1.0712
75,122,2595,fp16,N,N,64,0,101,0.02211,0.02736,1.2373
284,9469,2166,fp32,T,T,64,1,82,0.39136,0.57511,1.4695
1328,143,9192,fp16,T,N,0,0,258,0.09229,0.40272,4.3637
910,225,3632,bf16,T,N,8,0,244,0.06163,0.20058,3.2544
118,5931,775,fp16,T,T,0,1,53,0.03341,0.11866,3.5517
332,100,81,fp16,T,T,8,0,53,0.01610,0.01984,1.2326
300,1144,355,fp32,N,N,1,0,562,0.01920,0.02589,1.3483
4308,3514,179,fp16,N,N,64,0,98,0.11699,0.13731,1.1737
1794,257,122,fp16,N,T,0,1,62,0.01546,0.01290,0.8344
144,2480,599,fp16,T,N,64,0,519,0.02128,0.02880,1.3534
1920,1284,150,bf16,N,T,8,1,57,0.03898,0.04208,1.0796
9525,12110,133,fp32,T,N,1,0,519,0.95492,1.25089,1.3099
5169,73,1647,bf16,N,T,0,1,62,0.05197,0.06890,1.3257
3507,75,366,fp32,N,T,64,0,612,0.01965,0.02246,1.1433
4560,1718,117,fp32,N,T,0,1,612,0.08573,0.09731,1.1351
2630,128,15222,fp16,T,T,1,1,88,0.27853,1.24186,4.4586
199,392,423,bf16,N,N,8,1,388,0.01568,0.01110,0.7082
608,673,828,bf16,N,N,8,0,174,0.02822,0.03597,1.2744
1286,649,13014,fp32,N,N,0,1,556,0.62717,0.94010,1.4990
2769,205,258,bf16,T,T,8,1,39,0.01926,0.01504,0.7807
820,218,4672,bf16,T,T,1,0,39,0.08262,0.11933,1.4442
8689,3620,162,fp16,N,T,1,1,62,0.27392,0.35546,1.2977
1101,509,1317,fp32,N,N,1,1,556,0.06646,0.06563,0.9875
144,2480,599,fp16,T,N,0,1,519,0.02157,0.02906,1.3472
2067,806,864,fp16,T,N,8,1,249,0.05616,0.15078,2.6849
8743,6764,959,fp32,N,N,8,1,556,2.96885,2.96770,0.9996
14018,4072,95,fp16,N,N,1,1,358,0.33744,0.35287,1.0457
452,1657,75,bf16,N,T,64,1,57,0.01622,0.01478,0.9112
781,544,2681,fp16,T,T,1,0,53,0.07027,0.06915,0.9841
8171,5231,330,fp32,T,T,64,0,82,0.80061,0.88330,1.1033
8336,291,11051,fp32,T,N,8,1,519,1.62529,1.68331,1.0357
2330,11172,84,fp16,N,T,64,0,62,0.20423,0.34125,1.6709
1918,560,85,bf16,T,N,1,0,441,0.01686,0.01734,1.0285
218,482,1298,bf16,T,T,8,0,39,0.02778,0.02714,0.9770
5586,77,2060,bf16,T,T,8,1,39,0.06198,0.08256,1.3320
2061,374,260,fp16,T,T,8,0,88,0.02058,0.03725,1.8103
11756,2334,9582,bf16,N,N,0,0,166,4.22467,4.29533,1.0167
2229,264,1314,fp32,T,T,8,1,82,0.06784,0.09571,1.4109
3417,692,141,fp32,N,N,8,1,556,0.03581,0.04182,1.1680
700,397,123,bf16,T,T,64,1,39,0.01766,0.01098,0.6214
218,482,1298,bf16,T,T,1,1,39,0.03133,0.02710,0.8652
211,972,568,fp32,T,T,64,1,82,0.02326,0.03251,1.3975
1532,12804,528,fp16,N,T,64,0,62,0.27488,0.80481,2.9278
1419,6769,390,fp16,T,T,64,0,53,0.16432,0.50941,3.1001
3083,6539,212,bf16,T,N,64,0,231,0.18515,0.29549,1.5959
553,12216,462,fp16,T,T,0,1,88,0.10326,0.36579,3.5423
4517,15105,294,bf16,N,N,1,0,166,0.70653,1.72644,2.4435
65,215,99,fp32,N,N,64,1,556,0.01702,0.00982,0.5771
305,313,6339,bf16,N,N,8,1,176,0.04998,0.04842,0.9686
173,4117,313,bf16,T,T,0,0,39,0.02109,0.02643,1.2534
11562,68,15032,fp32,N,N,0,1,556,0.98125,1.32907,1.3545
199,15408,328,bf16,N,T,1,1,201,0.06275,0.06205,0.9888
199,15408,328,bf16,N,T,0,1,201,0.05939,0.05856,0.9860
14377,248,85,fp32,T,N,64,0,525,0.03594,0.03974,1.1060
175,290,14749,bf16,N,N,8,1,176,0.07629,0.07587,0.9945
2825,1283,1943,fp32,T,N,64,1,519,0.41098,0.43920,1.0687
102,66,75,fp16,N,T,8,1,62,0.01443,0.00970,0.6718
296,15994,4060,fp32,N,T,8,0,612,1.16164,1.96149,1.6885
4018,68,75,fp16,N,T,1,1,62,0.01386,0.01411,1.0185
4308,3514,179,fp16,N,N,0,0,98,0.11984,0.13879,1.1581
67,1967,82,bf16,N,N,0,0,166,0.01654,0.01744,1.0542
175,290,14749,bf16,N,N,8,0,176,0.07866,0.07600,0.9662
2554,9083,2629,fp16,T,N,0,1,245,0.92436,0.98004,1.0602
144,2480,599,fp16,T,N,1,0,519,0.02045,0.03357,1.6416
68,1420,259,bf16,T,T,1,0,39,0.01446,0.01251,0.8650
548,9016,482,fp32,T,T,8,0,82,0.15459,0.21149,1.3680
960,1283,3537,fp16,T,N,0,0,250,0.10755,0.16039,1.4912
817,809,5759,fp16,T,N,1,0,255,0.13635,0.18147,1.3309
16276,71,213,fp16,T,N,64,1,245,0.03168,0.05018,1.5838
92,15421,95,fp32,T,N,1,0,519,0.02397,0.03165,1.3204
571,639,6699,fp32,T,N,8,0,519,0.15648,0.28922,1.8483
13554,1013,652,fp16,T,N,0,1,245,0.21267,0.24224,1.1390
1191,1174,292,fp32,N,T,0,0,612,0.03866,0.05082,1.3146
82,89,16294,fp32,T,T,0,0,82,0.34960,0.34928,0.9991
100,3600,1323,bf16,N,T,0,1,212,0.03552,0.03456,0.9730
74,562,163,bf16,N,N,64,1,166,0.01632,0.01152,0.7059
7276,1888,6631,fp16,N,N,1,0,358,1.47415,1.68590,1.1436
151,151,4030,fp32,T,T,1,0,82,0.09366,0.18189,1.9419
175,290,14749,bf16,N,N,1,0,176,0.07450,0.07360,0.9880
4660,125,1724,fp16,T,N,64,1,250,0.06170,0.09350,1.5156
13506,115,141,bf16,T,N,0,1,231,0.02877,0.03216,1.1179
2145,81,194,fp32,N,N,64,1,556,0.01366,0.01651,1.2084
69,115,8793,fp32,T,N,1,0,519,0.12483,0.14656,1.1741
452,1657,75,bf16,N,T,8,1,57,0.01600,0.01360,0.8500
10450,143,2935,fp16,T,T,0,0,53,0.16695,0.86625,5.1888
2825,1283,1943,fp32,T,N,8,0,519,0.40663,0.43808,1.0774
3677,14736,86,fp32,T,T,64,1,82,0.34499,0.41162,1.1931
6020,10409,6258,bf16,N,N,8,1,166,5.90129,10.42295,1.7662
1299,2508,11405,fp16,T,T,64,1,53,1.02567,5.62772,5.4869
3507,75,366,fp32,N,T,64,1,612,0.02138,0.02246,1.0509
556,677,636,fp32,T,T,0,0,82,0.02534,0.04518,1.7828
305,313,6339,bf16,N,N,8,0,176,0.04960,0.04835,0.9748
423,1147,3942,fp32,N,N,0,1,556,0.16519,0.17514,1.0602
865,7538,5974,fp32,N,N,1,1,556,2.05835,3.27474,1.5910
553,12216,462,fp16,T,T,1,1,88,0.12218,0.36563,2.9927
6730,1374,2355,fp16,T,N,1,1,245,0.37943,0.59076,1.5570
14087,182,4028,fp32,T,T,8,0,82,0.63607,0.93853,1.4755
124,1038,1093,fp32,N,T,64,0,612,0.02493,0.02394,0.9602
75,122,2595,fp16,N,N,0,0,101,0.02413,0.02742,1.1366
1290,262,2153,bf16,T,T,1,0,39,0.05626,0.06051,1.0757
1635,1505,467,bf16,T,T,8,0,39,0.04749,0.04995,1.0519
14087,182,4028,fp32,T,T,1,1,82,0.63812,0.93889,1.4713
10944,9731,585,bf16,N,T,0,1,57,1.57432,1.88341,1.1963
1096,461,3931,fp16,N,N,1,1,103,0.09139,0.14371,1.5725
308,1820,255,fp32,T,N,1,1,539,0.01946,0.02339,1.2023
4879,109,718,fp32,N,N,64,1,556,0.04317,0.04259,0.9867
157,265,69,bf16,T,T,1,0,39,0.01581,0.01018,0.6437
1191,1174,292,fp32,N,T,1,0,612,0.03981,0.05174,1.2998
6780,1116,11361,fp32,T,T,1,0,82,4.70007,4.69847,0.9997
3624,6413,257,fp16,T,T,0,1,53,0.29920,0.83741,2.7988
422,107,1272,fp32,N,N,1,1,556,0.01846,0.01882,1.0191
548,9016,482,fp32,T,T,1,1,82,0.16240,0.19776,1.2177
13212,451,153,fp16,N,T,8,1,62,0.08099,0.11123,1.3734
3321,12111,11668,bf16,T,T,64,0,39,7.06763,12.35090,1.7475
556,677,636,fp32,T,T,1,0,82,0.02506,0.04528,1.8071
366,16110,95,bf16,T,N,0,0,231,0.06102,0.06122,1.0031
839,245,70,bf16,N,N,64,0,166,0.01520,0.01018,0.6695
117,12499,68,fp32,T,N,64,0,519,0.02147,0.01770,0.8241
6083,739,2176,fp32,T,N,1,0,519,0.54189,0.57412,1.0595
344,9455,1072,bf16,T,N,64,1,231,0.10147,0.27210,2.6815
12940,277,246,fp32,N,T,0,0,612,0.07584,0.08032,1.0591
73,3297,480,bf16,N,N,8,0,166,0.01920,0.01651,0.8600
13062,127,4389,bf16,N,T,8,1,62,0.21815,0.21677,0.9937
3624,6413,257,fp16,T,T,64,1,53,0.28925,0.83373,2.8824
78,7756,2424,fp16,N,N,8,1,232,0.07149,0.10493,1.4678
287,655,179,fp16,N,T,64,0,62,0.01523,0.01146,0.7521
1857,1039,2516,fp32,N,N,64,1,556,0.28695,0.40147,1.3991
2987,147,5597,fp16,T,N,0,0,258,0.14439,0.24403,1.6902
571,639,6699,fp32,T,N,0,1,519,0.15776,0.28887,1.8310
6730,1374,2355,fp16,T,N,1,0,245,0.37296,0.59213,1.5876
1156,455,723,fp32,T,N,0,1,519,0.03357,0.04122,1.2278
134,448,166,fp16,N,N,1,1,358,0.01370,0.00976,0.7126
124,1553,1018,fp16,T,T,8,1,53,0.02442,0.11283,4.6212
668,13726,229,bf16,N,N,0,0,166,0.10538,0.14416,1.3681
4517,15105,294,bf16,N,N,0,0,166,0.71767,1.68251,2.3444
147,1368,2827,bf16,T,N,0,1,489,0.04234,0.04410,1.0416
5334,213,96,fp16,T,T,64,0,53,0.01754,0.03286,1.8741
3927,252,2130,fp32,N,N,64,0,556,0.14957,0.16397,1.0963
3258,11435,13198,fp16,T,T,64,0,53,14.11572,59.22039,4.1954
151,364,1623,bf16,N,T,1,1,62,0.02141,0.02154,1.0060
15023,1032,3721,bf16,T,N,0,1,441,0.97287,0.98017,1.0075
6730,1374,2355,fp16,T,N,0,0,245,0.36615,0.53562,1.4629
5586,77,2060,bf16,T,T,64,1,39,0.05802,0.08294,1.4297
9676,1302,14020,fp32,N,T,0,1,612,9.28090,9.71770,1.0471
1024,283,415,fp16,T,N,64,1,245,0.02070,0.05958,2.8779
69,3681,3374,fp32,T,N,1,0,519,0.09523,0.15245,1.6008
117,12499,68,fp32,T,N,1,1,519,0.02160,0.01795,0.8311
1517,84,684,fp16,N,T,8,0,62,0.01766,0.02048,1.1594
1794,257,122,fp16,N,T,8,0,62,0.01603,0.01344,0.8383
173,946,229,fp16,T,T,8,1,53,0.01802,0.03242,1.7993
69,115,8793,fp32,T,N,64,0,519,0.11997,0.14727,1.2275
5355,5350,84,fp16,T,N,8,1,245,0.21111,0.41034,1.9438
9561,766,154,bf16,N,N,0,0,166,0.07574,0.07574,1.0000
14087,182,4028,fp32,T,T,64,0,82,0.63783,0.94247,1.4776
208,741,1481,fp16,N,T,0,1,68,0.02560,0.04486,1.7525
6821,1559,981,fp16,T,T,0,0,53,0.24903,1.36772,5.4923
108,1438,15336,bf16,T,N,0,0,247,0.14240,1.00452,7.0542
300,14986,4110,fp16,N,N,8,0,98,0.43133,0.50468,1.1700
4635,388,214,bf16,N,N,0,0,273,0.02461,0.03322,1.3498
151,387,3370,fp32,T,T,1,0,82,0.07965,0.16336,2.0510
8743,6764,959,fp32,N,N,1,0,556,2.99333,2.99295,0.9999
5645,1125,164,fp32,N,T,1,1,612,0.08115,0.08992,1.1080
109,7349,597,fp32,N,T,1,1,612,0.04579,0.11142,2.4333
195,577,7106,fp32,T,T,8,0,82,0.16083,0.35911,2.2328
4879,109,718,fp32,N,N,1,1,556,0.04080,0.04106,1.0063
1483,746,6507,fp16,N,N,0,0,101,0.17082,0.45300,2.6519
147,1368,2827,bf16,T,N,0,0,489,0.04253,0.04314,1.0143
101,4812,104,bf16,T,N,8,1,332,0.01117,0.01168,1.0458
3978,653,124,fp16,T,N,0,0,245,0.03085,0.03402,1.1027
358,3706,753,bf16,N,N,8,1,166,0.04630,0.20141,4.3497
2932,839,440,fp32,N,T,64,0,612,0.07990,0.09558,1.1962
65,215,99,fp32,N,N,8,1,556,0.00909,0.00931,1.0247
16276,71,213,fp16,T,N,0,1,245,0.02432,0.04717,1.9395
936,2757,72,fp16,N,T,8,1,62,0.03072,0.03859,1.2563
116,6642,96,bf16,T,N,8,1,231,0.01283,0.01315,1.0249
1191,1174,292,fp32,N,T,0,1,612,0.03766,0.05126,1.3611
1844,165,356,fp16,T,T,1,0,53,0.01395,0.04506,3.2294
84,166,321,fp16,N,N,1,1,98,0.01258,0.01174,0.9339
5392,3709,9643,fp32,N,T,1,0,612,9.76650,10.14020,1.0383
116,6642,96,bf16,T,N,1,1,231,0.01258,0.01315,1.0458
130,1916,359,bf16,T,N,64,1,332,0.01533,0.01635,1.0668
470,4385,2240,fp32,T,T,8,1,82,0.30263,0.41879,1.3838
3258,11435,13198,fp16,T,T,0,0,53,13.30016,59.24810,4.4547
709,413,1765,fp16,N,N,8,1,97,0.03930,0.06662,1.6954
4635,388,214,bf16,N,N,1,0,273,0.02378,0.03472,1.4603
124,1553,1018,fp16,T,T,0,0,53,0.02301,0.11104,4.8261
1061,4099,1785,bf16,T,T,8,0,39,0.18327,0.19133,1.0440
1322,5299,6071,fp32,T,N,64,0,519,2.23874,2.34242,1.0463
507,77,78,fp16,T,T,64,0,53,0.01069,0.01510,1.4131
81,10410,11296,fp32,N,T,64,1,612,0.71377,0.96861,1.3570
101,4812,104,bf16,T,N,8,0,332,0.01123,0.01165,1.0370
67,108,1650,fp16,T,N,1,0,387,0.02234,0.02182,0.9771
1844,165,356,fp16,T,T,8,0,53,0.01347,0.04381,3.2518
9143,2008,659,fp16,T,T,64,1,53,0.29680,1.59585,5.3768
1092,9595,1875,fp16,T,T,8,1,53,0.40413,2.51080,6.2128
106,9251,3855,fp32,N,N,64,0,556,0.26387,0.33443,1.2674
123,128,456,fp16,T,N,8,1,513,0.01101,0.01104,1.0029
180,1014,142,fp16,T,T,1,1,88,0.01126,0.02272,2.0170
1541,254,10050,fp16,T,T,8,1,88,0.17719,0.76481,4.3164
268,5451,4998,fp16,N,T,64,0,68,0.20848,0.70989,3.4051
169,212,5710,fp16,T,T,1,1,88,0.08704,0.20029,2.3011
1668,871,185,fp32,T,N,1,0,519,0.02563,0.03104,1.2110
3490,818,480,fp32,T,N,64,0,519,0.08246,0.08477,1.0279
1797,409,271,fp32,T,T,0,1,82,0.02230,0.02778,1.2453
1857,1039,2516,fp32,N,N,0,1,556,0.28640,0.41552,1.4508
8476,1093,4411,fp16,N,N,0,0,94,0.74266,0.98919,1.3320
789,13514,13664,fp16,T,T,1,0,88,3.53615,16.32370,4.6162
820,218,4672,bf16,T,T,64,0,39,0.07920,0.11869,1.4986
936,2757,72,fp16,N,T,0,1,62,0.02989,0.03722,1.2452
392,4831,5134,fp16,T,N,0,0,249,0.25594,2.24568,8.7743
273,372,3358,fp16,T,N,0,0,392,0.04186,0.04202,1.0038
1299,2508,11405,fp16,T,T,1,0,53,0.91229,5.63751,6.1795
5586,77,2060,bf16,T,T,1,0,39,0.07584,0.08838,1.1654
5833,6565,3145,fp32,N,T,64,0,612,6.21867,6.53406,1.0507
101,4812,104,bf16,T,N,1,0,332,0.01114,0.01197,1.0747
4313,13416,13161,fp16,T,T,0,0,53,20.96773,92.05324,4.3902
203,127,13692,bf16,N,N,64,1,176,0.04051,0.04022,0.9929
9143,2008,659,fp16,T,T,1,1,53,0.30176,1.58564,5.2546
169,212,5710,fp16,T,T,64,1,88,0.09082,0.20055,2.2082
13212,451,153,fp16,N,T,64,0,62,0.08390,0.09517,1.1342
492,3429,102,fp16,N,T,1,1,62,0.02733,0.02874,1.0515
315,485,67,fp16,T,T,8,1,53,0.01504,0.01622,1.0787
227,1075,10900,fp16,N,T,64,1,70,0.15843,0.38967,2.4595
14377,248,85,fp32,T,N,1,1,525,0.03686,0.04010,1.0877
5355,5350,84,fp16,T,N,8,0,245,0.20813,0.39210,1.8839
5334,213,96,fp16,T,T,1,1,53,0.01597,0.03299,2.0661
280,799,15061,fp16,N,T,1,0,70,0.20759,0.43306,2.0862
9902,313,549,fp16,T,N,0,0,245,0.06650,0.31904,4.7979
6730,1374,2355,fp16,T,N,64,0,245,0.36090,0.53821,1.4913
2098,736,12275,fp16,T,T,1,1,53,0.44586,3.04255,6.8240
5437,6421,1930,bf16,T,N,1,1,231,1.06868,1.09828,1.0277
5161,287,8138,bf16,N,T,1,1,62,0.35184,0.35856,1.0191
3654,188,2292,fp16,N,T,0,0,68,0.06058,0.18253,3.0132
4791,108,131,fp32,T,N,0,0,525,0.01661,0.01350,0.8131
1483,746,6507,fp16,N,N,1,1,101,0.18042,0.44276,2.4541
461,3942,8040,fp32,N,T,0,0,612,0.78087,0.95713,1.2257
587,98,7821,fp32,N,T,8,1,612,0.07766,0.32567,4.1932
2321,440,9919,fp32,N,T,1,0,614,0.63415,0.74013,1.1671
243,691,7352,fp32,N,T,8,0,612,0.11776,0.12391,1.0522
2509,994,505,fp16,T,T,8,1,53,0.05018,0.20307,4.0472
75,122,2595,fp16,N,N,64,1,101,0.02125,0.02717,1.2786
100,3600,1323,bf16,N,T,0,0,212,0.03501,0.03453,0.9863
102,506,3687,fp32,N,N,64,1,556,0.05075,0.05504,1.0845
3764,9240,190,fp32,N,T,64,0,616,0.41674,0.50480,1.2113
1797,409,271,fp32,T,T,8,1,82,0.02422,0.02813,1.1612
6335,2833,802,fp16,T,N,64,1,245,0.29779,0.30179,1.0134
4517,15105,294,bf16,N,N,8,1,166,0.69114,1.65044,2.3880
1092,9595,1875,fp16,T,T,1,1,53,0.40989,2.90581,7.0892
448,152,457,fp32,N,N,0,1,562,0.01414,0.01139,0.8054
106,9251,3855,fp32,N,N,0,0,556,0.26602,0.35389,1.3303
965,2494,471,fp32,N,T,8,1,612,0.08294,0.11117,1.3403
11562,68,15032,fp32,N,N,1,1,556,0.98916,1.43332,1.4490
748,12451,10274,fp16,T,T,64,0,53,1.66043,12.36646,7.4478
1069,558,146,fp32,T,T,0,1,82,0.01661,0.01846,1.1118
203,127,13692,bf16,N,N,1,0,176,0.04096,0.04064,0.9922
175,290,14749,bf16,N,N,64,0,176,0.07818,0.07702,0.9853
3315,2796,1422,fp32,N,N,64,0,556,0.69796,0.83197,1.1920
9561,766,154,bf16,N,N,8,1,166,0.07888,0.07792,0.9878
79,13936,890,fp32,T,T,1,1,82,0.11664,0.17191,1.4738
4145,1728,984,fp32,N,N,1,0,556,0.40007,0.44429,1.1105
198,709,9383,bf16,N,N,1,1,176,0.07443,0.10618,1.4265
1849,3390,94,fp16,T,T,0,0,88,0.07930,0.09862,1.2437
5704,6966,12644,bf16,T,T,1,1,39,8.63917,14.44404,1.6719
12333,1523,5555,fp32,N,T,8,1,612,5.32769,5.62161,1.0552
1328,143,9192,fp16,T,N,64,1,258,0.09059,0.40544,4.4755
364,190,834,fp16,T,N,64,1,249,0.01843,0.01731,0.9392
3004,2115,296,bf16,T,N,64,0,231,0.06659,0.09514,1.4286
4178,132,72,bf16,T,T,1,1,39,0.01498,0.01648,1.1004
1259,4405,2183,fp32,T,T,0,0,82,0.67712,0.70237,1.0373
12251,84,348,fp16,N,T,1,1,62,0.04032,0.04157,1.0310
13062,127,4389,bf16,N,T,0,0,62,0.21251,0.21114,0.9935
2304,11397,12082,fp32,T,T,64,0,82,16.27244,16.28079,1.0005
198,709,9383,bf16,N,N,64,1,176,0.08698,0.11146,1.2815
10326,269,657,bf16,N,N,1,1,166,0.07856,0.08406,1.0701
1442,6614,224,fp16,T,N,1,0,245,0.08448,0.38288,4.5322
2271,6268,184,fp16,T,T,64,1,88,0.18087,0.29735,1.6440
236,487,649,fp16,T,N,1,0,245,0.01834,0.01712,0.9337
3764,9240,190,fp32,N,T,1,0,616,0.44957,0.52202,1.1612
92,7926,4010,fp32,N,N,1,1,558,0.19127,0.23888,1.2490
2271,6268,184,fp16,T,T,8,1,88,0.18611,0.29725,1.5971
781,544,2681,fp16,T,T,64,1,53,0.06957,0.06928,0.9959
910,225,3632,bf16,T,N,0,0,244,0.05942,0.20224,3.4033
6487,5468,7184,bf16,T,N,0,0,332,3.66457,3.99910,1.0913
72,1548,483,bf16,N,N,8,1,273,0.01597,0.01834,1.1483
3846,64,87,fp32,N,N,0,0,556,0.01178,0.00992,0.8424
4245,7628,618,bf16,T,T,1,1,39,0.50906,0.50247,0.9871
78,7756,2424,fp16,N,N,0,1,232,0.06650,0.10282,1.5462
68,1420,259,bf16,T,T,0,1,39,0.01578,0.01258,0.7972
10794,369,212,bf16,T,T,0,0,39,0.06723,0.07405,1.1014
13578,3558,10424,bf16,N,N,64,1,166,7.48613,7.87500,1.0519
218,482,1298,bf16,T,T,0,0,39,0.02813,0.02678,0.9522
68,1420,259,bf16,T,T,8,1,39,0.01421,0.01242,0.8739
10867,322,714,fp32,N,T,64,1,612,0.17555,0.18931,1.0784
13554,1013,652,fp16,T,N,64,0,245,0.21395,0.25111,1.1736
231,12672,8358,fp16,T,N,0,0,519,0.39885,0.41677,1.0449
548,9016,482,fp32,T,T,0,1,82,0.15923,0.19210,1.2064
3671,1206,4962,bf16,N,T,64,1,57,0.41459,0.41994,1.0129
739,2020,166,fp32,N,T,0,1,614,0.02938,0.03046,1.0370
4372,2471,825,bf16,N,N,64,0,166,0.22195,0.30890,1.3917
613,72,170,fp16,N,T,64,1,227,0.01318,0.01011,0.7670
4178,132,72,bf16,T,T,64,0,39,0.01683,0.01677,0.9962
1869,1715,11158,fp16,T,N,8,1,245,0.83617,1.44369,1.7266
69,3681,3374,fp32,T,N,1,1,519,0.09203,0.15210,1.6526
1557,4472,5976,fp16,N,N,0,0,352,0.66157,1.15271,1.7424
789,13514,13664,fp16,T,T,64,0,88,2.83391,16.30741,5.7544
5169,73,1647,bf16,N,T,1,1,62,0.04710,0.05366,1.1393
6132,888,2993,fp16,T,N,64,0,513,0.28771,0.29575,1.0279
5169,73,1647,bf16,N,T,8,0,62,0.05181,0.06762,1.3051
615,4927,7112,fp16,N,T,8,1,62,0.40461,1.87569,4.6358
847,2812,2262,fp32,T,T,1,0,82,0.31411,0.38784,1.2347
1869,1715,11158,fp16,T,N,64,1,245,0.82967,1.43297,1.7272
83,10068,679,fp16,T,N,8,1,382,0.03786,0.04016,1.0609
188,7399,144,fp32,N,N,64,0,556,0.02368,0.02317,0.9784
965,2494,471,fp32,N,T,8,0,612,0.08070,0.11174,1.3846
93,788,1149,fp32,T,T,0,1,82,0.03507,0.05562,1.5858
2194,3032,13510,bf16,T,N,1,1,441,1.59150,1.74113,1.0940
6020,10409,6258,bf16,N,N,0,1,166,5.89492,9.64849,1.6367
12940,277,246,fp32,N,T,1,0,612,0.07472,0.08122,1.0869
1577,1968,376,fp16,T,N,64,1,513,0.03504,0.04310,1.2301
4560,1718,117,fp32,N,T,64,0,612,0.08605,0.09987,1.1607
2534,193,6815,fp32,N,T,8,1,612,0.29802,0.41271,1.3848
2229,264,1314,fp32,T,T,0,0,82,0.06739,0.09450,1.4022
8349,305,400,fp16,N,N,8,0,90,0.05216,0.05424,1.0399
155,5445,329,fp32,N,T,64,1,612,0.03430,0.03782,1.1026
7276,1888,6631,fp16,N,N,64,0,358,1.49486,1.60299,1.0723
279,2516,163,bf16,T,N,1,1,332,0.01584,0.01578,0.9960
151,364,1623,bf16,N,T,8,1,62,0.02368,0.02496,1.0541
2534,193,6815,fp32,N,T,64,1,612,0.29834,0.41130,1.3786
1953,343,1299,bf16,T,N,1,1,239,0.04525,0.13101,2.8953
8171,5231,330,fp32,T,T,64,1,82,0.80237,0.89661,1.1175
2534,193,6815,fp32,N,T,0,1,612,0.29818,0.41188,1.3813
184,85,360,bf16,N,T,0,1,57,0.01270,0.01293,1.0176
110,3060,213,bf16,N,T,1,0,57,0.01414,0.01350,0.9548
490,2629,296,fp32,N,T,8,0,612,0.03862,0.03878,1.0041
858,71,97,fp32,N,T,64,0,612,0.01178,0.00928,0.7881
14592,8348,2880,fp16,T,N,1,0,382,5.02679,5.41578,1.0774
14377,248,85,fp32,T,N,1,0,525,0.03747,0.04019,1.0726
81,10410,11296,fp32,N,T,0,0,612,0.71412,0.96884,1.3567
7273,9312,349,fp32,T,N,1,0,525,1.26132,1.38087,1.0948
1611,190,1342,fp32,N,T,8,0,612,0.03731,0.05318,1.4254
267,2819,1383,fp32,T,T,8,0,82,0.10042,0.15747,1.5682
885,9917,1736,fp16,T,N,8,1,245,0.28816,0.30211,1.0484
820,218,4672,bf16,T,T,0,0,39,0.07978,0.11366,1.4248
268,5451,4998,fp16,N,T,1,1,68,0.22359,0.86945,3.8886
198,709,9383,bf16,N,N,8,0,176,0.08512,0.11072,1.3008
789,13514,13664,fp16,T,T,0,0,88,2.82405,16.31132,5.7759
1778,253,115,bf16,T,T,1,0,39,0.01677,0.01168,0.6966
296,15994,4060,fp32,N,T,8,1,612,1.16369,2.24587,1.9300
2769,205,258,bf16,T,T,1,0,39,0.02042,0.01549,0.7586
4145,1728,984,fp32,N,N,1,1,556,0.40003,0.44445,1.1110
1351,7364,3868,fp32,N,N,0,0,556,2.07694,2.81324,1.3545
739,2020,166,fp32,N,T,64,1,614,0.02928,0.03389,1.1574
960,1283,3537,fp16,T,N,8,0,250,0.11062,0.16339,1.4770
4635,388,214,bf16,N,N,0,1,273,0.02154,0.03347,1.5542
199,15408,328,bf16,N,T,0,0,201,0.05702,0.05773,1.0123
448,152,457,fp32,N,N,1,1,562,0.01446,0.01155,0.7987
4209,13670,99,bf16,T,N,1,0,231,0.39021,0.40989,1.0504
4791,108,131,fp32,T,N,1,1,525,0.01674,0.01376,0.8222
1062,297,6650,bf16,T,N,64,1,247,0.10733,0.54628,5.0897
615,4927,7112,fp16,N,T,1,1,62,0.48522,2.43058,5.0092
700,397,123,bf16,T,T,8,1,39,0.01626,0.01142,0.7027
1191,1174,292,fp32,N,T,8,0,612,0.03837,0.04672,1.2177
588,1107,7070,bf16,N,N,1,0,176,0.16445,0.30240,1.8389
1692,931,70,fp32,T,T,1,0,82,0.02266,0.02592,1.1441
8171,5231,330,fp32,T,T,0,1,82,0.79975,0.86394,1.0803
1333,358,3818,fp16,N,T,0,1,68,0.07789,0.19280,2.4753
15865,5520,663,fp32,T,N,64,1,525,2.97967,3.05474,1.0252
965,2494,471,fp32,N,T,1,1,612,0.07910,0.10218,1.2917
1349,78,13119,fp16,T,T,8,1,53,0.22522,1.68920,7.5003
552,6906,842,fp32,T,T,8,1,82,0.20096,0.27450,1.3659
1062,297,6650,bf16,T,N,1,1,247,0.10608,0.54640,5.1508
5392,3709,9643,fp32,N,T,8,0,612,9.78225,10.15886,1.0385
2987,147,5597,fp16,T,N,8,1,258,0.14295,0.24576,1.7193
8743,6764,959,fp32,N,N,64,0,556,2.97874,2.97884,1.0000
300,1144,355,fp32,N,N,1,1,562,0.01885,0.02541,1.3480
14592,8348,2880,fp16,T,N,1,1,382,5.04500,5.44442,1.0792
960,1283,3537,fp16,T,N,64,1,250,0.10746,0.16237,1.5110
1517,84,684,fp16,N,T,1,0,62,0.01789,0.02256,1.2612
113,1911,1120,fp16,N,N,0,0,97,0.03030,0.03542,1.1690
552,6906,842,fp32,T,T,1,0,82,0.20103,0.27581,1.3720
198,709,9383,bf16,N,N,0,0,176,0.08672,0.11101,1.2801
1442,6614,224,fp16,T,N,64,0,245,0.08723,0.38327,4.3936
315,171,1140,bf16,N,N,1,1,174,0.02003,0.01962,0.9792
15493,2845,112,bf16,N,N,0,1,166,0.30685,0.30755,1.0023
1061,4099,1785,bf16,T,T,64,1,39,0.18323,0.18343,1.0010
1442,6614,224,fp16,T,N,64,1,245,0.08310,0.38298,4.6084
273,372,3358,fp16,T,N,64,1,392,0.04749,0.04480,0.9434
8311,818,74,bf16,N,T,64,1,57,0.07280,0.09194,1.2629
3716,7393,410,fp32,T,N,0,1,519,0.61114,0.64439,1.0544
4209,13670,99,bf16,T,N,64,0,231,0.39856,0.41076,1.0306
668,13726,229,bf16,N,N,8,0,166,0.10669,0.14336,1.3437
83,106,2377,bf16,N,T,1,0,62,0.02067,0.01984,0.9598
253,2004,4138,bf16,T,N,64,1,348,0.09117,0.09178,1.0067
454,7947,161,fp16,N,N,8,0,94,0.04138,0.04992,1.2065
1408,323,809,fp16,T,N,1,0,249,0.03034,0.03123,1.0295
16353,1104,98,bf16,N,N,64,1,388,0.10675,0.11155,1.0450
118,3392,1395,fp16,N,T,1,0,239,0.03424,0.03782,1.1047
1322,5299,6071,fp32,T,N,64,1,519,2.23826,2.34197,1.0463
383,9312,2446,bf16,T,T,64,1,39,0.21875,0.22170,1.0135
1427,2625,352,fp16,T,T,8,0,53,0.06378,0.20064,3.1460
5461,7768,303,bf16,N,T,8,1,201,0.41626,0.53706,1.2902
157,325,1287,bf16,N,T,8,0,62,0.01786,0.01974,1.1057
3200,1083,12079,fp32,N,T,64,0,612,2.23550,4.93568,2.2079
241,661,216,fp32,N,T,8,0,612,0.01536,0.01034,0.6729
83,106,2377,bf16,N,T,64,0,62,0.02221,0.02099,0.9452
6083,739,2176,fp32,T,N,64,0,519,0.54151,0.57658,1.0648
188,7399,144,fp32,N,N,0,0,556,0.02346,0.02253,0.9604
6055,233,4089,fp32,T,N,64,0,519,0.35898,0.49111,1.3681
542,380,1502,fp32,T,T,64,0,82,0.04387,0.07715,1.7586
16276,71,213,fp16,T,N,64,0,245,0.03139,0.04982,1.5872
893,978,1063,bf16,T,N,8,1,238,0.04035,0.03840,0.9516
910,225,3632,bf16,T,N,8,1,244,0.06077,0.20051,3.2996
2067,806,864,fp16,T,N,0,0,249,0.05427,0.14848,2.7358
4831,1856,2415,fp16,N,N,8,0,352,0.40938,0.41968,1.0252
13212,451,153,fp16,N,T,8,0,62,0.08237,0.11238,1.3644
490,2629,296,fp32,N,T,64,0,612,0.03706,0.03997,1.0786
556,677,636,fp32,T,T,1,1,82,0.02509,0.04560,1.8176
668,13726,229,bf16,N,N,8,1,166,0.10211,0.14263,1.3967
162,69,986,fp32,T,T,8,0,82,0.03152,0.04592,1.4568
199,5202,11677,fp16,T,T,64,1,53,0.42867,2.81804,6.5738
1441,295,7589,bf16,T,N,1,0,247,0.16051,0.79089,4.9272
231,12672,8358,fp16,T,N,8,1,519,0.40067,0.42740,1.0667
4496,131,5525,bf16,N,N,0,0,176,0.19725,0.20906,1.0599
6821,1559,981,fp16,T,T,64,1,53,0.25133,1.36894,5.4468
552,6906,842,fp32,T,T,0,1,82,0.20215,0.27607,1.3657
6055,233,4089,fp32,T,N,8,1,519,0.35783,0.44400,1.2408
4124,1181,69,fp16,T,T,64,0,53,0.06541,0.06845,1.0465
16276,71,213,fp16,T,N,8,1,245,0.02854,0.04797,1.6805
130,1916,359,bf16,T,N,64,0,332,0.01693,0.01648,0.9735
669,226,14265,fp32,T,N,64,0,519,0.22435,0.30163,1.3445
15593,597,2184,fp32,T,N,1,1,519,1.12346,1.15508,1.0281
634,7223,271,fp16,T,T,1,0,53,0.04944,0.17917,3.6240
3927,252,2130,fp32,N,N,1,0,556,0.14954,0.16579,1.1087
134,448,166,fp16,N,N,64,1,358,0.01424,0.00998,0.7011
1228,3589,183,fp16,N,T,8,0,62,0.06822,0.08368,1.2265
184,85,360,bf16,N,T,64,1,57,0.01344,0.01306,0.9714
4660,125,1724,fp16,T,N,0,1,250,0.05939,0.09190,1.5474
1450,5583,1655,fp16,N,T,0,1,62,0.33402,1.08356,3.2440
910,225,3632,bf16,T,N,0,1,244,0.06006,0.20215,3.3655
151,364,1623,bf16,N,T,64,1,62,0.02061,0.02346,1.1382
2166,573,8877,fp32,T,T,64,1,82,0.59965,0.60052,1.0014
124,87,7777,fp32,T,N,8,0,519,0.11360,0.13261,1.1673
318,117,651,fp32,N,N,1,0,556,0.01402,0.01427,1.0183
644,380,9280,fp32,N,N,0,1,564,0.20221,0.52448,2.5938
2194,3032,13510,bf16,T,N,0,1,441,1.50744,1.61390,1.0706
2271,6268,184,fp16,T,T,0,1,88,0.15846,0.29715,1.8752
7276,1888,6631,fp16,N,N,64,1,358,1.48519,1.60235,1.0789
5437,6421,1930,bf16,T,N,8,1,231,1.12750,1.13630,1.0078
635,2023,10079,fp32,T,N,0,0,519,0.84893,1.27729,1.5046
507,77,78,fp16,T,T,0,0,53,0.01424,0.01760,1.2360
454,7947,161,fp16,N,N,0,0,94,0.04205,0.04973,1.1826
3641,133,5902,fp16,N,N,1,0,99,0.14304,0.30570,2.1371
2166,573,8877,fp32,T,T,8,1,82,0.60032,0.59920,0.9981
392,4831,5134,fp16,T,N,64,0,249,0.25405,2.24930,8.8538
571,639,6699,fp32,T,N,8,1,519,0.15603,0.28938,1.8546
318,117,651,fp32,N,N,8,0,556,0.01462,0.01402,0.9584
470,4385,2240,fp32,T,T,0,0,82,0.30330,0.41709,1.3752
14377,248,85,fp32,T,N,0,1,525,0.03440,0.03891,1.1312
588,1107,7070,bf16,N,N,8,0,176,0.15933,0.29136,1.8287
2630,128,15222,fp16,T,T,1,0,88,0.27111,1.24046,4.5755
79,2005,189,fp32,T,T,8,0,82,0.01584,0.01677,1.0586
65,67,161,fp32,T,T,0,0,82,0.01539,0.01558,1.0125
9525,12110,133,fp32,T,N,0,0,519,0.92993,1.24318,1.3369
997,86,451,fp16,T,T,8,0,53,0.01648,0.05437,3.2991
1918,560,85,bf16,T,N,64,0,441,0.01565,0.01562,0.9979
8255,91,1012,bf16,T,T,0,1,39,0.05117,0.05274,1.0306
3083,6539,212,bf16,T,N,1,0,231,0.16941,0.20835,1.2299
5437,6421,1930,bf16,T,N,64,0,231,1.13802,1.14302,1.0044
2063,2161,71,bf16,N,N,1,0,166,0.04246,0.04157,0.9789
13045,6705,1231,bf16,N,N,1,0,166,1.89448,2.33656,1.2334
423,1147,3942,fp32,N,N,64,1,556,0.16429,0.17559,1.0688
5833,6565,3145,fp32,N,T,8,1,612,6.20664,6.50562,1.0482
106,9251,3855,fp32,N,N,8,1,556,0.26547,0.33293,1.2541
2229,264,1314,fp32,T,T,64,0,82,0.06803,0.09466,1.3913
2061,374,260,fp16,T,T,0,1,88,0.01840,0.03741,2.0331
2987,147,5597,fp16,T,N,0,1,258,0.14362,0.24503,1.7061
300,14986,4110,fp16,N,N,64,1,98,0.42772,0.49159,1.1493
1637,1981,198,fp16,N,N,8,1,90,0.03344,0.03802,1.1368
83,106,2377,bf16,N,T,0,1,62,0.02179,0.02090,0.9589
10246,575,77,fp16,N,T,1,1,62,0.05280,0.07286,1.3800
93,788,1149,fp32,T,T,8,1,82,0.03594,0.05568,1.5494
1611,190,1342,fp32,N,T,64,0,612,0.03635,0.05152,1.4173
117,12499,68,fp32,T,N,8,1,519,0.01862,0.01830,0.9828
12875,6370,191,fp16,N,N,0,1,92,0.64903,0.66800,1.0292
694,5308,3243,fp16,T,N,1,0,382,0.26391,0.54135,2.0513
1173,9097,317,bf16,T,T,1,0,39,0.16115,0.16490,1.0232
12251,84,348,fp16,N,T,0,0,62,0.03699,0.03882,1.0493
10067,102,162,fp32,N,T,8,0,612,0.02938,0.03600,1.2255
13427,8228,983,bf16,T,N,1,0,332,1.96043,1.95777,0.9986
669,226,14265,fp32,T,N,0,1,519,0.22314,0.29987,1.3439
439,1849,264,bf16,T,N,64,1,231,0.02134,0.03405,1.5952
1869,1715,11158,fp16,T,N,64,0,245,0.83303,1.43099,1.7178
243,691,7352,fp32,N,T,64,1,612,0.12298,0.12765,1.0380
15023,1032,3721,bf16,T,N,64,0,441,0.96746,0.98142,1.0144
268,5451,4998,fp16,N,T,0,0,68,0.21047,0.71885,3.4155
3490,818,480,fp32,T,N,1,1,519,0.08362,0.08650,1.0344
198,709,9383,bf16,N,N,1,0,176,0.07418,0.10618,1.4314
1508,1451,2633,fp32,N,N,0,0,556,0.35280,0.49453,1.4017
13066,143,1967,bf16,T,N,8,0,238,0.11478,0.12579,1.0959
1092,9595,1875,fp16,T,T,64,1,53,0.40083,2.50891,6.2592
231,12672,8358,fp16,T,N,8,0,519,0.40464,0.42426,1.0485
181,2083,150,fp32,T,N,1,0,519,0.01459,0.01283,0.8794
2356,240,518,fp32,T,N,64,0,539,0.02781,0.02906,1.0449
1668,871,185,fp32,T,N,8,1,519,0.02691,0.03152,1.1712
113,1911,1120,fp16,N,N,64,1,97,0.02995,0.03555,1.1870
903,552,1712,bf16,T,N,1,0,476,0.04570,0.04486,0.9818
16353,1104,98,bf16,N,N,64,0,388,0.10736,0.11168,1.0402
1637,1981,198,fp16,N,N,0,1,90,0.03200,0.03702,1.1570
633,82,73,fp16,T,N,0,1,245,0.01398,0.00995,0.7117
2330,11172,84,fp16,N,T,8,1,62,0.18835,0.30119,1.5990
846,105,1184,fp32,N,T,8,0,612,0.02134,0.02022,0.9475
6132,888,2993,fp16,T,N,1,1,513,0.30234,0.31661,1.0472
82,89,16294,fp32,T,T,1,0,82,0.34951,0.34944,0.9998
4831,1856,2415,fp16,N,N,0,0,352,0.39968,0.40227,1.0065
108,1200,435,fp32,T,T,64,1,82,0.01981,0.02618,1.3215
440,10642,246,fp16,T,N,0,1,245,0.06138,0.07744,1.2617
817,809,5759,fp16,T,N,64,1,255,0.15242,0.19098,1.2530
364,190,834,fp16,T,N,0,1,249,0.01846,0.01702,0.9220
673,2329,89,bf16,N,T,1,1,57,0.02250,0.02429,1.0797
1259,4405,2183,fp32,T,T,8,1,82,0.67799,0.70260,1.0363
1637,1981,198,fp16,N,N,64,0,90,0.03434,0.04013,1.1687
871,424,270,bf16,N,N,8,1,388,0.01389,0.01184,0.8525
2308,2440,251,bf16,N,N,64,0,388,0.05366,0.05334,0.9940
839,245,70,bf16,N,N,1,0,166,0.01373,0.01376,1.0023
273,372,3358,fp16,T,N,64,0,392,0.04710,0.04451,0.9450
1441,295,7589,bf16,T,N,0,0,247,0.16435,0.84010,5.1116
2321,440,9919,fp32,N,T,1,1,614,0.63309,0.73834,1.1662
1052,415,301,fp16,N,T,8,1,62,0.01920,0.01574,0.8200
7864,2552,161,fp32,N,T,1,0,616,0.21859,0.28391,1.2988
3754,5746,297,bf16,N,T,0,0,57,0.25162,0.39511,1.5703
5355,5350,84,fp16,T,N,1,0,245,0.20698,0.40442,1.9539
456,2763,2903,fp32,N,T,0,1,612,0.26247,0.31981,1.2185
1259,4405,2183,fp32,T,T,64,1,82,0.67834,0.70820,1.0440
5710,10169,12360,bf16,T,N,64,1,231,9.93486,18.35290,1.8473
123,128,456,fp16,T,N,8,0,513,0.01667,0.01222,0.7332
396,75,1043,fp32,T,T,64,1,82,0.03354,0.04896,1.4599
523,1101,1092,fp16,T,T,64,1,53,0.03613,0.04182,1.1577
180,1014,142,fp16,T,T,8,1,88,0.01702,0.02253,1.3233
13066,143,1967,bf16,T,N,0,1,238,0.11261,0.12218,1.0850
347,431,276,bf16,T,T,0,1,39,0.01760,0.01309,0.7436
1668,871,185,fp32,T,N,64,0,519,0.02781,0.03149,1.1323
808,5642,5457,bf16,T,T,1,1,39,0.58327,0.60455,1.0365
850,796,12111,fp16,T,N,64,0,392,0.23277,0.53066,2.2798
12503,3669,15312,fp32,N,N,8,1,556,35.47709,83.33212,2.3489
108,1438,15336,bf16,T,N,64,1,247,0.14272,1.00052,7.0103
3200,1083,12079,fp32,N,T,1,0,612,2.20987,4.02323,1.8206
3654,188,2292,fp16,N,T,0,1,68,0.06275,0.18183,2.8975
2793,1904,3830,fp16,T,N,8,0,513,0.36663,0.36160,0.9863
13506,115,141,bf16,T,N,8,1,231,0.03030,0.03741,1.2344
7033,225,296,fp16,N,N,8,1,90,0.03802,0.13021,3.4251
8171,5231,330,fp32,T,T,0,0,82,0.80285,0.86689,1.0798
11696,460,4637,fp16,N,T,8,0,62,0.55642,0.88417,1.5890
5649,1411,9797,bf16,T,N,64,1,231,1.41735,2.47631,1.7471
450,111,83,fp32,T,T,64,1,82,0.01882,0.01267,0.6735
587,98,7821,fp32,N,T,1,0,612,0.07642,0.32487,4.2513
151,387,3370,fp32,T,T,64,0,82,0.08147,0.16560,2.0326
2554,9083,2629,fp16,T,N,1,0,245,0.88413,0.92461,1.0458
11756,2334,9582,bf16,N,N,8,0,166,4.23673,4.30045,1.0150
548,9016,482,fp32,T,T,0,0,82,0.15872,0.18979,1.1958
751,126,226,bf16,T,T,64,0,39,0.01664,0.01245,0.7481
1052,415,301,fp16,N,T,0,1,62,0.01910,0.01578,0.8258
288,160,202,bf16,T,T,0,1,39,0.01613,0.01229,0.7619
2081,246,88,fp32,N,T,0,1,612,0.01549,0.01216,0.7851
332,100,81,fp16,T,T,0,1,53,0.01520,0.01965,1.2926
15363,9972,2458,bf16,T,N,0,1,332,5.48356,6.21288,1.1330
124,87,7777,fp32,T,N,8,1,519,0.11210,0.13373,1.1930
105,66,4795,fp16,T,T,64,1,53,0.07478,0.52727,7.0505
299,209,12772,fp32,N,N,0,1,556,0.16352,0.34221,2.0928
1577,1968,376,fp16,T,N,1,0,513,0.03747,0.04605,1.2289
850,98,559,fp32,N,N,0,0,556,0.01594,0.02000,1.2550
97,699,93,fp32,T,N,1,1,519,0.01213,0.00944,0.7784
10944,9731,585,bf16,N,T,0,0,57,1.55432,1.85838,1.1956
470,4385,2240,fp32,T,T,1,0,82,0.30723,0.44173,1.4378
932,351,855,fp32,N,T,64,0,612,0.03024,0.04403,1.4561
1101,509,1317,fp32,N,N,0,1,556,0.06672,0.06669,0.9995
12940,277,246,fp32,N,T,8,0,612,0.07629,0.08250,1.0814
108,4505,994,fp16,N,T,0,0,68,0.03360,0.03498,1.0410
314,149,139,bf16,T,T,0,0,39,0.01648,0.01194,0.7243
1352,1047,6228,fp16,N,N,8,1,101,0.23917,0.45229,1.8911
515,222,15199,bf16,T,T,1,0,39,0.25495,0.37450,1.4689
13427,8228,983,bf16,T,N,0,0,332,1.85864,1.93755,1.0425
234,6201,1168,fp16,T,T,1,0,53,0.06822,0.29728,4.3574
1228,3589,183,fp16,N,T,64,0,62,0.06061,0.07334,1.2101
345,1611,5872,fp32,T,N,0,0,519,0.19799,0.31069,1.5693
102,2607,11429,fp16,T,N,64,1,258,0.16298,1.44078,8.8404
199,392,423,bf16,N,N,8,0,388,0.01414,0.01107,0.7828
2554,9083,2629,fp16,T,N,0,0,245,0.90407,0.95626,1.0577
13578,3558,10424,bf16,N,N,8,0,166,7.51141,7.64700,1.0181
424,175,103,fp32,N,T,64,0,612,0.01459,0.00915,0.6272
102,506,3687,fp32,N,N,0,0,556,0.04957,0.05440,1.0975
1905,4220,624,fp16,T,T,64,1,88,0.13699,0.56141,4.0981
118,5931,775,fp16,T,T,1,0,53,0.03248,0.11328,3.4877
858,71,97,fp32,N,T,8,1,612,0.01350,0.00931,0.6896
12503,3669,15312,fp32,N,N,64,0,556,35.45936,77.21214,2.1775
78,737,6525,fp16,N,N,64,0,103,0.04797,0.04541,0.9466
2166,573,8877,fp32,T,T,1,0,82,0.60029,0.59936,0.9985
8349,305,400,fp16,N,N,64,1,90,0.04915,0.05424,1.1035
260,1393,258,bf16,T,N,1,0,231,0.01888,0.01555,0.8237
10794,369,212,bf16,T,T,1,1,39,0.06784,0.07392,1.0896
542,1798,2282,bf16,N,T,1,0,62,0.07690,0.31735,4.1269
75,432,101,bf16,T,T,1,0,39,0.01552,0.01094,0.7052
14876,152,14052,bf16,N,T,64,0,212,0.84401,0.84397,1.0000
553,12216,462,fp16,T,T,0,0,88,0.10390,0.36567,3.5193
1286,649,13014,fp32,N,N,1,1,556,0.62711,0.93933,1.4979
9828,5235,95,fp16,T,T,8,0,53,0.63536,0.75924,1.1950
1052,415,301,fp16,N,T,1,1,62,0.01626,0.01542,0.9488
11562,68,15032,fp32,N,N,8,0,556,1.01114,1.60184,1.5842
4178,132,72,bf16,T,T,64,1,39,0.01248,0.01606,1.2872
13506,115,141,bf16,T,N,0,0,231,0.02701,0.03136,1.1611
634,7223,271,fp16,T,T,8,0,53,0.08237,0.18231,2.2133
1920,1284,150,bf16,N,T,64,0,57,0.03962,0.04202,1.0606
865,7538,5974,fp32,N,N,0,0,556,2.04942,3.24057,1.5812
1463,545,2294,fp16,T,T,0,0,53,0.07491,0.08294,1.1072
1419,6769,390,fp16,T,T,8,1,53,0.15709,0.51037,3.2489
2392,96,68,fp16,T,N,8,0,513,0.01165,0.00870,0.7473
1419,6769,390,fp16,T,T,0,1,53,0.16179,0.50903,3.1462
394,345,390,fp32,T,T,1,0,82,0.01776,0.02413,1.3586
634,7223,271,fp16,T,T,64,0,53,0.08272,0.18128,2.1915
6132,888,2993,fp16,T,N,0,1,513,0.28064,0.28810,1.0266
75,2123,3323,bf16,N,N,8,1,176,0.05315,0.07805,1.4684
694,5308,3243,fp16,T,N,64,0,382,0.25431,0.42576,1.6742
173,13358,1971,bf16,N,N,64,0,174,0.18288,0.43885,2.3997
1333,358,3818,fp16,N,T,0,0,68,0.07702,0.19223,2.4956
6819,91,343,fp16,N,T,64,0,62,0.02586,0.09674,3.7413
13526,88,236,bf16,N,N,1,0,388,0.02691,0.03075,1.1427
739,2020,166,fp32,N,T,8,0,614,0.02842,0.03046,1.0721
3927,252,2130,fp32,N,N,1,1,556,0.14867,0.16403,1.1033
5649,1411,9797,bf16,T,N,0,1,231,1.42087,2.48911,1.7518
7276,1888,6631,fp16,N,N,0,0,358,1.50030,1.60692,1.0711
903,552,1712,bf16,T,N,8,1,476,0.04208,0.04355,1.0350
5649,1411,9797,bf16,T,N,0,0,231,1.41627,2.48853,1.7571
556,677,636,fp32,T,T,8,0,82,0.02451,0.04525,1.8460
1328,143,9192,fp16,T,N,0,1,258,0.08954,0.40314,4.5025
4372,2471,825,bf16,N,N,64,1,166,0.22205,0.30723,1.3836
172,1702,10175,fp32,N,T,64,1,612,0.23786,0.31610,1.3289
6132,888,2993,fp16,T,N,0,0,513,0.28163,0.29191,1.0365
108,1438,15336,bf16,T,N,8,1,247,0.14071,1.00238,7.1239
1259,4405,2183,fp32,T,T,8,0,82,0.67636,0.70397,1.0408
15363,9972,2458,bf16,T,N,0,0,332,5.49722,6.28680,1.1436
12995,245,3410,bf16,N,T,1,1,57,0.27901,0.28807,1.0325
241,661,216,fp32,N,T,64,1,612,0.01066,0.01091,1.0240
72,1869,12307,bf16,N,N,1,0,176,0.10531,0.13808,1.3112
584,1647,1015,fp32,T,T,64,0,82,0.07885,0.11290,1.4318
315,485,67,fp16,T,T,64,0,53,0.01046,0.01542,1.4740
198,709,9383,bf16,N,N,8,1,176,0.08490,0.10973,1.2925
910,225,3632,bf16,T,N,64,0,244,0.06112,0.19936,3.2618
236,487,649,fp16,T,N,1,1,245,0.01734,0.01674,0.9649
633,82,73,fp16,T,N,64,1,245,0.01011,0.00970,0.9589
4635,388,214,bf16,N,N,8,1,273,0.02150,0.03328,1.5476
7033,225,296,fp16,N,N,1,0,90,0.03706,0.13008,3.5104
11756,2334,9582,bf16,N,N,64,0,166,4.23462,4.32102,1.0204
170,1352,138,bf16,N,N,64,0,388,0.01024,0.00912,0.8906
4408,5521,751,fp32,T,T,8,0,82,0.99543,1.06551,1.0704
3654,188,2292,fp16,N,T,1,1,68,0.06576,0.22855,3.4754
13506,115,141,bf16,T,N,1,0,231,0.02838,0.03434,1.2097
8689,3620,162,fp16,N,T,64,0,62,0.26381,0.35600,1.3495
78,969,72,bf16,T,N,0,1,231,0.01034,0.01082,1.0464
13045,6705,1231,bf16,N,N,0,1,166,2.05323,2.41493,1.1762
1328,143,9192,fp16,T,N,64,0,258,0.09082,0.40461,4.4553
865,7538,5974,fp32,N,N,64,1,556,2.05387,3.15506,1.5362
1920,1284,150,bf16,N,T,1,0,57,0.03997,0.04208,1.0528
287,655,179,fp16,N,T,64,1,62,0.01037,0.01133,1.0926
91,853,730,bf16,T,T,0,0,39,0.01894,0.01850,0.9764
163,2986,4127,fp16,N,T,64,0,70,0.09098,0.26160,2.8755
300,14986,4110,fp16,N,N,1,1,98,0.49764,0.64228,1.2907
169,212,5710,fp16,T,T,64,0,88,0.09107,0.20035,2.1999
69,115,8793,fp32,T,N,64,1,519,0.12205,0.14746,1.2082
280,799,15061,fp16,N,T,8,1,70,0.23117,0.46605,2.0161
64,1601,11248,fp32,N,T,8,0,612,0.11181,0.17575,1.5718
3624,6413,257,fp16,T,T,0,0,53,0.29965,0.83681,2.7926
492,3429,102,fp16,N,T,0,0,62,0.02630,0.02832,1.0766
1668,871,185,fp32,T,N,0,0,519,0.02688,0.03107,1.1560
124,1553,1018,fp16,T,T,64,1,53,0.02320,0.11318,4.8787
1286,649,13014,fp32,N,N,8,1,556,0.62557,0.93908,1.5012
6083,739,2176,fp32,T,N,8,0,519,0.54148,0.57495,1.0618
106,13780,287,fp32,T,T,8,0,82,0.05318,0.08403,1.5800
173,946,229,fp16,T,T,64,1,53,0.01213,0.03142,2.5910
553,12216,462,fp16,T,T,64,0,88,0.10099,0.36650,3.6290
945,83,3339,bf16,T,N,1,0,244,0.04493,0.08314,1.8504
5461,7768,303,bf16,N,T,8,0,201,0.42003,0.53703,1.2785
470,4385,2240,fp32,T,T,64,0,82,0.30307,0.42151,1.3908
1918,560,85,bf16,T,N,8,0,441,0.01402,0.01581,1.1279
315,485,67,fp16,T,T,8,0,53,0.01034,0.01488,1.4396
771,1203,4548,bf16,T,T,8,0,39,0.15187,0.17587,1.1580
2145,81,194,fp32,N,N,8,1,556,0.01130,0.01635,1.4476
157,265,69,bf16,T,T,8,1,39,0.01085,0.01024,0.9440
358,3706,753,bf16,N,N,64,1,166,0.05251,0.19629,3.7380
72,1869,12307,bf16,N,N,0,0,176,0.10822,0.14381,1.3288
1637,1981,198,fp16,N,N,1,1,90,0.03226,0.03802,1.1786
65,67,161,fp32,T,T,8,1,82,0.01360,0.01491,1.0965
885,9917,1736,fp16,T,N,1,0,245,0.26999,0.29431,1.0901
2229,264,1314,fp32,T,T,1,0,82,0.06707,0.09498,1.4160
1857,1039,2516,fp32,N,N,8,1,556,0.28739,0.40640,1.4141
571,7143,874,fp32,T,N,8,1,519,0.20554,0.21469,1.0445
79,2005,189,fp32,T,T,1,1,82,0.01466,0.01664,1.1354
10450,143,2935,fp16,T,T,1,1,53,0.16010,0.86493,5.4026
106,9251,3855,fp32,N,N,0,1,556,0.26650,0.35424,1.3293
279,2516,163,bf16,T,N,1,0,332,0.01318,0.01574,1.1942
287,655,179,fp16,N,T,1,1,62,0.01034,0.01082,1.0465
123,128,456,fp16,T,N,0,1,513,0.01165,0.01155,0.9917
461,3942,8040,fp32,N,T,0,1,612,0.77981,0.95271,1.2217
79,2005,189,fp32,T,T,64,0,82,0.01488,0.01699,1.1419
6102,72,153,bf16,T,T,0,0,39,0.01325,0.02029,1.5314
84,166,321,fp16,N,N,1,0,98,0.01238,0.01216,0.9819
2023,496,1395,fp32,N,N,8,1,556,0.10096,0.10435,1.0336
92,7926,4010,fp32,N,N,64,1,558,0.19047,0.26954,1.4152
8689,3620,162,fp16,N,T,64,1,62,0.27367,0.36349,1.3282
5645,1125,164,fp32,N,T,0,1,612,0.08080,0.08739,1.0816
5474,91,4891,bf16,N,N,64,0,176,0.12637,0.27261,2.1573
8476,1093,4411,fp16,N,N,1,0,94,0.71738,0.93117,1.2980
191,87,16126,fp32,N,N,1,0,556,0.09722,0.46519,4.7851
4145,1728,984,fp32,N,N,8,0,556,0.38099,0.38032,0.9982
92,7926,4010,fp32,N,N,0,1,558,0.19034,0.23587,1.2392
810,5773,728,fp16,T,N,0,1,245,0.09475,0.28032,2.9585
12503,3669,15312,fp32,N,N,1,0,556,35.50106,84.85203,2.3901
288,160,202,bf16,T,T,64,1,39,0.01120,0.01104,0.9857
234,6201,1168,fp16,T,T,64,0,53,0.06790,0.29216,4.3025
157,325,1287,bf16,N,T,1,1,62,0.01616,0.01808,1.1188
4119,1654,242,fp16,N,N,8,0,92,0.06874,0.08166,1.1881
5553,595,197,bf16,N,N,8,0,166,0.04051,0.05203,1.2844
13427,8228,983,bf16,T,N,0,1,332,1.86843,1.94075,1.0387
673,2329,89,bf16,N,T,1,0,57,0.02202,0.02368,1.0756
1508,1451,2633,fp32,N,N,64,1,556,0.34794,0.50125,1.4406
276,1315,283,bf16,N,T,8,0,57,0.01632,0.01507,0.9235
118,3392,1395,fp16,N,T,0,0,239,0.03718,0.03914,1.0525
138,13352,2985,fp32,T,T,8,0,82,0.46554,0.85101,1.8280
102,66,75,fp16,N,T,0,0,62,0.00976,0.00861,0.8820
181,2083,150,fp32,T,N,1,1,519,0.01194,0.01286,1.0777
542,1798,2282,bf16,N,T,8,0,62,0.07075,0.25799,3.6463
960,1283,3537,fp16,T,N,1,0,250,0.10938,0.17395,1.5904
1069,558,146,fp32,T,T,64,0,82,0.01718,0.01821,1.0596
507,77,78,fp16,T,T,8,1,53,0.01085,0.01526,1.4071
1322,5299,6071,fp32,T,N,0,1,519,2.23787,2.34226,1.0466
552,6906,842,fp32,T,T,8,0,82,0.20077,0.27603,1.3749
1637,1981,198,fp16,N,N,0,0,90,0.03190,0.03693,1.1575
3221,2116,3329,fp32,T,T,0,1,82,1.26388,1.26462,1.0006
963,1741,728,fp32,T,T,64,1,82,0.09485,0.13894,1.4649
613,72,170,fp16,N,T,0,0,227,0.01011,0.00963,0.9525
116,6642,96,bf16,T,N,1,0,231,0.01334,0.01325,0.9928
452,1657,75,bf16,N,T,0,0,57,0.01360,0.01334,0.9812
1299,2508,11405,fp16,T,T,1,1,53,0.91322,5.63150,6.1666
422,107,1272,fp32,N,N,1,0,556,0.01638,0.01869,1.1406
542,380,1502,fp32,T,T,1,1,82,0.04314,0.07494,1.7374
3258,11435,13198,fp16,T,T,8,1,53,13.55588,59.23785,4.3699
1062,297,6650,bf16,T,N,1,0,247,0.10493,0.54544,5.1982
1408,323,809,fp16,T,N,8,1,249,0.02845,0.02973,1.0450
903,552,1712,bf16,T,N,64,1,476,0.04435,0.04422,0.9971
69,3681,3374,fp32,T,N,8,1,519,0.09322,0.15127,1.6227
910,309,132,fp16,N,N,8,0,94,0.01184,0.02419,2.0433
15363,9972,2458,bf16,T,N,1,1,332,5.54155,6.70920,1.2107
13554,1013,652,fp16,T,N,1,1,245,0.21376,0.24087,1.1268
893,978,1063,bf16,T,N,1,0,238,0.03840,0.03840,1.0000
81,10410,11296,fp32,N,T,1,1,612,0.71767,1.10532,1.5402
1408,323,809,fp16,T,N,0,1,249,0.02851,0.02861,1.0034
1408,323,809,fp16,T,N,0,0,249,0.02749,0.02864,1.0419
10867,322,714,fp32,N,T,1,0,612,0.17459,0.18743,1.0735
2392,96,68,fp16,T,N,1,1,513,0.01072,0.00925,0.8627
14748,1953,7253,fp16,T,N,1,1,245,2.94290,3.36767,1.1443
6780,1116,11361,fp32,T,T,8,1,82,4.70013,4.69706,0.9993
3779,5180,4900,fp32,T,N,1,1,525,4.93617,5.05869,1.0248
180,1014,142,fp16,T,T,64,1,88,0.01130,0.02195,1.9434
2987,147,5597,fp16,T,N,1,0,258,0.13184,0.23178,1.7580
1062,297,6650,bf16,T,N,0,0,247,0.10362,0.54653,5.2746
15865,5520,663,fp32,T,N,0,1,525,2.97845,3.05385,1.0253
2304,11397,12082,fp32,T,T,8,0,82,16.30790,16.35427,1.0028
394,345,390,fp32,T,T,1,1,82,0.01776,0.02400,1.3514
102,506,3687,fp32,N,N,8,1,556,0.04950,0.05306,1.0718
440,10642,246,fp16,T,N,8,0,245,0.05837,0.07373,1.2632
932,351,855,fp32,N,T,64,1,612,0.02826,0.04416,1.5628
2793,1904,3830,fp16,T,N,0,1,513,0.36240,0.36525,1.0079
2112,10840,14628,fp32,T,T,1,0,82,16.93338,17.41648,1.0285
2112,10840,14628,fp32,T,T,0,0,82,16.88544,17.27731,1.0232
2392,96,68,fp16,T,N,8,1,513,0.01024,0.00870,0.8500
1557,4472,5976,fp16,N,N,64,1,352,0.66013,1.15716,1.7529
113,1911,1120,fp16,N,N,1,1,97,0.02909,0.03568,1.2266
155,5445,329,fp32,N,T,8,1,612,0.03360,0.03766,1.1210
652,81,3181,fp32,T,T,64,1,82,0.07859,0.16915,2.1523
588,1107,7070,bf16,N,N,0,1,176,0.16042,0.29594,1.8448
8860,5018,227,fp32,T,N,64,1,519,0.55319,0.61623,1.1140
1541,254,10050,fp16,T,T,64,1,88,0.17997,0.76650,4.2591
84,166,321,fp16,N,N,8,1,98,0.01290,0.01254,0.9727
332,100,81,fp16,T,T,1,0,53,0.01110,0.01805,1.6253
2630,128,15222,fp16,T,T,8,0,88,0.25555,1.22958,4.8114
78,737,6525,fp16,N,N,8,0,103,0.04598,0.04538,0.9868
77,2427,1756,bf16,T,T,8,1,39,0.03814,0.05024,1.3171
1450,5583,1655,fp16,N,T,1,0,62,0.29959,0.98599,3.2912
68,4264,2180,fp16,T,N,1,0,572,0.04294,0.05322,1.2392
9143,2008,659,fp16,T,T,0,1,53,0.29783,1.58868,5.3343
157,325,1287,bf16,N,T,1,0,62,0.01549,0.01805,1.1653
315,485,67,fp16,T,T,1,0,53,0.00998,0.01389,1.3910
173,4117,313,bf16,T,T,64,1,39,0.01901,0.02630,1.3838
214,127,1798,fp16,N,N,8,1,103,0.01498,0.02179,1.4551
14018,4072,95,fp16,N,N,64,0,358,0.30771,0.30848,1.0025
78,7756,2424,fp16,N,N,64,0,232,0.06822,0.10170,1.4906
163,2986,4127,fp16,N,T,8,0,70,0.09818,0.28858,2.9394
11756,2334,9582,bf16,N,N,1,1,166,4.43495,4.83066,1.0892
2304,11397,12082,fp32,T,T,0,0,82,16.27395,16.28649,1.0008
5833,6565,3145,fp32,N,T,8,0,612,6.21057,6.51704,1.0493
14377,248,85,fp32,T,N,8,0,525,0.03024,0.03651,1.2074
173,946,229,fp16,T,T,0,0,53,0.01213,0.03136,2.5858
3764,9240,190,fp32,N,T,8,0,616,0.40339,0.50180,1.2439
305,313,6339,bf16,N,N,1,1,176,0.04842,0.04554,0.9405
771,1203,4548,bf16,T,T,64,1,39,0.15536,0.17696,1.1390
709,413,1765,fp16,N,N,0,1,97,0.03904,0.06570,1.6828
77,2427,1756,bf16,T,T,1,1,39,0.04077,0.05139,1.2606
858,71,97,fp32,N,T,0,1,612,0.01110,0.00864,0.7781
243,691,7352,fp32,N,T,0,1,612,0.11904,0.12192,1.0242
13554,1013,652,fp16,T,N,1,0,245,0.21331,0.23885,1.1197
1557,4472,5976,fp16,N,N,8,1,352,0.63600,1.07790,1.6948
9525,12110,133,fp32,T,N,0,1,519,0.92679,1.24647,1.3449
12333,1523,5555,fp32,N,T,0,0,612,5.32449,5.61569,1.0547
871,424,270,bf16,N,N,1,1,388,0.01242,0.01229,0.9897
1322,5299,6071,fp32,T,N,1,1,519,2.23454,2.34091,1.0476
5553,595,197,bf16,N,N,8,1,166,0.04163,0.05325,1.2790
74,562,163,bf16,N,N,64,0,166,0.01206,0.01162,0.9629
471,194,2980,bf16,T,T,1,1,39,0.05206,0.06154,1.1819
542,380,1502,fp32,T,T,8,0,82,0.04349,0.07475,1.7189
15593,597,2184,fp32,T,N,8,0,519,1.12564,1.15802,1.0288
903,552,1712,bf16,T,N,1,1,476,0.04432,0.04470,1.0087
492,8165,136,fp16,N,N,0,0,94,0.04509,0.04922,1.0916
83,10068,679,fp16,T,N,8,0,382,0.03770,0.03882,1.0297
5710,10169,12360,bf16,T,N,1,1,231,9.88801,17.78193,1.7983
422,107,1272,fp32,N,N,0,1,556,0.01619,0.01846,1.1403
3490,818,480,fp32,T,N,8,1,519,0.08269,0.08602,1.0402
3754,5746,297,bf16,N,T,1,1,57,0.24919,0.38618,1.5498
3417,692,141,fp32,N,N,8,0,556,0.03456,0.04179,1.2093
2166,573,8877,fp32,T,T,64,0,82,0.60004,0.59885,0.9980
9143,2008,659,fp16,T,T,8,1,53,0.29098,1.58536,5.4484
284,9469,2166,fp32,T,T,0,0,82,0.39021,0.57466,1.4727
108,1438,15336,bf16,T,N,1,0,247,0.15043,1.07422,7.1408
92,7926,4010,fp32,N,N,64,0,558,0.19072,0.26797,1.4050
1541,254,10050,fp16,T,T,8,0,88,0.18042,0.76493,4.2398
108,1200,435,fp32,T,T,0,1,82,0.01962,0.02573,1.3116
7563,365,4501,fp16,N,N,64,1,97,0.27741,2.38043,8.5809
871,424,270,bf16,N,N,0,0,388,0.01309,0.01197,0.9144
13062,127,4389,bf16,N,T,8,0,62,0.21744,0.21776,1.0015
78,969,72,bf16,T,N,64,0,231,0.01027,0.01072,1.0436
963,1741,728,fp32,T,T,8,0,82,0.09514,0.12730,1.3380
893,978,1063,bf16,T,N,0,1,238,0.03821,0.03782,0.9899
78,969,72,bf16,T,N,1,1,231,0.00992,0.01075,1.0839
75,432,101,bf16,T,T,8,0,39,0.01203,0.01098,0.9122
3927,252,2130,fp32,N,N,64,1,556,0.15014,0.16442,1.0951
1427,2625,352,fp16,T,T,64,0,53,0.05930,0.20013,3.3751
315,485,67,fp16,T,T,1,1,53,0.01027,0.01446,1.4081
637,544,2007,fp16,N,N,1,1,387,0.03763,0.06022,1.6003
299,209,12772,fp32,N,N,64,1,556,0.16077,0.34071,2.1192
102,2607,11429,fp16,T,N,8,0,258,0.16282,1.41908,8.7158
5355,5350,84,fp16,T,N,0,0,245,0.20957,0.39341,1.8772
997,86,451,fp16,T,T,0,1,53,0.01478,0.05325,3.6018
108,1200,435,fp32,T,T,1,0,82,0.01942,0.02614,1.3460
8055,9820,96,bf16,T,T,8,0,39,0.73764,0.90049,1.2208
72,1548,483,bf16,N,N,64,0,273,0.01338,0.01802,1.3469
67,108,1650,fp16,T,N,8,1,387,0.02189,0.02138,0.9766
81,161,209,bf16,T,T,1,0,39,0.01238,0.01165,0.9406
4496,131,5525,bf16,N,N,64,1,176,0.19607,0.21034,1.0728
9676,1302,14020,fp32,N,T,8,1,612,9.27869,9.71831,1.0474
1731,1563,15835,fp32,T,N,1,1,519,2.33151,2.43576,1.0447
1322,5299,6071,fp32,T,N,1,0,519,2.23493,2.34123,1.0476
2098,736,12275,fp16,T,T,64,1,53,0.47719,3.06687,6.4270
300,14986,4110,fp16,N,N,64,0,98,0.42778,0.49229,1.1508
461,3942,8040,fp32,N,T,64,0,612,0.78007,0.94980,1.2176
191,87,16126,fp32,N,N,0,0,556,0.09731,0.45472,4.6728
13526,88,236,bf16,N,N,8,0,388,0.02390,0.02794,1.1687
208,741,1481,fp16,N,T,8,1,68,0.02467,0.04365,1.7691
4985,1124,12879,fp32,N,T,1,1,614,3.66531,5.53086,1.5090
553,12216,462,fp16,T,T,8,0,88,0.09869,0.36541,3.7027
484,4151,623,fp16,N,N,8,1,94,0.05002,0.07853,1.5701
10794,369,212,bf16,T,T,0,1,39,0.06493,0.07562,1.1646
4301,446,6441,fp16,T,T,64,1,53,0.36240,1.92120,5.3013
4245,7628,618,bf16,T,T,0,0,39,0.49236,0.49271,1.0007
105,66,4795,fp16,T,T,0,0,53,0.07440,0.50599,6.8009
1349,78,13119,fp16,T,T,0,1,53,0.22506,1.73185,7.6952
10794,369,212,bf16,T,T,8,1,39,0.06938,0.07443,1.0729
471,194,2980,bf16,T,T,64,1,39,0.05216,0.06176,1.1841
110,3060,213,bf16,N,T,64,0,57,0.01379,0.01414,1.0255
67,1967,82,bf16,N,N,1,1,166,0.01059,0.01686,1.5922
3677,14736,86,fp32,T,T,1,1,82,0.46186,0.59060,1.2787
4496,131,5525,bf16,N,N,1,1,176,0.18480,0.19891,1.0764
817,809,5759,fp16,T,N,8,1,255,0.15162,0.19136,1.2621
885,9917,1736,fp16,T,N,0,0,245,0.28720,0.30039,1.0459
2936,90,2367,bf16,N,T,64,1,62,0.04947,0.11539,2.3325
4178,132,72,bf16,T,T,1,0,39,0.01158,0.01539,1.3287
3200,1083,12079,fp32,N,T,8,0,612,2.23202,4.80250,2.1516
743,5112,14516,bf16,T,T,0,0,39,1.18231,1.19950,1.0145
108,1438,15336,bf16,T,N,0,1,247,0.14115,0.99847,7.0737
15593,597,2184,fp32,T,N,0,0,519,1.12378,1.15706,1.0296
123,128,456,fp16,T,N,1,1,513,0.01155,0.01158,1.0028
5833,6565,3145,fp32,N,T,1,1,612,6.20344,6.52664,1.0521
751,126,226,bf16,T,T,0,0,39,0.01216,0.01120,0.9211
858,71,97,fp32,N,T,64,1,612,0.01056,0.00861,0.8152
280,799,15061,fp16,N,T,1,1,70,0.20544,0.43988,2.1411
102,2607,11429,fp16,T,N,0,0,258,0.16336,1.42324,8.7122
140,105,927,bf16,T,N,64,0,238,0.01616,0.01622,1.0040
83,106,2377,bf16,N,T,0,0,62,0.02141,0.02093,0.9776
68,126,125,fp16,N,N,0,0,98,0.01107,0.02586,2.3352
241,661,216,fp32,N,T,1,0,612,0.01120,0.01014,0.9057
1101,509,1317,fp32,N,N,8,0,556,0.06496,0.06618,1.0187
871,424,270,bf16,N,N,64,1,388,0.01267,0.01171,0.9242
13427,8228,983,bf16,T,N,8,1,332,1.86565,1.87121,1.0030
507,77,78,fp16,T,T,1,0,53,0.01072,0.01568,1.4627
5334,213,96,fp16,T,T,8,0,53,0.01488,0.03290,2.2107
839,245,70,bf16,N,N,0,1,166,0.01062,0.00918,0.8645
5461,7768,303,bf16,N,T,64,0,201,0.45069,0.55642,1.2346
300,14986,4110,fp16,N,N,1,0,98,0.49716,0.64458,1.2965
73,3297,480,bf16,N,N,0,1,166,0.01590,0.01645,1.0342
4831,1856,2415,fp16,N,N,0,1,352,0.39731,0.40301,1.0143
1333,358,3818,fp16,N,T,1,0,68,0.08336,0.24381,2.9248
13371,829,2008,fp32,T,N,8,1,519,1.18321,1.21316,1.0253
13371,829,2008,fp32,T,N,64,1,519,1.18155,1.21319,1.0268
10067,102,162,fp32,N,T,1,1,612,0.02723,0.03584,1.3161
4313,13416,13161,fp16,T,T,1,1,53,21.54916,92.18486,4.2779
75,1579,461,bf16,T,T,64,0,39,0.01664,0.01507,0.9058
163,2986,4127,fp16,N,T,1,1,70,0.07987,0.20135,2.5208
781,544,2681,fp16,T,T,0,0,53,0.06941,0.06950,1.0014
241,661,216,fp32,N,T,8,1,612,0.01104,0.00982,0.8899
11696,460,4637,fp16,N,T,64,1,62,0.55962,0.89114,1.5924
963,1741,728,fp32,T,T,0,1,82,0.09405,0.13645,1.4508
1322,5299,6071,fp32,T,N,8,0,519,2.23528,2.34075,1.0472
208,741,1481,fp16,N,T,64,1,68,0.02538,0.04528,1.7844
82,89,16294,fp32,T,T,0,1,82,0.34813,0.34723,0.9974
14018,4072,95,fp16,N,N,8,1,358,0.29383,0.29405,1.0008
102,66,75,fp16,N,T,1,0,62,0.00800,0.00838,1.0480
2194,3032,13510,bf16,T,N,0,0,441,1.50875,1.60904,1.0665
253,2004,4138,bf16,T,N,0,1,348,0.09312,0.09267,0.9952
5334,213,96,fp16,T,T,0,1,53,0.01174,0.03222,2.7439
14592,8348,2880,fp16,T,N,8,1,382,4.83716,5.03674,1.0413
8689,3620,162,fp16,N,T,0,1,62,0.25610,0.34256,1.3376
850,796,12111,fp16,T,N,64,1,392,0.23261,0.52858,2.2724
817,809,5759,fp16,T,N,0,0,255,0.15117,0.19373,1.2815
652,81,3181,fp32,T,T,1,1,82,0.07776,0.16531,2.1259
392,4831,5134,fp16,T,N,1,0,249,0.25053,2.24037,8.9425
276,1315,283,bf16,N,T,1,0,57,0.01459,0.01411,0.9671
1953,343,1299,bf16,T,N,0,0,239,0.04458,0.13552,3.0402
157,265,69,bf16,T,T,0,0,39,0.00970,0.00874,0.9010
850,98,559,fp32,N,N,0,1,556,0.01280,0.01952,1.5250
10944,9731,585,bf16,N,T,64,1,57,1.58065,1.96801,1.2451
92,15421,95,fp32,T,N,64,0,519,0.02176,0.03027,1.3912
138,13352,2985,fp32,T,T,0,0,82,0.46525,0.84141,1.8085
3025,93,549,fp16,T,T,1,1,53,0.01610,0.06515,4.0477
743,5112,14516,bf16,T,T,8,0,39,1.17815,1.19969,1.0183
4635,388,214,bf16,N,N,8,0,273,0.02221,0.03347,1.5072
1052,415,301,fp16,N,T,64,0,62,0.01632,0.01616,0.9902
1905,4220,624,fp16,T,T,1,1,88,0.14451,0.56234,3.8913
14876,152,14052,bf16,N,T,0,0,212,0.84228,0.84231,1.0000
3083,6539,212,bf16,T,N,0,1,231,0.18563,0.27731,1.4939
6335,2833,802,fp16,T,N,8,0,245,0.29949,0.30445,1.0166
169,212,5710,fp16,T,T,1,0,88,0.08611,0.19997,2.3222
2793,1904,3830,fp16,T,N,0,0,513,0.36243,0.36253,1.0003
2554,9083,2629,fp16,T,N,8,1,245,0.91089,0.95927,1.0531
241,661,216,fp32,N,T,1,1,612,0.01107,0.00998,0.9017
267,2819,1383,fp32,T,T,0,0,82,0.10038,0.15418,1.5359
4496,131,5525,bf16,N,N,64,0,176,0.19360,0.21107,1.0902
1794,257,122,fp16,N,T,8,1,62,0.01238,0.01350,1.0904
9902,313,549,fp16,T,N,8,1,245,0.06800,0.31850,4.6838
68,4264,2180,fp16,T,N,8,1,572,0.04176,0.05203,1.2460
105,66,4795,fp16,T,T,1,0,53,0.07398,0.46448,6.2781
65,67,161,fp32,T,T,8,0,82,0.01427,0.01462,1.0246
218,482,1298,bf16,T,T,0,1,39,0.02688,0.02656,0.9881
3083,6539,212,bf16,T,N,0,0,231,0.18608,0.28611,1.5376
3363,1686,246,bf16,N,T,64,1,57,0.06509,0.09818,1.5084
1577,1968,376,fp16,T,N,64,0,513,0.03507,0.04272,1.2181
1286,649,13014,fp32,N,N,8,0,556,0.62503,0.97738,1.5637
12333,1523,5555,fp32,N,T,64,0,612,5.31943,5.61851,1.0562
2229,264,1314,fp32,T,T,8,0,82,0.06749,0.09507,1.4087
1281,1312,87,bf16,T,T,1,0,39,0.02298,0.02246,0.9777
5704,6966,12644,bf16,T,T,1,0,39,8.64925,14.63755,1.6923
748,12451,10274,fp16,T,T,8,0,53,2.44395,12.36909,5.0611
218,482,1298,bf16,T,T,8,1,39,0.02685,0.02646,0.9857
118,3392,1395,fp16,N,T,64,0,239,0.03808,0.03949,1.0370
253,2004,4138,bf16,T,N,1,1,348,0.09494,0.09949,1.0479
296,15994,4060,fp32,N,T,0,1,612,1.15886,1.96984,1.6998
10349,149,795,fp16,N,N,8,0,97,0.06714,0.07837,1.1673
175,290,14749,bf16,N,N,0,0,176,0.07632,0.07648,1.0021
997,86,451,fp16,T,T,1,0,53,0.01571,0.05072,3.2281
960,1283,3537,fp16,T,N,64,0,250,0.10954,0.16077,1.4677
69,308,164,bf16,T,T,0,1,39,0.01203,0.01091,0.9069
13506,115,141,bf16,T,N,64,0,231,0.03117,0.04010,1.2865
243,691,7352,fp32,N,T,64,0,612,0.11837,0.12480,1.0543
2308,2440,251,bf16,N,N,64,1,388,0.05386,0.05312,0.9863
183,603,4630,fp16,T,N,0,0,258,0.06512,0.07091,1.0889
739,2020,166,fp32,N,T,8,1,614,0.02666,0.02992,1.1224
2145,81,194,fp32,N,N,1,0,556,0.00912,0.01632,1.7895
448,152,457,fp32,N,N,8,0,562,0.01066,0.01091,1.0240
16353,1104,98,bf16,N,N,0,1,388,0.09731,0.10294,1.0579
16276,71,213,fp16,T,N,1,1,245,0.02611,0.04922,1.8848
332,645,1646,fp32,T,N,64,1,519,0.03629,0.03568,0.9832
260,1393,258,bf16,T,N,0,1,231,0.01574,0.01466,0.9309
2793,1904,3830,fp16,T,N,1,0,513,0.36810,0.37283,1.0129
79,2005,189,fp32,T,T,0,1,82,0.01411,0.01626,1.1519
82,12158,254,bf16,N,T,64,1,57,0.03302,0.03744,1.1337
151,364,1623,bf16,N,T,8,0,62,0.02218,0.02490,1.1226
81,161,209,bf16,T,T,64,0,39,0.01286,0.01110,0.8632
4301,446,6441,fp16,T,T,8,1,53,0.35818,1.92763,5.3818
231,12672,8358,fp16,T,N,1,0,519,0.40413,0.43114,1.0668
3507,75,366,fp32,N,T,8,0,612,0.01728,0.02314,1.3389
1508,1451,2633,fp32,N,N,8,0,556,0.35095,0.49556,1.4121
77,2427,1756,bf16,T,T,1,0,39,0.04122,0.05133,1.2453
3200,1083,12079,fp32,N,T,64,1,612,2.23509,5.09959,2.2816
1101,509,1317,fp32,N,N,64,1,556,0.06349,0.06557,1.0328
633,82,73,fp16,T,N,0,0,245,0.00845,0.00922,1.0909
276,1315,283,bf16,N,T,8,1,57,0.01565,0.01517,0.9693
68,1420,259,bf16,T,T,8,0,39,0.01130,0.01178,1.0425
8055,9820,96,bf16,T,T,1,1,39,0.86429,1.09073,1.2620
3490,818,480,fp32,T,N,8,0,519,0.08374,0.08586,1.0252
10450,143,2935,fp16,T,T,1,0,53,0.15603,0.86410,5.5379
173,13358,1971,bf16,N,N,1,0,174,0.16125,0.40896,2.5362
195,577,7106,fp32,T,T,64,1,82,0.16125,0.34791,2.1576
4408,5521,751,fp32,T,T,1,1,82,0.99710,1.07182,1.0749
644,380,9280,fp32,N,N,1,0,564,0.20419,0.61197,2.9970
1331,77,2317,fp32,N,N,8,0,556,0.03990,0.06595,1.6528
68,4264,2180,fp16,T,N,0,1,572,0.03968,0.05165,1.3016
635,2023,10079,fp32,T,N,0,1,519,0.85041,1.25915,1.4806
1731,1563,15835,fp32,T,N,64,1,519,2.33186,2.43477,1.0441
8171,5231,330,fp32,T,T,8,1,82,0.79991,0.86823,1.0854
6020,10409,6258,bf16,N,N,64,0,166,5.87732,9.60923,1.6350
5649,1411,9797,bf16,T,N,8,1,231,1.41163,2.47125,1.7506
6335,2833,802,fp16,T,N,0,1,245,0.29607,0.30071,1.0157
448,152,457,fp32,N,N,0,0,562,0.01149,0.01110,0.9666
5355,5350,84,fp16,T,N,1,1,245,0.20784,0.43722,2.1036
3754,5746,297,bf16,N,T,1,0,57,0.24963,0.38660,1.5486
820,218,4672,bf16,T,T,0,1,39,0.07875,0.11197,1.4218
11696,460,4637,fp16,N,T,64,0,62,0.56384,0.88535,1.5702
260,1393,258,bf16,T,N,1,1,231,0.01555,0.01514,0.9732
910,309,132,fp16,N,N,1,0,94,0.01117,0.02371,2.1232
5161,287,8138,bf16,N,T,64,1,62,0.32557,0.33347,1.0243
8860,5018,227,fp32,T,N,8,1,519,0.55290,0.61338,1.1094
1191,1174,292,fp32,N,T,8,1,612,0.03747,0.04650,1.2408
288,160,202,bf16,T,T,64,0,39,0.01248,0.01107,0.8872
10867,322,714,fp32,N,T,8,1,612,0.17399,0.18666,1.0728
456,2763,2903,fp32,N,T,0,0,612,0.25994,0.32042,1.2327
542,1798,2282,bf16,N,T,64,0,62,0.07066,0.25856,3.6594
634,7223,271,fp16,T,T,1,1,53,0.04848,0.17837,3.6792
2304,11397,12082,fp32,T,T,8,1,82,16.29974,16.33040,1.0019
2023,496,1395,fp32,N,N,0,0,556,0.10010,0.10269,1.0259
68,126,125,fp16,N,N,0,1,98,0.01117,0.02576,2.3066
77,2427,1756,bf16,T,T,0,1,39,0.03926,0.05050,1.2861
2081,246,88,fp32,N,T,1,0,612,0.01142,0.01184,1.0364
6487,5468,7184,bf16,T,N,0,1,332,3.66272,3.99571,1.0909
2081,246,88,fp32,N,T,64,0,612,0.01158,0.01187,1.0249
188,7399,144,fp32,N,N,8,0,556,0.02291,0.02294,1.0014
13526,88,236,bf16,N,N,0,1,388,0.02330,0.02678,1.1497
2825,1283,1943,fp32,T,N,1,1,519,0.40487,0.43690,1.0791
1408,323,809,fp16,T,N,8,0,249,0.02762,0.02848,1.0313
4985,1124,12879,fp32,N,T,64,0,614,3.67401,7.03183,1.9139
100,3600,1323,bf16,N,T,1,1,212,0.03190,0.03226,1.0110
8055,9820,96,bf16,T,T,64,0,39,0.77207,0.94010,1.2176
231,12672,8358,fp16,T,N,0,1,519,0.39843,0.41658,1.0455
3978,653,124,fp16,T,N,64,0,245,0.03533,0.03651,1.0335
4408,5521,751,fp32,T,T,64,0,82,0.99937,1.04922,1.0499
1351,7364,3868,fp32,N,N,8,1,556,2.07528,2.79241,1.3456
6821,1559,981,fp16,T,T,1,1,53,0.22432,1.35684,6.0486
7563,365,4501,fp16,N,N,1,0,97,0.25607,2.38066,9.2971
3258,11435,13198,fp16,T,T,0,1,53,12.87021,59.22033,4.6013
7864,2552,161,fp32,N,T,1,1,616,0.22368,0.28813,1.2881
113,1911,1120,fp16,N,N,1,0,97,0.02854,0.03498,1.2253
110,3060,213,bf16,N,T,0,0,57,0.01258,0.01414,1.1247
7033,225,296,fp16,N,N,1,1,90,0.03616,0.12992,3.5929
92,113,458,bf16,T,N,64,0,231,0.01219,0.01213,0.9947
613,72,170,fp16,N,T,0,1,227,0.00838,0.00918,1.0954
4301,446,6441,fp16,T,T,1,0,53,0.34586,1.89057,5.4663
2554,9083,2629,fp16,T,N,64,0,245,0.90365,0.95322,1.0549
4018,68,75,fp16,N,T,0,1,62,0.00886,0.01427,1.6101
77,2427,1756,bf16,T,T,64,1,39,0.03776,0.05034,1.3330
10450,143,2935,fp16,T,T,8,0,53,0.16880,0.86682,5.1352
68,4264,2180,fp16,T,N,1,1,572,0.04141,0.05386,1.3006
3624,6413,257,fp16,T,T,8,0,53,0.30138,0.83159,2.7593
65,215,99,fp32,N,N,8,0,556,0.00800,0.00829,1.0360
1259,4405,2183,fp32,T,T,64,0,82,0.67642,0.70452,1.0415
490,2629,296,fp32,N,T,64,1,612,0.03635,0.03962,1.0898
1322,5299,6071,fp32,T,N,8,1,519,2.23646,2.34098,1.0467
308,1820,255,fp32,T,N,64,0,539,0.01770,0.02304,1.3020
106,13780,287,fp32,T,T,0,1,82,0.05229,0.08368,1.6004
5161,287,8138,bf16,N,T,8,1,62,0.31127,0.31405,1.0089
1069,558,146,fp32,T,T,8,1,82,0.01664,0.01824,1.0962
8349,305,400,fp16,N,N,8,1,90,0.04941,0.05341,1.0810
6821,1559,981,fp16,T,T,1,0,53,0.22496,1.35854,6.0390
2509,994,505,fp16,T,T,64,1,53,0.04966,0.20275,4.0825
584,1647,1015,fp32,T,T,0,1,82,0.07843,0.11123,1.4182
347,431,276,bf16,T,T,8,1,39,0.01302,0.01168,0.8968
279,2516,163,bf16,T,N,64,0,332,0.01293,0.01590,1.2302
118,1847,65,fp32,T,N,64,1,519,0.00925,0.00877,0.9481
13066,143,1967,bf16,T,N,64,0,238,0.11450,0.12669,1.1065
13526,88,236,bf16,N,N,1,1,388,0.02573,0.03126,1.2152
847,2812,2262,fp32,T,T,8,0,82,0.31219,0.38864,1.2449
1442,6614,224,fp16,T,N,0,1,245,0.07754,0.38288,4.9381
858,71,97,fp32,N,T,1,1,612,0.00883,0.00848,0.9601
108,1200,435,fp32,T,T,0,0,82,0.01923,0.02525,1.3128
280,799,15061,fp16,N,T,64,1,70,0.22739,0.46992,2.0666
586,1349,397,bf16,T,N,8,0,231,0.02314,0.02579,1.1148
124,87,7777,fp32,T,N,64,0,519,0.10512,0.12918,1.2289
8055,9820,96,bf16,T,T,1,0,39,0.86401,1.11249,1.2876
231,12672,8358,fp16,T,N,64,1,519,0.40064,0.42416,1.0587
157,325,1287,bf16,N,T,64,1,62,0.01683,0.02061,1.2243
3779,5180,4900,fp32,T,N,64,0,525,4.93681,5.04180,1.0213
4660,125,1724,fp16,T,N,8,0,250,0.05658,0.09184,1.6233
173,13358,1971,bf16,N,N,8,0,174,0.16202,0.39847,2.4594
14876,152,14052,bf16,N,T,1,0,212,0.85793,0.86311,1.0060
332,100,81,fp16,T,T,64,0,53,0.01002,0.01754,1.7508
673,2329,89,bf16,N,T,8,0,57,0.02243,0.02534,1.1298
198,709,9383,bf16,N,N,64,0,176,0.08627,0.11123,1.2893
188,7399,144,fp32,N,N,1,1,556,0.02374,0.02336,0.9838
484,4151,623,fp16,N,N,1,1,94,0.04493,0.07002,1.5584
608,673,828,bf16,N,N,1,1,174,0.02643,0.03338,1.2627
172,1702,10175,fp32,N,T,1,0,612,0.22839,0.29456,1.2898
615,4927,7112,fp16,N,T,0,1,62,0.42157,1.93041,4.5791
960,1283,3537,fp16,T,N,0,1,250,0.10851,0.16122,1.4857
2112,10840,14628,fp32,T,T,64,0,82,16.87632,17.23587,1.0213
5169,73,1647,bf16,N,T,64,1,62,0.05008,0.06506,1.2990
1797,409,271,fp32,T,T,64,1,82,0.02221,0.02787,1.2550
3417,692,141,fp32,N,N,64,1,556,0.03555,0.04202,1.1818
910,225,3632,bf16,T,N,64,1,244,0.06099,0.20131,3.3006
81,10410,11296,fp32,N,T,8,1,612,0.71956,0.98746,1.3723
6819,91,343,fp16,N,T,1,0,62,0.02272,0.08874,3.9056
2081,246,88,fp32,N,T,0,0,612,0.01114,0.01206,1.0834
1286,649,13014,fp32,N,N,1,0,556,0.62458,0.94782,1.5175
6780,1116,11361,fp32,T,T,0,0,82,4.69780,4.69450,0.9993
82,12158,254,bf16,N,T,64,0,57,0.03443,0.03798,1.1032
1156,455,723,fp32,T,N,1,0,519,0.03248,0.03846,1.1842
1797,409,271,fp32,T,T,1,0,82,0.02275,0.02755,1.2110
4408,5521,751,fp32,T,T,0,0,82,0.99367,1.08356,1.0905
69,308,164,bf16,T,T,0,0,39,0.01258,0.00938,0.7455
423,1147,3942,fp32,N,N,1,0,556,0.16426,0.17533,1.0674
296,15994,4060,fp32,N,T,64,1,612,1.16055,1.98821,1.7132
65,67,161,fp32,T,T,1,0,82,0.01312,0.01379,1.0512
932,351,855,fp32,N,T,0,1,612,0.02746,0.04336,1.5792
858,71,97,fp32,N,T,0,0,612,0.00829,0.00842,1.0155
12995,245,3410,bf16,N,T,1,0,57,0.27795,0.26957,0.9698
203,127,13692,bf16,N,N,1,1,176,0.04160,0.04067,0.9777
470,4385,2240,fp32,T,T,0,1,82,0.30253,0.41412,1.3688
2825,1283,1943,fp32,T,N,8,1,519,0.40381,0.43805,1.0848
4496,131,5525,bf16,N,N,8,1,176,0.19511,0.20880,1.0702
3258,11435,13198,fp16,T,T,1,1,53,14.18517,59.28212,4.1792
2067,806,864,fp16,T,N,64,1,249,0.05402,0.13927,2.5782
81,10410,11296,fp32,N,T,1,0,612,0.71773,1.10894,1.5451
308,1820,255,fp32,T,N,0,0,539,0.01731,0.02246,1.2976
199,5202,11677,fp16,T,T,64,0,53,0.43031,2.81673,6.5458
332,645,1646,fp32,T,N,64,0,519,0.03571,0.03587,1.0045
4301,446,6441,fp16,T,T,1,1,53,0.34269,1.89246,5.5224
7273,9312,349,fp32,T,N,0,1,525,1.23201,1.33822,1.0862
1156,455,723,fp32,T,N,1,1,519,0.03216,0.03850,1.1970
364,190,834,fp16,T,N,1,0,249,0.01747,0.01741,0.9963
105,66,4795,fp16,T,T,64,0,53,0.07392,0.52890,7.1550
308,1820,255,fp32,T,N,64,1,539,0.01744,0.02317,1.3284
2081,246,88,fp32,N,T,64,1,612,0.01101,0.01181,1.0727
199,5202,11677,fp16,T,T,0,1,53,0.43296,2.81845,6.5097
116,6642,96,bf16,T,N,0,1,231,0.01216,0.01286,1.0579
1101,509,1317,fp32,N,N,1,0,556,0.06410,0.06541,1.0205
10794,369,212,bf16,T,T,1,0,39,0.06544,0.07309,1.1169
871,424,270,bf16,N,N,8,0,388,0.01152,0.01162,1.0084
100,3600,1323,bf16,N,T,64,1,212,0.03453,0.03498,1.0130
885,9917,1736,fp16,T,N,64,0,245,0.28653,0.29776,1.0392
13427,8228,983,bf16,T,N,1,1,332,1.95986,1.95842,0.9993
284,9469,2166,fp32,T,T,0,1,82,0.38803,0.57600,1.4844
280,799,15061,fp16,N,T,0,0,70,0.23037,0.46887,2.0353
151,387,3370,fp32,T,T,1,1,82,0.08035,0.16371,2.0374
188,7399,144,fp32,N,N,8,1,556,0.02314,0.02253,0.9737
1052,415,301,fp16,N,T,8,0,62,0.01600,0.01562,0.9760
2932,839,440,fp32,N,T,0,1,612,0.07971,0.09421,1.1819
5169,73,1647,bf16,N,T,0,0,62,0.05126,0.06982,1.3620
3200,1083,12079,fp32,N,T,0,0,612,2.23090,4.69258,2.1035
13212,451,153,fp16,N,T,0,1,62,0.07651,0.09616,1.2568
748,12451,10274,fp16,T,T,1,1,53,2.38568,12.36710,5.1839
2194,3032,13510,bf16,T,N,64,1,441,1.50926,1.59416,1.0563
195,577,7106,fp32,T,T,1,1,82,0.16183,0.35290,2.1807
253,2004,4138,bf16,T,N,1,0,348,0.09363,0.09728,1.0390
13371,829,2008,fp32,T,N,0,1,519,1.18270,1.21380,1.0263
92,113,458,bf16,T,N,64,1,231,0.01274,0.01274,1.0000
64,1601,11248,fp32,N,T,64,0,612,0.11258,0.17975,1.5966
571,639,6699,fp32,T,N,1,0,519,0.15280,0.28461,1.8626
370,419,690,fp16,T,N,0,1,245,0.01923,0.01846,0.9601
553,12216,462,fp16,T,T,8,1,88,0.09898,0.36519,3.6896
2356,240,518,fp32,T,N,1,0,539,0.02758,0.03446,1.2494
15363,9972,2458,bf16,T,N,1,0,332,5.55553,6.70693,1.2073
808,5642,5457,bf16,T,T,64,0,39,0.57357,0.57210,0.9974
484,4151,623,fp16,N,N,8,0,94,0.04586,0.07853,1.7125
820,218,4672,bf16,T,T,64,1,39,0.08067,0.11475,1.4225
138,13352,2985,fp32,T,T,1,0,82,0.46980,0.84529,1.7993
3056,3626,13129,fp32,T,N,1,0,519,7.52614,7.88345,1.0475
490,2629,296,fp32,N,T,8,1,612,0.03760,0.03850,1.0238
64,1601,11248,fp32,N,T,64,1,612,0.11405,0.18083,1.5856
484,4151,623,fp16,N,N,64,1,94,0.05206,0.09219,1.7707
181,562,181,bf16,T,T,64,0,39,0.01350,0.01187,0.8792
13526,88,236,bf16,N,N,0,0,388,0.02362,0.02752,1.1653
1778,253,115,bf16,T,T,8,0,39,0.01414,0.01232,0.8710
183,603,4630,fp16,T,N,1,1,258,0.06211,0.06973,1.1226
1532,12804,528,fp16,N,T,1,0,62,0.30192,1.00596,3.3319
73,3297,480,bf16,N,N,1,1,166,0.01728,0.01661,0.9611
12995,245,3410,bf16,N,T,0,1,57,0.24858,0.24848,0.9996
151,387,3370,fp32,T,T,0,0,82,0.08118,0.16307,2.0087
203,127,13692,bf16,N,N,8,1,176,0.03926,0.03965,1.0098
1611,190,1342,fp32,N,T,64,1,612,0.03539,0.05104,1.4421
15363,9972,2458,bf16,T,N,8,0,332,5.48494,6.32635,1.1534
1692,931,70,fp32,T,T,1,1,82,0.02131,0.02509,1.1772
93,788,1149,fp32,T,T,64,0,82,0.03517,0.05690,1.6178
174,9664,2038,bf16,N,T,64,1,212,0.10170,0.19853,1.9522
13554,1013,652,fp16,T,N,64,1,245,0.21264,0.24247,1.1403
69,3681,3374,fp32,T,N,64,1,519,0.09213,0.15079,1.6367
4178,132,72,bf16,T,T,8,0,39,0.01155,0.01530,1.3241
3507,75,366,fp32,N,T,0,1,612,0.01709,0.02214,1.2959
300,14986,4110,fp16,N,N,8,1,98,0.42730,0.50292,1.1770
910,309,132,fp16,N,N,1,1,94,0.01219,0.02422,1.9869
5553,595,197,bf16,N,N,1,1,166,0.03782,0.05078,1.3426
69,308,164,bf16,T,T,8,1,39,0.01245,0.01158,0.9306
366,16110,95,bf16,T,N,64,1,231,0.05882,0.06314,1.0734
81,10410,11296,fp32,N,T,0,1,612,0.71361,0.96801,1.3565
75,432,101,bf16,T,T,0,0,39,0.01149,0.00992,0.8635
4496,131,5525,bf16,N,N,0,1,176,0.19863,0.21168,1.0657
1483,746,6507,fp16,N,N,64,1,101,0.16890,0.47364,2.8043
1281,1312,87,bf16,T,T,1,1,39,0.02310,0.02218,0.9598
151,387,3370,fp32,T,T,64,1,82,0.08131,0.16458,2.0240
64,1601,11248,fp32,N,T,0,0,612,0.10758,0.17760,1.6508
16353,1104,98,bf16,N,N,1,0,388,0.11238,0.11882,1.0572
108,1200,435,fp32,T,T,8,1,82,0.02010,0.02573,1.2803
78,7756,2424,fp16,N,N,8,0,232,0.07024,0.10195,1.4515
542,380,1502,fp32,T,T,0,0,82,0.04365,0.07610,1.7434
130,1916,359,bf16,T,N,1,0,332,0.01635,0.01834,1.1213
1692,931,70,fp32,T,T,8,0,82,0.02179,0.02618,1.2012
4660,125,1724,fp16,T,N,0,0,250,0.05619,0.09130,1.6247
3507,75,366,fp32,N,T,1,0,612,0.01715,0.02240,1.3060
1953,343,1299,bf16,T,N,0,1,239,0.04570,0.13584,2.9727
1352,1047,6228,fp16,N,N,1,1,101,0.24307,0.46720,1.9221
1920,1284,150,bf16,N,T,0,1,57,0.03805,0.04144,1.0891
6083,739,2176,fp32,T,N,8,1,519,0.54084,0.57488,1.0630
140,105,927,bf16,T,N,0,0,238,0.01635,0.01603,0.9804
771,1203,4548,bf16,T,T,64,0,39,0.15479,0.17722,1.1449
93,788,1149,fp32,T,T,1,1,82,0.03494,0.05584,1.5980
13045,6705,1231,bf16,N,N,8,1,166,2.10584,2.42085,1.1496
1844,165,356,fp16,T,T,64,1,53,0.01373,0.04397,3.2028
308,1820,255,fp32,T,N,8,0,539,0.01811,0.02269,1.2526
3654,188,2292,fp16,N,T,8,0,68,0.06086,0.18067,2.9685
5553,595,197,bf16,N,N,64,1,166,0.04291,0.05350,1.2468
5209,1425,13848,bf16,T,T,64,0,39,2.10290,2.30271,1.0950
296,15994,4060,fp32,N,T,64,0,612,1.16689,2.11586,1.8132
1259,4405,2183,fp32,T,T,0,1,82,0.67658,0.70465,1.0415
7273,9312,349,fp32,T,N,1,1,525,1.25777,1.38011,1.0973
157,265,69,bf16,T,T,64,1,39,0.01027,0.01034,1.0062
7273,9312,349,fp32,T,N,8,0,525,1.23966,1.36494,1.1011
5710,10169,12360,bf16,T,N,8,0,231,9.94773,18.62977,1.8728
1328,143,9192,fp16,T,N,1,1,258,0.09670,0.40627,4.2012
260,1393,258,bf16,T,N,64,0,231,0.01629,0.01552,0.9528
936,2757,72,fp16,N,T,0,0,62,0.03056,0.03824,1.2513
673,2329,89,bf16,N,T,64,0,57,0.02374,0.02515,1.0593
344,9455,1072,bf16,T,N,1,1,231,0.09715,0.27488,2.8294
147,1368,2827,bf16,T,N,8,0,489,0.04250,0.04090,0.9623
1352,1047,6228,fp16,N,N,64,1,101,0.23757,0.45437,1.9126
668,13726,229,bf16,N,N,64,1,166,0.10320,0.14672,1.4217
440,10642,246,fp16,T,N,1,1,245,0.05962,0.08163,1.3693
4985,1124,12879,fp32,N,T,0,1,614,3.67772,7.10351,1.9315
175,290,14749,bf16,N,N,0,1,176,0.07606,0.07462,0.9811
82,89,16294,fp32,T,T,64,0,82,0.34813,0.34823,1.0003
1352,1047,6228,fp16,N,N,64,0,101,0.23552,0.45255,1.9215
548,9016,482,fp32,T,T,64,0,82,0.16058,0.19114,1.1903
234,6201,1168,fp16,T,T,8,0,53,0.06058,0.29312,4.8389
173,946,229,fp16,T,T,1,0,53,0.01200,0.03027,2.5226
1281,1312,87,bf16,T,T,8,1,39,0.02106,0.01958,0.9301
117,12499,68,fp32,T,N,1,0,519,0.01866,0.01811,0.9708
14876,152,14052,bf16,N,T,8,0,212,0.84317,0.84333,1.0002
4245,7628,618,bf16,T,T,8,1,39,0.49927,0.49773,0.9969
1611,190,1342,fp32,N,T,8,1,612,0.03654,0.05280,1.4448
3779,5180,4900,fp32,T,N,8,1,525,4.93287,5.04359,1.0224
700,397,123,bf16,T,T,0,0,39,0.01203,0.01107,0.9202
4124,1181,69,fp16,T,T,1,1,53,0.06262,0.06659,1.0634
174,9664,2038,bf16,N,T,0,1,212,0.10365,0.21418,2.0664
101,4812,104,bf16,T,N,64,1,332,0.01235,0.01152,0.9326
5392,3709,9643,fp32,N,T,0,1,612,9.78910,10.16245,1.0381
174,9664,2038,bf16,N,T,8,0,212,0.10605,0.21219,2.0009
817,809,5759,fp16,T,N,1,1,255,0.13584,0.17952,1.3216
615,4927,7112,fp16,N,T,8,0,62,0.40432,1.85221,4.5810
1320,882,132,fp16,T,N,8,0,245,0.01654,0.01632,0.9864
789,13514,13664,fp16,T,T,8,1,88,4.04518,16.31788,4.0339
450,111,83,fp32,T,T,8,1,82,0.01229,0.01203,0.9792
846,105,1184,fp32,N,T,64,1,612,0.01891,0.01805,0.9543
1286,649,13014,fp32,N,N,64,1,556,0.62698,0.94426,1.5060
10867,322,714,fp32,N,T,0,1,612,0.17357,0.18663,1.0752
267,2819,1383,fp32,T,T,1,0,82,0.09974,0.15466,1.5505
15865,5520,663,fp32,T,N,1,1,525,3.02175,3.10447,1.0274
1635,1505,467,bf16,T,T,0,1,39,0.04646,0.04922,1.0592
8349,305,400,fp16,N,N,0,0,90,0.04435,0.05171,1.1659
83,106,2377,bf16,N,T,8,1,62,0.02118,0.02090,0.9864
260,1393,258,bf16,T,N,8,1,231,0.01645,0.01514,0.9202
1517,84,684,fp16,N,T,64,1,62,0.01507,0.02064,1.3694
3200,1083,12079,fp32,N,T,8,1,612,2.23141,4.59904,2.0610
6780,1116,11361,fp32,T,T,0,1,82,4.69853,4.69444,0.9991
330,573,374,bf16,N,N,0,0,166,0.01491,0.02326,1.5601
1731,1563,15835,fp32,T,N,0,0,519,2.33487,2.43867,1.0445
542,1798,2282,bf16,N,T,1,1,62,0.07533,0.31645,4.2009
11696,460,4637,fp16,N,T,1,1,62,0.49837,0.79476,1.5947
305,313,6339,bf16,N,N,64,0,176,0.05091,0.04918,0.9661
910,309,132,fp16,N,N,0,1,94,0.01181,0.02438,2.0651
84,166,321,fp16,N,N,0,0,98,0.01235,0.01238,1.0026
700,397,123,bf16,T,T,64,0,39,0.01203,0.01078,0.8963
118,3392,1395,fp16,N,T,64,1,239,0.03702,0.03856,1.0415
1731,1563,15835,fp32,T,N,64,0,519,2.33557,2.43919,1.0444
422,107,1272,fp32,N,N,64,0,556,0.01718,0.01891,1.1006
92,15421,95,fp32,T,N,0,1,519,0.02285,0.03114,1.3627
117,12499,68,fp32,T,N,64,1,519,0.01802,0.01846,1.0249
8476,1093,4411,fp16,N,N,0,1,94,0.74698,0.98500,1.3186
83,10068,679,fp16,T,N,1,1,382,0.03706,0.03818,1.0302
615,4927,7112,fp16,N,T,0,0,62,0.41802,1.90517,4.5576
694,5308,3243,fp16,T,N,0,0,382,0.25162,0.43335,1.7222
199,392,423,bf16,N,N,64,1,388,0.01136,0.01088,0.9577
6487,5468,7184,bf16,T,N,8,1,332,3.65014,3.95897,1.0846
945,83,3339,bf16,T,N,0,0,244,0.04688,0.08416,1.7952
82,12158,254,bf16,N,T,8,0,57,0.03110,0.03584,1.1523
3490,818,480,fp32,T,N,0,1,519,0.08317,0.08554,1.0285
1463,545,2294,fp16,T,T,0,1,53,0.07514,0.08294,1.1039
92,15421,95,fp32,T,N,0,0,519,0.02275,0.03085,1.3558
180,1014,142,fp16,T,T,0,1,88,0.01130,0.02182,1.9320
2061,374,260,fp16,T,T,0,0,88,0.01744,0.03699,2.1211
181,562,181,bf16,T,T,0,0,39,0.01242,0.01146,0.9227
10326,269,657,bf16,N,N,64,1,166,0.07898,0.09002,1.1398
2932,839,440,fp32,N,T,1,1,612,0.08086,0.10339,1.2786
2825,1283,1943,fp32,T,N,0,0,519,0.40557,0.43783,1.0795
15865,5520,663,fp32,T,N,64,0,525,2.97865,3.05542,1.0258
450,111,83,fp32,T,T,8,0,82,0.01229,0.01139,0.9271
108,1438,15336,bf16,T,N,64,0,247,0.14087,1.03153,7.3228
2392,96,68,fp16,T,N,1,0,513,0.00989,0.00886,0.8964
439,1849,264,bf16,T,N,0,0,231,0.01971,0.03328,1.6883
7864,2552,161,fp32,N,T,8,1,616,0.20349,0.27411,1.3471
8349,305,400,fp16,N,N,1,0,90,0.04813,0.05331,1.1077
13427,8228,983,bf16,T,N,64,1,332,1.82728,1.82849,1.0007
454,7947,161,fp16,N,N,8,1,94,0.04310,0.04992,1.1581
236,487,649,fp16,T,N,64,0,245,0.01763,0.01680,0.9528
1905,4220,624,fp16,T,T,64,0,88,0.13735,0.56154,4.0885
314,149,139,bf16,T,T,8,0,39,0.01290,0.01085,0.8412
118,5931,775,fp16,T,T,64,0,53,0.03270,0.11440,3.4980
1450,5583,1655,fp16,N,T,0,0,62,0.33699,1.05860,3.1413
3221,2116,3329,fp32,T,T,1,0,82,1.26753,1.27038,1.0022
893,978,1063,bf16,T,N,64,0,238,0.03802,0.03754,0.9874
208,741,1481,fp16,N,T,0,0,68,0.02461,0.04461,1.8127
850,796,12111,fp16,T,N,0,1,392,0.23002,0.53364,2.3200
850,98,559,fp32,N,N,64,1,556,0.01450,0.02003,1.3819
157,265,69,bf16,T,T,1,1,39,0.01142,0.01043,0.9132
3315,2796,1422,fp32,N,N,0,0,556,0.69786,0.81617,1.1695
5161,287,8138,bf16,N,T,1,0,62,0.34781,0.36061,1.0368
6821,1559,981,fp16,T,T,0,1,53,0.24915,1.36686,5.4860
75,1579,461,bf16,T,T,8,1,39,0.01686,0.01520,0.9013
4879,109,718,fp32,N,N,0,1,556,0.04038,0.04016,0.9945
4560,1718,117,fp32,N,T,0,0,612,0.08288,0.09763,1.1780
4308,3514,179,fp16,N,N,8,0,98,0.12176,0.13955,1.1461
461,3942,8040,fp32,N,T,64,1,612,0.78026,0.95207,1.2202
396,75,1043,fp32,T,T,8,0,82,0.03242,0.04822,1.4877
3671,1206,4962,bf16,N,T,1,0,57,0.45786,0.46413,1.0137
1156,455,723,fp32,T,N,0,0,519,0.03267,0.04045,1.2380
73,3297,480,bf16,N,N,0,0,166,0.01552,0.01613,1.0392
97,699,93,fp32,T,N,64,0,519,0.01002,0.00822,0.8211
8311,818,74,bf16,N,T,0,1,57,0.06522,0.08346,1.2797
4124,1181,69,fp16,T,T,1,0,53,0.06397,0.06688,1.0455
284,9469,2166,fp32,T,T,8,0,82,0.38919,0.57316,1.4727
484,4151,623,fp16,N,N,0,0,94,0.04730,0.07712,1.6306
243,691,7352,fp32,N,T,1,0,612,0.11920,0.12768,1.0711
92,15421,95,fp32,T,N,64,1,519,0.02310,0.03123,1.3518
314,149,139,bf16,T,T,8,1,39,0.01226,0.01043,0.8512
3927,252,2130,fp32,N,N,8,1,556,0.14762,0.16314,1.1051
4209,13670,99,bf16,T,N,64,1,231,0.37971,0.40352,1.0627
9828,5235,95,fp16,T,T,64,0,53,0.64106,0.76625,1.1953
276,1315,283,bf16,N,T,0,1,57,0.01565,0.01482,0.9468
3677,14736,86,fp32,T,T,0,0,82,0.32631,0.37683,1.1548
439,1849,264,bf16,T,N,8,0,231,0.02016,0.03389,1.6810
276,1315,283,bf16,N,T,0,0,57,0.01565,0.01488,0.9509
124,1553,1018,fp16,T,T,64,0,53,0.02355,0.11203,4.7568
850,98,559,fp32,N,N,64,0,556,0.01411,0.01952,1.3832
10349,149,795,fp16,N,N,0,1,97,0.06416,0.07562,1.1786
4209,13670,99,bf16,T,N,1,1,231,0.38436,0.40996,1.0666
8689,3620,162,fp16,N,T,8,0,62,0.26176,0.35069,1.3397
13526,88,236,bf16,N,N,64,0,388,0.02541,0.03018,1.1877
5209,1425,13848,bf16,T,T,1,0,39,2.09950,2.29477,1.0930
78,737,6525,fp16,N,N,0,0,103,0.04672,0.04598,0.9842
13045,6705,1231,bf16,N,N,8,0,166,2.09602,2.40143,1.1457
370,419,690,fp16,T,N,64,1,245,0.01878,0.01846,0.9830
739,2020,166,fp32,N,T,0,0,614,0.02870,0.03037,1.0580
608,673,828,bf16,N,N,8,1,174,0.02733,0.03350,1.2260
163,2986,4127,fp16,N,T,8,1,70,0.09818,0.28499,2.9029
69,308,164,bf16,T,T,8,0,39,0.01200,0.01091,0.9093
296,15994,4060,fp32,N,T,1,0,612,1.17723,2.05678,1.7471
3056,3626,13129,fp32,T,N,0,1,519,7.51193,7.87392,1.0482
364,190,834,fp16,T,N,1,1,249,0.01824,0.01744,0.9561
188,7399,144,fp32,N,N,0,1,556,0.02266,0.02218,0.9788
440,10642,246,fp16,T,N,64,1,245,0.06038,0.07773,1.2872
613,72,170,fp16,N,T,64,0,227,0.01040,0.00982,0.9446
117,12499,68,fp32,T,N,0,1,519,0.01786,0.01805,1.0108
172,1702,10175,fp32,N,T,1,1,612,0.22743,0.29802,1.3104
13066,143,1967,bf16,T,N,1,1,238,0.11072,0.12314,1.1121
808,5642,5457,bf16,T,T,8,1,39,0.56496,0.56368,0.9977
4124,1181,69,fp16,T,T,0,1,53,0.06576,0.06736,1.0243
1439,127,326,bf16,T,T,64,1,39,0.01414,0.01347,0.9525
8860,5018,227,fp32,T,N,0,1,519,0.55255,0.62276,1.1271
1920,1284,150,bf16,N,T,0,0,57,0.03853,0.04067,1.0556
276,1315,283,bf16,N,T,64,0,57,0.01629,0.01514,0.9293
394,345,390,fp32,T,T,64,1,82,0.01834,0.02422,1.3211
162,69,986,fp32,T,T,0,1,82,0.03142,0.04576,1.4562
158,5866,355,bf16,T,N,0,1,231,0.02406,0.03059,1.2713
180,1014,142,fp16,T,T,1,0,88,0.01152,0.02301,1.9972
93,788,1149,fp32,T,T,64,1,82,0.03491,0.05718,1.6379
542,380,1502,fp32,T,T,64,1,82,0.04387,0.07699,1.7549
1849,3390,94,fp16,T,T,8,1,88,0.07866,0.09837,1.2506
123,128,456,fp16,T,N,64,1,513,0.01152,0.01152,1.0000
173,946,229,fp16,T,T,8,0,53,0.01210,0.03200,2.6455
9902,313,549,fp16,T,N,64,0,245,0.06781,0.31863,4.6989
889,7772,5022,fp16,N,T,1,1,62,0.75117,2.53573,3.3757
2825,1283,1943,fp32,T,N,0,1,519,0.40506,0.43802,1.0814
634,7223,271,fp16,T,T,8,1,53,0.08205,0.18256,2.2250
10867,322,714,fp32,N,T,8,0,612,0.17511,0.18624,1.0636
3641,133,5902,fp16,N,N,0,1,99,0.13738,0.29485,2.1463
1290,262,2153,bf16,T,T,64,0,39,0.05674,0.05920,1.0434
8055,9820,96,bf16,T,T,8,1,39,0.74385,0.89796,1.2072
571,639,6699,fp32,T,N,1,1,519,0.15274,0.28669,1.8770
273,338,7740,fp16,T,N,64,1,258,0.09248,0.20231,2.1875
456,2763,2903,fp32,N,T,1,0,612,0.25968,0.28656,1.1035
1692,931,70,fp32,T,T,64,0,82,0.02147,0.02726,1.2697
8055,9820,96,bf16,T,T,0,1,39,0.74663,0.89930,1.2045
147,1368,2827,bf16,T,N,1,0,489,0.04397,0.04518,1.0277
440,10642,246,fp16,T,N,8,1,245,0.05965,0.07283,1.2210
571,639,6699,fp32,T,N,64,1,519,0.15495,0.28855,1.8622
211,972,568,fp32,T,T,0,0,82,0.02269,0.03117,1.3738
75,1579,461,bf16,T,T,0,0,39,0.01651,0.01523,0.9225
253,2004,4138,bf16,T,N,0,0,348,0.09370,0.09469,1.0106
4124,1181,69,fp16,T,T,0,0,53,0.06416,0.06646,1.0359
1427,2625,352,fp16,T,T,8,1,53,0.06250,0.20093,3.2151
10867,322,714,fp32,N,T,1,1,612,0.17443,0.18743,1.0745
170,1352,138,bf16,N,N,1,1,388,0.01030,0.00912,0.8851
273,338,7740,fp16,T,N,8,0,258,0.09331,0.20151,2.1595
13212,451,153,fp16,N,T,0,0,62,0.07667,0.09565,1.2475
345,1611,5872,fp32,T,N,8,0,519,0.19799,0.31114,1.5715
4308,3514,179,fp16,N,N,64,1,98,0.11936,0.14115,1.1826
5645,1125,164,fp32,N,T,8,1,612,0.08269,0.08915,1.0782
810,5773,728,fp16,T,N,0,0,245,0.09696,0.28032,2.8911
850,98,559,fp32,N,N,8,0,556,0.01274,0.02070,1.6256
1281,1312,87,bf16,T,T,64,0,39,0.02054,0.01990,0.9688
1427,2625,352,fp16,T,T,64,1,53,0.06067,0.19975,3.2922
542,380,1502,fp32,T,T,1,0,82,0.04330,0.07590,1.7531
1611,190,1342,fp32,N,T,0,1,612,0.03651,0.05242,1.4356
15493,2845,112,bf16,N,N,64,1,166,0.30035,0.29795,0.9920
14087,182,4028,fp32,T,T,8,1,82,0.63616,0.93780,1.4741
78,969,72,bf16,T,N,1,0,231,0.01034,0.01110,1.0743
300,1144,355,fp32,N,N,8,1,562,0.01654,0.02515,1.5203
108,4505,994,fp16,N,T,8,0,68,0.03274,0.03549,1.0841
308,1820,255,fp32,T,N,8,1,539,0.01786,0.02272,1.2724
172,1702,10175,fp32,N,T,0,0,612,0.23488,0.32090,1.3662
15023,1032,3721,bf16,T,N,1,0,441,0.99220,0.99210,0.9999
3025,93,549,fp16,T,T,0,1,53,0.01642,0.06822,4.1559
1096,461,3931,fp16,N,N,64,0,103,0.09779,0.15731,1.6086
366,16110,95,bf16,T,N,0,1,231,0.05853,0.06259,1.0694
2936,90,2367,bf16,N,T,1,0,62,0.04608,0.07414,1.6090
9525,12110,133,fp32,T,N,8,1,519,0.92311,1.24855,1.3525
13212,451,153,fp16,N,T,64,1,62,0.08259,0.09552,1.1565
140,105,927,bf16,T,N,8,1,238,0.01658,0.01645,0.9923
72,1548,483,bf16,N,N,8,0,273,0.01344,0.01798,1.3381
4145,1728,984,fp32,N,N,64,0,556,0.37824,0.37751,0.9981
5704,6966,12644,bf16,T,T,0,1,39,8.59194,13.48327,1.5693
10326,269,657,bf16,N,N,64,0,166,0.08336,0.09018,1.0818
140,105,927,bf16,T,N,8,0,238,0.01661,0.01645,0.9904
1333,358,3818,fp16,N,T,64,1,68,0.07818,0.19056,2.4376
669,226,14265,fp32,T,N,1,0,519,0.22493,0.30039,1.3355
199,5202,11677,fp16,T,T,1,1,53,0.39117,2.80965,7.1827
130,1916,359,bf16,T,N,8,1,332,0.01571,0.01712,1.0896
2308,2440,251,bf16,N,N,1,0,388,0.05386,0.05315,0.9869
366,16110,95,bf16,T,N,1,0,231,0.05834,0.06237,1.0691
1281,1312,87,bf16,T,T,64,1,39,0.02144,0.01997,0.9313
214,127,1798,fp16,N,N,0,1,103,0.01600,0.02214,1.3840
147,1368,2827,bf16,T,N,64,1,489,0.04374,0.04467,1.0212
858,71,97,fp32,N,T,1,0,612,0.01046,0.00867,0.8287
81,10410,11296,fp32,N,T,64,0,612,0.71405,0.96775,1.3553
211,972,568,fp32,T,T,64,0,82,0.02269,0.03136,1.3822
556,677,636,fp32,T,T,64,0,82,0.02429,0.04576,1.8841
1532,12804,528,fp16,N,T,64,1,62,0.27895,0.80093,2.8713
1349,78,13119,fp16,T,T,1,1,53,0.21283,1.61451,7.5858
370,419,690,fp16,T,N,0,0,245,0.01898,0.01840,0.9696
739,2020,166,fp32,N,T,64,0,614,0.02762,0.03258,1.1796
116,6642,96,bf16,T,N,0,0,231,0.01290,0.01267,0.9826
10944,9731,585,bf16,N,T,8,1,57,1.57012,1.86069,1.1851
227,1075,10900,fp16,N,T,0,0,70,0.15866,0.39091,2.4639
8311,818,74,bf16,N,T,0,0,57,0.06275,0.08326,1.3269
8743,6764,959,fp32,N,N,0,0,556,2.97653,2.97666,1.0000
118,3392,1395,fp16,N,T,8,0,239,0.03731,0.03958,1.0609
2271,6268,184,fp16,T,T,8,0,88,0.17936,0.29751,1.6587
181,562,181,bf16,T,T,1,0,39,0.01318,0.01126,0.8544
5355,5350,84,fp16,T,N,64,0,245,0.20947,0.38845,1.8544
108,1438,15336,bf16,T,N,1,1,247,0.14659,1.01374,6.9153
100,3600,1323,bf16,N,T,1,0,212,0.03254,0.03270,1.0049
910,225,3632,bf16,T,N,1,0,244,0.06250,0.20144,3.2233
1920,1284,150,bf16,N,T,1,1,57,0.03955,0.04224,1.0680
64,1601,11248,fp32,N,T,1,1,612,0.12461,0.18407,1.4771
75,1579,461,bf16,T,T,0,1,39,0.01539,0.01491,0.9688
2023,496,1395,fp32,N,N,1,0,556,0.10160,0.10371,1.0208
106,9251,3855,fp32,N,N,8,0,556,0.26557,0.33584,1.2646
10486,209,3778,fp16,N,T,8,0,68,0.24013,0.30119,1.2543
2298,4269,1478,fp32,T,T,0,1,82,0.78986,0.82746,1.0476
4496,131,5525,bf16,N,N,1,0,176,0.18346,0.20048,1.0928
13578,3558,10424,bf16,N,N,0,1,166,7.48876,7.88816,1.0533
268,5451,4998,fp16,N,T,8,1,68,0.20727,0.68356,3.2980
14748,1953,7253,fp16,T,N,64,1,245,2.95490,3.39545,1.1491
14018,4072,95,fp16,N,N,64,1,358,0.31344,0.31293,0.9984
10349,149,795,fp16,N,N,8,1,97,0.06659,0.07878,1.1831
11696,460,4637,fp16,N,T,1,0,62,0.49392,0.79508,1.6097
67,1967,82,bf16,N,N,8,0,166,0.01062,0.01734,1.6325
5209,1425,13848,bf16,T,T,0,1,39,2.10302,2.31890,1.1026
4408,5521,751,fp32,T,T,64,1,82,1.00276,1.06433,1.0614
315,485,67,fp16,T,T,0,1,53,0.01034,0.01498,1.4489
268,5451,4998,fp16,N,T,8,0,68,0.20634,0.70141,3.3993
423,1147,3942,fp32,N,N,1,1,556,0.16509,0.17533,1.0620
14748,1953,7253,fp16,T,N,64,0,245,2.95689,3.49155,1.1808
6083,739,2176,fp32,T,N,0,1,519,0.54103,0.57424,1.0614
1281,1312,87,bf16,T,T,8,0,39,0.02029,0.01942,0.9574
14087,182,4028,fp32,T,T,0,1,82,0.63594,0.93966,1.4776
2793,1904,3830,fp16,T,N,8,1,513,0.35706,0.36384,1.0190
3004,2115,296,bf16,T,N,1,0,231,0.06237,0.08730,1.3997
253,2004,4138,bf16,T,N,8,0,348,0.09072,0.09104,1.0035
102,66,75,fp16,N,T,1,1,62,0.00829,0.00842,1.0154
2769,205,258,bf16,T,T,0,0,39,0.01597,0.01494,0.9359
11562,68,15032,fp32,N,N,1,0,556,0.98548,1.38273,1.4031
2067,806,864,fp16,T,N,8,0,249,0.05443,0.15005,2.7566
586,1349,397,bf16,T,N,1,1,231,0.02326,0.02586,1.1114
13371,829,2008,fp32,T,N,0,0,519,1.18404,1.21406,1.0254
110,3060,213,bf16,N,T,64,1,57,0.01254,0.01411,1.1250
846,105,1184,fp32,N,T,1,1,612,0.02013,0.02064,1.0254
5649,1411,9797,bf16,T,N,1,0,231,1.32779,2.33691,1.7600
113,1911,1120,fp16,N,N,8,0,97,0.02934,0.03258,1.1101
1419,6769,390,fp16,T,T,0,0,53,0.16611,0.50884,3.0632
903,552,1712,bf16,T,N,64,0,476,0.04378,0.04470,1.0212
83,106,2377,bf16,N,T,64,1,62,0.02051,0.02058,1.0031
155,5445,329,fp32,N,T,0,1,612,0.03302,0.03715,1.1250
12875,6370,191,fp16,N,N,1,0,92,0.64608,0.69169,1.0706
781,544,2681,fp16,T,T,0,1,53,0.06995,0.06906,0.9872
208,741,1481,fp16,N,T,8,0,68,0.02413,0.04384,1.8170
3754,5746,297,bf16,N,T,64,0,57,0.25568,0.38701,1.5136
3655,10822,445,bf16,N,N,1,0,166,0.50346,1.31662,2.6151
2063,2161,71,bf16,N,N,1,1,166,0.03917,0.04067,1.0384
669,226,14265,fp32,T,N,64,1,519,0.22314,0.29981,1.3436
889,7772,5022,fp16,N,T,8,0,62,0.65076,2.54789,3.9153
932,351,855,fp32,N,T,1,1,612,0.02806,0.03901,1.3900
6132,888,2993,fp16,T,N,64,1,513,0.28535,0.28659,1.0044
102,506,3687,fp32,N,N,1,1,556,0.04896,0.05366,1.0961
332,645,1646,fp32,T,N,1,1,519,0.03568,0.03555,0.9964
2271,6268,184,fp16,T,T,64,0,88,0.17418,0.29683,1.7042
155,5445,329,fp32,N,T,1,0,612,0.03277,0.03648,1.1133
199,5202,11677,fp16,T,T,8,1,53,0.42775,2.82044,6.5937
9676,1302,14020,fp32,N,T,1,1,612,9.29300,9.73185,1.0472
2166,573,8877,fp32,T,T,0,1,82,0.59940,0.59898,0.9993
439,1849,264,bf16,T,N,1,1,231,0.01878,0.03203,1.7053
173,13358,1971,bf16,N,N,64,1,174,0.18215,0.44775,2.4582
81,10410,11296,fp32,N,T,8,0,612,0.71978,0.97895,1.3601
83,10068,679,fp16,T,N,64,0,382,0.03603,0.03866,1.0728
552,6906,842,fp32,T,T,1,1,82,0.20090,0.27667,1.3772
332,645,1646,fp32,T,N,0,1,519,0.03549,0.03549,1.0000
1092,9595,1875,fp16,T,T,64,0,53,0.39879,2.51317,6.3020
147,175,974,fp32,T,N,64,0,519,0.01670,0.02893,1.7318
67,1967,82,bf16,N,N,64,1,166,0.00938,0.01750,1.8669
1320,882,132,fp16,T,N,64,0,245,0.01632,0.01622,0.9941
424,175,103,fp32,N,T,1,1,612,0.00835,0.00851,1.0192
3927,252,2130,fp32,N,N,0,0,556,0.14675,0.16208,1.1044
79,13936,890,fp32,T,T,0,1,82,0.11216,0.16909,1.5076
10349,149,795,fp16,N,N,64,1,97,0.06848,0.08026,1.1720
14377,248,85,fp32,T,N,8,1,525,0.02928,0.03587,1.2251
118,5931,775,fp16,T,T,8,1,53,0.03152,0.11683,3.7066
1290,262,2153,bf16,T,T,1,1,39,0.05539,0.05955,1.0751
8255,91,1012,bf16,T,T,8,0,39,0.05078,0.05446,1.0725
5833,6565,3145,fp32,N,T,1,0,612,6.20459,6.52079,1.0510
5704,6966,12644,bf16,T,T,8,0,39,8.59114,13.47786,1.5688
273,338,7740,fp16,T,N,0,1,258,0.09270,0.20611,2.2233
163,2986,4127,fp16,N,T,0,0,70,0.10090,0.27875,2.7628
15593,597,2184,fp32,T,N,0,1,519,1.12350,1.15671,1.0296
16353,1104,98,bf16,N,N,8,1,388,0.10259,0.10717,1.0446
3315,2796,1422,fp32,N,N,1,0,556,0.69975,0.85492,1.2217
3779,5180,4900,fp32,T,N,64,1,525,4.93460,5.04081,1.0215
3846,64,87,fp32,N,N,8,0,556,0.01037,0.00973,0.9383
903,552,1712,bf16,T,N,8,0,476,0.04378,0.04355,0.9949
1439,127,326,bf16,T,T,8,0,39,0.01517,0.01344,0.8861
92,7926,4010,fp32,N,N,8,1,558,0.19235,0.24355,1.2662
1508,1451,2633,fp32,N,N,8,1,556,0.35242,0.50973,1.4464
424,175,103,fp32,N,T,1,0,612,0.00982,0.00877,0.8925
91,853,730,bf16,T,T,0,1,39,0.01958,0.01901,0.9706
108,4505,994,fp16,N,T,0,1,68,0.03194,0.03430,1.0741
366,16110,95,bf16,T,N,8,0,231,0.05853,0.05872,1.0033
3321,12111,11668,bf16,T,T,1,0,39,6.95897,12.97181,1.8640
64,1601,11248,fp32,N,T,0,1,612,0.10899,0.18544,1.7014
184,85,360,bf16,N,T,8,0,57,0.01053,0.01280,1.2158
13212,451,153,fp16,N,T,1,1,62,0.07728,0.09389,1.2149
3025,93,549,fp16,T,T,8,0,53,0.01722,0.06643,3.8588
1611,190,1342,fp32,N,T,1,1,612,0.03629,0.05382,1.4832
6819,91,343,fp16,N,T,64,1,62,0.02602,0.09651,3.7097
158,221,853,fp32,T,N,8,1,519,0.01642,0.01469,0.8947
542,380,1502,fp32,T,T,8,1,82,0.04374,0.07552,1.7264
1439,127,326,bf16,T,T,1,1,39,0.01338,0.01315,0.9832
13578,3558,10424,bf16,N,N,0,0,166,7.48678,7.87309,1.0516
10246,575,77,fp16,N,T,64,0,62,0.07290,0.08326,1.1422
72,1869,12307,bf16,N,N,8,1,176,0.10781,0.14877,1.3799
8336,291,11051,fp32,T,N,8,0,519,1.62321,1.68334,1.0370
669,226,14265,fp32,T,N,0,0,519,0.22461,0.30029,1.3369
3221,2116,3329,fp32,T,T,8,0,82,1.26286,1.26353,1.0005
771,1203,4548,bf16,T,T,0,0,39,0.15501,0.17680,1.1406
515,222,15199,bf16,T,T,64,0,39,0.25376,0.39828,1.5695
315,171,1140,bf16,N,N,64,0,174,0.01891,0.01901,1.0051
1731,1563,15835,fp32,T,N,0,1,519,2.33400,2.43912,1.0450
199,5202,11677,fp16,T,T,8,0,53,0.43322,2.82514,6.5213
7563,365,4501,fp16,N,N,64,0,97,0.27680,2.38175,8.6045
456,2763,2903,fp32,N,T,8,1,612,0.25613,0.32429,1.2661
10867,322,714,fp32,N,T,0,0,612,0.17306,0.18624,1.0762
1322,5299,6071,fp32,T,N,0,0,519,2.23877,2.34200,1.0461
3490,818,480,fp32,T,N,64,1,519,0.08237,0.08477,1.0291
2308,2440,251,bf16,N,N,8,0,388,0.05379,0.05270,0.9798
1228,3589,183,fp16,N,T,0,0,62,0.05869,0.07155,1.2192
2145,81,194,fp32,N,N,8,0,556,0.01024,0.01619,1.5813
4560,1718,117,fp32,N,T,1,1,612,0.08362,0.09830,1.1757
1450,5583,1655,fp16,N,T,1,1,62,0.30451,1.00513,3.3008
8689,3620,162,fp16,N,T,8,1,62,0.26659,0.35447,1.3296
243,691,7352,fp32,N,T,1,1,612,0.12208,0.12995,1.0645
83,106,2377,bf16,N,T,1,1,62,0.01958,0.01942,0.9918
199,15408,328,bf16,N,T,1,0,201,0.06115,0.06182,1.0110
1635,1505,467,bf16,T,T,64,1,39,0.04438,0.04842,1.0908
3655,10822,445,bf16,N,N,8,1,166,0.51015,1.36625,2.6781
5833,6565,3145,fp32,N,T,0,1,612,6.21272,6.53592,1.0520
1286,649,13014,fp32,N,N,0,0,556,0.62448,0.96129,1.5393
7793,539,483,fp16,T,T,64,1,53,0.08710,0.29722,3.4122
332,645,1646,fp32,T,N,8,0,519,0.03558,0.03562,1.0009
1577,1968,376,fp16,T,N,1,1,513,0.03629,0.04368,1.2037
82,12158,254,bf16,N,T,0,1,57,0.03110,0.03603,1.1584
9143,2008,659,fp16,T,T,8,0,53,0.28592,1.58232,5.5341
1156,455,723,fp32,T,N,64,1,519,0.03194,0.04099,1.2836
3083,6539,212,bf16,T,N,8,0,231,0.18653,0.28931,1.5510
668,13726,229,bf16,N,N,0,1,166,0.10250,0.14189,1.3843
3655,10822,445,bf16,N,N,64,0,166,0.52029,1.34228,2.5799
10486,209,3778,fp16,N,T,8,1,68,0.23904,0.30883,1.2920
6132,888,2993,fp16,T,N,1,0,513,0.30032,0.31376,1.0448
637,544,2007,fp16,N,N,64,1,387,0.03706,0.06019,1.6244
124,1038,1093,fp32,N,T,0,1,612,0.02330,0.02304,0.9890
14876,152,14052,bf16,N,T,64,1,212,0.84362,0.84340,0.9997
8476,1093,4411,fp16,N,N,8,1,94,0.75607,0.99290,1.3132
83,10068,679,fp16,T,N,0,1,382,0.03610,0.03773,1.0452
2061,374,260,fp16,T,T,1,0,88,0.01696,0.03712,2.1887
5161,287,8138,bf16,N,T,64,0,62,0.31840,0.32688,1.0266
78,969,72,bf16,T,N,8,0,231,0.00835,0.00976,1.1686
2321,440,9919,fp32,N,T,8,1,614,0.63485,0.86868,1.3683
79,13936,890,fp32,T,T,1,0,82,0.11811,0.17296,1.4644
492,8165,136,fp16,N,N,1,0,94,0.04269,0.04925,1.1537
12940,277,246,fp32,N,T,64,1,612,0.07664,0.08253,1.0768
471,194,2980,bf16,T,T,0,0,39,0.05200,0.05923,1.1391
83,10068,679,fp16,T,N,64,1,382,0.03786,0.04038,1.0668
68,126,125,fp16,N,N,64,1,98,0.01184,0.02515,2.1243
396,75,1043,fp32,T,T,0,0,82,0.03206,0.04851,1.5130
170,1352,138,bf16,N,N,8,0,388,0.01040,0.00906,0.8708
3083,6539,212,bf16,T,N,1,1,231,0.17005,0.20423,1.2010
214,127,1798,fp16,N,N,64,0,103,0.01674,0.02230,1.3327
1532,12804,528,fp16,N,T,1,1,62,0.30263,0.96487,3.1883
2321,440,9919,fp32,N,T,0,0,614,0.63453,0.89930,1.4173
1092,9595,1875,fp16,T,T,8,0,53,0.39924,2.50767,6.2812
253,2004,4138,bf16,T,N,8,1,348,0.09142,0.09136,0.9993
2112,10840,14628,fp32,T,T,0,1,82,16.87843,17.25495,1.0223
79,13936,890,fp32,T,T,8,0,82,0.11434,0.16925,1.4803
850,796,12111,fp16,T,N,8,0,392,0.23079,0.53412,2.3143
79,13936,890,fp32,T,T,0,0,82,0.11354,0.17088,1.5051
106,9251,3855,fp32,N,N,64,1,556,0.26464,0.32867,1.2420
140,105,927,bf16,T,N,64,1,238,0.01766,0.01629,0.9221
2023,496,1395,fp32,N,N,0,1,556,0.10061,0.10259,1.0197
116,6642,96,bf16,T,N,64,0,231,0.01363,0.01299,0.9531
613,72,170,fp16,N,T,1,1,227,0.00992,0.00979,0.9871
383,9312,2446,bf16,T,T,1,1,39,0.21472,0.21194,0.9870
7276,1888,6631,fp16,N,N,0,1,358,1.49915,1.59684,1.0652
65,215,99,fp32,N,N,0,1,556,0.01008,0.00861,0.8540
8689,3620,162,fp16,N,T,0,0,62,0.24874,0.33491,1.3465
5704,6966,12644,bf16,T,T,64,0,39,8.55719,13.23361,1.5465
2194,3032,13510,bf16,T,N,8,0,441,1.50558,1.58891,1.0553
67,1967,82,bf16,N,N,1,0,166,0.01069,0.01702,1.5928
1442,6614,224,fp16,T,N,0,0,245,0.08064,0.38218,4.7393
4660,125,1724,fp16,T,N,8,1,250,0.05693,0.09101,1.5987
1450,5583,1655,fp16,N,T,64,0,62,0.33274,1.07070,3.2178
1331,77,2317,fp32,N,N,64,1,556,0.04144,0.06650,1.6046
3258,11435,13198,fp16,T,T,64,1,53,15.00543,59.21050,3.9459
5649,1411,9797,bf16,T,N,8,0,231,1.41028,2.47906,1.7578
1797,409,271,fp32,T,T,1,1,82,0.02342,0.02768,1.1817
10486,209,3778,fp16,N,T,1,1,68,0.26087,0.33831,1.2969
1061,4099,1785,bf16,T,T,0,0,39,0.18304,0.18397,1.0051
1320,882,132,fp16,T,N,0,0,245,0.01680,0.01613,0.9600
6618,849,491,fp16,T,T,64,1,53,0.10717,0.38010,3.5467
1290,262,2153,bf16,T,T,8,0,39,0.05638,0.05952,1.0556
330,573,374,bf16,N,N,8,1,166,0.01542,0.02301,1.4917
6102,72,153,bf16,T,T,64,0,39,0.01373,0.02038,1.4848
4879,109,718,fp32,N,N,64,0,556,0.04192,0.04317,1.0298
1096,461,3931,fp16,N,N,0,0,103,0.09930,0.15335,1.5443
6780,1116,11361,fp32,T,T,8,0,82,4.69568,4.69572,1.0000
10326,269,657,bf16,N,N,0,0,166,0.07466,0.08560,1.1466
260,1393,258,bf16,T,N,64,1,231,0.01626,0.01536,0.9449
3671,1206,4962,bf16,N,T,0,0,57,0.40618,0.41341,1.0178
889,7772,5022,fp16,N,T,0,1,62,0.66794,2.43419,3.6443
366,16110,95,bf16,T,N,1,1,231,0.05917,0.06669,1.1271
3363,1686,246,bf16,N,T,0,1,57,0.07443,0.09638,1.2949
1101,509,1317,fp32,N,N,8,1,556,0.06563,0.06630,1.0102
2298,4269,1478,fp32,T,T,64,0,82,0.79354,0.82397,1.0383
893,978,1063,bf16,T,N,64,1,238,0.03741,0.03770,1.0077
3025,93,549,fp16,T,T,0,0,53,0.01690,0.06771,4.0076
102,506,3687,fp32,N,N,64,0,556,0.04995,0.05485,1.0980
72,1869,12307,bf16,N,N,64,0,176,0.10726,0.14253,1.3288
91,853,730,bf16,T,T,8,0,39,0.02224,0.01917,0.8619
253,2004,4138,bf16,T,N,64,0,348,0.09107,0.09034,0.9919
556,677,636,fp32,T,T,0,1,82,0.02448,0.04541,1.8549
3655,10822,445,bf16,N,N,1,1,166,0.49872,1.32155,2.6499
13371,829,2008,fp32,T,N,64,0,519,1.18247,1.21310,1.0259
279,2516,163,bf16,T,N,8,1,332,0.01373,0.01549,1.1282
2304,11397,12082,fp32,T,T,1,0,82,16.31277,16.36771,1.0034
68,126,125,fp16,N,N,1,1,98,0.01133,0.02410,2.1271
75,2123,3323,bf16,N,N,1,0,176,0.04877,0.07606,1.5597
130,1916,359,bf16,T,N,8,0,332,0.01581,0.01722,1.0891
