M,N,K,dtype,opA,opB,nsol,best_sol,best_ms,def_ms,gain,nrot,reps,ach_gbs,cache_flag,clk_drift
7841,75,1,bf16,T,T,20,-153,0.00663,0.01613,2.4345,4,546,357.4,0,1.0168
104,918,8794,fp32,N,T,378,-621283667,0.04939,0.07578,1.5342,4,129,735.5,0,1.0857
390,1081,3,fp32,N,T,204,-621292918,0.00624,0.00684,1.0969,4,1105,273.3,0,0.9836
18,2953,10244,fp16,N,T,33,-621295777,0.20455,0.34540,1.6885,4,29,298.6,0,0.9953
12647,2,17,fp32,T,N,162,-621293437,0.00623,0.00632,1.0148,4,1557,154.3,0,0.9907
246,92,1962,bf16,T,N,78,-619,0.04431,0.09534,2.1515,4,103,32.0,0,0.9975
98,4522,1850,bf16,T,N,78,-621289993,0.05109,0.09155,1.7918,4,97,369.2,0,1.0509
1131,15131,365,fp32,N,N,292,-621293255,0.15029,0.16604,1.1048,4,43,613.4,0,0.6732
1924,5419,1016,bf16,T,T,20,-621285690,0.08496,0.08911,1.0488,4,106,666.5,0,0.8261
65,1564,301,bf16,N,T,27,-349,0.02153,0.03300,1.5326,4,283,64.4,0,0.9868
8644,44,9,bf16,N,N,17,-262,0.00631,0.02563,4.0616,4,342,265.9,0,1.0092
1,334,514,fp16,N,T,28,-9,0.00393,0.04058,10.3354,4,228,88.1,0,1.0045
3819,14,4866,bf16,N,T,32,-621290045,0.10620,0.17665,1.6634,4,54,353.3,0,1.0040
1070,3483,11962,fp32,N,T,312,-621293007,1.04881,3.02535,2.8846,4,5,221.9,0,0.6632
2,126,9,bf16,T,N,3,-616,0.00679,0.00654,0.9623,4,1466,0.5,0,0.9693
8381,6725,11137,fp16,N,N,17,-621294415,2.74089,3.28761,1.1995,4,5,205.0,0,0.7712
11961,29601,13,bf16,N,N,17,-621292874,0.51945,1.16872,2.2499,4,9,2728.5,0,0.7107
8471,19445,7757,fp16,N,N,17,-621294414,5.60871,7.05982,1.2587,4,5,194.7,0,0.8572
5,390,5232,fp32,T,T,66,-621291435,0.05340,0.09230,1.7287,4,106,155.0,0,0.9719
5830,271,27188,bf16,N,T,32,-621290049,0.56178,0.91702,1.6323,4,12,601.8,0,1.0017
8444,8579,10426,bf16,T,T,20,-621285697,2.69134,3.00865,1.1179,4,5,239.6,0,0.8700
1509,2,24,bf16,T,T,20,-150,0.00638,0.01494,2.3404,4,572,13.3,0,1.1271
4024,4471,4298,fp32,T,T,66,-621291421,1.50892,1.65481,1.0967,4,6,144.5,0,0.6599
2,16382,332,fp32,N,T,411,-621283471,0.00811,0.02911,3.5905,4,303,2699.4,0,0.9249
542,103,27547,fp16,N,T,33,-621295773,0.51653,0.88011,1.7039,4,12,69.2,0,0.9814
3051,10,18,bf16,N,N,17,-257,0.00679,0.02597,3.8217,4,338,34.2,0,0.9953
7178,2661,6836,fp32,T,N,296,-621293467,2.62142,4.78071,1.8237,4,5,131.8,0,0.6701
2,3,4,fp32,N,T,305,-621293080,0.00638,0.00634,0.9941,4,1650,0.0,0,0.9756
1504,11,22581,fp16,T,T,22,-621291510,0.76492,0.78743,1.0294,4,13,89.5,0,1.0167
1,63,1038,fp16,T,N,9,-9,0.00677,0.01311,1.9360,4,578,19.7,0,0.9841
4130,6711,2365,fp32,N,N,292,-621283869,1.24697,1.40655,1.1280,4,7,171.2,0,0.6799
6861,119,24,bf16,T,N,69,-607,0.00662,0.02673,4.0357,4,308,543.6,0,0.9919
310,109,9,bf16,T,T,20,-150,0.00644,0.01406,2.1814,4,618,22.1,0,1.1375
889,412,1103,bf16,N,N,23,-621292873,0.04719,0.06283,1.3315,4,139,91.9,0,1.0168
3095,218,431,bf16,N,N,17,-621292873,0.02720,0.04114,1.5123,4,229,204.2,0,1.0105
27,48,35,fp32,N,T,351,-621293079,0.00639,0.00638,0.9994,4,1574,2.5,0,1.0016
13683,122,3126,fp16,T,T,22,-621291502,0.12786,0.13800,1.0793,4,66,727.2,0,1.0290
3,17,233,fp16,N,T,27,-408,0.01437,0.02952,2.0537,4,318,0.7,0,0.9814
8,34,39,fp32,N,N,364,-621293371,0.00643,0.00631,0.9813,4,1561,1.2,0,0.9970
239,154,147,fp16,N,N,17,-170,0.01139,0.03157,2.7722,4,268,23.1,0,1.0071
479,11460,436,bf16,T,T,20,-621285690,0.03496,0.04608,1.3180,4,201,925.9,0,0.9662
23,2,8,fp32,N,T,256,-621283467,0.00647,0.00655,1.0135,4,1643,0.2,0,0.9660
19718,278,883,bf16,T,N,76,-621289994,0.05196,0.06332,1.2186,4,157,1101.6,0,0.8681
22871,444,7,bf16,T,T,20,-621285687,0.02000,0.03654,1.8268,4,255,2047.3,0,1.0738
5223,10409,5022,fp32,N,N,292,-621293201,5.14616,5.67687,1.1031,4,5,103.3,0,0.7027
107,109,22913,fp32,T,N,392,-621284112,0.02841,0.03110,1.0946,4,244,698.5,0,0.9066
2212,10524,1291,bf16,T,N,69,-621289992,0.18042,0.22253,1.2334,4,43,698.4,0,0.6419
5126,9241,28652,bf16,N,T,27,-621290041,5.74371,6.07517,1.0577,4,5,176.3,0,0.9465
128,162,5085,fp16,T,T,22,-621291507,0.18688,0.18962,1.0147,4,50,16.2,0,0.9729
7920,5570,15480,fp16,N,T,27,-621295777,3.08593,3.47569,1.1263,4,5,192.5,0,0.7312
14976,1141,1196,bf16,T,N,69,-621289987,0.11071,0.14180,1.2808,4,55,965.6,0,0.7030
1211,210,2373,bf16,T,T,20,-621285691,0.09634,0.09637,1.0003,4,94,80.6,0,1.0284
171,501,3,fp16,T,N,71,-382,0.00649,0.02081,3.2051,4,445,53.4,0,0.9925
305,25443,22671,bf16,T,N,76,-621290003,1.03583,1.30292,1.2579,4,8,1157.1,0,0.7906
44,219,5082,fp16,T,T,22,-621291505,0.18531,0.18972,1.0238,4,49,14.6,0,0.9794
18708,4446,19702,bf16,N,N,17,-621292877,6.84157,9.19348,1.3438,4,5,182.0,0,0.7357
2,526,180,fp32,T,N,175,-621284082,0.00618,0.00638,1.0318,4,1172,62.1,0,0.9820
6476,320,30601,fp32,N,N,292,-621283828,1.50185,2.18444,1.4545,4,5,559.4,0,0.6309
5,72,10608,bf16,N,N,23,-258,0.28798,0.32140,1.1160,4,31,5.7,0,0.9642
97,415,30368,fp32,N,T,334,-621293113,0.12403,7.49793,60.4509,4,5,502.7,0,0.9672
568,37,17,fp16,N,N,17,-170,0.00655,0.02585,3.9441,4,354,16.0,0,0.9965
9,51,93,bf16,N,N,17,-257,0.00838,0.02875,3.4325,4,316,1.6,0,1.1216
3,2834,25588,fp16,N,T,33,-621295777,0.48723,0.87089,1.7874,4,12,298.1,0,1.0149
5517,1612,12378,fp32,N,T,312,-621283628,2.16904,3.72276,1.7163,4,5,179.1,0,0.6423
5595,15071,2832,bf16,N,T,27,-621290054,1.07072,1.11487,1.0412,4,9,424.3,0,0.6745
18233,18386,4685,fp16,T,T,22,-621291506,6.22262,7.05578,1.1339,4,5,270.6,0,0.7465
23193,6712,1665,bf16,N,N,17,-621292880,1.25944,1.46572,1.1638,4,7,573.5,0,0.8108
46,333,13339,fp16,T,T,22,-621291510,0.46201,0.47335,1.0245,4,21,22.0,0,0.9731
2562,852,43,fp16,N,N,17,-173,0.01184,0.02915,2.4620,4,300,762.3,0,0.9985
682,457,1403,bf16,N,T,32,-621290045,0.04317,0.07062,1.6360,4,132,102.9,0,0.9855
3,119,12,fp16,N,N,17,-173,0.00648,0.02491,3.8453,4,335,0.7,0,0.9938
31665,11312,908,bf16,N,N,17,-621292879,1.59860,1.87050,1.1701,4,6,945.1,0,1.0254
293,7,1,bf16,N,T,27,-349,0.00557,0.02404,4.3162,4,383,1.6,0,0.9946
556,88,308,fp16,T,N,71,-386,0.01512,0.03059,2.0232,4,298,39.2,0,0.9917
260,4,22,fp16,N,N,2,-170,0.00570,0.00589,1.0331,4,1406,2.8,0,0.9969
11,32,175,fp16,T,N,71,-388,0.00954,0.02156,2.2600,4,421,1.7,0,1.0023
2376,4,167,fp32,N,T,368,-621293097,0.00548,0.00571,1.0419,4,1203,297.3,0,1.0043
7682,150,53,fp32,T,N,238,-621284188,0.00567,0.01168,2.0588,4,720,1104.8,0,0.8260
1057,3727,909,bf16,T,T,20,-621285685,0.05020,0.05012,0.9984,4,177,487.2,0,1.0125
9384,13834,12898,bf16,N,N,17,-621292879,6.49881,9.30058,1.4311,4,5,172.1,0,0.7766
2955,5538,2,fp32,N,T,204,-621283631,0.02142,0.03091,1.4432,4,199,3059.5,0,0.9463
67,97,111,bf16,N,N,17,-257,0.00989,0.02879,2.9115,4,264,6.3,0,0.9709
10,10850,25130,fp32,T,N,419,-621293738,0.36043,0.62868,1.7443,4,15,3029.9,0,0.7859
7608,7767,5448,fp16,N,N,17,-621294414,1.53724,1.74718,1.1366,4,6,262.7,0,0.9149
14137,2,15798,bf16,N,T,32,-621290049,0.31452,0.52692,1.6753,4,19,1420.7,0,0.9935
4111,7738,1133,fp16,N,N,17,-621294408,0.22632,0.23301,1.0295,4,37,680.9,0,0.6583
177,1300,27,fp16,N,T,27,-412,0.00779,0.02391,3.0716,4,325,128.5,0,0.9814
5158,12067,9594,fp16,T,T,22,-621291510,2.45965,2.82703,1.1494,4,5,235.6,0,0.8385
261,17,41,bf16,T,T,20,-153,0.00670,0.01563,2.3307,4,556,6.0,0,0.9796
3850,546,2853,fp16,N,N,22,-621294410,0.10025,0.12359,1.2327,4,72,334.1,0,1.0289
5436,619,439,fp32,N,N,292,-621293330,0.04083,0.04255,1.0422,4,169,590.1,0,0.8017
108,1494,6456,fp16,N,N,22,-171,0.18711,0.23733,1.2684,4,40,114.0,0,0.9973
144,12598,5,fp32,N,N,278,-621283772,0.00625,0.00667,1.0675,4,1066,1201.7,0,1.0134
111,10,207,fp32,T,T,66,-621291435,0.00630,0.00699,1.1106,4,1091,16.6,0,1.1401
10831,5364,960,bf16,T,N,69,-621289989,0.26380,0.29958,1.1356,4,28,998.8,0,0.6672
868,738,4650,fp16,N,T,33,-621295773,0.10659,0.17095,1.6039,4,55,164.2,0,0.9938
1,455,2,bf16,N,T,28,-9,0.00370,0.02186,5.9023,4,390,1.0,0,0.9776
4,30,2,fp32,N,N,432,-621293221,0.00632,0.00642,1.0159,4,1665,0.1,0,0.9753
5598,4073,13160,fp32,T,T,66,-621283235,6.55640,7.16157,1.0923,4,5,91.6,0,0.6747
2,19241,7198,fp32,N,N,320,-621293339,0.16528,0.48513,2.9353,4,19,3353.2,0,0.6499
2506,2654,21291,bf16,N,N,23,-621292872,0.89202,0.89369,1.0019,4,11,276.1,0,0.6510
2,5845,2,fp16,T,N,4,-388,0.00664,0.00634,0.9549,4,1365,10.6,0,1.1128
739,24939,2775,fp32,N,N,292,-621293201,1.02085,1.23433,1.2091,4,8,351.4,0,0.6693
262,7821,30041,bf16,T,N,79,-621289988,0.76284,1.13914,1.4933,4,9,647.4,0,0.8296
1706,48,137,fp32,T,N,296,-621293509,0.00632,0.00619,0.9788,4,1360,203.9,0,0.9725
981,17736,19,bf16,N,T,27,-621290048,0.03207,0.03503,1.0923,4,224,2192.1,0,1.0855
2835,14795,1658,fp16,T,T,22,-621291507,0.45913,0.46623,1.0155,4,20,492.7,0,0.6781
4995,2737,283,fp16,T,T,22,-621291503,0.04792,0.05403,1.1274,4,174,1232.4,0,0.8486
4133,172,366,bf16,T,T,20,-621285690,0.02773,0.03365,1.2136,4,284,216.2,0,1.0040
149,667,1268,fp16,N,N,22,-171,0.03982,0.07462,1.8739,4,118,61.9,0,0.9900
18648,5848,1077,fp32,N,N,292,-621293201,2.26478,2.30552,1.0180,4,5,239.2,0,0.6618
1,4196,6469,fp16,T,T,5,-9,0.01955,0.31017,15.8639,4,32,2778.1,0,0.9638
340,629,1530,fp32,N,N,292,-621283842,0.01423,0.01557,1.0943,4,504,477.0,0,0.8119
72,16044,266,bf16,N,T,27,-621290049,0.02259,0.03391,1.5010,4,258,584.1,0,1.0106
287,131,320,fp16,T,N,71,-386,0.01495,0.02875,1.9229,4,302,27.9,0,0.9825
2013,11247,27,fp32,N,T,204,-621283535,0.04679,0.04644,0.9924,4,220,1966.0,0,0.7964
180,9,52,fp16,T,N,71,-380,0.00657,0.01911,2.9062,4,474,4.0,0,1.0055
5463,46,29499,bf16,N,N,23,-621292881,1.02307,1.08492,1.0605,4,9,318.7,0,1.0170
13108,22,31,fp16,N,T,27,-408,0.00660,0.02412,3.6564,4,381,298.2,0,0.9850
928,33,2299,fp16,N,N,22,-171,0.06735,0.11338,1.6834,4,71,67.4,0,1.0139
4347,84,177,fp16,T,T,22,-445,0.00988,0.02408,2.4362,4,345,306.5,0,0.9970
1286,584,54,fp16,N,N,17,-170,0.00814,0.02527,3.1046,4,318,394.0,0,1.0060
10848,701,522,fp32,T,N,296,-621284350,0.09064,0.12459,1.3747,4,57,601.7,0,0.6674
527,216,30,fp32,N,T,207,-621283463,0.00639,0.00621,0.9724,4,1452,85.2,0,0.9910
56,62,80,fp32,N,N,378,-621283794,0.00650,0.00620,0.9539,4,1438,8.0,0,1.1416
16,1606,1,bf16,N,N,17,-262,0.00681,0.02455,3.6064,4,379,15.6,0,1.0112
17998,5336,5444,fp16,T,T,22,-621291506,2.15900,2.15880,0.9999,4,5,295.6,0,0.8463
2641,788,331,fp16,N,N,17,-621294410,0.02465,0.03888,1.5768,4,209,429.7,0,1.1381
6662,3554,8367,bf16,T,T,20,-621285694,1.03096,1.03088,0.9999,4,10,257.7,0,0.6728
5750,46,2,fp16,T,N,71,-382,0.00665,0.01736,2.6109,4,455,162.6,0,1.1759
2909,140,2265,fp32,N,N,310,-621283878,0.03504,0.04394,1.2541,4,219,834.8,0,0.8799
15050,16,598,fp32,N,T,408,-621283478,0.01309,0.01763,1.3470,4,463,2827.2,0,0.9994
9923,342,29592,bf16,N,T,32,-621290049,0.71287,1.05733,1.4832,4,9,871.3,0,0.8710
1,15,2,fp32,T,T,21,-621291433,0.00577,0.00592,1.0252,4,1650,0.0,0,0.9729
24874,15330,583,fp32,N,N,292,-621283869,4.26600,4.82462,1.1309,4,5,379.5,0,0.6634
1205,89,12,bf16,T,T,20,-150,0.00667,0.01427,2.1381,4,560,68.9,0,1.1587
6877,1707,8038,fp32,N,N,292,-621283854,1.89555,2.06233,1.0880,4,5,170.4,0,0.6476
4,54,157,bf16,T,T,4,-150,0.00942,0.00937,0.9953,4,836,2.0,0,1.1493
3200,534,157,fp16,N,T,27,-621295773,0.01993,0.03233,1.6225,4,257,401.9,0,1.0122
89,58,767,bf16,T,N,69,-621289994,0.02800,0.05147,1.8384,4,187,8.8,0,1.1383
1943,9201,12077,fp16,N,N,17,-621294412,0.96476,1.09771,1.1378,4,9,353.1,0,0.7776
110,4,9926,bf16,T,T,20,-621285697,0.34351,0.35250,1.0262,4,29,6.6,0,0.9703
22544,15892,7256,bf16,N,N,17,-621292879,10.03030,14.51558,1.4472,4,5,198.5,0,0.6567
5547,1228,2777,fp16,N,N,22,-621294402,0.13494,0.14805,1.0972,4,54,480.8,0,0.6694
2669,31041,1707,fp32,T,N,296,-621293478,2.73889,2.92670,1.0686,4,5,205.0,0,0.6337
2283,11,4,fp32,T,T,66,-621291439,0.00635,0.00611,0.9618,4,1430,21.6,0,0.9707
960,172,11369,fp16,T,N,78,-621296105,0.23535,0.40417,1.7173,4,25,112.2,0,1.0049
99,26,24,bf16,T,T,20,-153,0.00654,0.01406,2.1489,4,542,2.5,0,0.9853
6438,1313,25,bf16,N,N,17,-621292867,0.02135,0.03023,1.4160,4,275,1602.1,0,1.0146
3,8,11,fp32,N,N,400,-621293380,0.00623,0.00630,1.0099,4,1636,0.1,0,0.9749
35,4048,43,fp16,T,T,22,-445,0.00660,0.01643,2.4904,4,496,139.2,0,1.0045
4754,2387,4689,fp16,N,T,27,-621295776,0.27826,0.27474,0.9873,4,28,403.8,0,0.6824
5,1161,23699,fp32,N,T,368,-621283747,0.03925,0.03922,0.9992,4,194,2816.6,0,0.9803
4221,2901,6992,fp16,N,T,27,-621295763,0.42124,0.49798,1.1822,4,19,352.7,0,0.7042
2802,1,85,fp32,N,T,327,-9,0.00314,0.00572,1.8223,4,1317,307.1,0,0.9907
10,1394,6,fp16,N,T,27,-412,0.00569,0.02199,3.8652,4,412,12.8,0,0.9837
22,32,6,fp32,N,N,382,-621283831,0.00553,0.00591,1.0685,4,1632,0.7,0,1.0000
7591,1,27,fp16,N,N,2,-173,0.00583,0.00591,1.0136,4,1281,75.6,0,1.0051
32334,72,190,fp32,N,T,407,-621292952,0.02199,0.03029,1.3775,4,297,1543.7,0,0.9652
6417,1169,87,fp16,N,T,27,-621295777,0.02174,0.03280,1.5084,4,260,1440.8,0,1.1624
11355,18671,1506,bf16,N,T,27,-621290052,1.59539,1.63748,1.0264,4,6,588.2,0,0.7976
782,901,48,fp16,T,N,71,-380,0.00732,0.02209,3.0176,4,378,407.1,0,0.9796
14064,3314,11028,fp16,T,T,22,-621291506,2.02767,2.06007,1.0160,4,5,281.0,0,0.7312
9807,13954,35,fp32,N,N,264,-621283868,0.23143,0.44654,1.9295,4,23,2379.6,0,0.7111
13250,820,1695,fp16,N,T,33,-621295763,0.13249,0.13411,1.0122,4,58,688.0,0,0.6940
337,10,5299,fp16,T,N,78,-390,0.05055,0.19868,3.9303,4,46,73.0,0,0.9794
159,1785,4877,fp16,N,N,22,-621294410,0.16126,0.16056,0.9957,4,58,124.6,0,1.0149
167,26936,31,fp16,T,N,71,-621296069,0.01395,0.01626,1.1654,4,524,1410.1,0,1.0114
90,15055,3,fp16,T,N,71,-380,0.00661,0.02412,3.6467,4,385,833.3,0,0.9845
21533,13,7,bf16,T,N,69,-607,0.00677,0.01934,2.8584,4,445,210.1,0,1.1650
2831,8614,1686,bf16,T,N,69,-621289988,0.20835,0.21536,1.0336,4,40,653.4,0,0.8869
180,1,29290,bf16,N,T,33,-9,0.03022,0.93025,30.7791,4,11,350.8,0,0.9674
1448,9859,436,bf16,T,N,69,-621289960,0.06003,0.07647,1.2739,4,128,1115.6,0,0.8461
69,65,3,fp32,T,T,66,-621283257,0.00647,0.00628,0.9705,4,1548,3.0,0,0.9702
12,19,1349,fp32,T,N,342,-621284158,0.00922,0.01034,1.1217,4,732,18.2,0,1.0092
38,16,129,fp16,N,T,27,-408,0.00949,0.02858,3.0124,4,323,1.7,0,0.9940
891,21353,1062,fp16,T,T,22,-621291501,0.20590,0.23541,1.1433,4,43,599.1,0,0.7661
89,26379,12,bf16,N,T,27,-353,0.00957,0.02315,2.4189,4,368,1047.5,0,1.1985
9064,713,1,bf16,T,T,20,-151,0.01229,0.02550,2.0752,4,339,2105.2,0,1.0027
1273,436,5,fp32,T,T,66,-621291436,0.00663,0.00627,0.9459,4,1489,340.1,0,0.9915
6215,32,60,fp16,T,N,71,-380,0.00668,0.01861,2.7872,4,420,231.5,0,0.9958
2271,29784,464,bf16,T,N,69,-621289990,0.21134,0.20200,0.9558,4,40,1421.0,0,0.6243
215,8734,10,bf16,N,N,17,-257,0.00727,0.02604,3.5830,4,354,1058.3,0,0.9917
90,1263,1049,bf16,T,T,20,-621285691,0.05191,0.05190,0.9999,4,169,63.4,0,0.9970
9566,6341,19,bf16,N,N,17,-621292873,0.09683,0.12169,1.2568,4,70,2512.1,0,1.0712
266,1,4,fp16,N,N,2,-9,0.00385,0.00632,1.6441,4,1475,0.8,0,0.9840
31,2904,24,bf16,T,T,20,-150,0.00681,0.01445,2.1218,4,605,73.6,0,0.9985
371,1173,20,fp32,T,T,66,-621291446,0.00662,0.00634,0.9589,4,1587,281.8,0,1.0138
20933,13,106,bf16,N,N,17,-621292873,0.01733,0.03046,1.7572,4,279,319.0,0,1.0268
216,8124,250,fp16,N,T,27,-621295777,0.02471,0.03650,1.4769,4,246,452.8,0,1.0060
152,115,13,bf16,T,T,20,-152,0.00671,0.01369,2.0401,4,691,11.5,0,1.0030
4476,6253,24070,fp16,N,N,17,-621294415,3.37966,3.89388,1.1521,4,5,185.9,0,0.8213
22183,916,1728,fp16,T,T,22,-621291506,0.26771,0.28221,1.0542,4,35,601.8,0,0.6494
5927,2418,7546,fp32,N,N,292,-621283809,2.07054,2.39692,1.1576,4,5,149.3,0,0.7587
2464,7,357,bf16,T,T,20,-150,0.01749,0.02624,1.4999,4,343,104.8,0,1.1441
13672,92,167,bf16,N,N,17,-621292873,0.01972,0.03253,1.6494,4,265,488.2,0,1.0175
2,487,5,bf16,N,T,27,-349,0.00668,0.02188,3.2732,4,365,1.3,0,0.9957
6,111,5103,bf16,T,T,4,-150,0.21622,0.23115,1.0690,4,43,5.5,0,0.9992
28,18,2731,bf16,T,N,78,-619,0.01756,0.11795,6.7157,4,77,14.4,0,1.0015
13006,688,67,fp16,N,N,17,-621294410,0.02032,0.02979,1.4661,4,289,1852.1,0,1.0185
167,2366,28241,bf16,N,T,32,-621290049,0.67499,1.10206,1.6327,4,10,214.3,0,0.9949
1233,4654,116,fp16,N,T,27,-621295773,0.02254,0.03156,1.4005,4,282,1079.1,0,1.0136
723,4686,54,fp16,T,N,71,-621296101,0.01578,0.02868,1.8176,4,330,896.0,0,0.9874
8854,6881,7921,bf16,N,T,27,-621290049,2.05836,2.10845,1.0243,4,6,239.5,0,0.8963
396,12,177,bf16,T,N,69,-616,0.01287,0.03290,2.5561,4,297,12.7,0,0.9800
2698,24063,7118,fp32,N,N,292,-621283820,8.57206,9.98301,1.1646,4,5,119.2,0,0.6757
14,2,6,fp16,T,T,22,-449,0.00669,0.01317,1.9683,4,597,0.0,0,0.9879
1752,31222,658,fp16,N,T,27,-621295771,0.28104,0.31945,1.1367,4,31,932.9,0,0.6842
19,6360,3108,bf16,T,T,20,-621285696,0.12196,0.12321,1.0103,4,76,329.1,0,1.1000
1,19,1137,fp16,N,N,23,-9,0.00646,0.06747,10.4382,4,144,7.0,0,0.9747
28430,6,11,fp32,T,N,278,-621284035,0.00633,0.00642,1.0146,4,1452,305.3,0,1.0040
69,7,68,fp16,T,N,5,-380,0.00683,0.02571,3.7627,4,349,1.8,0,1.0056
13578,5592,687,bf16,N,N,17,-621292871,0.30643,0.32885,1.0732,4,28,1077.1,0,0.6546
1398,970,35,fp32,T,T,66,-621291436,0.00634,0.00619,0.9763,4,1370,908.3,0,0.9997
16916,24880,5210,fp16,T,N,71,-621296095,8.59539,9.28115,1.0798,4,5,246.5,0,0.7847
88,4,4,fp32,T,T,112,-621283284,0.00641,0.00632,0.9864,4,1601,0.4,0,0.9778
2916,26632,26083,bf16,N,N,17,-621292879,9.29411,11.19790,1.2048,4,5,199.3,0,0.7838
14,906,3,fp16,T,N,71,-388,0.00657,0.01560,2.3740,4,561,8.6,0,1.0020
189,237,6358,fp16,T,T,22,-621291503,0.23521,0.23579,1.0025,4,42,23.8,0,0.9811
8,14758,155,bf16,N,T,27,-349,0.01214,0.02885,2.3771,4,294,416.1,0,1.1342
804,4546,1530,fp16,T,T,22,-621291504,0.07564,0.07605,1.0054,4,113,409.7,0,1.0131
226,3110,21,bf16,N,N,17,-257,0.00667,0.02644,3.9615,4,309,442.3,0,0.9908
8082,4818,6704,bf16,T,T,20,-621285697,0.92635,0.92636,1.0000,4,10,354.9,0,0.8118
288,3080,8,bf16,N,T,27,-353,0.00658,0.02268,3.4482,4,405,547.6,0,0.9809
9359,8390,4877,fp16,T,N,71,-621296122,1.62569,1.87394,1.1527,4,6,299.7,0,0.7204
740,23,5,fp16,N,T,27,-412,0.00670,0.02416,3.6090,4,373,11.3,0,0.9735
23,26459,158,fp32,T,N,322,-621284341,0.00963,0.01925,1.9983,4,455,1990.2,0,0.9325
209,9400,315,fp16,N,T,27,-621295773,0.02522,0.03567,1.4142,4,236,551.6,0,0.9820
29097,305,1256,bf16,N,N,23,-621292869,0.12111,0.11619,0.9593,4,69,902.9,0,0.6902
33,21207,288,bf16,T,T,20,-621285690,0.02127,0.02326,1.0934,4,354,706.6,0,1.1651
2044,1650,25653,fp16,T,N,77,-621296106,0.61910,0.88839,1.4350,4,11,327.9,0,0.8018
42,26,15,bf16,T,T,20,-152,0.00660,0.01342,2.0344,4,585,1.0,0,0.9626
8968,670,5486,fp32,N,T,356,-621283612,0.76009,0.75855,0.9980,4,12,309.9,0,0.6609
16304,1407,3,fp32,N,T,204,-621283535,0.03618,0.04732,1.3081,4,214,2542.3,0,0.7848
12123,2949,13604,bf16,N,N,17,-621292878,1.97275,2.29720,1.1645,4,5,280.4,0,0.8492
74,329,8,fp32,N,T,230,-621292916,0.00666,0.00635,0.9544,4,1486,16.6,0,1.1096
2416,5141,22325,fp32,N,T,312,-621283663,5.86292,7.09910,1.2108,4,5,123.6,0,0.7806
11593,50,50,fp16,T,T,22,-445,0.00728,0.01912,2.6260,4,454,478.4,0,0.9961
247,53,18,fp32,N,T,217,-621292905,0.00662,0.00634,0.9572,4,1419,11.2,0,0.9977
2,131,9224,bf16,T,N,13,-620,0.02284,0.02273,0.9951,4,368,107.5,0,0.9747
617,200,201,fp32,N,T,324,-621293080,0.00638,0.00622,0.9752,4,1259,180.4,0,1.0138
2,525,8,fp32,T,T,44,-621291446,0.00666,0.00661,0.9925,4,1510,3.2,0,1.0038
6765,456,247,fp32,N,N,292,-621283858,0.02447,0.02775,1.1341,4,301,795.9,0,0.7129
3427,247,680,fp32,N,N,292,-621293216,0.02045,0.02793,1.3654,4,291,654.1,0,0.8141
4264,446,48,bf16,N,N,17,-257,0.01355,0.02881,2.1273,4,284,595.0,0,0.9243
342,130,1,fp16,N,T,27,-412,0.00657,0.02418,3.6816,4,372,27.2,0,0.9922
178,10108,20414,bf16,N,T,32,-621290049,0.44896,0.72614,1.6174,4,14,951.4,0,1.1890
295,3,42,fp32,N,T,328,-621293094,0.00634,0.00622,0.9810,4,1478,8.5,0,0.9737
5103,30065,14200,bf16,T,N,69,-621290011,7.65853,11.23372,1.4668,4,5,210.5,0,0.7852
269,18358,1,fp16,N,T,27,-412,0.01035,0.02138,2.0664,4,356,1912.9,0,1.0043
37,223,10796,bf16,T,T,20,-621285697,0.37672,0.38526,1.0227,4,26,15.0,0,0.9739
1768,22,24235,fp32,T,T,66,-621283250,0.34084,1.49733,4.3930,4,7,509.6,0,1.0043
19,2922,735,fp16,T,T,22,-445,0.02756,0.04088,1.4831,4,232,164.9,0,0.9865
370,2300,13,fp32,N,N,264,-621293213,0.00649,0.00616,0.9496,4,1206,545.8,0,1.0233
2103,501,616,fp32,N,N,292,-621283858,0.01962,0.02184,1.1131,4,414,541.9,0,1.0506
14,17405,2,fp16,T,T,22,-447,0.00684,0.01543,2.2551,4,509,152.7,0,1.2192
8356,12278,3933,bf16,N,N,17,-621292879,1.68659,2.11957,1.2567,4,5,339.6,0,0.8663
533,71,194,fp16,T,T,22,-445,0.00921,0.02100,2.2812,4,374,41.9,0,0.9805
3063,2159,14038,fp32,T,N,306,-621284103,1.93511,2.07429,1.0719,4,5,165.2,0,0.6974
1,70,2339,fp32,T,N,131,-621293537,0.01073,0.01062,0.9902,4,556,61.9,0,0.9604
199,15,73,bf16,N,N,17,-257,0.00722,0.02785,3.8551,4,336,6.0,0,0.9825
2138,441,2019,bf16,T,N,78,-621289993,0.05435,0.09568,1.7604,4,100,261.0,0,1.0073
63,210,28,fp16,N,T,27,-408,0.00655,0.02334,3.5649,4,358,10.4,0,0.9774
2,292,110,fp16,N,T,27,-408,0.00866,0.02635,3.0431,4,354,7.7,0,0.9981
117,2459,374,fp16,T,N,71,-621296107,0.02096,0.03627,1.7306,4,222,146.9,0,1.1216
1644,12590,8,bf16,N,T,27,-353,0.04142,0.04823,1.1644,4,193,2004.2,0,1.0146
21758,2699,2472,fp32,T,N,296,-621284348,2.97794,4.66027,1.5649,4,5,160.1,0,0.6637
461,79,30,fp32,N,T,208,-621283477,0.00637,0.00617,0.9687,4,1292,33.1,0,0.9937
2169,20183,12257,fp16,T,T,22,-621291511,2.54921,2.66560,1.0457,4,5,283.6,0,0.7906
198,11,6,bf16,N,N,17,-257,0.00668,0.02455,3.6775,4,358,1.7,0,0.9607
106,530,1334,fp16,N,T,33,-409,0.03820,0.06536,1.7111,4,137,50.3,0,1.1399
16,2,4,bf16,T,N,3,-616,0.00697,0.00669,0.9591,4,1561,0.0,0,1.0042
8500,199,19283,bf16,N,T,32,-621290045,0.41316,0.65718,1.5906,4,14,828.4,0,1.0207
8511,161,24314,fp16,N,N,22,-621294411,0.85852,0.84367,0.9827,4,12,497.6,0,1.0107
11,347,8591,bf16,T,N,79,-620,0.02788,0.27134,9.7320,4,36,221.2,0,0.9800
8,60,6,bf16,N,N,17,-257,0.00688,0.02447,3.5549,4,329,0.4,0,0.9917
9235,19392,5613,fp16,T,T,22,-621291508,4.11239,4.02567,0.9789,4,5,252.3,0,0.8273
146,4418,111,fp16,N,T,27,-408,0.01125,0.02785,2.4760,4,327,319.5,0,1.1174
1283,8967,424,fp32,N,N,292,-621283892,0.12813,0.15433,1.2044,4,51,494.8,0,0.6853
40,603,90,fp32,N,N,278,-621293214,0.00622,0.00625,1.0042,4,1441,52.7,0,0.9796
7442,23314,1295,fp32,T,T,66,-621291421,4.36646,4.38034,1.0032,4,5,195.4,0,0.6886
3,6,11,fp32,N,T,304,-621283740,0.00645,0.00629,0.9759,4,1577,0.1,0,0.9643
6245,6878,5350,fp16,N,T,27,-621295777,1.06995,1.18508,1.1076,4,8,291.8,0,0.7419
21214,123,4366,fp16,N,N,22,-621294407,0.18550,0.21445,1.1560,4,42,1060.6,0,0.8185
3,9,18090,fp32,N,N,392,-621293352,0.01111,0.01172,1.0552,4,450,78.2,0,1.0861
120,5476,77,fp32,T,N,240,-621293741,0.00660,0.01311,1.9877,4,590,659.8,0,1.0217
13479,6585,26619,bf16,T,N,69,-621290006,8.66595,11.35520,1.3103,4,5,164.2,0,0.6619
966,508,13889,fp16,N,T,33,-621295773,0.27775,0.45877,1.6517,4,22,154.5,0,0.9635
36,20,2,fp32,N,T,281,-621283657,0.00638,0.00642,1.0068,4,1625,0.5,0,0.9833
124,4904,1808,fp16,N,T,33,-621295777,0.05013,0.08221,1.6399,4,109,411.2,0,1.0104
2985,25535,18432,fp16,T,N,71,-621296095,5.30553,5.65074,1.0651,4,5,255.6,0,0.7716
11,3,20275,fp16,N,T,33,-409,0.35785,0.64874,1.8129,4,16,1.6,0,0.9527
67,73,450,fp32,T,T,66,-621291435,0.00744,0.01128,1.5173,4,690,36.5,0,0.9932
8567,135,5,fp32,T,N,266,-621284037,0.00641,0.00917,1.4298,4,892,748.6,0,1.0308
9130,24112,7838,bf16,T,T,20,-621285693,6.23057,6.23382,1.0005,4,5,225.0,0,0.6989
1,6897,17,fp32,T,T,21,-621291435,0.00640,0.00605,0.9448,4,1541,77.6,0,0.9617
12944,708,24023,fp16,N,N,22,-621294412,1.23975,1.31360,1.0596,4,8,558.6,0,0.6684
1,3,9,fp16,T,T,5,-9,0.00388,0.00647,1.6675,4,1604,0.0,0,0.9747
13397,5344,521,fp16,N,N,17,-621294410,0.26289,0.29228,1.1118,4,32,1163.6,0,0.7724
76,3,2,bf16,N,N,2,-262,0.00696,0.00650,0.9339,4,1452,0.2,0,1.2366
16657,6543,25858,bf16,N,T,27,-621290035,11.16217,11.76517,1.0540,4,5,146.5,0,0.7262
1214,543,7,fp32,N,N,264,-621293155,0.00645,0.00625,0.9695,4,1301,416.6,0,0.9935
3170,13320,866,bf16,T,T,20,-621285696,0.25645,0.25217,0.9833,4,37,770.0,0,0.6447
431,9824,1357,bf16,T,N,77,-621289995,0.05424,0.07163,1.3205,4,116,825.4,0,1.1005
2851,31406,5363,fp16,T,T,22,-621291510,2.01519,2.02532,1.0050,4,5,360.1,0,0.8031
1,11060,3883,fp16,T,T,5,-9,0.04398,0.24846,5.6487,4,36,1954.0,0,0.9685
574,79,1902,bf16,T,T,20,-621285696,0.08007,0.07998,0.9989,4,113,33.3,0,0.9788
168,2081,2307,fp32,N,T,318,-621293078,0.03564,0.04283,1.2016,4,211,621.5,0,0.9162
3469,8420,10917,bf16,N,N,17,-621292879,1.41017,1.69232,1.2001,4,6,266.9,0,0.8013
43,8,6,bf16,T,N,69,-616,0.00553,0.02204,3.9859,4,413,0.4,0,0.9754
41,26234,3203,bf16,N,T,32,-621290045,0.09979,0.14698,1.4730,4,62,1729.9,0,0.9880
4,35,171,bf16,N,N,17,-257,0.01270,0.03115,2.4539,4,283,1.1,0,0.9792
52,3359,1805,fp32,N,N,306,-621283876,0.02025,0.03276,1.6182,4,281,1251.0,0,0.9644
7,6,614,fp16,N,N,2,-170,0.03681,0.03682,1.0003,4,247,0.4,0,0.9788
1529,9827,999,fp16,N,T,27,-621295771,0.10582,0.11620,1.0981,4,69,782.4,0,0.6609
23412,29,11224,fp32,T,T,66,-621291441,0.45071,1.50571,3.3407,4,7,2341.0,0,0.9906
28672,1394,538,bf16,T,T,20,-621285686,0.20294,0.22341,1.1009,4,43,947.2,0,0.6328
806,34,84,fp16,T,N,71,-386,0.00718,0.02102,2.9273,4,390,34.9,0,1.2039
19969,1539,267,fp32,N,N,292,-621283963,0.20783,0.29580,1.4233,4,32,702.0,0,0.6591
3,2,4,fp16,N,N,2,-170,0.00573,0.00596,1.0398,4,1545,0.0,0,0.9896
121,220,409,bf16,N,T,27,-621290049,0.02439,0.03666,1.5031,4,223,15.8,0,0.9969
18,419,24222,bf16,N,T,32,-621290049,0.45494,0.77394,1.7012,4,13,46.6,0,0.9912
721,3690,1206,bf16,T,N,76,-621289995,0.04166,0.07318,1.7564,4,121,510.8,0,1.0088
3478,1561,4,bf16,T,T,20,-151,0.01209,0.02179,1.8022,4,414,1799.1,0,0.9977
1000,718,70,bf16,T,T,20,-150,0.00866,0.01737,2.0064,4,526,359.5,0,0.9788
8,2,4,bf16,T,T,20,-152,0.00571,0.01277,2.2370,4,709,0.0,0,0.9907
522,5595,235,bf16,T,T,20,-621285685,0.02503,0.02502,0.9994,4,353,581.6,0,1.0216
1,22351,8,bf16,N,T,28,-349,0.00558,0.02211,3.9623,4,420,80.1,0,0.9831
9561,8451,524,bf16,T,N,69,-621289991,0.28803,0.39888,1.3848,4,24,1187.6,0,0.8888
1,28,15,bf16,T,T,4,-9,0.00291,0.00601,2.0637,4,1557,0.3,0,1.0146
3132,7257,12119,bf16,T,N,69,-621289989,1.17147,1.58007,1.3488,4,6,292.6,0,0.7183
8973,3296,27,bf16,T,T,20,-621285689,0.05165,0.06583,1.2744,4,133,2303.0,0,1.0168
6107,1780,5270,bf16,N,N,23,-621292877,0.28819,0.29037,1.0076,4,27,439.3,0,0.6506
302,3979,9,fp16,T,T,22,-448,0.00666,0.01492,2.2408,4,532,733.3,0,0.9821
6090,16021,7452,bf16,N,N,17,-621292880,2.79595,3.89370,1.3926,4,5,257.4,0,0.7635
138,241,16,fp32,N,T,215,-621292912,0.00656,0.00634,0.9653,4,1545,24.0,0,0.9759
1488,5128,616,fp16,N,T,27,-621295773,0.04916,0.05840,1.1879,4,158,786.7,0,0.9625
27,96,641,fp16,N,N,17,-621294411,0.03069,0.04318,1.4068,4,196,5.5,0,0.9803
20745,13938,9078,fp16,N,N,17,-621294415,10.68483,15.33664,1.4354,4,5,167.2,0,0.8449
1090,2,1236,bf16,T,T,20,-621285694,0.05666,0.05717,1.0091,4,148,47.8,0,0.9833
2579,90,2832,fp16,T,N,77,-621296103,0.07099,0.13218,1.8619,4,71,226.0,0,0.9996
1,4154,177,fp32,N,T,367,-9,0.00376,0.00630,1.6783,4,1281,787.5,0,0.9919
390,5827,2320,fp32,T,N,328,-621293583,0.16190,0.23098,1.4267,4,39,412.5,0,0.6630
6274,20,1,fp16,T,N,71,-380,0.00648,0.01653,2.5502,4,383,79.4,0,1.5705
9976,1,1,fp16,N,N,2,-173,0.00674,0.00657,0.9745,4,1523,8.9,0,1.0182
478,174,50,fp16,N,N,17,-170,0.00691,0.02788,4.0352,4,317,57.6,0,0.9846
10839,3314,1430,bf16,N,T,27,-621290043,0.26620,0.29251,1.0988,4,28,691.8,0,0.7863
37,6,3052,fp16,N,N,7,-171,0.06452,0.12107,1.8764,4,68,4.1,0,1.0199
2,3,157,fp16,N,N,2,-170,0.01122,0.01093,0.9744,4,787,0.1,0,1.0088
843,190,268,bf16,N,N,17,-257,0.01903,0.03650,1.9178,4,262,62.8,0,1.0052
2710,3249,7472,fp16,N,T,33,-621295777,0.28296,0.36752,1.2989,4,25,439.2,0,0.6794
196,14,81,fp32,T,N,240,-621284190,0.00618,0.00660,1.0682,4,1017,12.8,0,0.9821
101,1984,149,fp16,T,T,22,-445,0.00802,0.02073,2.5847,4,428,177.4,0,1.0040
695,118,21,fp16,N,N,17,-170,0.00658,0.02681,4.0754,4,344,55.0,0,0.9955
1762,155,4,fp32,T,N,266,-621284335,0.00643,0.00617,0.9598,4,1419,174.7,0,0.9766
14573,5141,2956,bf16,T,T,20,-621285694,0.93656,0.95868,1.0236,4,10,444.4,0,0.7680
590,173,3,bf16,T,N,69,-607,0.00672,0.02640,3.9267,4,330,61.4,0,0.9649
1339,6307,21094,fp32,N,N,292,-621293203,3.55209,3.78991,1.0670,4,5,191.1,0,0.6560
8122,9,14,fp32,N,N,326,-621293383,0.00648,0.00629,0.9706,4,1486,115.4,0,0.9779
2357,1713,3201,bf16,T,N,78,-621289994,0.10412,0.16044,1.5409,4,59,405.4,0,0.9274
774,70,10282,fp16,N,T,33,-621295773,0.20300,0.34488,1.6989,4,29,86.6,0,0.9746
3559,189,25,fp32,T,N,238,-621284036,0.00650,0.00637,0.9802,4,1292,471.5,0,1.0022
50,1064,1102,bf16,T,T,20,-621285691,0.05221,0.05224,1.0006,4,170,51.1,0,1.1601
257,4111,2657,fp16,T,T,22,-621291510,0.10680,0.10894,1.0200,4,84,256.9,0,1.0229
226,681,40,fp16,T,T,22,-447,0.00650,0.01569,2.4133,4,561,105.8,0,0.9915
29896,8178,7175,fp16,T,N,71,-621296112,6.53841,7.63593,1.1679,4,5,233.1,0,0.7962
436,2665,2326,fp16,N,T,33,-621295773,0.06308,0.09927,1.5738,4,89,302.4,0,1.0156
28485,7671,61,fp16,N,N,17,-621294409,0.35260,0.37548,1.0649,4,27,2491.4,0,0.6551
3,8,2,fp16,T,T,5,-449,0.00668,0.00631,0.9440,4,1621,0.0,0,0.9863
8,25,43,fp16,N,N,17,-170,0.00662,0.02600,3.9272,4,357,0.5,0,0.9975
54,54,114,fp16,N,N,17,-170,0.00932,0.02928,3.1418,4,319,3.9,0,1.0169
8,27,399,fp32,N,T,424,-621283742,0.00634,0.00635,1.0019,4,1463,8.9,0,0.9921
187,22,136,fp32,N,T,369,-621283666,0.00640,0.00808,1.2639,4,925,20.4,0,0.9982
18045,4500,71,fp16,T,T,22,-621291496,0.15545,0.20437,1.3147,4,47,2110.1,0,0.8399
249,5817,4,bf16,T,N,69,-611,0.00649,0.02991,4.6115,4,291,900.9,0,0.9910
16,6623,8533,fp16,T,T,22,-621291510,0.34885,0.35212,1.0094,4,28,326.0,0,1.0233
32,8728,671,fp32,T,N,330,-621284330,0.01150,0.05375,4.6752,4,155,2142.4,0,1.1792
310,5491,7696,fp32,T,T,66,-621283240,0.35600,0.56839,1.5966,4,16,520.8,0,0.6768
11,8,8001,fp16,N,T,33,-409,0.14430,0.26945,1.8672,4,37,2.1,0,0.9652
16860,8587,12042,fp32,T,T,66,-621291421,34.10954,34.40963,1.0088,4,5,52.9,0,0.9070
18807,110,338,fp32,N,T,362,-621283686,0.02435,0.02612,1.0724,4,216,1389.9,0,0.7503
299,1138,70,fp16,N,N,17,-170,0.00762,0.02788,3.6584,4,310,205.0,0,0.9885
333,18,328,fp32,T,T,66,-621283250,0.00632,0.00907,1.4357,4,1006,76.7,0,0.9994
16334,1775,457,fp16,T,T,22,-621291496,0.12591,0.15856,1.2593,4,59,1052.5,0,0.7524
60,543,3,fp16,T,N,71,-386,0.00668,0.01688,2.5263,4,439,20.0,0,1.2709
52,2711,42,fp16,T,N,71,-380,0.00563,0.01910,3.3912,4,476,141.3,0,1.0016
8662,12,8917,fp16,N,T,33,-621295773,0.18147,0.31072,1.7122,4,31,854.7,0,1.0389
2549,1987,6802,bf16,N,N,23,-621292869,0.27498,0.31201,1.1347,4,29,298.1,0,0.8600
5,2,2761,bf16,T,T,4,-150,0.11493,0.43628,3.7961,4,23,0.3,0,0.9708
132,42,673,bf16,T,N,69,-621289993,0.02606,0.04832,1.8544,4,183,9.8,0,1.1418
10593,261,15,fp32,N,N,264,-621293156,0.00746,0.01251,1.6771,4,690,1570.4,0,0.8563
1673,3509,827,fp32,T,N,298,-621284025,0.12913,0.15674,1.2138,4,55,314.6,0,0.6747
309,2513,77,bf16,T,T,20,-150,0.00999,0.01780,1.7812,4,512,354.4,0,0.9897
7772,1229,7114,fp16,T,T,22,-621291508,0.37090,0.37196,1.0029,4,27,448.3,0,0.6713
2464,454,12487,fp32,T,T,66,-621283250,0.40046,0.79248,1.9789,4,13,375.1,0,0.6422
72,5601,31590,fp16,N,T,33,-621295777,0.64011,1.06392,1.6621,4,10,562.5,0,0.9738
83,11,8121,bf16,T,T,20,-621285694,0.28478,0.29221,1.0261,4,33,5.4,0,0.9767
1300,1208,615,bf16,N,N,17,-621292876,0.03130,0.04492,1.4352,4,190,299.3,0,1.0127
13,222,3308,fp16,N,N,22,-171,0.07158,0.13495,1.8851,4,73,21.9,0,0.9837
48,1079,114,fp32,T,T,66,-621291439,0.00552,0.00575,1.0408,4,1538,130.6,0,1.0054
19,103,32,bf16,N,T,27,-349,0.00564,0.01990,3.5315,4,418,2.8,0,1.0069
765,1763,213,fp32,N,N,292,-621283901,0.01345,0.02269,1.6865,4,388,561.1,0,0.9799
11,13206,21901,bf16,N,T,32,-621290049,0.45941,0.78307,1.7045,4,13,1261.4,0,1.0146
407,18635,591,fp16,N,N,17,-621294410,0.05051,0.05506,1.0900,4,152,1046.2,0,0.7795
27,17,1,bf16,N,N,17,-257,0.00666,0.02392,3.5888,4,373,0.3,0,1.1234
407,9639,85,fp32,N,N,264,-621283778,0.01582,0.01828,1.1558,4,451,1208.1,0,0.8710
3,2323,6,fp16,N,N,17,-170,0.00658,0.02444,3.7136,4,382,8.5,0,0.9761
660,132,20045,fp16,N,N,22,-171,0.54661,0.60182,1.1010,4,17,58.7,0,0.9976
610,12099,2541,fp32,N,T,312,-621283629,0.44572,0.44798,1.0051,4,21,356.0,0,0.7047
14,31892,4,fp16,T,N,71,-380,0.00667,0.01295,1.9418,4,634,306.1,0,1.1651
247,17904,179,bf16,N,T,27,-621290045,0.02506,0.03095,1.2353,4,280,965.3,0,1.0186
47,436,1199,fp16,N,T,33,-409,0.02804,0.06058,2.1603,4,151,44.2,0,0.9879
146,1,1,fp32,T,N,161,-621293739,0.00651,0.00636,0.9771,4,1639,0.2,0,1.0012
11545,29476,85,fp16,N,N,17,-621294408,0.52306,0.57910,1.1072,4,17,2615.7,0,0.6928
16230,10,136,fp32,N,T,412,-621292928,0.00639,0.00673,1.0529,4,1123,1483.3,0,1.0158
7469,7096,13033,fp16,T,T,22,-621291506,2.69034,3.01369,1.1202,4,5,219.9,0,0.8021
9,285,18940,bf16,T,N,80,-620,0.04618,0.57940,12.5466,4,18,241.4,0,0.9640
1920,14000,13877,fp16,T,T,22,-621291507,1.67636,1.79839,1.0728,4,6,327.7,0,0.7183
2,8,13,fp32,T,T,44,-621291438,0.00651,0.00618,0.9497,4,1594,0.1,0,0.9710
7595,14157,1892,fp16,N,N,17,-621294415,0.99169,1.14239,1.1520,4,9,516.7,0,0.8570
3269,1,98,fp16,N,T,28,-9,0.00435,0.02830,6.5061,4,291,150.4,0,0.9693
6,27,20,fp32,N,N,368,-621284002,0.00555,0.00578,1.0406,4,1738,0.6,0,0.9909
130,51,11107,fp32,T,T,66,-621283250,0.10915,0.68634,6.2879,4,15,73.9,0,0.9977
287,2947,675,fp32,N,T,312,-621293101,0.01984,0.02038,1.0270,4,380,610.5,0,0.7925
19,115,1800,fp16,N,T,33,-409,0.03698,0.07854,2.1238,4,114,13.3,0,1.1478
296,957,3300,bf16,T,T,20,-621285691,0.12772,0.12785,1.0010,4,68,73.6,0,1.0046
6,10028,11524,bf16,T,T,4,-150,0.77089,1.34956,1.7507,4,8,300.3,0,1.0115
4,11,4,bf16,T,T,4,-153,0.00581,0.00597,1.0286,4,1646,0.1,0,0.9714
3,18,16,fp32,T,N,172,-621284042,0.00563,0.00577,1.0258,4,1643,0.3,0,1.0103
530,2642,284,fp16,T,N,71,-621296104,0.02167,0.03145,1.4517,4,260,341.7,0,1.0179
2,10,22179,fp16,N,T,33,-409,0.40807,0.70747,1.7337,4,15,1.3,0,0.9884
6,3,22411,fp16,N,T,33,-409,0.39447,0.71423,1.8106,4,14,1.0,0,0.9461
210,3848,1278,bf16,T,N,76,-621289995,0.04063,0.07490,1.8436,4,127,334.9,0,1.1606
879,7838,182,fp32,N,T,314,-621283530,0.04116,0.04929,1.1975,4,172,823.7,0,0.8531
16880,16007,10289,fp16,T,N,71,-621296118,10.79517,12.48115,1.1562,4,5,162.8,0,0.7265
66,13,2,bf16,N,N,17,-257,0.00689,0.02447,3.5531,4,363,0.5,0,1.0488
15003,18,16563,fp16,T,T,22,-621291509,0.57323,0.59127,1.0315,4,17,869.9,0,1.0248
2,73,3598,fp16,N,N,22,-171,0.07549,0.16003,2.1197,4,59,7.2,0,0.9706
22461,2050,214,fp16,T,N,71,-621296113,0.12699,0.16520,1.3008,4,58,1532.9,0,0.8274
19,1329,1,fp32,N,T,236,-621293079,0.00642,0.00638,0.9942,4,1551,16.6,0,1.1701
30787,2351,10181,bf16,T,N,69,-621290007,2.86037,3.40035,1.1888,4,5,337.1,0,0.8151
3,2,9,fp32,N,T,304,-621283754,0.00637,0.00624,0.9782,4,1639,0.0,0,0.9601
55,31775,102,fp32,N,N,278,-621283773,0.01235,0.02297,1.8602,4,381,1617.9,0,0.9326
2915,19,16,fp16,T,N,71,-380,0.00675,0.01679,2.4864,4,476,46.7,0,1.0455
2909,138,4576,bf16,T,N,79,-621289993,0.10007,0.18773,1.8760,4,48,294.7,0,1.0005
16831,4523,548,bf16,N,T,27,-621290046,0.31391,0.37163,1.1839,4,26,1044.6,0,0.6622
985,251,2,fp32,N,T,207,-621292911,0.00647,0.00619,0.9569,4,1372,154.4,0,1.3286
119,53,180,fp16,T,N,71,-386,0.01019,0.02586,2.5371,4,338,8.5,0,0.9919
93,920,9,bf16,N,N,17,-262,0.00677,0.02282,3.3689,4,390,53.2,0,0.9966
29802,39,3540,bf16,T,T,20,-621285694,0.15186,0.15714,1.0347,4,60,1421.8,0,0.8447
635,596,25198,bf16,N,T,32,-621290045,0.48866,0.81259,1.6629,4,13,130.1,0,0.9757
22,327,9939,bf16,N,T,32,-621290049,0.19565,0.33321,1.7031,4,30,35.6,0,0.9977
16134,1654,6162,bf16,N,N,17,-621292877,0.76200,0.77454,1.0165,4,13,427.8,0,0.7671
7,58,3,fp16,T,T,5,-445,0.00683,0.00651,0.9532,4,1590,0.3,0,0.9809
198,899,1464,fp32,T,N,326,-621284159,0.01543,0.01587,1.0285,4,512,462.6,0,0.9524
819,6,7074,fp32,T,N,358,-621293541,0.02159,0.04178,1.9351,4,197,1082.1,0,1.0198
1645,6483,15053,bf16,T,N,76,-621290018,0.83364,0.92393,1.1083,4,11,344.7,0,0.6192
10169,270,290,fp32,T,T,66,-621283250,0.02843,0.03305,1.1626,4,251,812.3,0,0.6539
2514,19485,1027,bf16,T,N,69,-621289993,0.28161,0.31571,1.1211,4,28,856.2,0,0.7928
12,1199,12140,bf16,N,T,32,-621290049,0.23655,0.40059,1.6934,4,25,124.5,0,0.9668
16279,54,1495,bf16,N,T,32,-621290045,0.04746,0.07186,1.5141,4,127,1103.0,0,1.1716
114,178,14509,fp16,T,N,78,-389,0.14172,0.44880,3.1668,4,23,60.4,0,0.9807
799,1202,587,bf16,N,T,27,-621290045,0.02809,0.04322,1.5385,4,214,220.4,0,1.0072
3,112,126,fp32,N,N,324,-621284002,0.00628,0.00630,1.0032,4,1443,9.4,0,0.9970
9,439,14,fp32,T,T,66,-621291446,0.00659,0.00649,0.9854,4,1526,6.2,0,1.0086
1,16,2,fp32,T,N,165,-621284034,0.00667,0.00649,0.9724,4,1611,0.0,0,0.9849
4119,7849,13742,fp16,T,T,22,-621291510,1.84154,1.98195,1.0762,4,5,248.8,0,0.7882
747,7198,166,fp32,T,N,298,-621293798,0.03502,0.05431,1.5508,4,176,764.7,0,0.7980
1996,1158,224,fp32,T,N,347,-621284046,0.01836,0.02668,1.4533,4,349,657.5,0,0.8815
455,8802,1,fp16,T,N,71,-382,0.00880,0.01679,1.9079,4,454,1822.8,0,1.2350
1659,912,3024,fp16,N,T,33,-621295773,0.07386,0.12215,1.6538,4,75,292.5,0,0.9916
18537,2,39,fp32,N,T,328,-621283649,0.00638,0.00630,0.9880,4,1422,476.9,0,0.9941
2509,286,16100,fp16,T,T,22,-621291499,0.60134,0.60139,1.0001,4,17,154.4,0,1.0100
624,1479,4,fp16,T,N,71,-382,0.00679,0.02180,3.2097,4,375,545.9,0,1.0164
48,27107,11163,fp16,T,T,22,-621291505,0.51215,0.52925,1.0334,4,18,1193.9,0,0.7562
9,13968,31299,fp32,T,N,380,-621293737,0.49319,0.95022,1.9267,4,10,3549.1,0,0.8737
28191,342,548,fp16,N,N,17,-621294406,0.06650,0.07472,1.1236,4,119,1050.2,0,0.6809
2,153,49,bf16,N,T,27,-349,0.00686,0.02404,3.5043,4,300,2.4,0,1.3900
29693,13981,5710,bf16,T,T,20,-621285693,8.99839,9.41523,1.0463,4,5,240.0,0,0.8008
13,1,239,fp16,T,T,23,-9,0.00394,0.02192,5.5584,4,416,1.7,0,0.9840
10370,120,68,fp16,N,T,27,-408,0.01119,0.02777,2.4804,4,298,572.1,0,1.0045
61,122,2379,bf16,N,T,32,-350,0.05530,0.09678,1.7501,4,91,16.3,0,0.9957
505,7784,7175,fp16,T,T,22,-621291500,0.32180,0.32156,0.9993,4,30,418.5,0,1.0053
22,7432,18904,fp32,N,T,386,-621292999,0.25205,4.69925,18.6442,4,5,2238.8,0,0.8736
26008,4614,18136,fp16,N,T,27,-621295777,8.98612,10.07860,1.1216,4,5,177.0,0,0.7028
2,9,190,fp16,N,T,27,-408,0.01174,0.02835,2.4143,4,293,0.4,0,0.9888
952,12707,55,bf16,T,T,20,-621285683,0.02617,0.04554,1.7401,4,199,1906.4,0,0.9486
2,2444,21,fp16,T,T,5,-448,0.00689,0.00660,0.9572,4,1486,17.7,0,0.9862
566,41,14,fp16,N,N,17,-170,0.00677,0.02471,3.6518,4,351,16.2,0,0.9931
4773,23,323,fp32,N,T,362,-621283635,0.00621,0.00625,1.0071,4,1208,1068.8,0,1.0059
30,16,10436,fp32,N,T,451,-621292961,0.01106,0.01571,1.4212,4,452,173.9,0,0.9910
2247,12,2,bf16,T,T,20,-150,0.00685,0.01343,1.9620,4,602,17.1,0,1.0087
13723,543,7042,fp32,N,N,292,-621283890,1.29398,1.97961,1.5299,4,6,333.6,0,0.7580
11318,513,48,fp32,N,T,268,-621283645,0.01494,0.01964,1.3141,4,455,1706.4,0,0.7919
8014,3117,19888,fp16,T,T,22,-621291507,2.25411,2.39899,1.0643,4,5,240.7,0,0.8012
15286,2,214,bf16,N,T,27,-621290045,0.01993,0.02895,1.4529,4,302,334.5,0,1.0792
9962,2539,4647,fp32,N,T,312,-621283628,2.35288,2.46773,1.0488,4,5,141.8,0,0.7709
22380,1330,892,fp32,N,N,336,-621283964,0.57800,0.67427,1.1666,4,14,352.3,0,0.6604
599,15344,2546,bf16,N,T,32,-621290045,0.15243,0.16819,1.1034,4,50,773.8,0,0.6287
258,1493,721,fp16,T,T,22,-445,0.03753,0.04099,1.0923,4,224,108.3,0,0.9743
2057,3356,30514,fp16,N,T,33,-621295777,0.99748,1.30178,1.3051,4,8,358.9,0,0.6678
67,65,34,bf16,T,N,69,-607,0.00672,0.02563,3.8159,4,359,3.9,0,0.9654
12101,3339,8658,fp32,T,N,296,-621284354,7.06095,9.59819,1.3593,4,5,98.6,0,0.6848
13323,14805,11,fp32,T,N,266,-621284346,0.25477,0.62800,2.4649,4,16,3101.7,0,0.6475
5585,96,3816,fp16,T,T,22,-621291510,0.14530,0.14844,1.0217,4,57,313.2,0,0.9912
132,613,1976,fp16,T,N,77,-621296105,0.05403,0.09637,1.7838,4,92,60.5,0,0.9902
11430,390,23993,fp16,T,N,77,-621296106,0.73922,0.99240,1.3425,4,10,791.4,0,0.7434
22000,79,1411,fp32,T,T,66,-621283250,0.11826,0.21568,1.8238,4,44,1112.6,0,0.6697
9047,2802,8950,fp32,T,T,66,-621283236,4.82629,5.42398,1.1238,4,5,108.9,0,0.7447
1718,9655,637,fp16,T,T,22,-621291501,0.08769,0.10028,1.1437,4,89,921.9,0,0.6307
441,2354,870,fp16,T,N,75,-621296103,0.03194,0.05913,1.8515,4,147,282.3,0,1.2108
2,9793,47,fp16,N,N,17,-170,0.00574,0.02598,4.5296,4,367,174.2,0,1.0020
867,1735,1249,fp32,N,T,312,-621283530,0.05412,0.06569,1.2138,4,146,351.4,0,0.8044
20827,412,473,fp16,T,T,22,-621291503,0.05096,0.05491,1.0775,4,147,1067.8,0,1.0125
708,2015,2483,fp16,T,T,22,-621291496,0.10421,0.10428,1.0007,4,87,184.5,0,1.0961
27043,25,682,fp32,T,T,66,-621291435,0.03278,0.10617,3.2394,4,89,2335.5,0,0.8379
4,228,1017,fp32,T,N,332,-621284158,0.00753,0.00892,1.1846,4,915,125.9,0,0.9737
1099,9137,9,bf16,T,T,20,-621285683,0.02039,0.02938,1.4407,4,321,1978.6,0,0.9510
6425,5582,10222,bf16,N,T,27,-621290035,1.48666,1.50750,1.0140,4,7,261.6,0,0.8543
4,20928,1051,fp16,T,N,9,-383,0.05912,0.05982,1.0119,4,150,750.0,0,0.8901
2186,2857,129,bf16,T,T,20,-621285684,0.02312,0.02309,0.9989,4,359,1137.0,0,1.1798
69,18082,48,fp16,N,N,17,-170,0.01230,0.01587,1.2900,4,511,547.3,0,0.9886
53,59,66,bf16,T,T,20,-150,0.00654,0.01604,2.4525,4,508,4.2,0,0.9970
11,6,70,bf16,N,T,27,-349,0.00658,0.02622,3.9847,4,352,0.4,0,0.9942
2710,692,103,bf16,T,T,20,-621285685,0.01849,0.02554,1.3811,4,325,443.5,0,1.0112
47,880,77,bf16,N,T,27,-349,0.00744,0.02550,3.4261,4,360,41.4,0,1.0003
248,2464,2,bf16,T,N,69,-611,0.00685,0.02482,3.6219,4,361,358.3,0,0.9837
639,5924,12223,fp16,N,T,33,-621295777,0.33352,0.47792,1.4329,4,19,526.4,0,0.8804
370,22,2,fp16,T,N,71,-380,0.00665,0.01588,2.3861,4,556,5.1,0,1.1165
14230,10707,12024,bf16,T,T,20,-621285693,6.44859,6.99219,1.0843,4,5,187.5,0,0.7932
6371,12051,1155,bf16,N,N,17,-621292879,0.50304,0.57712,1.1473,4,15,695.1,0,0.7567
13489,5,2,fp32,N,N,330,-621284000,0.00622,0.00645,1.0383,4,1263,60.8,0,0.9802
10,8,21430,bf16,T,N,80,-615,0.01944,0.65111,33.4907,4,16,39.7,0,0.9786
1,2201,194,bf16,T,N,4,-9,0.00540,0.01288,2.3842,4,686,159.8,0,0.9947
195,71,914,fp32,T,N,318,-621293554,0.00775,0.00815,1.0524,4,968,132.6,0,1.0256
870,4,5070,bf16,N,N,8,-258,0.15953,0.20284,1.2715,4,47,55.6,0,1.0379
5835,4065,887,bf16,N,T,27,-621290049,0.17844,0.19934,1.1171,4,50,630.1,0,0.6688
9,20185,15,fp16,N,T,27,-412,0.00664,0.02080,3.1339,4,431,200.8,0,0.9898
4210,3609,16813,fp16,N,T,27,-621295765,1.11426,1.12217,1.0071,4,9,290.5,0,0.7962
85,123,4939,fp32,T,T,66,-621283250,0.04985,0.08732,1.7517,4,109,83.3,0,0.9676
774,3074,2038,fp16,T,N,77,-621296106,0.05874,0.09764,1.6621,4,92,429.0,0,0.9386
3657,3194,7,fp16,N,T,27,-621295767,0.02527,0.03195,1.2642,4,290,1852.7,0,0.9786
4135,22570,2743,bf16,N,N,17,-621292878,1.17105,1.41854,1.2113,4,7,443.9,0,0.9397
4832,9625,9,fp32,T,N,266,-621284353,0.07263,0.16189,2.2289,4,63,2568.4,0,0.7356
11344,661,205,fp32,N,T,314,-621283658,0.05108,0.04719,0.9238,4,146,779.8,0,0.7460
4,2,910,bf16,T,N,10,-618,0.01449,0.01370,0.9456,4,497,0.8,0,0.9609
32744,1687,221,fp16,T,N,71,-621296106,0.14794,0.20459,1.3829,4,50,1596.4,0,0.6544
3,1431,6254,fp32,T,T,44,-621291435,0.06285,0.07824,1.2448,4,109,571.0,0,0.9872
699,92,518,fp32,N,N,328,-621293214,0.00618,0.00627,1.0155,4,1151,307.0,0,1.1442
683,4,65,fp16,T,N,5,-380,0.00675,0.02462,3.6463,4,349,14.8,0,0.9993
14171,13508,10645,bf16,T,T,20,-621285693,7.41930,7.85371,1.0586,4,5,182.6,0,0.8315
149,29,1,fp32,N,T,217,-621292907,0.00652,0.00632,0.9694,4,1554,2.8,0,0.9683
6565,31977,10068,fp16,N,N,17,-621294415,9.34649,11.89559,1.2727,4,5,172.9,0,0.8132
19224,7,10474,fp32,N,T,364,-621283652,0.21162,0.30389,1.4360,4,36,3809.8,0,0.8446
25035,6166,5242,bf16,T,T,20,-621285693,3.12943,3.16352,1.0109,4,5,301.8,0,0.7684
3,1,214,fp16,T,N,4,-9,0.00399,0.02476,6.2079,4,376,0.4,0,0.9957
14937,3161,1960,fp32,N,N,292,-621293195,1.79996,1.99484,1.1083,4,5,183.8,0,0.6569
78,4,1044,bf16,T,T,20,-150,0.04449,0.04960,1.1147,4,198,3.9,0,1.1056
967,40,27610,fp32,N,T,359,-621283523,0.12054,7.24758,60.1258,4,5,923.9,0,0.9682
11,19,79,fp16,T,T,22,-447,0.00683,0.01636,2.3950,4,535,0.8,0,0.9881
27715,2683,2693,fp16,T,T,22,-621291506,0.91307,0.94638,1.0365,4,11,505.1,0,0.8234
178,30,126,fp32,T,T,112,-621283265,0.00603,0.00700,1.1600,4,1018,20.9,0,0.9710
24,51,332,fp32,T,N,330,-621293510,0.00664,0.00897,1.3517,4,889,15.7,0,1.0084
5,23825,3,fp32,T,T,66,-621291433,0.00644,0.01412,2.1926,4,630,118.4,0,1.0091
18673,78,96,fp16,T,N,71,-621296107,0.01317,0.01912,1.4514,4,451,715.7,0,1.0173
248,34,214,fp16,N,T,27,-408,0.01400,0.03235,2.3115,4,280,11.0,0,1.0028
928,3134,196,bf16,N,T,27,-621290045,0.02178,0.03110,1.4275,4,284,607.1,0,1.1241
1,12,1672,bf16,T,N,9,-9,0.00843,0.01946,2.3081,4,373,5.2,0,0.9894
3789,20270,1699,fp16,N,N,17,-621294414,0.64226,0.73329,1.1417,4,14,605.6,0,0.9035
18658,1962,4,bf16,N,N,17,-621292875,0.05684,0.07353,1.2936,4,127,2578.9,0,1.0096
1998,17689,11502,fp16,N,T,27,-621295776,1.71499,1.72966,1.0086,4,6,346.5,0,0.8711
3510,8461,1035,fp16,T,N,71,-621296107,0.19701,0.19543,0.9920,4,42,728.8,0,0.7941
989,11829,104,bf16,T,T,20,-621285685,0.03442,0.04739,1.3771,4,178,1437.1,0,1.2823
3305,61,15,fp16,T,T,22,-447,0.00665,0.01651,2.4813,4,535,136.4,0,0.9833
22483,6529,7118,fp16,N,T,27,-621295763,4.43247,4.60384,1.0387,4,5,225.6,0,0.8273
1995,3293,4304,bf16,T,N,77,-621289994,0.14219,0.19798,1.3924,4,47,504.9,0,0.6335
16,91,107,fp16,T,N,71,-386,0.00757,0.02056,2.7164,4,441,3.8,0,0.9725
1213,164,111,fp16,T,N,71,-380,0.00932,0.02538,2.7232,4,334,118.2,0,0.9985
3766,446,4,fp32,T,T,112,-621291452,0.00545,0.00571,1.0465,4,1324,1244.5,0,1.0163
16830,2747,27573,bf16,T,N,69,-621289989,5.10635,6.06208,1.1872,4,5,247.6,0,0.6633
17811,7,4300,fp16,T,T,22,-621291510,0.16034,0.16516,1.0301,4,51,958.8,0,1.0017
7915,187,1057,fp16,N,N,22,-621294410,0.04687,0.06820,1.4550,4,123,491.7,0,0.9923
85,11,6485,bf16,T,T,20,-621285697,0.23054,0.23590,1.0232,4,41,5.4,0,0.9692
788,375,140,fp32,N,T,316,-621283635,0.00610,0.00618,1.0133,4,1357,300.7,0,1.0192
1228,868,1,fp32,N,T,204,-621292907,0.00651,0.00748,1.1490,4,963,656.3,0,1.1428
8,472,90,bf16,N,N,17,-257,0.00843,0.02664,3.1587,4,304,12.0,0,1.0058
3,13765,16476,bf16,T,N,14,-618,0.50421,0.58714,1.1645,4,18,900.1,0,1.0263
79,413,6,bf16,N,T,27,-349,0.00664,0.02199,3.3112,4,387,20.5,0,0.9680
14,183,372,fp16,T,T,22,-445,0.01431,0.02736,1.9122,4,314,11.0,0,0.9925
19776,670,1333,fp32,T,T,66,-621283233,0.41299,0.41199,0.9976,4,23,392.3,0,0.7960
47,220,4,fp32,N,T,235,-621283656,0.00656,0.00649,0.9884,4,1526,7.0,0,0.9730
17455,137,7932,fp16,T,N,77,-621296113,0.26022,0.38102,1.4642,4,26,1109.2,0,0.6876
58,1168,6,bf16,T,T,20,-153,0.00669,0.01318,1.9706,4,581,42.7,0,0.9795
353,990,4693,fp32,T,T,66,-621291435,0.06417,0.08892,1.3858,4,101,414.7,0,0.8507
3531,557,147,fp32,T,N,306,-621284338,0.01177,0.01612,1.3699,4,497,872.8,0,0.8699
7089,4018,3197,fp16,N,N,17,-621294415,0.48411,0.49375,1.0199,4,19,382.0,0,0.8181
410,26,2789,fp32,N,T,359,-621283520,0.01266,0.02813,2.2226,4,308,387.7,0,1.1554
11931,653,374,fp16,T,T,22,-621291496,0.04185,0.04590,1.0968,4,210,969.7,0,0.9725
1,253,56,bf16,N,T,28,-9,0.00382,0.02395,6.2723,4,356,7.7,0,0.9909
508,471,22804,fp16,T,N,79,-621296106,0.45833,0.69764,1.5221,4,15,99.5,0,0.9997
7167,2884,2597,fp16,T,N,71,-621296101,0.29672,0.42789,1.4421,4,23,454.6,0,0.6689
6,6,16,fp16,T,T,5,-446,0.00683,0.00653,0.9560,4,1510,0.1,0,1.3826
6952,3,23,bf16,N,T,27,-349,0.00658,0.02527,3.8404,4,367,61.3,0,1.0049
7975,23689,8735,fp16,T,T,22,-621291506,6.43975,7.44452,1.1560,4,5,203.2,0,0.8499
13,18,77,fp16,T,N,71,-388,0.00697,0.01910,2.7398,4,411,0.8,0,0.9896
44,14524,56,bf16,N,T,27,-349,0.00746,0.02458,3.2948,4,346,561.4,0,0.9853
329,45,3106,fp16,N,T,33,-621295773,0.07258,0.11980,1.6507,4,76,32.8,0,0.9951
226,303,58,bf16,N,T,27,-349,0.00680,0.02533,3.7269,4,343,49.3,0,0.9981
108,107,13,fp16,T,T,22,-447,0.00666,0.01383,2.0767,4,607,7.8,0,1.0038
13231,10547,1206,fp32,N,N,292,-621283869,3.20319,3.32196,1.0371,4,5,210.1,0,0.7730
11885,187,31,fp32,T,T,66,-621291447,0.00736,0.00985,1.3374,4,889,1410.8,0,0.8530
3230,76,1458,fp32,T,N,365,-621284152,0.02062,0.05652,2.7416,4,161,982.8,0,0.8334
565,8,4229,fp32,T,N,344,-621293541,0.01633,0.01788,1.0954,4,404,594.8,0,0.9213
2848,3339,7468,fp32,T,T,66,-621291425,1.51557,2.02612,1.3369,4,5,147.0,0,0.6544
3,29425,374,fp32,T,N,148,-621284191,0.01541,0.03203,2.0783,4,276,2879.3,0,0.9695
52,239,248,fp32,T,T,66,-621291446,0.00653,0.00635,0.9724,4,1236,51.8,0,1.0398
74,31,815,fp16,N,T,33,-409,0.01940,0.04997,2.5766,4,180,9.3,0,0.9892
1342,540,1572,fp32,N,T,356,-621283639,0.03483,0.05129,1.4725,4,190,423.0,0,0.8654
20554,3,841,fp16,T,T,22,-621291507,0.04357,0.04398,1.0094,4,217,799.2,0,0.9965
16368,6804,21486,bf16,T,T,20,-621285693,8.30918,9.50800,1.1443,4,5,173.4,0,0.7941
3136,24,65,fp32,N,N,316,-621283910,0.00638,0.00717,1.1242,4,1076,176.1,0,0.9881
4354,469,1878,bf16,T,T,20,-621285689,0.08378,0.08841,1.0553,4,93,313.7,0,1.0013
303,24250,1,bf16,T,T,20,-151,0.01307,0.02712,2.0749,4,288,2252.2,0,1.1668
3826,55,60,fp32,T,T,66,-621291439,0.00650,0.00621,0.9554,4,1362,272.8,0,0.9880
4248,148,640,bf16,N,T,27,-621290045,0.02210,0.04165,1.8851,4,228,368.5,0,1.0050
3599,3922,2223,fp32,N,N,292,-621293143,0.63194,0.66088,1.0458,4,14,195.2,0,0.6638
19,1391,5979,fp16,N,T,33,-621295777,0.12447,0.12649,1.0163,4,66,136.3,0,0.9783
2650,17,1944,fp32,N,T,359,-621293001,0.01094,0.03430,3.1344,4,262,1911.8,0,0.8686
19228,8177,5324,fp16,N,T,27,-621295776,3.48137,3.65313,1.0493,4,5,264.5,0,0.9180
88,3,9,bf16,T,N,3,-616,0.00673,0.00636,0.9449,4,1513,0.4,0,1.1335
490,4993,1305,fp16,N,N,22,-621294410,0.05427,0.07954,1.4656,4,109,444.0,0,1.0288
549,595,2,bf16,N,T,27,-349,0.00783,0.02214,2.8256,4,340,167.4,0,0.9853
2715,15244,1829,bf16,N,T,27,-621290049,0.47855,0.51279,1.0716,4,20,483.2,0,0.6820
30,55,77,bf16,T,N,69,-607,0.00764,0.01969,2.5776,4,323,2.6,0,1.5821
97,117,298,fp16,T,T,22,-445,0.01246,0.02470,1.9832,4,370,13.9,0,0.9853
63,7,6077,fp16,T,N,12,-391,0.01909,0.22509,11.7900,4,43,44.7,0,1.0035
180,102,2154,fp32,T,T,112,-621283250,0.02330,0.04208,1.8063,4,212,107.5,0,1.0134
164,4798,38,fp16,N,T,27,-408,0.00688,0.02381,3.4637,4,364,512.7,0,1.0173
20461,10938,9352,fp16,N,N,17,-621294415,8.59952,11.88343,1.3819,4,5,172.4,0,0.8052
1,211,5,fp32,N,T,264,-621283457,0.00559,0.00580,1.0377,4,1594,0.9,0,0.9696
347,21,11535,bf16,N,N,23,-621292873,0.36912,0.37668,1.0205,4,27,23.1,0,0.9896
29,109,3,bf16,T,N,69,-616,0.00552,0.01612,2.9220,4,460,2.4,0,0.9933
3233,11662,8262,bf16,N,N,17,-621292877,1.26785,1.64115,1.2944,4,7,313.1,0,0.8427
4,69,5680,fp32,T,T,66,-621291435,0.05767,0.09959,1.7270,4,96,28.8,0,1.1195
614,943,15203,fp16,N,N,22,-621294410,0.46103,0.46227,1.0027,4,22,107.7,0,1.0172
4,883,16,fp16,N,N,17,-170,0.00665,0.02517,3.7820,4,336,6.4,0,1.0133
10262,8682,7972,fp16,T,T,22,-621291511,2.86648,2.95518,1.0309,4,5,229.7,0,0.8080
42,11174,8242,fp32,N,N,350,-621293215,0.20898,0.52204,2.4981,4,19,1778.4,0,0.6697
2099,543,2,bf16,N,T,27,-353,0.00672,0.02494,3.7099,4,342,679.7,0,0.9810
149,2,3168,fp32,T,N,194,-621284134,0.01366,0.01438,1.0525,4,452,140.1,0,1.0107
519,22678,6,bf16,T,T,20,-621285690,0.02133,0.02844,1.3333,4,331,2220.5,0,0.9668
43,43,27,fp32,N,N,334,-621293214,0.00637,0.00636,0.9977,4,1538,2.6,0,0.9720
8886,211,8690,bf16,N,T,32,-621290049,0.19117,0.30532,1.5971,4,30,866.3,0,1.0236
2647,93,1,fp32,N,T,208,-621293079,0.00643,0.00626,0.9742,4,1443,154.9,0,0.9803
7,138,9256,fp16,T,T,5,-445,0.29902,0.34740,1.1618,4,29,9.0,0,0.9876
1272,3,4,fp32,T,T,66,-621291446,0.00667,0.00636,0.9536,4,1463,5.3,0,1.1518
6719,28196,3804,fp16,N,N,17,-621294414,3.16887,3.83870,1.2114,4,5,323.0,0,0.8719
1,1947,305,fp16,T,T,5,-9,0.00383,0.01357,3.5441,4,578,312.5,0,0.9930
15817,7593,13900,fp16,N,N,17,-621294415,7.83972,9.52207,1.2146,4,5,144.3,0,0.7436
10516,45,18,bf16,T,T,20,-153,0.00670,0.01710,2.5505,4,492,339.0,0,1.0379
16471,741,654,fp32,N,N,292,-621283964,0.19311,0.27826,1.4409,4,34,486.0,0,0.6467
25882,475,9,fp16,N,T,27,-621295771,0.02838,0.02917,1.0280,4,319,1749.7,0,0.9978
7362,17306,166,fp32,T,T,112,-621283233,0.54346,0.60298,1.1095,4,16,967.9,0,0.8367
4,17286,883,fp32,N,T,366,-621283730,0.01711,0.06419,3.7529,4,134,3586.3,0,0.8636
116,454,228,fp16,T,N,71,-388,0.01225,0.02775,2.2656,4,292,38.4,0,0.9844
4641,3,13,fp16,T,T,22,-449,0.00661,0.01444,2.1846,4,602,26.7,0,0.9980
178,55,1372,fp16,T,T,22,-447,0.05407,0.06200,1.1467,4,144,12.5,0,1.1477
227,8153,8,fp16,N,T,27,-408,0.00700,0.02370,3.3865,4,334,1076.9,0,0.9960
1589,8245,6592,fp32,N,N,292,-621283810,1.76120,1.99289,1.1316,4,5,177.0,0,0.6657
5394,2,3485,fp16,T,N,10,-381,0.10864,0.53232,4.8996,4,19,346.6,0,0.9440
4,1,585,fp16,N,N,2,-9,0.00379,0.06947,18.3110,4,125,1.5,0,0.9940
9742,27,123,fp32,T,N,238,-621293592,0.00653,0.01561,2.3884,4,514,896.6,0,1.1486
7646,453,8,bf16,N,N,17,-262,0.00921,0.02789,3.0271,4,328,1517.6,0,0.9959
5411,4,1673,fp32,T,T,66,-621283250,0.01978,0.02566,1.2975,4,355,1836.5,0,1.0221
4,2352,296,fp16,N,T,27,-408,0.01874,0.03215,1.7157,4,290,76.4,0,0.9740
10005,193,5516,fp16,T,T,22,-621291502,0.21129,0.22702,1.0745,4,43,569.0,0,1.0127
167,7,5839,fp16,T,T,22,-621291507,0.20861,0.21377,1.0247,4,47,9.8,0,0.9722
6431,9410,12698,fp32,T,T,66,-621283233,17.08022,17.57244,1.0288,4,5,61.3,0,0.7825
2,34,42,fp32,N,N,408,-621293371,0.00650,0.00654,1.0061,4,1580,1.0,0,0.9636
8128,2433,2138,fp16,N,N,17,-621294408,0.32691,0.35822,1.0958,4,27,380.1,0,0.7705
123,3317,1855,fp16,N,N,22,-621294410,0.07350,0.09867,1.3425,4,95,195.8,0,0.9872
25,3866,9578,bf16,T,N,79,-621289993,0.21869,0.34688,1.5862,4,29,342.6,0,1.0086
2239,68,1,bf16,T,T,20,-153,0.00654,0.01350,2.0625,4,600,93.8,0,0.9916
135,2,15,fp32,T,N,206,-621293439,0.00655,0.00639,0.9766,4,1629,1.4,0,0.9944
37,7302,29201,bf16,N,T,32,-621290049,0.60894,1.07487,1.7652,4,10,705.6,0,1.0239
6017,6663,169,fp32,N,T,314,-621292887,0.19419,0.19229,0.9902,4,38,869.9,0,0.6665
105,4,281,fp32,T,N,308,-621293554,0.00647,0.00831,1.2840,4,905,19.2,0,0.9744
634,16346,25,fp16,T,N,71,-621296072,0.02395,0.03659,1.5276,4,264,1766.3,0,1.0275
1,5316,27424,fp32,T,T,21,-9,0.20165,0.70009,3.4717,4,14,2892.5,0,1.0075
213,5015,185,bf16,T,N,69,-621289995,0.01811,0.03580,1.9774,4,257,342.8,0,0.9800
3752,15181,3578,fp16,N,T,27,-621295776,0.93410,0.96232,1.0302,4,11,389.0,0,0.8753
10473,29448,6741,bf16,N,T,27,-621290053,8.51766,8.50597,0.9986,4,5,208.0,0,0.7455
2533,4657,1980,bf16,N,T,27,-621290046,0.13006,0.12706,0.9769,4,56,581.7,0,0.6570
35,5322,124,fp32,N,N,278,-621283951,0.00616,0.00629,1.0211,4,1203,551.9,0,0.9941
42,3,195,fp32,T,N,174,-621293510,0.00654,0.00645,0.9866,4,1253,5.4,0,0.9866
11043,52,8,bf16,T,N,69,-611,0.00666,0.01949,2.9275,4,444,371.7,0,1.0006
98,6,13,bf16,T,N,5,-607,0.00696,0.02252,3.2375,4,386,0.7,0,0.9906
289,3562,1884,fp32,T,T,66,-621291428,0.05731,0.05581,0.9738,4,139,578.2,0,0.6939
3189,11,337,fp32,N,T,367,-621293111,0.00660,0.01286,1.9501,4,658,675.3,0,0.9819
1461,4490,125,bf16,N,N,17,-621292869,0.02343,0.03562,1.5199,4,228,1183.2,0,0.9948
18,27236,2,bf16,N,N,17,-257,0.00573,0.01492,2.6067,4,602,361.6,0,1.1317
9056,61,68,fp32,T,T,66,-621291433,0.00555,0.00722,1.3007,4,1103,845.0,0,1.0205
20,7132,4,fp32,N,T,280,-621283469,0.00547,0.00563,1.0306,4,1486,125.3,0,0.9950
6816,2522,4438,fp32,N,N,336,-621293202,1.47901,1.57586,1.0655,4,6,158.6,0,0.7105
14,26242,27847,fp32,N,T,368,-621283729,0.76566,2.00689,2.6211,4,5,3821.6,0,0.8510
4536,3858,25627,fp16,N,T,27,-621295771,1.88720,1.87169,0.9918,4,6,265.1,0,0.8590
12,5,6,bf16,N,T,27,-353,0.00676,0.02380,3.5218,4,385,0.1,0,0.9694
1851,10,45,fp32,N,N,326,-621284000,0.00622,0.00631,1.0149,4,1108,65.7,0,0.9910
1105,606,1685,bf16,N,T,32,-621290045,0.04826,0.07947,1.6465,4,118,175.0,0,0.9963
7,34,1752,fp32,T,N,344,-621284158,0.01056,0.01035,0.9799,4,575,27.3,0,0.9903
17458,16527,92,bf16,N,N,17,-621292873,0.48589,0.90733,1.8674,4,12,2388.1,0,0.7596
254,785,14,fp16,N,N,17,-170,0.00664,0.02463,3.7103,4,381,124.5,0,0.9908
2010,18514,978,fp16,T,N,71,-621296103,0.21349,0.24420,1.1438,4,36,885.3,0,0.6720
1847,6710,508,fp16,N,T,27,-621295764,0.06619,0.06901,1.0427,4,134,880.3,0,1.1427
21941,30,7,bf16,N,N,17,-257,0.00678,0.02547,3.7560,4,324,433.7,0,1.1507
2146,49,23,bf16,T,N,69,-611,0.00676,0.02564,3.7935,4,342,77.2,0,1.0172
304,518,2132,bf16,T,T,20,-621285697,0.08808,0.08881,1.0084,4,95,46.9,0,1.0129
171,2,257,fp32,T,T,66,-621291435,0.00642,0.00632,0.9844,4,1113,27.9,0,1.0007
18794,28935,4960,fp16,T,N,71,-621296114,10.37380,14.41252,1.3893,4,5,255.3,0,0.8292
1041,90,359,bf16,N,T,27,-621290045,0.02332,0.03677,1.5768,4,246,50.9,0,0.9821
937,325,11054,bf16,N,T,32,-621290045,0.22041,0.36848,1.6717,4,27,132.1,0,0.9871
2,1,3,fp32,T,N,163,-621284033,0.00648,0.00624,0.9629,4,1594,0.0,0,0.9797
70,1693,2347,bf16,N,N,23,-258,0.08042,0.11525,1.4331,4,75,108.8,0,1.0177
7,44,48,fp32,N,N,364,-621283988,0.00641,0.00637,0.9933,4,1590,1.7,0,1.0041
5795,381,1797,bf16,N,T,32,-621290045,0.05559,0.08712,1.5671,4,111,558.2,0,1.0192
2,234,1176,fp16,N,N,22,-171,0.02740,0.06404,2.3371,4,152,20.3,0,0.9738
5717,29,9224,bf16,N,T,32,-621290045,0.18477,0.31595,1.7100,4,29,577.3,0,1.1421
26,6,133,fp32,T,T,66,-621291439,0.00667,0.00626,0.9388,4,1408,2.6,0,0.9907
21260,324,3513,bf16,N,N,23,-621292880,0.20137,0.19898,0.9881,4,47,889.9,0,0.6828
2348,4283,74,fp32,N,N,264,-621283892,0.03410,0.04238,1.2429,4,212,1237.2,0,0.7965
3779,6542,5075,fp16,T,T,22,-621291507,0.68911,0.76827,1.1149,4,13,295.5,0,0.7576
5,17516,1056,bf16,T,T,4,-150,0.06848,0.11187,1.6336,4,81,545.5,0,0.9858
7693,11293,29221,bf16,N,T,27,-621290055,10.96457,10.96476,1.0000,4,5,132.9,0,0.6788
20,618,14,bf16,N,T,27,-349,0.00658,0.02242,3.4073,4,369,10.2,0,0.9862
552,15220,9923,bf16,N,N,23,-621292875,0.54785,0.54654,0.9976,4,19,632.7,0,0.8349
61,6,17231,bf16,T,T,20,-621285697,0.58516,0.60177,1.0284,4,17,3.9,0,0.9776
1713,21882,582,fp32,N,T,312,-621293074,0.48977,0.48987,1.0002,4,19,418.3,0,0.6707
2105,1525,37,bf16,N,T,27,-349,0.01608,0.02833,1.7620,4,271,815.2,0,1.1313
1766,834,7401,bf16,T,T,20,-621285697,0.27245,0.27256,1.0004,4,37,162.9,0,1.0146
5550,10297,8,bf16,T,N,69,-621289955,0.08885,0.15133,1.7032,4,66,2575.6,0,0.9358
23099,445,5714,fp32,T,T,66,-621291428,1.62816,2.03651,1.2508,4,5,355.8,0,0.6499
15,4928,452,bf16,T,N,69,-621289994,0.02119,0.03719,1.7552,4,253,224.9,0,0.9873
8544,324,356,bf16,T,N,69,-621289995,0.02143,0.04021,1.8763,4,207,811.4,0,1.0097
1943,882,364,bf16,T,T,20,-621285689,0.02785,0.02849,1.0231,4,327,320.0,0,0.9882
4700,48,16,fp32,N,T,253,-621292932,0.00659,0.00628,0.9540,4,1310,183.1,0,1.0273
5,653,10713,fp16,T,N,12,-391,0.03212,0.37621,11.7137,4,27,439.4,0,1.0053
343,454,475,bf16,T,T,20,-150,0.02307,0.03232,1.4007,4,268,59.8,0,0.9947
7,1,57,fp16,N,T,28,-9,0.00388,0.02653,6.8312,4,350,0.2,0,0.9933
6928,12047,25797,bf16,N,T,27,-621290053,8.92254,9.88544,1.1079,4,5,147.1,0,0.6958
16986,1,392,bf16,T,N,3,-9,0.01031,0.07395,7.1706,4,136,1298.0,0,1.0130
70,49,67,fp32,T,N,254,-621293741,0.00658,0.00655,0.9948,4,1481,6.9,0,0.9575
40,83,3,bf16,T,T,20,-152,0.00673,0.01288,1.9127,4,654,2.1,0,1.0025
230,8592,18796,fp16,T,T,22,-621291499,0.68922,0.68745,0.9974,4,15,492.6,0,1.0788
25,223,2967,fp32,T,N,350,-621284138,0.01411,0.01539,1.0906,4,380,210.2,0,0.9901
282,430,910,fp32,T,T,112,-621291435,0.01190,0.01352,1.1369,4,654,258.6,0,1.0198
107,6468,22,fp16,T,T,22,-447,0.00673,0.01998,2.9663,4,440,454.0,0,1.0056
23260,56,25586,fp16,N,T,33,-621295777,0.59219,0.93570,1.5801,4,11,2023.6,0,0.9496
1680,2978,4,fp32,T,N,307,-621293456,0.00824,0.01486,1.8018,4,592,2436.3,0,0.8880
203,41,23,fp16,N,T,27,-408,0.00670,0.02496,3.7268,4,366,6.6,0,0.9690
8415,22,26325,fp32,T,N,380,-621284152,0.34873,0.54991,1.5769,4,19,2549.7,0,0.7628
26624,35,5,bf16,N,T,27,-349,0.00658,0.02061,3.1304,4,444,606.6,0,0.9898
189,11,7713,bf16,N,N,23,-621292873,0.24423,0.31770,1.3008,4,31,12.7,0,0.9892
168,19,3713,bf16,T,N,78,-619,0.02486,0.17247,6.9378,4,50,56.4,0,0.9965
11,117,11,bf16,T,N,69,-616,0.00560,0.01638,2.9266,4,535,1.4,0,1.0073
1031,17532,277,bf16,T,T,20,-621285684,0.08289,0.09013,1.0874,4,113,996.3,0,0.8382
13,1605,1466,fp16,N,N,22,-171,0.04425,0.07903,1.7859,4,108,109.1,0,1.1224
10167,498,1094,bf16,N,N,23,-621292876,0.05428,0.06861,1.2639,4,131,803.0,0,0.9475
2,129,28383,bf16,T,N,14,-615,0.02345,0.02340,0.9979,4,370,317.2,0,0.9460
7,4,1460,bf16,N,N,8,-258,0.04359,0.05660,1.2984,4,166,0.7,0,1.0024
462,21308,560,bf16,N,T,27,-621290043,0.06009,0.06136,1.0211,4,153,1061.1,0,0.8991
7124,5999,8,fp32,N,N,264,-621283861,0.05909,0.10537,1.7833,4,96,2900.3,0,1.1356
1572,168,1,bf16,T,T,20,-152,0.00655,0.01363,2.0814,4,588,161.8,0,1.0890
10,7,280,fp16,N,N,2,-170,0.01846,0.01846,1.0003,4,494,0.5,0,0.9931
7345,689,17245,fp16,N,T,33,-621295777,0.50446,0.68902,1.3658,4,13,589.4,0,0.8149
1020,1738,52,bf16,T,N,69,-607,0.01207,0.02897,2.4012,4,271,611.4,0,0.9857
223,1532,1198,fp16,N,T,33,-621295773,0.03908,0.06188,1.5834,4,147,142.6,0,0.9943
3,1,22,fp16,T,N,4,-9,0.00293,0.00576,1.9683,4,1424,0.1,0,0.9927
2558,4222,289,fp32,N,T,314,-621283645,0.09686,0.13777,1.4224,4,71,526.9,0,0.7608
506,319,4,fp16,N,T,27,-412,0.00657,0.02435,3.7075,4,346,99.3,0,1.1361
209,8807,2132,bf16,T,N,78,-621289995,0.06007,0.06240,1.0388,4,140,762.5,0,1.0172
2189,2,389,fp16,N,N,2,-170,0.02493,0.02494,1.0004,4,318,69.1,0,0.9821
29767,5575,10349,bf16,N,T,27,-621290035,6.79905,7.22356,1.0624,4,5,205.2,0,0.7624
876,12212,7954,bf16,T,N,76,-621289979,0.47146,0.61021,1.2943,4,18,532.4,0,0.9833
6,471,239,fp32,T,N,324,-621284107,0.00642,0.00726,1.1301,4,938,72.8,0,0.9850
72,680,30304,fp16,T,N,79,-621296106,0.59477,0.91460,1.5377,4,11,77.0,0,0.9933
2681,2391,14700,fp16,T,T,22,-621291506,0.63735,0.65234,1.0235,4,15,274.2,0,0.8480
32526,12,154,fp32,T,N,345,-621293554,0.01016,0.01440,1.4180,4,590,2127.2,0,1.0039
29481,3854,4343,bf16,T,N,69,-621289994,2.01021,2.27492,1.1317,4,5,370.1,0,0.6801
9,655,5827,fp32,T,T,66,-621283250,0.05852,0.07297,1.2470,4,122,264.9,0,0.9693
236,22709,9873,bf16,N,T,32,-621290049,0.31816,0.43606,1.3706,4,22,1491.4,0,0.7923
37,2066,1,fp32,T,T,66,-621291438,0.00645,0.00621,0.9626,4,1466,48.7,0,1.1290
8554,2729,8186,bf16,N,N,17,-621292877,1.11416,1.11268,0.9987,4,9,249.6,0,0.6596
54,2347,4015,bf16,T,T,20,-621285696,0.15225,0.15433,1.0136,4,60,130.0,0,1.0987
5076,37,24499,fp16,T,N,79,-621296105,0.53330,0.90582,1.6985,4,11,471.2,0,0.9999
7,870,1057,fp32,T,N,340,-621284104,0.00927,0.00940,1.0136,4,773,402.6,0,0.9831
3514,18,1330,fp16,T,T,22,-445,0.05872,0.06045,1.0294,4,143,164.3,0,0.9921
57,169,4554,fp32,T,T,66,-621291435,0.04610,0.08115,1.7605,4,120,90.1,0,1.1286
8988,2166,3529,bf16,T,T,20,-621285693,0.46797,0.46488,0.9934,4,21,334.6,0,0.6854
87,5530,143,fp32,T,N,312,-621284335,0.00661,0.01662,2.5147,4,469,777.4,0,1.1347
3564,13103,6076,fp32,N,N,292,-621293203,5.27341,6.43539,1.2203,4,5,112.2,0,0.6801
4,38,60,fp16,T,T,5,-447,0.00555,0.00572,1.0299,4,1357,1.0,0,0.9685
1470,4766,583,fp32,T,T,66,-621291424,0.09943,0.09865,0.9922,4,72,428.1,0,0.6914
8190,29,18,fp16,N,N,17,-170,0.00566,0.02630,4.6441,4,301,220.0,0,0.9818
20418,1115,3737,fp16,N,T,27,-621295773,0.44196,0.57961,1.3115,4,17,570.2,0,0.6658
9,28001,3356,fp32,N,N,320,-621293339,0.11281,0.26586,2.3567,4,35,3342.1,0,0.7282
357,233,1049,bf16,T,N,76,-609,0.03420,0.06243,1.8255,4,155,45.9,0,0.9730
48,37,19,fp16,N,T,27,-408,0.00566,0.02481,4.3818,4,350,1.8,0,1.1300
7388,5782,22317,fp16,N,T,27,-621295777,4.39017,5.30926,1.2094,4,5,172.8,0,0.6947
1,1207,2765,fp16,N,T,34,-9,0.00584,0.10948,18.7349,4,70,1144.0,0,1.4286
29,2402,1476,bf16,T,T,20,-621285691,0.06540,0.06535,0.9993,4,129,114.0,0,1.0005
6604,1,995,bf16,T,T,21,-9,0.01696,0.04830,2.8475,4,174,776.5,0,1.1143
7292,3514,6044,fp32,N,T,356,-621293072,3.18100,4.71707,1.4829,4,5,114.3,0,0.7221
1239,6685,31,bf16,T,N,69,-621289961,0.01933,0.02508,1.2972,4,348,1739.1,0,1.0051
88,25,442,fp32,N,N,350,-621283823,0.00613,0.00624,1.0185,4,1292,34.1,0,0.9708
1219,735,5285,fp16,N,T,33,-621295773,0.11894,0.12044,1.0127,4,75,203.8,0,1.0148
69,183,7065,fp16,T,N,78,-387,0.04897,0.26165,5.3426,4,38,73.7,0,0.9894
2182,40,6062,fp32,T,T,112,-621291435,0.06173,0.07692,1.2462,4,121,878.5,0,1.0267
2769,519,5268,fp32,N,N,292,-621283846,0.21801,0.21950,1.0069,4,35,344.2,0,0.7533
29657,125,6,bf16,T,T,20,-152,0.01052,0.02700,2.5675,4,273,1444.1,0,1.1325
787,345,14,bf16,T,N,69,-607,0.00674,0.02535,3.7594,4,355,165.8,0,0.9890
53,5434,24,bf16,N,T,27,-349,0.00644,0.02317,3.6000,4,392,219.9,0,1.0140
33,11,12,bf16,N,N,17,-262,0.00668,0.02483,3.7177,4,369,0.4,0,0.9887
3462,1315,917,fp32,N,N,292,-621283892,0.09303,0.09159,0.9845,4,84,384.1,0,0.6714
706,547,510,bf16,N,N,17,-621292873,0.02953,0.04687,1.5869,4,192,95.6,0,0.9572
98,8,130,bf16,T,N,69,-607,0.01024,0.02664,2.6015,4,342,3.0,0,0.9953
8374,24,43,fp16,N,N,17,-170,0.00668,0.02474,3.7048,4,331,228.5,0,0.9962
70,36,8,fp16,N,N,17,-170,0.00666,0.02451,3.6792,4,355,1.8,0,1.0110
13,3970,8,fp32,N,N,322,-621284009,0.00629,0.00604,0.9600,4,1457,53.0,0,1.0126
2,750,56,fp32,N,N,350,-621283984,0.00617,0.00600,0.9728,4,1513,28.3,0,1.1279
640,484,12527,bf16,T,T,20,-621285694,0.43827,0.44628,1.0183,4,23,67.1,0,1.0212
40,466,14798,bf16,T,T,20,-621285697,0.50956,0.52234,1.0251,4,20,29.5,0,0.9879
8512,10328,4199,fp32,N,T,312,-621283663,6.95663,8.00800,1.1511,4,5,96.0,0,0.6658
5,3160,2955,bf16,T,T,4,-150,0.15722,0.30643,1.9491,4,32,119.4,0,0.9704
82,13209,19164,fp16,N,N,22,-621294408,0.70519,0.70441,0.9989,4,15,728.5,0,1.0069
292,586,2060,bf16,T,T,20,-621285697,0.08525,0.08652,1.0149,4,113,50.5,0,1.1519
38,16,1,fp16,N,N,17,-170,0.00653,0.02169,3.3230,4,386,0.4,0,1.0012
113,31,18,fp16,N,N,17,-170,0.00672,0.02529,3.7622,4,337,2.9,0,1.0014
6627,266,435,bf16,T,N,69,-621289995,0.02423,0.04115,1.6981,4,221,538.5,0,1.0149
4229,16,3,bf16,T,N,69,-611,0.00667,0.02242,3.3617,4,391,44.4,0,1.0147
1427,11054,1520,fp32,T,T,66,-621283236,0.53013,0.52712,0.9943,4,17,262.2,0,0.6811
52,6,17,bf16,N,T,27,-349,0.00678,0.02472,3.6465,4,341,0.5,0,0.9787
554,2729,19204,fp16,T,T,22,-621291509,0.71887,0.72065,1.0025,4,14,183.8,0,1.0229
67,4110,2,fp32,T,T,66,-621283248,0.00666,0.00626,0.9394,4,1443,170.4,0,0.9819
8767,14,27,fp16,T,T,22,-448,0.00671,0.01559,2.3229,4,555,143.8,0,1.1582
4,4,7987,bf16,N,N,8,-258,0.21871,0.28647,1.3098,4,35,0.6,0,0.9980
1288,51,554,fp16,T,N,71,-621296107,0.02436,0.04050,1.6624,4,235,71.7,0,1.0049
1951,4,299,fp32,N,N,344,-621283910,0.00654,0.01068,1.6336,4,728,362.3,0,1.0111
2360,36,936,fp16,N,T,33,-409,0.02792,0.05422,1.9422,4,160,172.8,0,1.0001
623,11,17628,fp16,N,N,22,-171,0.48453,0.53062,1.0951,4,19,46.2,0,1.0085
57,95,395,fp32,T,T,66,-621291435,0.00633,0.00780,1.2321,4,1015,41.4,0,1.0000
621,15962,1171,bf16,T,T,20,-621285686,0.09404,0.09885,1.0511,4,83,834.6,0,0.6848
4806,1280,2171,fp32,T,T,66,-621291448,0.30997,0.36023,1.1622,4,27,249.9,0,0.6965
368,9,17638,fp16,N,N,22,-171,0.48510,0.53015,1.0929,4,19,27.4,0,0.9941
804,21161,19972,fp16,N,N,17,-621294403,1.84209,1.85452,1.0067,4,6,513.2,0,0.9208
17537,4,204,fp32,T,T,66,-621291435,0.00804,0.02128,2.6468,4,398,1815.1,0,0.9898
2312,12287,9778,bf16,N,T,27,-621290045,1.22019,1.28020,1.0492,4,8,327.1,0,0.8156
30361,2,6,fp16,T,N,4,-382,0.00676,0.00640,0.9473,4,1357,89.8,0,1.0140
240,503,360,fp16,N,N,17,-170,0.02427,0.03892,1.6038,4,248,41.9,0,1.0038
13282,42,5541,bf16,N,N,23,-621292873,0.21505,0.21940,1.0202,4,40,697.0,0,1.0316
3148,17417,6631,bf16,T,T,20,-621285694,1.46611,1.45808,0.9945,4,7,335.6,0,0.8806
4322,3291,278,fp32,T,T,66,-621291423,0.09927,0.11777,1.1864,4,67,658.4,0,0.7161
9120,553,7527,bf16,T,N,77,-621289994,0.22653,0.34875,1.5396,4,28,731.9,0,0.6060
2,24324,26533,bf16,N,N,23,-621292871,0.90304,0.90948,1.0071,4,12,1429.7,0,0.8841
165,6598,1182,bf16,N,T,32,-621290049,0.03994,0.06204,1.5532,4,157,509.3,0,0.9762
770,18045,9,fp16,T,N,71,-621296071,0.02479,0.03450,1.3917,4,279,2255.7,0,1.0141
53,52,6,fp32,N,N,338,-621293231,0.00556,0.00579,1.0406,4,1545,2.4,0,1.0163
30,3,34,bf16,N,N,2,-257,0.00574,0.00583,1.0171,4,1510,0.5,0,1.0003
2247,13111,3246,fp16,N,N,17,-621294414,0.52107,0.54871,1.0531,4,17,417.5,0,0.8116
28,4133,246,fp16,T,N,71,-621296107,0.01799,0.03117,1.7332,4,253,139.6,0,0.9834
7568,5173,19569,fp32,T,T,66,-621283233,16.07385,19.40246,1.2071,4,5,71.8,0,1.0274
2959,44,947,fp16,T,N,75,-381,0.03184,0.05831,1.8313,4,139,195.0,0,1.0154
3026,17781,243,bf16,T,N,69,-621289987,0.14833,0.15922,1.0734,4,59,1519.1,0,0.6816
269,1,2,bf16,N,T,28,-9,0.00375,0.02401,6.3951,4,364,0.6,0,0.9745
3477,1188,4568,fp32,N,N,292,-621283809,0.40551,0.43397,1.0702,4,23,250.9,0,0.6662
28,9,1099,fp16,T,N,75,-389,0.01393,0.05952,4.2725,4,145,5.9,0,1.0010
66,53,697,fp32,N,N,350,-621293214,0.00634,0.00635,1.0019,4,1103,54.5,0,0.9977
312,381,3,fp32,N,N,264,-621293164,0.00658,0.00660,1.0039,4,1584,73.6,0,1.0051
4605,8859,385,fp32,T,N,296,-621293471,0.38599,0.40431,1.0475,4,22,476.5,0,0.6705
2743,14109,83,bf16,T,N,69,-621289960,0.09263,0.14406,1.5552,4,67,1701.4,0,0.9434
17,69,15749,bf16,N,T,32,-621290045,0.29868,0.50850,1.7025,4,20,9.1,0,1.1421
15,18,6,fp32,T,N,322,-621284030,0.00663,0.00642,0.9679,4,1516,0.3,0,1.0061
243,193,576,bf16,N,T,27,-621290045,0.02042,0.03915,1.9166,4,224,33.8,0,1.0152
12073,33,4,fp32,T,N,266,-621293437,0.00673,0.00806,1.1973,4,836,265.6,0,1.0160
4414,2118,994,fp32,N,N,336,-621293193,0.20453,0.25049,1.2247,4,31,309.8,0,0.6325
4,322,1530,fp32,T,T,112,-621283250,0.01762,0.02015,1.1432,4,409,113.5,0,0.9771
50,14851,99,fp16,T,T,22,-445,0.01152,0.02178,1.8902,4,380,513.8,0,1.0199
14,4101,33,bf16,N,T,27,-349,0.00653,0.02403,3.6778,4,365,76.7,0,1.1575
283,1828,11,fp16,N,N,17,-170,0.00665,0.02544,3.8233,4,356,318.0,0,1.0109
10141,7410,363,bf16,T,T,20,-621285687,0.25750,0.30929,1.2011,4,30,1216.8,0,0.8792
593,612,10258,fp16,T,N,78,-621296106,0.21549,0.32168,1.4928,4,31,121.5,0,0.9927
9,1,3092,bf16,N,T,33,-9,0.00423,0.11790,27.8709,4,77,14.6,0,0.9926
18244,15,524,bf16,N,T,27,-621290045,0.02616,0.04001,1.5298,4,220,773.4,0,1.0158
24,259,3,fp32,N,T,238,-621293079,0.00644,0.00652,1.0119,4,1541,4.4,0,0.9803
2105,535,3010,fp16,T,T,22,-621291505,0.11918,0.12121,1.0170,4,77,171.1,0,1.0249
48,24254,5,fp16,T,N,71,-380,0.00690,0.02451,3.5530,4,343,710.3,0,1.1226
9346,2819,26751,fp16,T,T,22,-621291508,3.17505,3.37416,1.0627,4,5,238.2,0,0.6739
7,13623,2,fp16,T,N,5,-380,0.00682,0.02306,3.3822,4,376,63.9,0,1.1584
15232,2583,3628,bf16,T,T,20,-621285693,0.71759,0.71171,0.9918,4,15,399.5,0,0.6433
3,2,296,bf16,T,T,4,-150,0.01407,0.04917,3.4946,4,184,0.2,0,1.1188
243,5,14460,fp16,N,T,33,-621295773,0.27621,0.47236,1.7101,4,22,26.0,0,1.0023
4432,33,16178,bf16,T,T,20,-621285697,0.55527,0.57213,1.0304,4,18,261.2,0,1.0156
4406,1748,11716,bf16,N,N,23,-621292869,0.49742,0.52569,1.0568,4,16,351.8,0,0.6907
2,131,8665,fp16,N,N,22,-171,0.22038,0.26715,1.2122,4,37,10.5,0,1.0295
692,257,1902,bf16,N,N,23,-258,0.06701,0.09533,1.4226,4,93,64.5,0,1.0234
2,3557,1,fp16,T,T,5,-449,0.00684,0.00644,0.9409,4,1584,5.2,0,0.9962
4256,356,103,bf16,N,N,17,-621292872,0.01797,0.03052,1.6981,4,266,390.1,0,1.0171
8,2,2709,fp32,N,T,457,-621283735,0.00917,0.00947,1.0328,4,583,11.8,0,0.9924
12873,831,2288,fp32,T,T,66,-621291445,0.56805,0.60976,1.0734,4,16,296.1,0,0.7295
41,644,16066,bf16,N,T,32,-621290049,0.30897,0.52237,1.6907,4,20,71.6,0,0.9760
4,70,19819,fp16,T,T,5,-445,0.83985,0.93557,1.1140,4,11,3.5,0,1.1268
19544,1,6,fp32,N,N,103,-621293159,0.00553,0.00733,1.3253,4,1061,98.9,0,1.0125
1914,2057,25335,fp16,N,N,22,-621294415,1.07071,1.09767,1.0252,4,10,202.6,0,0.9370
7,34,25304,fp32,N,N,370,-621293363,0.01191,0.01417,1.1895,4,550,348.5,0,0.9745
235,25559,141,fp32,N,N,306,-621293330,0.03321,0.05236,1.5768,4,188,1161.6,0,0.9202
6883,8,593,fp16,N,N,17,-621294409,0.03012,0.04335,1.4394,4,204,278.7,0,1.1106
329,112,10951,bf16,T,N,79,-621289993,0.22789,0.33969,1.4906,4,30,43.0,0,0.9796
4483,916,12551,fp16,N,N,22,-621294416,0.50760,0.50518,0.9952,4,19,299.4,0,0.9229
2,2,324,fp16,N,T,27,-408,0.01796,0.03189,1.7760,4,295,0.1,0,0.9814
17029,2426,10833,fp16,N,T,27,-621295777,2.07411,2.32922,1.1230,4,5,282.9,0,0.8957
94,13749,12812,bf16,N,T,32,-621290045,0.26802,0.44083,1.6447,4,23,1342.7,0,1.2852
1128,2592,1304,fp16,N,T,33,-621295777,0.05161,0.06787,1.3150,4,136,414.6,0,1.0004
12789,43,115,fp16,N,N,17,-170,0.01257,0.03139,2.4967,4,297,409.7,0,0.9848
5187,11059,4783,fp16,N,T,27,-621295773,1.34643,1.44472,1.0730,4,7,285.8,0,0.8580
51,195,33,fp16,T,T,22,-449,0.00661,0.01543,2.3348,4,561,8.5,0,0.9749
5354,11917,15085,fp16,N,N,17,-621294414,4.59632,5.63815,1.2267,4,5,168.9,0,0.7717
10,1,24,fp16,N,N,2,-9,0.00379,0.00636,1.6765,4,1430,0.1,0,1.0010
24,23,6,fp32,N,T,243,-621283667,0.00656,0.00628,0.9576,4,1587,0.5,0,1.1164
9,5095,7805,bf16,N,N,23,-258,0.28363,0.31686,1.1172,4,32,281.6,0,1.0309
1359,20037,70,bf16,T,N,69,-621289960,0.06011,0.08337,1.3871,4,115,1861.9,0,0.9179
2045,28692,3824,fp16,T,N,71,-621296121,0.92739,0.94363,1.0175,4,10,506.6,0,0.7094
7690,81,35,fp16,T,T,22,-447,0.00661,0.01798,2.7207,4,461,459.3,0,0.9853
181,28202,10212,bf16,N,T,32,-621290049,0.33406,0.44074,1.3194,4,21,1796.4,0,0.7081
32,2,6483,fp16,N,T,33,-409,0.11983,0.13172,1.0992,4,72,3.7,0,0.9680
42,29,1,fp16,N,N,17,-173,0.00563,0.02452,4.3551,4,376,0.9,0,1.0073
13986,1499,8926,fp16,N,N,17,-621294413,1.33014,1.33223,1.0016,4,8,270.9,0,0.6722
8,31,764,fp16,N,T,27,-621295773,0.02926,0.04646,1.5881,4,212,2.1,0,1.1007
335,83,3145,bf16,N,N,23,-258,0.10559,0.14591,1.3819,4,61,26.0,0,1.0016
3,2,465,bf16,N,T,27,-621290045,0.02316,0.03896,1.6821,4,212,0.2,0,1.0026
4285,439,491,fp32,N,N,292,-621283847,0.02849,0.02840,0.9968,4,290,589.8,0,0.9124
20,341,9891,bf16,N,T,32,-621290049,0.19531,0.33154,1.6975,4,30,36.7,0,0.9813
762,658,1083,bf16,N,N,23,-621292873,0.04699,0.06343,1.3499,4,134,108.1,0,1.0061
10,88,41,bf16,N,N,17,-257,0.00564,0.02373,4.2067,4,366,2.0,0,0.9946
3799,8751,752,fp32,T,T,66,-621291423,0.54012,0.54269,1.0048,4,18,316.1,0,0.6721
20693,533,119,fp16,N,T,27,-621295770,0.03870,0.03905,1.0090,4,221,1270.6,0,1.1079
52,2763,88,fp16,N,T,27,-408,0.00718,0.02622,3.6532,4,309,149.1,0,1.0500
9661,44,17,fp16,T,T,22,-445,0.00560,0.01688,3.0140,4,523,362.5,0,1.0106
9399,1556,3395,fp16,N,N,17,-621294414,0.24622,0.24637,1.0006,4,31,539.7,0,0.7272
133,1427,8267,fp16,T,N,78,-621296105,0.17580,0.30141,1.7146,4,33,151.0,0,0.9755
169,12142,16836,fp16,N,T,33,-621295777,0.38243,0.57359,1.4998,4,17,1105.4,0,1.0303
19895,20760,373,fp32,N,T,314,-621283665,3.17749,3.19278,1.0048,4,5,539.0,0,0.6477
3761,229,3676,fp32,N,N,292,-621283882,0.10215,0.23512,2.3018,4,43,608.1,0,0.6373
8,4,9,fp16,N,N,2,-173,0.00667,0.00631,0.9464,4,1529,0.1,0,0.9863
9694,4213,9403,fp32,T,T,66,-621291418,8.78970,8.79344,1.0004,4,5,78.1,0,0.6057
859,952,4155,fp32,T,T,66,-621291448,0.10530,0.10096,0.9587,4,89,316.9,0,0.7691
646,27333,33,fp32,N,N,264,-621283889,0.04237,0.04410,1.0408,4,182,1754.0,0,0.6817
59,42,2,fp16,N,T,27,-408,0.00700,0.02385,3.4072,4,344,1.5,0,0.9690
2567,6335,424,bf16,N,T,27,-621290043,0.06537,0.06564,1.0041,4,134,1110.6,0,0.6617
4117,207,1802,bf16,N,T,32,-621290045,0.05067,0.08537,1.6849,4,103,374.8,0,0.9892
1082,1481,10246,fp16,T,N,78,-621296105,0.21897,0.32545,1.4863,4,30,269.1,0,1.0134
12879,5,1085,fp32,N,N,344,-621284000,0.01407,0.07651,5.4390,4,138,3993.5,0,1.0366
449,2664,14858,fp32,N,T,312,-621283678,0.56697,3.69928,6.5246,4,5,334.8,0,0.6240
156,18483,3023,fp32,N,N,306,-621283826,0.27351,0.29217,1.0682,4,39,866.2,0,0.8424
17827,5132,10312,fp16,N,N,17,-621294414,3.90563,5.35286,1.3706,4,5,214.9,0,0.7070
25157,2,2,fp32,T,N,190,-621284035,0.00638,0.00628,0.9849,4,1483,63.1,0,0.9763
353,7,17,fp16,T,N,5,-382,0.00665,0.02407,3.6205,4,370,3.3,0,1.0006
70,8533,14761,bf16,T,T,20,-621285692,0.57984,0.58337,1.0061,4,17,442.1,0,1.0144
5943,13175,5398,bf16,T,T,20,-621285693,1.63625,1.69967,1.0388,4,6,317.6,0,0.7218
1290,151,1598,bf16,N,T,32,-621290045,0.04663,0.07655,1.6417,4,108,115.5,0,1.1145
23424,1295,9550,fp16,T,T,22,-621291507,1.22193,1.22854,1.0054,4,8,485.7,0,0.7901
17905,4,20192,fp32,N,N,344,-621293383,0.37726,1.48934,3.9478,4,7,3834.9,0,0.6906
1695,10202,10579,fp16,N,T,27,-621295772,0.82774,0.87356,1.0554,4,13,387.7,0,0.8350
2958,12,357,fp16,N,T,27,-408,0.02213,0.03645,1.6473,4,259,102.2,0,0.9656
80,1339,29,fp16,N,T,27,-408,0.00568,0.02369,4.1719,4,406,89.9,0,0.9881
2,2,3,fp32,T,N,200,-621284333,0.00645,0.00572,0.8864,4,1676,0.0,0,0.9984
457,64,2,fp16,T,N,71,-380,0.00652,0.01609,2.4695,4,485,18.3,0,1.0116
73,8,19037,fp32,T,T,66,-621291435,0.18433,1.17217,6.3590,4,9,33.5,0,1.1391
8182,22650,12927,fp16,N,N,17,-621294414,10.01292,13.36859,1.3351,4,5,153.6,0,0.8539
13570,3,5342,bf16,T,N,13,-614,0.40423,2.55008,6.3085,4,5,359.1,0,0.9432
6788,669,5683,bf16,T,T,20,-621285686,0.25147,0.25456,1.0123,4,40,409.3,0,0.9742
767,5,10,fp32,N,N,326,-621293153,0.00640,0.00631,0.9848,4,1561,7.2,0,0.9769
1593,11674,4963,fp32,T,T,66,-621291422,1.83446,1.82723,0.9961,4,6,184.1,0,0.6900
273,20399,131,fp32,T,T,66,-621283252,0.03941,0.04210,1.0681,4,226,840.0,0,0.8089
19468,10850,2657,fp16,T,N,71,-621296118,2.19710,2.81681,1.2821,4,5,457.9,0,0.7921
9983,167,5873,fp32,N,T,321,-621283686,0.27701,0.53875,1.9449,4,21,884.8,0,0.6361
15750,7631,3063,bf16,T,N,69,-621290010,1.50815,1.79930,1.1931,4,6,413.7,0,0.8862
923,49,59,fp16,T,T,22,-449,0.00649,0.01740,2.6792,4,455,45.5,0,0.9657
78,9461,3247,fp16,T,N,77,-621296106,0.08101,0.13893,1.7151,4,63,801.1,0,1.0204
8,19183,27506,bf16,T,T,20,-621285693,1.07898,1.12044,1.0384,4,9,979.0,0,0.8781
251,747,1692,fp16,T,N,76,-621296107,0.05050,0.09491,1.8793,4,93,81.7,0,0.9833
1636,7192,3,fp16,N,T,27,-412,0.01999,0.03008,1.5047,4,293,2356.7,0,1.1453
253,22,14216,bf16,N,T,32,-621290045,0.27173,0.46255,1.7023,4,22,28.9,0,0.9781
345,18,40,fp32,T,N,240,-621293436,0.00647,0.00619,0.9577,4,1408,12.8,0,1.0003
1612,10931,1617,fp16,T,N,71,-621296126,0.15778,0.16358,1.0368,4,46,703.8,0,0.7284
16029,5,174,fp16,N,N,2,-170,0.01867,0.01831,0.9811,4,499,316.1,0,1.0060
29,8,19,bf16,T,T,20,-150,0.00680,0.01401,2.0606,4,619,0.3,0,1.0038
11,23,22,fp16,T,T,22,-447,0.00665,0.01400,2.1050,4,599,0.4,0,0.9975
9256,18847,11699,bf16,N,T,27,-621290054,8.74463,8.75253,1.0009,4,5,155.0,0,0.7506
14013,17,331,bf16,T,N,69,-621289994,0.01997,0.03074,1.5397,4,306,512.8,0,0.9973
2466,29214,2420,fp16,N,N,17,-621294415,0.83329,0.95769,1.1493,4,10,529.8,0,0.7585
23,729,28,fp16,N,T,27,-408,0.00659,0.02348,3.5642,4,408,16.6,0,0.9710
7,27,30631,fp16,N,N,22,-171,0.79442,0.90917,1.1444,4,11,2.6,0,0.9828
2,203,18251,fp32,N,N,320,-621283972,0.01334,0.01223,0.9168,4,440,1122.2,0,1.0117
3704,3156,14635,fp32,N,N,292,-621293206,3.57765,5.25779,1.4696,4,5,125.3,0,0.7054
30,1164,9991,fp16,N,N,22,-171,0.27561,0.30614,1.1108,4,32,87.1,0,0.9639
8278,28385,6003,fp16,T,T,22,-621291506,5.93168,5.92099,0.9982,4,5,232.7,0,0.7932
1,319,639,fp16,T,T,5,-9,0.00389,0.02602,6.6949,4,348,105.6,0,0.9840
24574,1844,1711,fp16,T,N,71,-621296106,0.36245,0.45302,1.2499,4,20,749.5,0,0.6389
538,7390,18,bf16,T,T,20,-152,0.01450,0.02602,1.7952,4,356,1116.8,0,0.9922
487,90,2603,fp32,T,T,66,-621291435,0.02775,0.03463,1.2477,4,243,222.8,0,0.9918
3293,110,216,bf16,T,T,20,-150,0.01521,0.02675,1.7586,4,313,191.9,0,1.0066
2820,5972,12065,fp16,N,T,27,-621295763,0.86540,0.91880,1.0617,4,10,323.0,0,0.7730
2007,9,9,fp32,T,T,66,-621283241,0.00655,0.00672,1.0265,4,1191,22.1,0,1.1359
9912,10332,13415,fp16,T,N,71,-621296099,5.65108,7.22983,1.2794,4,5,168.6,0,0.7677
1344,8199,30,fp32,N,T,204,-621293091,0.02312,0.02605,1.1267,4,342,1956.2,0,1.0656
14825,575,724,bf16,T,N,69,-621289994,0.06164,0.06098,0.9893,4,140,914.9,0,0.8348
20553,330,27,bf16,T,N,69,-621289974,0.01924,0.02201,1.1439,4,425,1468.7,0,1.0010
3229,2722,4,bf16,T,N,69,-621289962,0.01730,0.02730,1.5782,4,342,2035.1,0,0.9971
1913,2,215,bf16,N,N,2,-257,0.01525,0.01512,0.9911,4,582,55.0,0,0.9859
4234,2703,981,fp32,T,T,66,-621291445,0.27249,0.26324,0.9660,4,30,267.9,0,0.6622
9,892,68,bf16,N,T,27,-349,0.00674,0.02452,3.6370,4,371,22.9,0,0.9720
8892,6,8022,bf16,N,N,8,-259,0.34982,0.68149,1.9481,4,14,408.7,0,1.0298
1649,4,40,fp32,N,N,326,-621293160,0.00635,0.00634,0.9994,4,1117,45.8,0,1.1268
417,73,80,bf16,T,N,69,-607,0.00793,0.02564,3.2349,4,352,25.2,0,0.9899
23770,4587,21362,fp32,T,T,66,-621283236,48.46142,48.72081,1.0054,4,5,59.0,0,1.0312
1133,244,8,bf16,N,T,27,-353,0.00656,0.02459,3.7502,4,352,172.0,0,0.9936
63,458,6341,fp16,N,N,22,-171,0.17171,0.23046,1.3421,4,42,39.2,0,0.9878
786,3,28112,fp32,N,N,170,-621293293,0.20223,1.73405,8.5747,4,6,438.8,0,0.9955
2134,29859,4884,fp16,N,T,27,-621295777,1.51459,1.94243,1.2825,4,6,374.6,0,0.8366
105,9458,22,fp16,N,N,17,-170,0.00677,0.02695,3.9784,4,346,648.5,0,0.9751
17830,11703,6585,bf16,T,N,69,-621289986,5.01251,5.91541,1.1801,4,5,244.1,0,0.7867
3,817,9484,bf16,N,N,23,-621292873,0.29122,0.29171,1.0017,4,34,53.4,0,0.9622
7401,742,501,bf16,T,T,20,-621285689,0.03898,0.04637,1.1898,4,194,772.9,0,1.0082
410,20,45,fp16,N,T,27,-408,0.00679,0.02593,3.8211,4,326,10.5,0,0.9968
2923,36,24,fp16,T,T,22,-447,0.00660,0.01618,2.4516,4,530,85.3,0,1.1271
3271,2904,22034,fp32,N,N,292,-621283813,4.12476,7.84829,1.9027,4,5,141.2,0,0.6645
944,111,53,fp16,N,T,27,-408,0.00651,0.02685,4.1257,4,347,81.6,0,0.9934
760,1875,19,fp32,T,T,66,-621283261,0.00638,0.00624,0.9787,4,1601,924.8,0,1.0154
31486,10797,2,fp16,N,N,17,-621294402,0.50471,0.50412,0.9988,4,20,2694.6,0,0.7891
297,3,57,fp16,T,N,4,-388,0.00658,0.00647,0.9830,4,1080,5.7,0,0.9936
2319,1476,2323,fp16,T,T,22,-621291497,0.10077,0.10173,1.0094,4,96,310.8,0,1.0075
2028,13165,17061,bf16,T,T,20,-621285697,2.14412,2.38295,1.1114,4,5,291.6,0,0.6436
28509,1,37,fp32,N,T,329,-9,0.00401,0.00610,1.5203,4,1333,1080.5,0,1.4537
470,403,5300,bf16,N,T,32,-621290045,0.11310,0.11319,1.0007,4,79,88.5,0,0.9876
3,135,546,fp16,N,T,27,-621295773,0.02606,0.03936,1.5106,4,242,5.8,0,0.9847
2654,164,1400,fp32,T,N,365,-621284167,0.02407,0.03585,1.4893,4,267,727.8,0,0.8427
3,415,18,fp32,N,N,308,-621284009,0.00624,0.00610,0.9769,4,1548,5.6,0,0.9736
1338,2135,3432,fp32,N,T,312,-621293122,0.25326,0.25243,0.9967,4,32,233.4,0,0.6700
130,12,29015,bf16,T,N,80,-620,0.12705,0.88050,6.9302,4,12,64.9,0,0.9691
91,4,393,bf16,N,N,2,-257,0.02531,0.02530,0.9995,4,367,3.0,0,1.0111
4082,145,1203,bf16,N,T,32,-621290045,0.03960,0.06429,1.6233,4,147,316.6,0,1.0285
4,5,138,bf16,T,N,5,-607,0.01014,0.02699,2.6617,4,306,0.3,0,0.9951
141,549,42,fp16,N,N,17,-170,0.00567,0.02688,4.7433,4,309,64.9,0,0.9994
191,6425,109,fp16,T,T,22,-445,0.01614,0.02726,1.6889,4,284,393.5,0,1.1270
3,253,3568,fp16,N,T,33,-409,0.07009,0.13661,1.9490,4,64,26.1,0,0.9962
6,3,4525,bf16,N,T,32,-350,0.08927,0.16191,1.8138,4,58,0.9,0,0.9913
2,13,3653,bf16,T,T,4,-150,0.15191,0.16454,1.0832,4,56,0.7,0,1.1263
1446,14011,12728,fp32,T,N,296,-621284354,5.71831,6.17649,1.0801,4,5,151.8,0,0.7249
2057,12434,796,fp16,T,T,22,-621291495,0.17688,0.19040,1.0765,4,51,708.8,0,0.6528
515,9822,5268,fp32,T,N,310,-621284179,0.65955,0.98565,1.4944,4,11,360.9,0,0.7309
86,498,4,fp32,T,T,112,-621291466,0.00649,0.00624,0.9611,4,1458,27.8,0,0.9779
821,653,2749,bf16,N,T,32,-621290049,0.06822,0.11260,1.6506,4,83,150.2,0,1.0139
342,155,2471,fp32,T,T,66,-621283250,0.02646,0.04882,1.8450,4,168,193.6,0,1.1526
2,2505,510,fp32,T,N,148,-621284106,0.00700,0.01186,1.6929,4,714,733.0,0,0.9948
1261,3343,7068,fp32,N,T,312,-621283632,0.64544,0.66224,1.0260,4,14,227.8,0,0.7413
864,23,2419,bf16,T,T,20,-621285694,0.09631,0.09793,1.0169,4,84,45.4,0,0.9673
105,35,65,fp32,N,T,339,-621293015,0.00644,0.00641,0.9962,4,1469,7.9,0,1.0037
2038,174,5,fp16,T,T,22,-447,0.00672,0.01386,2.0639,4,610,214.5,0,1.0069
28,10238,699,fp32,T,N,330,-621284033,0.01297,0.05425,4.1828,4,156,2301.6,0,0.9084
106,10,489,fp32,N,N,360,-621293292,0.00638,0.00600,0.9414,4,1240,36.2,0,0.9792
1920,10784,164,fp32,T,T,112,-621283240,0.09152,0.10536,1.1513,4,74,996.1,0,0.6702
32447,23006,1296,bf16,T,N,69,-621290007,3.97925,4.02459,1.0114,4,5,786.5,0,0.7062
2496,5210,5047,fp16,N,T,27,-621295764,0.32468,0.32183,0.9912,4,25,399.8,0,0.7533
59,2447,9,fp16,T,N,71,-380,0.00664,0.01751,2.6374,4,453,93.8,0,0.9868
17768,4894,5082,fp16,T,T,22,-621291508,1.77807,1.75527,0.9872,4,6,325.2,0,0.7783
2,6,1,bf16,T,N,3,-616,0.00683,0.00674,0.9871,4,1292,0.0,0,1.1187
17088,44,1274,fp32,N,N,378,-621283797,0.04872,0.09809,2.0132,4,84,1853.6,0,0.6521
8,10,1349,fp16,T,N,76,-387,0.01281,0.06922,5.4026,4,133,3.8,0,0.9905
28,1638,14,fp16,N,N,17,-170,0.00666,0.02516,3.7790,4,371,34.6,0,0.9996
8,918,7566,fp16,T,N,78,-390,0.03885,0.27714,7.1338,4,36,361.4,0,1.0190
13577,17191,3,fp32,T,N,266,-621284348,0.26421,0.75536,2.8589,4,14,3535.0,0,0.6298
3854,1152,17418,fp32,N,N,336,-621283813,1.52058,1.51795,0.9983,4,7,241.1,0,0.7478
309,55,2837,bf16,N,T,32,-621290045,0.06774,0.11460,1.6919,4,77,31.5,0,0.9717
108,79,17,fp16,N,T,27,-412,0.00645,0.02490,3.8610,4,371,6.3,0,0.9977
34,3,7,bf16,N,T,27,-353,0.00660,0.02380,3.6078,4,360,0.1,0,1.0000
407,3057,15543,fp16,T,N,78,-621296107,0.38470,0.64025,1.6643,4,16,292.9,0,1.0289
31,26206,7,bf16,T,N,69,-611,0.00645,0.02171,3.3642,4,391,560.5,0,0.9969
85,159,107,fp16,T,T,22,-445,0.00673,0.01848,2.7459,4,486,15.8,0,0.9926
2,5500,8481,fp16,T,N,11,-390,0.08506,0.09572,1.1254,4,96,1097.7,0,1.0129
16,427,3,fp16,N,T,27,-412,0.00670,0.02189,3.2688,4,387,4.5,0,0.9823
16,31,2228,fp16,N,T,33,-409,0.04374,0.09149,2.0915,4,97,4.8,0,0.9989
3764,2274,27961,fp32,N,T,312,-621283628,4.78057,8.36754,1.7503,4,5,148.4,0,0.6669
41,100,5,fp32,N,N,296,-621293157,0.00650,0.00643,0.9893,4,1296,3.0,0,0.9821
291,379,22,bf16,T,N,69,-607,0.00676,0.02100,3.1044,4,392,69.6,0,0.9990
2,1,45,bf16,T,T,5,-9,0.00388,0.00662,1.7046,4,1360,0.1,0,0.9981
1903,8565,7041,fp32,T,N,296,-621284073,2.29453,2.28158,0.9944,4,5,156.9,0,0.7055
3705,272,17,bf16,T,N,69,-607,0.00567,0.02308,4.0689,4,387,734.4,0,0.9715
19995,2456,15456,fp32,T,T,66,-621291421,17.92739,18.04701,1.0067,4,5,88.4,0,0.6381
27,28780,14837,bf16,N,T,32,-621290049,0.41816,0.60221,1.4402,4,16,2051.7,0,0.8068
1110,5036,28685,fp16,N,T,33,-621295777,0.90183,1.19659,1.3268,4,8,415.8,0,0.6976
12742,4117,19,bf16,N,T,27,-621290046,0.09471,0.12954,1.3678,4,76,2222.4,0,0.9613
20,5,16,fp32,N,T,256,-621293125,0.00660,0.00641,0.9708,4,1574,0.3,0,0.9725
6212,191,527,fp32,N,T,321,-621283617,0.01879,0.02113,1.1245,4,373,971.0,0,0.6866
797,2439,3698,fp32,N,N,292,-621283849,0.17897,0.27081,1.5132,4,37,310.9,0,0.6337
7,3188,80,fp32,N,N,308,-621284003,0.00647,0.00637,0.9849,4,1184,171.8,0,1.1116
12045,14390,12061,bf16,T,T,20,-621285693,7.35317,8.66063,1.1778,4,5,181.0,0,0.8105
28224,826,15,fp16,T,N,71,-621296071,0.04498,0.06356,1.4130,4,156,2092.5,0,0.9195
84,23359,2953,fp16,T,T,22,-621291503,0.14567,0.15181,1.0421,4,65,1004.3,0,0.7723
2,1961,952,fp32,T,T,44,-621291435,0.01211,0.01878,1.5509,4,445,618.7,0,0.9734
13,1642,21553,fp16,T,N,79,-389,0.23202,0.74357,3.2047,4,14,307.8,0,0.9887
19155,274,1,fp32,N,N,264,-621293161,0.00974,0.03266,3.3520,4,273,2162.5,0,0.8526
3229,13942,19908,fp16,T,T,22,-621291508,3.86795,4.18745,1.0826,4,5,223.3,0,0.7217
19,32545,5,fp16,T,N,71,-380,0.00673,0.01328,1.9721,4,595,415.7,0,0.9877
4799,6592,526,fp16,T,N,71,-621296107,0.11683,0.12571,1.0760,4,72,1185.7,0,0.7391
43,19,1824,fp16,T,N,77,-390,0.01322,0.08539,6.4599,4,99,17.4,0,1.2116
27,412,39,fp16,N,N,17,-170,0.00720,0.02620,3.6406,4,312,10.9,0,1.0033
153,126,762,fp32,N,N,324,-621283825,0.00660,0.00700,1.0608,4,1049,140.5,0,1.0134
16500,10195,4557,bf16,N,T,27,-621290035,3.21854,3.37827,1.0496,4,5,284.7,0,0.7656
10,119,23533,fp32,N,N,338,-621283976,0.01504,0.01439,0.9565,4,424,807.5,0,0.9562
2251,5446,2994,bf16,N,T,27,-621290043,0.19173,0.19183,1.0005,4,44,496.1,0,0.7717
104,77,1,bf16,T,T,20,-152,0.00684,0.01290,1.8846,4,647,4.7,0,0.9809
3358,14770,2565,fp32,N,N,292,-621283818,2.56367,2.72842,1.0643,4,5,149.9,0,0.6745
3861,26113,2,fp16,N,T,27,-621295776,0.17099,0.25990,1.5200,4,38,2359.3,0,0.7075
98,37,2607,bf16,N,T,32,-350,0.05755,0.10581,1.8387,4,90,12.5,0,0.9947
113,209,290,fp32,T,N,308,-621284106,0.00639,0.00823,1.2877,4,933,73.2,0,1.0003
6643,1915,30888,fp16,N,T,27,-621295771,1.74379,1.71987,0.9863,4,6,332.4,0,0.7279
253,6,39,fp16,T,T,22,-449,0.00670,0.01529,2.2822,4,561,3.9,0,1.1055
852,326,31,fp32,T,T,66,-621283254,0.00648,0.00639,0.9876,4,1406,194.1,0,1.0040
11,526,1,fp16,N,T,27,-408,0.00679,0.02188,3.2215,4,413,3.6,0,0.9932
769,3799,3455,bf16,T,T,20,-621285684,0.14001,0.14017,1.0012,4,67,308.9,0,1.0413
197,2664,206,bf16,T,T,20,-150,0.01706,0.02233,1.3088,4,388,192.1,0,0.9927
13639,9253,4923,fp16,T,T,22,-621291506,2.49312,2.47765,0.9938,4,5,292.9,0,0.7996
37,21,5371,bf16,N,N,23,-258,0.15554,0.22859,1.4696,4,42,4.0,0,0.9802
4576,17384,198,fp32,T,N,335,-621284067,0.35894,0.43569,1.2138,4,21,935.0,0,0.6649
1,11857,15078,fp32,N,N,321,-9,0.20758,0.94484,4.5517,4,11,3445.6,0,0.7712
17055,928,3591,fp16,N,N,17,-621294413,0.28750,0.28373,0.9869,4,28,669.4,0,0.7379
156,5600,2,bf16,T,N,69,-607,0.00562,0.02525,4.4970,4,335,626.4,0,0.9794
14584,32,3,fp16,T,T,22,-445,0.00566,0.01453,2.5684,4,598,345.4,0,1.0042
6,2,3,fp32,T,N,234,-621293684,0.00563,0.00585,1.0394,4,1873,0.0,0,0.9862
2207,152,52,fp32,N,N,282,-621293159,0.00573,0.00643,1.1228,4,1103,319.9,0,1.0154
5484,1,7653,fp16,N,N,5,-9,0.04556,0.42766,9.3873,4,23,1843.3,0,1.0244
303,4164,786,fp32,N,T,312,-621283638,0.03536,0.04706,1.3306,4,191,539.8,0,0.9965
92,3,3,fp16,N,N,2,-170,0.00687,0.00653,0.9501,4,1567,0.2,0,1.1353
1558,1105,4372,bf16,N,T,32,-621290045,0.09974,0.16302,1.6345,4,56,302.5,0,1.0305
21355,10139,2909,fp32,N,T,312,-621292954,11.65394,12.07938,1.0365,4,5,105.8,0,0.6626
1488,868,1783,fp16,N,T,33,-621295773,0.05433,0.08706,1.6025,4,107,249.7,0,0.9783
1205,2819,1,bf16,T,N,69,-611,0.00789,0.02320,2.9417,4,368,1723.6,0,0.9971
178,2089,1018,fp32,T,T,66,-621283250,0.01556,0.02041,1.3114,4,436,688.8,0,0.9355
42,18,8,fp32,T,N,349,-621284036,0.00669,0.00642,0.9603,4,1639,0.7,0,0.9813
360,123,971,bf16,T,T,20,-150,0.04364,0.04790,1.0976,4,173,25.6,0,1.1363
46,2081,3737,fp16,N,T,33,-621295777,0.08427,0.14246,1.6904,4,69,193.2,0,1.0067
1517,9370,24,bf16,T,N,69,-621289961,0.02442,0.04160,1.7032,4,215,2349.5,0,1.0032
10,1507,11,fp16,N,N,17,-170,0.00656,0.02546,3.8802,4,331,14.3,0,0.9920
17633,929,112,fp32,T,T,66,-621283239,0.06200,0.06369,1.0273,4,123,1191.0,0,0.6630
80,16,41,bf16,T,T,20,-153,0.00615,0.01507,2.4490,4,588,2.1,0,0.9737
1070,10861,19,bf16,N,N,17,-621292876,0.02280,0.03446,1.5114,4,277,2058.8,0,0.9473
809,206,59,fp16,N,N,17,-170,0.00631,0.02892,4.5821,4,300,124.6,0,0.9821
7483,4853,24963,fp16,N,N,17,-621294415,3.87893,4.68213,1.2071,4,5,196.2,0,0.8380
27,991,192,bf16,T,N,69,-616,0.01377,0.02052,1.4905,4,451,36.2,0,0.9709
10,16170,710,bf16,N,N,17,-621292873,0.03455,0.03591,1.0395,4,265,683.8,0,1.0228
183,3609,2,fp16,N,T,27,-412,0.00679,0.02259,3.3266,4,348,391.3,0,0.9841
16612,4241,709,fp32,T,N,296,-621284354,1.03973,1.58886,1.5282,4,6,327.9,0,0.7137
1,23181,20,bf16,N,T,28,-349,0.00669,0.02320,3.4674,4,352,152.5,0,0.9662
9449,665,3396,fp16,N,N,22,-621294410,0.16224,0.18899,1.1649,4,48,578.3,0,0.6692
9935,295,867,bf16,T,T,20,-621285685,0.04744,0.05486,1.1565,4,147,621.1,0,1.0003
56,6499,765,fp16,N,T,27,-621295777,0.03228,0.05020,1.5551,4,187,355.8,0,0.9827
1,2,2201,fp32,T,T,21,-9,0.00390,0.04475,11.4785,4,209,6.8,0,0.9864
6640,1143,62,bf16,T,N,69,-621289961,0.01764,0.02857,1.6195,4,278,1775.4,0,1.1354
104,101,34,fp16,N,T,27,-408,0.00578,0.02521,4.3655,4,366,9.7,0,1.1267
9,1818,7377,fp16,T,T,22,-621291510,0.26201,0.26897,1.0265,4,36,103.1,0,1.0021
45,2,4,fp32,N,T,249,-621283643,0.00566,0.00586,1.0348,4,1646,0.2,0,0.9897
16968,1334,1268,fp16,N,N,17,-621294409,0.21774,0.23852,1.0955,4,41,629.0,0,0.6854
26397,2251,22,fp16,N,T,27,-621295771,0.11450,0.16551,1.4455,4,59,2086.8,0,0.9864
92,113,31004,bf16,T,T,20,-621285694,1.04477,1.07445,1.0284,4,10,12.2,0,0.9674
25,4,12085,fp32,N,T,407,-621292962,0.00903,0.01596,1.7680,4,482,155.3,0,0.9916
207,8,3,fp16,T,N,71,-380,0.00559,0.01432,2.5638,4,615,1.4,0,1.0024
20459,6,62,fp32,T,T,66,-621291439,0.00563,0.01182,2.0980,4,732,987.9,0,1.0056
4163,662,549,fp32,T,T,66,-621291446,0.04632,0.04502,0.9719,4,178,466.8,0,0.7001
9,121,26,fp32,T,T,66,-621291443,0.00672,0.00647,0.9619,4,1650,2.7,0,0.9873
200,28492,2740,bf16,T,N,77,-621289995,0.12216,0.11084,0.9074,4,73,1473.7,0,0.8010
1,6769,23,fp32,N,N,311,-621284002,0.00646,0.00628,0.9731,4,1274,100.7,0,0.9936
5659,2610,7950,fp32,T,N,296,-621284353,2.43069,2.54981,1.0490,4,5,132.5,0,0.6860
902,47,1637,bf16,T,N,77,-621289994,0.04655,0.08271,1.7769,4,106,70.4,0,0.9685
8909,677,888,fp32,N,N,292,-621283901,0.13443,0.14627,1.0881,4,50,432.7,0,0.6517
28830,5,1,bf16,N,T,27,-349,0.00669,0.02064,3.0875,4,463,94.9,0,0.9796
294,8536,5746,fp16,T,T,22,-621291505,0.23471,0.24061,1.0251,4,39,475.1,0,0.9544
15,8225,1641,fp16,N,N,22,-171,0.05773,0.08583,1.4866,4,103,477.0,0,0.9899
9151,16,104,fp16,N,N,17,-170,0.00895,0.02635,2.9433,4,334,278.4,0,0.9928
295,3,135,bf16,T,N,3,-616,0.01079,0.01084,1.0053,4,794,7.8,0,1.0047
7,569,744,fp32,T,T,66,-621291435,0.01021,0.01713,1.6783,4,472,169.5,0,1.0145
5211,9,143,fp16,T,N,71,-380,0.01129,0.02210,1.9584,4,377,148.9,0,1.0109
4537,578,31840,fp16,T,N,77,-621296106,0.81186,1.11909,1.3784,4,9,414.1,0,0.9806
1,35,2288,fp16,N,T,34,-9,0.00402,0.09299,23.1084,4,98,41.0,0,0.9641
5798,18773,1932,bf16,T,N,69,-621289982,0.95601,0.94099,0.9843,4,11,554.7,0,0.7257
1051,51,210,bf16,T,N,69,-616,0.01453,0.03330,2.2924,4,251,46.6,0,0.9641
45,7,30,fp32,T,T,66,-621291436,0.00657,0.00635,0.9652,4,1567,1.1,0,0.9962
12,578,1229,fp32,T,T,66,-621283250,0.01463,0.02654,1.8137,4,319,200.1,0,1.1341
5,18,144,fp32,N,T,426,-621283696,0.00543,0.00570,1.0485,4,1577,2.5,0,1.0004
19,4,1096,fp32,T,N,342,-621284158,0.00775,0.00864,1.1150,4,867,13.1,0,1.0100
42,114,2824,bf16,N,N,23,-258,0.08049,0.11656,1.4480,4,80,11.2,0,1.0006
19511,9,1255,fp32,T,T,66,-621283254,0.04531,0.09105,2.0095,4,99,2178.1,0,0.8314
54,2684,74,fp32,T,N,293,-621293742,0.00663,0.01042,1.5724,4,698,209.7,0,0.9913
245,24838,10039,fp16,N,T,33,-621295777,0.34758,0.47324,1.3615,4,21,1519.0,0,0.7702
5204,254,38,fp16,T,T,22,-447,0.00900,0.03174,3.5262,4,288,633.6,0,0.9816
2,2321,150,fp32,T,T,44,-621291443,0.00649,0.00629,0.9688,4,1328,217.7,0,1.1536
6,47,9,fp16,T,T,5,-449,0.00687,0.00672,0.9791,4,1597,0.3,0,1.0008
627,7483,10697,bf16,T,T,20,-621285693,0.45571,0.48609,1.0667,4,19,421.9,0,0.8932
892,6367,227,fp32,N,N,292,-621293330,0.04030,0.05420,1.3449,4,165,727.3,0,0.7524
1898,5,4,fp16,T,T,22,-446,0.00681,0.01364,2.0020,4,572,7.8,0,1.1160
5238,452,7354,bf16,T,N,78,-621289991,0.18032,0.30039,1.6659,4,30,516.6,0,0.9626
4,487,15351,fp32,N,N,320,-621293359,0.01531,0.01468,0.9593,4,464,1970.3,0,0.9779
246,118,196,fp32,N,T,412,-621283635,0.00631,0.00644,1.0211,4,1206,63.6,0,0.9922
146,3197,6761,fp16,T,N,78,-621296106,0.14672,0.25154,1.7145,4,39,320.8,0,1.0122
2140,6802,2813,bf16,N,T,27,-621290043,0.20855,0.20938,1.0040,4,35,520.4,0,0.7012
474,346,41,bf16,T,N,69,-607,0.00667,0.02703,4.0544,4,346,108.5,0,0.9796
5071,3592,15425,fp16,T,T,22,-621291508,1.07563,1.18587,1.1025,4,8,316.2,0,0.8600
292,2568,8,fp16,N,N,17,-170,0.00749,0.02239,2.9908,4,362,406.8,0,0.9954
27572,854,2326,bf16,N,N,17,-621292875,0.36107,0.36305,1.0055,4,26,627.1,0,0.6659
2540,6403,273,fp16,N,T,27,-621295771,0.05847,0.05896,1.0084,4,163,1196.2,0,1.2709
4875,21,226,fp32,N,N,334,-621283911,0.00643,0.00759,1.1791,4,946,751.6,0,1.2270
27,5288,1,fp32,N,T,236,-621283634,0.00609,0.00611,1.0029,4,1472,97.2,0,1.0060
385,537,180,bf16,N,T,27,-349,0.01351,0.02911,2.1548,4,313,85.8,0,1.0125
7915,7501,318,bf16,N,N,17,-621292874,0.19765,0.27697,1.4014,4,35,1251.1,0,0.7156
4960,6813,982,fp16,T,N,71,-621296106,0.19107,0.23653,1.2379,4,35,828.4,0,0.7951
7,532,3654,bf16,T,N,14,-619,0.02384,0.14846,6.2269,4,57,165.8,0,1.1132
128,4799,8619,fp16,N,T,33,-621295777,0.24139,0.34350,1.4230,4,29,362.0,0,1.0221
40,6,7,fp32,N,T,249,-621293111,0.00664,0.00644,0.9702,4,1608,0.3,0,0.9874
94,10447,71,fp16,N,N,17,-170,0.01084,0.02797,2.5799,4,292,500.4,0,1.0099
24,3010,28,bf16,N,N,17,-257,0.00677,0.02655,3.9247,4,322,67.8,0,1.0043
2714,7395,8442,fp16,N,N,17,-621294412,1.21838,1.28180,1.0520,4,8,206.0,0,0.6750
247,505,392,fp16,T,T,22,-445,0.01537,0.02855,1.8583,4,239,70.8,0,1.5578
1121,1422,5,fp16,T,T,22,-447,0.00663,0.01482,2.2344,4,534,965.2,0,1.0060
759,8654,418,bf16,N,T,27,-621290049,0.03879,0.04461,1.1500,4,215,880.2,0,1.0285
10927,15351,10895,bf16,N,N,17,-621292880,7.90975,10.05263,1.2709,4,5,157.2,0,0.8963
658,7,64,fp32,T,T,66,-621283254,0.00633,0.00632,0.9989,4,1377,29.8,0,0.9742
1922,3684,6687,fp16,N,N,22,-621294411,0.31018,0.31903,1.0285,4,31,333.0,0,0.6619
31,2,538,bf16,N,T,27,-621290045,0.02456,0.04157,1.6928,4,235,1.5,0,0.9631
3836,930,16218,bf16,T,N,78,-621290003,0.42699,0.57255,1.3409,4,16,395.5,0,0.8497
525,18,231,fp16,T,N,71,-386,0.01205,0.02566,2.1289,4,343,23.9,0,0.9689
9363,1327,29986,bf16,T,N,69,-621290010,1.74810,2.10983,1.2069,4,5,395.2,0,0.6885
2,1508,13,fp16,N,T,27,-412,0.00668,0.02249,3.3675,4,396,7.7,0,0.9818
1490,8249,3143,fp32,T,N,296,-621284354,0.83909,0.87261,1.0399,4,11,204.5,0,0.6394
100,13330,8,fp16,N,N,17,-173,0.00674,0.02507,3.7202,4,360,823.0,0,0.9812
11601,16309,11019,fp16,T,N,71,-621296119,7.77214,8.44270,1.0863,4,5,176.5,0,0.7275
700,30901,17,bf16,N,T,27,-621290043,0.05383,0.06461,1.2003,4,158,1627.4,0,0.9717
1819,2639,8415,fp32,N,N,292,-621293247,0.86134,1.51823,1.7626,4,7,196.5,0,0.6426
4537,35,1358,fp32,N,T,359,-621293051,0.01648,0.02621,1.5905,4,321,1545.8,0,1.0929
5726,3992,8517,fp16,N,T,27,-621295777,0.99532,1.27023,1.2762,4,8,258.2,0,0.6909
26187,8271,5224,fp16,N,N,17,-621294415,5.03038,6.43167,1.2786,4,5,243.8,0,0.8084
1556,467,26356,fp32,N,T,312,-621293084,0.59266,6.95136,11.7291,4,5,364.8,0,0.6417
42,5841,30,fp16,N,T,27,-408,0.00673,0.02368,3.5174,4,377,198.2,0,0.9909
7749,66,12,fp32,N,N,316,-621283825,0.00549,0.00572,1.0415,4,1350,440.9,0,0.9992
4577,1294,17,fp16,N,T,27,-621295777,0.01921,0.02907,1.5137,4,335,1243.9,0,0.9960
942,253,5980,bf16,N,N,23,-621292873,0.19122,0.25492,1.3331,4,39,79.7,0,0.9837
38,2161,5939,bf16,T,N,79,-621289993,0.12956,0.23051,1.7792,4,41,204.1,0,1.1164
416,5850,257,bf16,T,T,20,-621285689,0.02667,0.02666,0.9995,4,327,485.7,0,1.0154
1821,141,1022,bf16,N,N,23,-621292873,0.04465,0.06693,1.4989,4,142,112.8,0,1.0011
2266,9294,435,bf16,T,T,20,-621285686,0.10766,0.13087,1.2157,4,76,875.9,0,0.8044
60,415,21537,fp16,N,N,22,-171,0.59255,0.64303,1.0852,4,16,34.7,0,1.1634
5588,176,150,fp32,T,N,345,-621293448,0.00769,0.01173,1.5264,4,667,961.8,0,0.9495
3216,9674,8960,fp16,N,N,17,-621294414,1.24647,1.51856,1.2183,4,7,285.2,0,0.9464
4,5,18,fp16,T,N,5,-388,0.00658,0.02321,3.5274,4,346,0.1,0,1.1145
13,16,101,fp32,N,T,400,-621293096,0.00632,0.00636,1.0065,4,1529,2.0,0,0.9973
8,2158,88,bf16,T,N,69,-607,0.00828,0.02026,2.4466,4,402,54.4,0,1.0070
26145,3507,1470,bf16,N,T,27,-621290035,0.65896,0.70236,1.0659,4,14,688.9,0,0.7719
1,88,191,fp32,T,T,21,-9,0.00284,0.00562,1.9811,4,1312,24.1,0,0.9736
144,4,961,fp32,N,N,358,-621283911,0.00533,0.00758,1.4226,4,1013,107.2,0,1.0081
25,2,109,fp16,N,T,27,-408,0.00780,0.02766,3.5439,4,305,0.8,0,1.0068
64,508,65,bf16,N,T,27,-349,0.00685,0.02661,3.8856,4,335,29.9,0,1.0029
4,525,9,fp16,N,T,27,-412,0.00560,0.02237,3.9948,4,425,3.2,0,0.9999
10,5,1262,fp16,N,T,33,-409,0.02616,0.06333,2.4211,4,144,1.5,0,0.9917
997,2539,5684,fp16,N,T,33,-621295777,0.13166,0.13265,1.0075,4,72,382.2,0,1.1800
1751,376,3285,bf16,T,T,20,-621285689,0.13059,0.13104,1.0034,4,69,127.2,0,0.9882
36,14557,1288,bf16,N,T,32,-621290049,0.04138,0.06524,1.5766,4,133,959.1,0,1.0028
831,722,1709,bf16,T,T,20,-621285691,0.07481,0.07485,1.0005,4,109,103.0,0,0.9988
46,3320,9633,fp16,N,N,22,-171,0.31964,0.32126,1.0051,4,31,204.8,0,0.9953
6408,1987,1869,fp32,T,N,296,-621284348,0.50368,0.58322,1.1579,4,18,225.7,0,0.6614
85,4360,14681,bf16,T,T,20,-621285683,0.60611,0.60620,1.0002,4,18,217.8,0,0.9731
13111,2726,16249,bf16,T,T,20,-621285693,2.20254,2.37756,1.0795,4,5,298.6,0,0.7624
121,3,18,fp32,T,N,164,-621284037,0.00540,0.00571,1.0577,4,1597,1.9,0,1.1017
76,54,147,fp16,N,T,27,-408,0.01045,0.02968,2.8388,4,273,5.2,0,1.0009
1,23,571,fp16,T,N,5,-9,0.00447,0.03534,7.9064,4,234,6.2,0,0.9912
2879,69,430,fp16,N,T,27,-621295773,0.02409,0.03912,1.6240,4,223,138.2,0,1.0176
8,1377,1063,fp32,N,N,320,-621293360,0.00722,0.00721,0.9985,4,1075,821.2,0,1.0212
5478,11616,137,fp16,N,T,27,-621295766,0.14884,0.14869,0.9990,4,65,1741.5,0,0.7970
2,81,1600,fp16,N,T,33,-409,0.03126,0.06832,2.1857,4,129,8.5,0,1.0049
22029,4324,8690,bf16,N,T,27,-621290050,3.31666,3.34439,1.0084,4,5,253.0,0,0.8342
298,1,2897,fp16,T,N,9,-389,0.03130,0.03188,1.0186,4,254,55.4,0,0.9798
2671,9841,2865,bf16,N,N,17,-621292873,0.40665,0.42778,1.0520,4,21,434.9,0,0.6640
10984,515,10,bf16,T,T,20,-621285685,0.01621,0.02536,1.5642,4,337,1409.7,0,1.2195
18109,475,262,bf16,T,T,20,-621285689,0.03773,0.04862,1.2885,4,197,1169.9,0,0.9830
30775,8932,21,fp16,T,T,22,-621291495,0.41156,0.61975,1.5058,4,16,2675.7,0,0.8209
828,1802,3280,fp16,N,T,33,-621295773,0.07813,0.12891,1.6498,4,75,297.2,0,0.9783
2078,141,17901,fp16,N,N,22,-621294410,0.67920,0.68195,1.0040,4,14,118.7,0,0.9806
812,30398,9507,bf16,N,T,27,-621290036,1.15086,1.17090,1.0174,4,8,601.4,0,0.7681
18,1,1351,fp16,N,T,34,-9,0.00375,0.06592,17.5602,4,134,13.7,0,0.9774
86,108,52,fp16,T,N,71,-380,0.00653,0.02039,3.1207,4,416,8.8,0,1.0097
41,2,6,fp16,N,N,2,-173,0.00695,0.00668,0.9610,4,1551,0.1,0,0.9981
922,570,529,fp16,T,N,71,-621296107,0.02450,0.04270,1.7427,4,200,150.2,0,0.9995
1565,179,154,fp32,T,T,66,-621291435,0.00637,0.00645,1.0129,4,1105,344.6,0,1.0112
24,45,29177,fp32,T,T,66,-621291435,0.27986,1.79361,6.4090,4,6,28.8,0,0.9783
1849,1481,2037,bf16,T,T,20,-621285684,0.08998,0.08989,0.9990,4,95,272.5,0,1.0186
6,62,1074,fp32,T,T,112,-621291435,0.01325,0.02021,1.5247,4,438,22.2,0,0.9797
6990,455,362,bf16,N,N,17,-621292872,0.02719,0.04262,1.5676,4,207,666.1,0,1.0210
5,3,6,bf16,N,N,2,-257,0.00719,0.00677,0.9415,4,1567,0.0,0,0.9966
1387,179,142,bf16,T,T,20,-150,0.00959,0.01999,2.0852,4,426,150.0,0,1.0170
813,502,3147,bf16,T,T,20,-621285691,0.12409,0.12421,1.0010,4,69,79.9,0,1.0027
1072,2677,16130,bf16,N,T,32,-621290049,0.37187,0.56766,1.5265,4,17,356.1,0,1.0190
8,32318,25,bf16,N,N,17,-257,0.00676,0.01582,2.3399,4,567,392.0,0,0.9905
2627,374,26299,fp16,T,N,78,-621296103,0.59719,0.98279,1.6457,4,12,270.9,0,1.1730
275,19775,573,fp16,T,T,22,-621291497,0.05238,0.05180,0.9889,4,176,854.0,0,0.8683
1320,25606,6339,fp16,N,T,27,-621295776,1.04505,1.04645,1.0013,4,10,456.0,0,0.8935
20273,18225,573,fp16,T,T,22,-621291503,1.40259,1.43492,1.0231,4,7,1085.2,0,0.7599
328,177,60,fp32,N,T,280,-621292911,0.00639,0.00633,0.9892,4,1507,55.3,0,0.9764
218,88,3650,fp16,T,N,77,-387,0.05243,0.16193,3.0885,4,58,44.1,0,1.0202
2721,5270,9391,fp32,T,T,66,-621283236,3.21862,3.76467,1.1697,4,5,111.1,0,0.7539
3670,70,136,bf16,N,N,17,-257,0.01128,0.03044,2.6989,4,314,181.3,0,0.9724
2201,501,254,bf16,T,T,20,-621285690,0.02718,0.02733,1.0055,4,295,212.8,0,1.0047
1,13586,1,fp32,N,N,335,-621293160,0.00644,0.00617,0.9591,4,1657,16.9,0,1.0060
18646,1635,4565,fp32,N,T,312,-621283619,2.86207,2.93533,1.0256,4,5,172.0,0,0.6837
6,2257,2320,fp32,T,T,66,-621283250,0.02523,0.03157,1.2514,4,268,834.7,0,0.9796
7,8372,10763,fp16,T,T,5,-445,0.59309,0.62444,1.0529,4,16,304.5,0,0.9940
30729,51,30,fp16,N,N,17,-170,0.01025,0.02785,2.7175,4,332,791.8,0,1.1533
790,2006,16882,fp32,N,T,356,-621283677,0.71138,4.21181,5.9206,4,5,274.3,0,0.6867
25483,423,11,fp16,N,T,27,-621295770,0.02686,0.02752,1.0246,4,270,1626.4,0,1.1376
4912,29533,19,fp16,N,T,27,-621295771,0.24874,0.36803,1.4796,4,27,2338.1,0,0.9311
254,11817,9423,fp16,T,T,22,-621291499,0.37934,0.38585,1.0172,4,25,631.3,0,1.0007
2445,48,37,bf16,N,N,17,-257,0.00674,0.02364,3.5078,4,385,97.0,0,0.9829
2,2,5050,bf16,T,N,13,-620,0.01697,0.01627,0.9587,4,428,2.4,0,0.9739
4050,1307,16699,fp16,T,T,22,-621291510,0.68013,0.71340,1.0489,4,13,294.2,0,0.8434
1441,279,2,bf16,N,N,17,-262,0.00672,0.02496,3.7110,4,355,240.2,0,1.1445
5596,6960,17717,bf16,N,N,17,-621292879,3.30948,4.01671,1.2137,4,5,181.5,0,0.7168
15445,28962,1,fp16,N,T,27,-412,0.61254,1.00896,1.6472,4,10,2921.2,0,0.6353
9250,14185,2066,bf16,T,N,69,-621290015,1.10053,1.20039,1.0907,4,9,564.9,0,0.6691
1565,369,2299,fp32,N,N,292,-621283887,0.04182,0.04975,1.1897,4,194,480.6,0,0.8223
383,1051,295,fp16,N,T,27,-408,0.02048,0.03289,1.6057,4,264,119.9,0,1.1116
503,19,6,fp32,T,N,280,-621293741,0.00654,0.00620,0.9472,4,1413,7.8,0,0.9913
16,1015,979,fp32,N,T,366,-621283746,0.00611,0.00597,0.9772,4,1314,671.4,0,0.9820
1636,12046,3290,fp32,T,N,335,-621284354,1.31867,1.42533,1.0809,4,7,196.3,0,0.6630
40,45,411,fp32,T,N,330,-621284151,0.00655,0.01068,1.6298,4,773,22.4,0,0.9795
697,174,30162,fp32,N,T,321,-621283521,0.19208,7.93034,41.2876,4,5,549.6,0,0.9060
157,2,2096,fp16,N,T,33,-409,0.04046,0.08972,2.2178,4,106,16.5,0,0.9843
535,281,30218,bf16,N,N,23,-621292873,0.89959,0.90020,1.0007,4,12,55.5,0,1.0074
3,5527,14,bf16,N,N,17,-262,0.00676,0.02519,3.7240,4,312,32.7,0,0.9960
651,14628,11258,fp16,N,T,33,-621295774,0.60713,0.59960,0.9876,4,15,629.4,0,0.6835
104,320,533,fp32,T,N,316,-621284151,0.00643,0.00630,0.9798,4,1251,161.3,0,0.9853
536,836,5,fp32,T,N,268,-621284337,0.00557,0.00576,1.0339,4,1038,326.5,0,1.0044
8083,488,643,fp16,N,T,27,-621295777,0.03649,0.04999,1.3698,4,191,734.4,0,1.0057
4,8,13,fp16,N,N,17,-170,0.00564,0.02210,3.9206,4,398,0.1,0,0.9823
2297,447,26673,fp32,T,T,66,-621291428,0.78784,1.67804,2.1299,4,6,376.8,0,0.6744
2224,55,4545,fp32,T,N,344,-621284160,0.03084,0.06991,2.2672,4,138,1359.5,0,0.8488
22759,5612,4314,bf16,T,T,20,-621285693,2.15075,2.07644,0.9654,4,5,351.4,0,0.8996
64,16477,538,fp32,N,T,336,-621283657,0.02138,0.04374,2.0461,4,214,1862.7,0,0.8879
23172,352,226,bf16,N,T,27,-621290049,0.03261,0.03847,1.1796,4,252,1326.4,0,0.9589
96,1,3,bf16,N,T,28,-9,0.00297,0.02385,8.0288,4,383,0.3,0,0.9688
3877,1746,29898,fp32,T,T,66,-621291422,4.78087,6.16168,1.2888,4,5,146.3,0,0.7672
3352,3092,14107,fp16,N,N,22,-621294414,0.77001,0.85231,1.1069,4,11,290.0,0,0.6432
2594,3596,15191,bf16,N,T,32,-621290041,0.77538,0.79384,1.0238,4,12,290.7,0,0.6247
18,16,1,bf16,N,N,17,-257,0.00666,0.02171,3.2598,4,423,0.2,0,0.9761
9543,1665,24354,fp16,T,T,22,-621291508,1.57105,1.67254,1.0646,4,6,387.9,0,0.7931
211,126,3,bf16,N,N,17,-257,0.00657,0.02474,3.7670,4,338,16.5,0,0.9785
21225,24461,189,fp16,T,T,22,-621291496,1.15680,1.35866,1.1745,4,7,1810.2,0,0.7527
1690,90,6658,bf16,T,N,79,-621289993,0.14476,0.25283,1.7465,4,37,167.9,0,0.9944
2346,1805,1987,fp32,T,N,310,-621284070,0.17825,0.19277,1.0815,4,40,280.1,0,0.6810
224,6,1,bf16,N,T,27,-349,0.00655,0.02388,3.6481,4,362,0.9,0,0.9978
31582,20456,2357,bf16,T,N,69,-621290006,5.75405,6.30565,1.0959,4,5,491.7,0,0.7098
5048,32,1,fp16,T,N,71,-380,0.00652,0.01441,2.2106,4,559,100.7,0,0.9838
483,9463,5432,fp32,N,T,312,-621283632,0.52967,0.56736,1.0712,4,16,442.5,0,0.7155
77,7,13657,fp32,N,T,386,-621293112,0.04571,3.59442,78.6385,4,5,100.4,0,0.9506
492,316,86,fp16,N,N,17,-170,0.00826,0.02916,3.5292,4,291,92.1,0,1.0103
3492,21855,5,fp16,N,N,17,-621294408,0.11868,0.11896,1.0023,4,84,2574.3,0,0.8520
550,34,17388,bf16,T,N,80,-620,0.30936,0.53453,1.7279,4,19,65.9,0,0.9913
17116,130,203,bf16,N,T,27,-621290045,0.02204,0.03011,1.3662,4,325,721.5,0,1.0016
1143,4262,175,fp16,N,T,27,-621295777,0.02416,0.03257,1.3480,4,273,884.8,0,0.9590
79,4,402,fp32,N,T,386,-621293097,0.00606,0.00603,0.9952,4,1294,22.2,0,0.9752
874,652,954,fp16,T,N,75,-621296105,0.03376,0.06054,1.7933,4,148,153.8,0,1.0132
2268,5,39,fp32,T,T,66,-621291439,0.00647,0.00615,0.9516,4,1406,61.8,0,0.9933
26727,245,26089,fp32,T,T,66,-621291422,4.14254,4.15040,1.0019,4,5,685.8,0,0.8686
274,34,6353,fp32,N,T,359,-621283524,0.02317,0.05697,2.4587,4,163,339.4,0,0.9858
264,115,19354,fp32,T,T,66,-621283250,0.18864,1.19226,6.3204,4,9,156.2,0,0.9984
7,4954,235,bf16,T,N,5,-616,0.01613,0.03093,1.9175,4,280,153.1,0,1.0097
693,30899,1128,fp32,N,N,292,-621283759,0.56764,0.58275,1.0266,4,17,402.0,0,0.6705
5,2,184,fp16,T,T,5,-445,0.00865,0.00888,1.0265,4,811,0.3,0,0.9967
125,1456,143,fp32,N,T,336,-621283635,0.00625,0.00650,1.0403,4,1345,261.1,0,1.0021
2243,82,6,fp32,T,T,66,-621291433,0.00659,0.00639,0.9702,4,1526,120.1,0,1.0004
15,7777,189,bf16,N,T,27,-349,0.01425,0.02984,2.0931,4,314,239.4,0,1.0049
5347,1,40,bf16,T,T,21,-9,0.00389,0.01634,4.1954,4,548,115.4,0,1.0095
7263,1096,4845,bf16,T,T,20,-621285694,0.23956,0.23874,0.9966,4,41,471.0,0,0.7036
2,6,6777,fp32,N,T,462,-621283715,0.01101,0.01039,0.9430,4,693,19.7,0,0.9649
23,35,2223,fp32,T,N,344,-621284158,0.01223,0.01129,0.9230,4,592,42.4,0,1.1600
13,14,173,bf16,T,T,20,-150,0.00988,0.01972,1.9953,4,412,1.0,0,1.0172
1019,31930,2646,bf16,N,N,17,-621292877,0.43024,0.46773,1.0871,4,20,707.8,0,0.8794
3026,2,1,fp16,T,N,4,-382,0.00694,0.00642,0.9255,4,1516,4.4,0,0.9877
2208,8447,1462,fp16,T,T,22,-621291500,0.15534,0.16486,1.0612,4,46,680.8,0,0.6678
929,1681,834,fp32,T,T,66,-621291435,0.03979,0.04353,1.0940,4,216,375.8,0,0.9767
316,6102,3,fp32,N,T,204,-621292905,0.00648,0.00870,1.3427,4,945,1201.7,0,1.0009
4,1415,787,fp32,T,N,332,-621293506,0.00823,0.00782,0.9511,4,939,545.8,0,0.9952
532,542,8561,fp16,T,T,22,-621291509,0.30320,0.31023,1.0232,4,32,64.5,0,0.9942
64,1962,993,fp32,T,T,66,-621283250,0.01235,0.02064,1.6716,4,422,692.5,0,1.0230
1006,7981,452,bf16,T,N,69,-621289995,0.04185,0.04240,1.0130,4,212,961.5,0,0.9581
298,5434,57,fp16,N,N,17,-170,0.01307,0.02904,2.2212,4,322,545.4,0,0.9810
2779,19942,6177,fp32,N,N,292,-621293201,6.33689,7.25252,1.1445,4,5,123.6,0,0.7169
6,78,34,bf16,N,N,17,-257,0.00691,0.02598,3.7595,4,341,1.1,0,0.9863
2581,585,900,bf16,T,N,76,-621289995,0.03271,0.05677,1.7358,4,156,358.9,0,1.0111
15757,403,14,fp32,N,N,264,-621283782,0.01289,0.03447,2.6747,4,276,2041.3,0,0.8375
51,4,18172,fp16,T,N,13,-391,0.03743,0.62184,16.6130,4,16,53.4,0,0.9786
13063,4347,387,fp16,T,N,71,-621296106,0.17555,0.23673,1.3485,4,39,1370.6,0,0.8628
34,53,11,bf16,T,T,20,-152,0.00565,0.01339,2.3712,4,627,1.6,0,1.0346
1,194,1081,bf16,T,T,4,-9,0.00314,0.10247,32.6290,4,87,134.5,0,0.9880
255,8655,1355,fp16,N,T,33,-621295777,0.04561,0.06955,1.5251,4,126,723.0,0,1.0170
35,4343,2347,fp16,T,T,22,-621291507,0.09508,0.09739,1.0243,4,96,222.5,0,0.9873
4425,16327,55,fp32,T,N,238,-621284347,0.16111,0.20678,1.2835,4,42,1822.1,0,0.7347
237,2703,5139,bf16,T,T,20,-621285685,0.19534,0.19555,1.0011,4,47,167.8,0,0.9845
4120,25344,27267,fp32,T,T,66,-621283237,58.25109,59.05916,1.0139,4,5,62.3,0,1.0004
2,18868,2,fp16,N,T,27,-412,0.00666,0.02025,3.0434,4,454,34.0,0,0.9817
135,29239,819,bf16,T,N,76,-621289995,0.04822,0.04464,0.9257,4,191,1325.3,0,0.9301
13,6,5357,fp16,N,N,7,-171,0.10961,0.20864,1.9034,4,44,1.9,0,1.0113
9538,22327,3377,fp16,T,T,22,-621291511,2.93430,2.92440,0.9966,4,5,363.6,0,0.9870
15851,20885,1963,fp32,T,N,296,-621284073,11.73707,11.92736,1.0162,4,5,137.4,0,0.7849
99,474,46,bf16,N,N,17,-257,0.00678,0.02692,3.9686,4,328,35.4,0,0.9786
16682,1,2544,fp32,N,T,365,-621293096,0.05235,0.07323,1.3990,4,115,3244.5,0,0.7514
2238,16,145,fp16,T,T,22,-445,0.00758,0.02003,2.6434,4,409,105.2,0,1.0179
375,5,44,fp16,N,T,27,-408,0.00668,0.02577,3.8581,4,345,6.1,0,0.9933
10697,1083,1926,fp32,N,N,292,-621283964,0.48400,0.58905,1.2171,4,16,283.2,0,0.6700
8349,10,5150,fp16,N,N,22,-621294410,0.19354,0.20468,1.0575,4,46,446.6,0,0.9810
29417,24126,1293,fp32,T,T,66,-621291421,17.57731,19.48900,1.1088,4,5,177.3,0,0.6669
83,633,70,fp16,N,N,17,-170,0.00759,0.02683,3.5365,4,350,40.9,0,0.9835
11811,173,211,bf16,T,N,69,-621289995,0.01980,0.02929,1.4792,4,297,668.1,0,1.0222
20,1808,8,bf16,T,T,20,-152,0.00675,0.01330,1.9702,4,646,25.8,0,0.9835
283,450,15541,fp32,N,N,292,-621283874,0.09379,0.96698,10.3097,4,11,491.2,0,0.9322
15,19,22,fp16,T,T,22,-447,0.00666,0.01421,2.1323,4,521,0.4,0,0.9871
2088,19491,1994,fp16,N,T,27,-621295777,0.47186,0.55968,1.1861,4,18,527.4,0,0.6841
2,3,6238,bf16,T,T,4,-150,0.24473,0.27512,1.1242,4,28,0.3,0,1.5421
32,179,17775,bf16,N,N,23,-621292873,0.53457,0.53545,1.0017,4,18,14.1,0,1.1516
26,14726,3725,bf16,N,T,32,-621290049,0.09211,0.15431,1.6752,4,58,1209.7,0,1.1347
79,1,41,fp32,T,T,67,-621291441,0.00653,0.00627,0.9607,4,1504,2.1,0,0.9780
1419,1427,77,fp32,N,N,264,-621283890,0.00919,0.00895,0.9747,4,905,977.1,0,1.0066
13530,358,11759,fp16,N,N,22,-621294414,0.52565,0.52254,0.9941,4,17,658.2,0,0.7410
534,1125,51,fp32,N,N,264,-621293214,0.00631,0.00626,0.9916,4,1212,434.5,0,0.9904
1189,179,9,fp32,T,T,66,-621291439,0.00668,0.00625,0.9359,4,1390,134.8,0,1.1253
60,194,91,bf16,N,T,27,-349,0.00822,0.02627,3.1963,4,342,11.3,0,1.0049
3,85,11,fp32,T,N,186,-621293440,0.00671,0.00641,0.9553,4,1545,0.7,0,1.0061
1819,17881,2378,fp32,N,N,292,-621293143,1.56894,1.61369,1.0285,4,6,202.4,0,0.6735
701,5,2,bf16,N,N,2,-262,0.00692,0.00650,0.9385,4,1498,2.4,0,0.9772
275,319,1410,fp32,T,N,326,-621293562,0.01188,0.01190,1.0017,4,671,311.5,0,1.0159
10115,5,2373,bf16,N,T,32,-621290045,0.06049,0.10147,1.6776,4,92,797.4,0,1.0100
3,6,19,bf16,N,T,27,-349,0.00691,0.02259,3.2691,4,397,0.1,0,0.9760
502,504,814,fp16,T,T,22,-445,0.03658,0.04367,1.1939,4,218,72.4,0,1.1405
1198,115,2023,fp16,T,T,22,-621291497,0.08427,0.08445,1.0022,4,114,69.6,0,0.9884
474,164,816,fp32,N,T,365,-621292994,0.00772,0.00866,1.1213,4,924,310.0,0,1.0036
138,8771,222,fp32,N,N,306,-621293327,0.01611,0.01875,1.1642,4,452,791.7,0,0.8955
3,2,380,fp16,N,N,2,-170,0.02244,0.02244,0.9999,4,395,0.2,0,1.0605
98,310,1627,fp16,T,T,22,-447,0.06429,0.07233,1.1250,4,124,22.5,0,1.0158
41,20901,6,fp16,T,N,71,-382,0.00675,0.02162,3.2001,4,399,544.7,0,1.0216
202,24147,7447,bf16,T,T,20,-621285687,0.34532,0.35583,1.0304,4,27,1106.7,0,0.8451
1763,1332,40,fp32,N,T,268,-621283617,0.00711,0.00711,1.0010,4,1123,1391.7,0,0.8386
136,722,17283,fp32,T,N,354,-621284137,0.05870,0.07331,1.2488,4,110,1017.1,0,0.8010
1144,9,25,fp16,T,N,71,-388,0.00644,0.01732,2.6869,4,519,15.3,0,0.9867
137,65,969,fp32,N,N,348,-621283910,0.00616,0.00780,1.2672,4,1026,132.9,0,1.0020
1,72,607,fp32,N,N,367,-621283971,0.00653,0.00607,0.9293,4,1328,27.2,0,1.0104
242,45,8633,fp16,T,N,78,-387,0.05606,0.34460,6.1467,4,29,89.2,0,1.0043
1632,19,17,fp16,N,N,17,-173,0.00672,0.02616,3.8912,4,345,26.8,0,1.0155
9284,548,446,fp32,T,N,335,-621284046,0.05866,0.08235,1.4038,4,95,645.9,0,0.7876
1595,8,891,fp32,T,N,318,-621284104,0.00888,0.01255,1.4140,4,639,649.3,0,0.9818
49,65,29,bf16,T,N,69,-616,0.00689,0.01673,2.4302,4,482,2.8,0,0.9991
324,44,124,fp32,N,N,350,-621283911,0.00674,0.00666,0.9893,4,1127,35.6,0,1.0153
8033,31231,11116,fp16,T,T,22,-621291506,10.58054,12.38749,1.1708,4,5,177.3,0,0.7846
129,153,582,bf16,T,T,20,-150,0.02679,0.03384,1.2634,4,256,15.2,0,0.9755
7600,2362,8382,fp16,T,N,71,-621296119,0.59404,0.63076,1.0618,4,15,402.0,0,0.7127
14442,30,4,bf16,T,N,69,-611,0.00664,0.01909,2.8730,4,438,278.2,0,0.9764
5464,363,26,fp32,T,N,238,-621293438,0.00595,0.01129,1.8993,4,723,1436.0,0,0.9178
40,27553,19,bf16,N,N,17,-257,0.00716,0.01534,2.1418,4,574,761.7,0,0.9992
25,5691,10853,fp16,T,N,78,-621296111,0.26413,0.44647,1.6903,4,23,471.9,0,1.1432
164,49,711,fp16,T,T,22,-445,0.02596,0.03831,1.4756,4,237,12.9,0,0.9848
4479,1,208,fp32,N,N,91,-9,0.00344,0.00572,1.6643,4,1430,1090.0,0,1.0274
678,4915,132,fp16,T,T,22,-621291498,0.02070,0.02256,1.0900,4,413,715.3,0,1.0182
16,8,41,fp32,N,T,408,-621283651,0.00556,0.00569,1.0234,4,1691,0.8,0,0.9811
5830,23,42,fp32,T,T,66,-621291439,0.00571,0.00575,1.0065,4,1281,265.9,0,1.0089
124,2890,68,fp16,N,T,27,-408,0.00641,0.02491,3.8845,4,382,287.4,0,1.0170
82,4,340,fp16,N,N,2,-170,0.02166,0.02167,1.0003,4,415,2.8,0,1.0259
7254,46,273,fp16,T,T,22,-445,0.01662,0.02696,1.6221,4,302,320.1,0,1.0350
30176,9978,4392,bf16,T,T,20,-621285693,5.06516,4.99824,0.9868,4,5,307.4,0,0.8435
299,2785,10,bf16,T,N,69,-611,0.00661,0.02634,3.9822,4,351,512.9,0,0.9790
4404,24215,2543,bf16,N,T,27,-621290054,1.27830,1.32615,1.0374,4,8,447.6,0,0.8143
2,4,145,bf16,N,T,27,-349,0.01040,0.02697,2.5935,4,345,0.2,0,0.9786
1776,43,4660,fp16,N,N,22,-171,0.13308,0.20118,1.5117,4,46,129.7,0,0.9943
342,4,287,bf16,N,N,2,-257,0.01940,0.01940,1.0002,4,469,10.5,0,0.9918
271,459,2644,fp16,N,N,22,-171,0.07375,0.12739,1.7275,4,70,59.1,0,1.0121
1457,38,5993,fp32,N,T,359,-621283667,0.02418,0.07522,3.1104,4,113,1491.2,0,0.8259
13,19,80,fp32,N,T,378,-621293098,0.00664,0.00627,0.9442,4,1449,1.7,0,0.9858
1303,68,86,fp16,T,T,22,-445,0.00687,0.01811,2.6381,4,493,86.0,0,0.9969
1769,19104,19793,fp16,N,N,17,-621294414,2.86835,3.61830,1.2615,4,5,335.2,0,0.8710
25483,1086,1031,fp32,N,N,292,-621283903,0.61348,0.63672,1.0379,4,14,359.0,0,0.6536
1460,5863,2107,bf16,N,T,32,-621290045,0.11241,0.12182,1.0837,4,68,579.1,0,0.6768
1,3,210,fp32,T,T,21,-9,0.00379,0.00647,1.7065,4,1160,0.9,0,0.9692
4579,5040,9805,fp16,N,T,27,-621295777,1.12749,1.35247,1.1995,4,8,249.2,0,0.6622
3445,47,28557,fp32,T,N,380,-621293541,0.21630,0.49703,2.2979,4,19,1847.1,0,1.0793
2617,31677,1359,fp16,N,N,17,-621294414,0.67200,0.72769,1.0829,4,13,632.1,0,0.7075
82,1509,120,fp16,N,N,17,-170,0.01013,0.03061,3.0225,4,308,86.6,0,0.9766
5151,2133,12738,fp32,T,T,66,-621291428,3.36127,3.86395,1.1496,4,5,123.5,0,0.7592
2709,18,16,fp32,N,T,209,-621292916,0.00647,0.00630,0.9737,4,1312,57.1,0,0.9778
134,2,2310,fp16,N,T,33,-409,0.04438,0.09669,2.1787,4,98,14.2,0,0.9925
12054,207,11944,bf16,T,T,20,-621285686,0.43368,0.44700,1.0307,4,22,698.4,0,1.0282
5192,3575,11435,fp32,N,T,312,-621283628,3.98778,4.44171,1.1138,4,5,119.2,0,0.7459
5173,1976,5,bf16,T,T,20,-621285685,0.01791,0.02588,1.4448,4,346,2286.3,0,0.8161
2961,17643,8432,fp32,N,N,292,-621293190,8.27166,9.10483,1.1007,4,5,109.3,0,0.6446
11,3828,3,fp32,T,N,294,-621293440,0.00543,0.00565,1.0392,4,1432,39.5,0,0.9671
72,5,4590,fp16,N,N,7,-171,0.09724,0.17964,1.8474,4,53,7.3,0,0.9841
665,3,182,fp16,T,N,4,-386,0.01053,0.01325,1.2582,4,662,23.9,0,0.9991
10678,3924,6678,fp16,N,N,17,-621294412,1.31865,1.32553,1.0052,4,7,275.0,0,0.8062
1065,182,93,fp32,T,T,66,-621291435,0.00551,0.00571,1.0365,4,1321,225.1,0,1.1110
1257,38,59,fp32,T,T,66,-621291446,0.00548,0.00556,1.0146,4,1452,90.6,0,0.9767
2,8,20228,fp16,T,T,5,-445,0.62817,0.73745,1.1740,4,14,0.6,0,0.9803
55,8,4540,fp16,N,T,33,-409,0.08404,0.16297,1.9393,4,56,6.8,0,1.0145
2418,3635,2332,fp16,T,N,75,-621296072,0.13389,0.14952,1.1167,4,70,473.4,0,0.8707
711,212,37,bf16,N,N,17,-257,0.00564,0.02667,4.7334,4,325,119.1,0,0.9647
4142,189,1624,fp16,T,N,76,-621296105,0.04856,0.09131,1.8804,4,104,354.2,0,0.9976
2612,15,12149,fp16,N,N,22,-171,0.39891,0.49051,1.2296,4,21,160.4,0,0.9865
20481,4383,31653,bf16,N,N,17,-621292877,12.20605,16.12068,1.3207,4,5,158.4,0,0.7545
38,10,55,bf16,T,N,69,-607,0.00667,0.02675,4.0114,4,344,1.0,0,0.9827
23,4110,9,bf16,N,T,27,-353,0.00656,0.02260,3.4460,4,355,69.0,0,0.9911
6,13384,2,fp32,N,N,372,-621293374,0.00632,0.00622,0.9847,4,1411,67.8,0,0.9974
563,13633,1630,bf16,T,N,76,-621289990,0.08714,0.08648,0.9924,4,92,883.4,0,0.8753
4693,4,26,fp16,N,T,27,-408,0.00681,0.02577,3.7860,4,359,46.9,0,0.9738
7940,2145,7795,fp32,T,T,66,-621291421,2.79623,3.19267,1.1418,4,5,136.8,0,0.6656
138,39,14,bf16,T,T,20,-152,0.00652,0.01357,2.0816,4,673,4.1,0,1.1158
24445,536,21319,fp32,T,N,296,-621284177,5.97326,8.77422,1.4689,4,5,365.4,0,0.6593
14,414,821,fp16,T,T,22,-445,0.02932,0.04317,1.4724,4,187,24.8,0,0.9904
12707,11486,8463,bf16,T,N,69,-621290011,4.45526,5.15481,1.1570,4,5,223.0,0,0.7052
33,6198,156,bf16,T,N,69,-621289995,0.01608,0.02793,1.7368,4,296,171.8,0,0.9794
8620,1958,4954,bf16,N,T,27,-621290048,0.34580,0.36402,1.0527,4,24,498.3,0,0.7817
1503,6046,10,fp32,T,N,266,-621284041,0.01506,0.02703,1.7944,4,341,2433.2,0,0.8178
2243,8342,4475,fp16,T,T,22,-621291510,0.36175,0.36695,1.0144,4,22,468.8,0,0.7309
1,362,14749,fp32,N,T,370,-621283751,0.01205,0.01098,0.9116,4,500,1778.0,0,0.9597
2489,11734,203,fp32,N,T,314,-621283685,0.16147,0.16889,1.0460,4,52,795.0,0,0.6846
6,9622,14,fp16,N,N,17,-170,0.00653,0.02547,3.8989,4,319,76.6,0,0.9974
66,18,6451,fp32,T,T,66,-621283250,0.06359,0.07915,1.2448,4,107,34.2,0,0.9945
236,35,19,fp32,N,N,330,-621293165,0.00648,0.00620,0.9574,4,1532,8.3,0,1.0010
3193,24656,18,bf16,T,T,20,-621285687,0.11487,0.13688,1.1916,4,72,2750.1,0,0.7957
6781,45,2,fp32,T,N,266,-621293741,0.00639,0.00795,1.2440,4,885,199.6,0,0.9841
10854,4298,2130,bf16,N,N,17,-621292874,0.48001,0.48627,1.0130,4,19,523.2,0,0.7072
10,2154,4,bf16,T,T,20,-150,0.00652,0.01314,2.0144,4,655,15.9,0,0.9887
14127,23069,5651,fp16,T,N,71,-621296123,7.00934,7.13655,1.0181,4,5,246.0,0,0.8265
1056,347,112,bf16,N,T,27,-349,0.00925,0.02940,3.1793,4,306,192.5,0,1.1475
11857,58,302,fp32,T,N,308,-621293744,0.01075,0.01629,1.5154,4,541,1594.9,0,0.9411
1,2,2968,fp16,T,N,11,-9,0.01236,0.01447,1.1712,4,518,1.4,0,0.9667
17,10632,35,bf16,T,N,69,-607,0.00672,0.02176,3.2380,4,385,218.5,0,1.0055
7595,10619,4720,fp32,T,T,66,-621291421,7.94633,7.87409,0.9909,4,5,83.9,0,0.6685
218,230,28,bf16,T,T,20,-150,0.00652,0.01564,2.3976,4,547,34.6,0,0.9770
20,2,30057,fp32,T,N,286,-621293597,0.01118,0.02565,2.2942,4,291,236.6,0,0.9936
2066,7223,3062,fp16,N,T,27,-621295771,0.24308,0.24006,0.9876,4,34,479.6,0,0.7927
1,17434,274,fp16,T,T,5,-9,0.01500,0.01993,1.3287,4,413,641.7,0,0.9935
10848,10716,12,fp32,N,T,248,-621292954,0.16497,0.24453,1.4823,4,41,2824.8,0,0.7552
68,326,5634,fp16,N,T,33,-621295777,0.11830,0.11848,1.0015,4,76,38.3,0,0.9875
29181,383,4795,fp32,T,N,298,-621284354,1.18964,2.19983,1.8492,4,5,514.2,0,0.6828
51,110,65,fp16,N,N,17,-170,0.00695,0.02753,3.9590,4,295,6.2,0,0.9789
786,19598,20,bf16,T,T,20,-621285691,0.03885,0.04617,1.1885,4,204,1607.2,0,1.0187
1,1577,8466,fp16,T,N,12,-391,0.02229,0.02200,0.9872,4,362,1199.1,0,0.9798
19479,34,26,fp16,N,N,17,-170,0.00688,0.02707,3.9349,4,322,532.5,0,1.0043
4,2,60,bf16,T,N,3,-607,0.00683,0.00670,0.9804,4,1201,0.1,0,1.0011
4566,1757,910,fp16,N,N,22,-621294407,0.06754,0.07726,1.1439,4,114,645.5,0,0.9103
990,2684,3409,fp32,N,T,312,-621283637,0.24678,0.25024,1.0140,4,31,246.1,0,0.7731
12,28750,82,fp16,T,N,71,-380,0.01082,0.01501,1.3874,4,528,563.5,0,0.9832
270,48,144,fp32,T,N,347,-621293510,0.00650,0.00641,0.9857,4,1204,36.2,0,0.9939
497,25877,13039,bf16,T,T,20,-621285697,0.78202,0.80572,1.0303,4,11,945.3,0,0.6996
193,87,717,fp32,T,N,316,-621284151,0.00639,0.00640,1.0025,4,1045,136.2,0,0.9842
2654,174,491,fp16,T,N,71,-621296107,0.02386,0.04142,1.7356,4,213,193.8,0,1.0025
15,268,2,fp32,T,T,66,-621291437,0.00649,0.00637,0.9815,4,1564,2.8,0,0.9999
15,2124,31,bf16,N,N,17,-257,0.00672,0.02611,3.8860,4,333,38.7,0,0.9666
28339,651,35,fp32,N,N,264,-621293330,0.04195,0.04348,1.0363,4,201,1855.7,0,0.6915
1,2423,232,bf16,T,T,4,-152,0.01293,0.02368,1.8319,4,385,87.7,0,0.9851
21906,726,2253,fp32,T,N,296,-621284353,0.77564,1.15614,1.4906,4,9,345.0,0,0.6481
3,790,2579,fp32,N,N,320,-621293359,0.00892,0.01509,1.6911,4,514,917.8,0,1.1439
124,2270,12099,bf16,N,N,23,-621292873,0.36925,0.37076,1.0041,4,27,159.9,0,1.0111
7787,6666,3982,bf16,N,T,27,-621290041,0.92358,0.94006,1.0178,4,11,349.4,0,0.7901
46,1518,49,fp32,N,T,296,-621283666,0.00558,0.00575,1.0317,4,1507,105.1,0,0.9858
2336,4132,1065,bf16,T,N,76,-621289968,0.07680,0.07836,1.0204,4,128,682.1,0,0.8718
2540,403,4746,fp32,N,N,292,-621283898,0.12058,0.17666,1.4651,4,62,497.3,0,0.6317
27181,2507,8,bf16,T,T,20,-621285686,0.10814,0.19965,1.8462,4,49,2524.8,0,0.9763
30291,810,11458,fp32,T,T,66,-621291420,7.01938,9.02746,1.2861,4,5,217.1,0,0.5995
7,2037,11626,fp16,T,N,12,-387,0.08301,0.40762,4.9104,4,25,573.2,0,0.9768
248,1476,26453,fp32,T,N,354,-621293558,0.29374,0.34529,1.1755,4,27,626.0,0,0.6453
5404,1,836,fp16,N,T,34,-9,0.00813,0.05104,6.2817,4,179,1114.9,0,0.9807
2510,2702,22,bf16,N,N,17,-621292869,0.01613,0.03117,1.9320,4,297,1695.9,0,1.0082
14753,197,391,bf16,N,N,17,-621292869,0.02864,0.04346,1.5175,4,201,814.1,0,1.0032
2,1414,457,bf16,N,T,27,-621290049,0.02422,0.03740,1.5443,4,227,53.9,0,0.9776
1653,26870,30683,fp16,N,T,27,-621295777,6.44898,7.34841,1.1395,4,5,299.0,0,0.6941
206,1769,1903,fp32,N,N,306,-621283886,0.02609,0.03773,1.4459,4,236,632.0,0,0.7895
43,1,2092,fp16,N,T,34,-9,0.00397,0.08923,22.4585,4,95,46.4,0,0.9837
1423,2444,7618,fp32,N,T,312,-621293068,0.64260,0.88414,1.3759,4,12,205.0,0,0.7285
28134,389,34,fp32,T,T,66,-621291419,0.02658,0.04295,1.6156,4,213,1792.7,0,0.6307
544,111,263,fp16,T,T,22,-445,0.01160,0.02406,2.0736,4,367,50.5,0,0.9712
119,16,25,fp16,N,T,27,-408,0.00654,0.02525,3.8616,4,365,2.2,0,0.9889
7,61,122,bf16,N,N,17,-257,0.01014,0.02996,2.9551,4,268,1.8,0,0.9985
4386,5,13,fp32,N,T,218,-621293097,0.00650,0.00643,0.9902,4,1422,48.6,0,1.0077
7391,6,378,fp16,N,N,2,-170,0.02910,0.02913,1.0009,4,295,198.3,0,1.0116
5,9892,250,fp32,T,N,324,-621284033,0.00674,0.02413,3.5776,4,360,1496.9,0,1.0060
15476,258,441,bf16,N,T,27,-621290049,0.03354,0.04075,1.2150,4,246,889.9,0,1.0152
4,36,3,fp32,T,N,308,-621284333,0.00653,0.00632,0.9673,4,1557,0.2,0,1.1158
1238,8416,2895,bf16,N,N,23,-621292879,0.18446,0.17836,0.9669,4,48,529.0,0,0.7143
12,2,2976,fp16,N,N,7,-171,0.06057,0.11746,1.9392,4,76,1.4,0,0.9794
29868,4460,3108,fp32,T,N,335,-621284073,7.52664,8.15808,1.0839,4,5,127.5,0,0.6764
9,10669,2,bf16,N,T,27,-353,0.00645,0.02208,3.4244,4,361,66.2,0,0.9795
2888,10491,9476,fp32,T,T,66,-621291418,6.63630,7.54576,1.1370,4,5,94.7,0,0.6656
3,189,3315,bf16,N,N,23,-258,0.09501,0.15143,1.5939,4,65,13.4,0,0.9694
552,173,184,bf16,N,T,27,-349,0.01343,0.03110,2.3152,4,296,48.3,0,1.1248
26,553,4029,fp16,T,T,22,-621291505,0.15084,0.15453,1.0244,4,60,31.3,0,1.0067
27155,25,2294,fp32,N,N,334,-621293232,0.08904,0.30346,3.4082,4,33,2831.6,0,0.6944
29,10833,791,bf16,T,N,76,-621289993,0.03030,0.05124,1.6915,4,178,608.7,0,0.9893
27,5261,57,fp32,T,T,66,-621283258,0.00644,0.00627,0.9733,4,1321,275.2,0,0.9862
67,330,5845,bf16,T,T,20,-621285696,0.21225,0.21597,1.0176,4,46,22.3,0,0.9956
26302,4702,5012,fp32,T,T,112,-621283236,11.84483,11.94140,1.0082,4,5,94.2,0,0.6621
9,4,6493,fp32,N,N,392,-621283972,0.01098,0.01038,0.9451,4,649,30.8,0,0.9533
260,486,194,fp16,N,T,27,-408,0.01334,0.03028,2.2694,4,301,59.6,0,1.0028
97,79,3,fp16,N,N,17,-173,0.00663,0.02441,3.6820,4,333,4.8,0,1.0020
8978,3040,6176,fp32,N,T,356,-621283663,3.17354,4.67120,1.4719,4,5,128.0,0,0.6266
938,63,3,bf16,T,N,69,-611,0.00663,0.02548,3.8447,4,313,36.6,0,0.9631
9156,1432,13333,bf16,T,T,20,-621285693,0.72680,0.73453,1.0106,4,12,460.6,0,0.6865
27,298,52,fp16,T,N,71,-380,0.00658,0.01899,2.8878,4,400,10.0,0,1.1078
109,25984,7439,fp32,N,T,334,-621283660,0.59501,0.61515,1.0339,4,15,1323.9,0,0.7290
5,111,38,fp16,T,N,5,-386,0.00674,0.02462,3.6552,4,321,1.6,0,0.9961
3928,10183,5477,fp16,N,T,27,-621295777,1.01934,1.17254,1.1503,4,9,308.6,0,0.6707
12986,24,548,fp32,N,T,403,-621283469,0.01128,0.01599,1.4180,4,564,2638.8,0,0.8963
5767,17,7,bf16,T,N,69,-611,0.00683,0.02472,3.6193,4,316,69.3,0,0.9968
128,130,1714,bf16,N,T,32,-350,0.03795,0.07679,2.0235,4,110,25.1,0,0.9835
24523,14555,6039,fp16,N,N,17,-621294415,9.41711,12.04655,1.2792,4,5,201.7,0,0.7464
801,27,42,fp16,T,N,71,-380,0.00676,0.01864,2.7565,4,444,23.1,0,0.9787
16781,1519,4,fp16,T,N,71,-621296072,0.04424,0.07306,1.6514,4,130,2307.8,0,0.8090
7,2,903,fp32,N,N,190,-621293291,0.00556,0.00686,1.2330,4,1045,5.9,0,1.1594
31,2248,875,bf16,T,T,20,-150,0.03956,0.04516,1.1416,4,202,107.9,0,0.9872
7206,7399,11832,bf16,N,T,27,-621290035,2.45257,2.46214,1.0039,4,5,227.9,0,0.8355
39,4373,1342,bf16,T,N,77,-621289993,0.04085,0.07207,1.7640,4,123,306.6,0,0.9882
6397,11581,16564,bf16,N,T,27,-621290035,4.75438,5.08396,1.0693,4,5,187.6,0,0.9162
5,4,2,bf16,N,N,2,-262,0.00691,0.00650,0.9411,4,1601,0.0,0,0.9996
4908,3144,12932,fp16,N,T,27,-621295780,0.90888,0.93855,1.0326,4,11,297.0,0,0.8946
163,146,480,fp16,N,N,17,-621294410,0.02655,0.03779,1.4234,4,235,14.8,0,0.9635
4612,3464,6953,fp32,T,T,66,-621283236,2.40525,2.70867,1.1261,4,5,120.0,0,0.6616
449,4182,145,fp32,N,T,314,-621293102,0.01474,0.01696,1.1508,4,546,692.0,0,0.8675
56,17002,142,fp32,T,T,112,-621283274,0.00851,0.03371,3.9604,4,265,1585.9,0,0.9143
13,4,226,fp16,T,T,22,-445,0.00933,0.02150,2.3051,4,376,0.8,0,1.0060
13761,347,24874,bf16,N,T,32,-621290049,0.68603,0.98047,1.4292,4,10,1050.9,0,0.7373
1,241,661,fp16,T,N,5,-9,0.00700,0.04149,5.9292,4,206,45.9,0,0.9864
1625,1466,2215,bf16,N,N,23,-621292869,0.08179,0.10289,1.2579,4,85,283.9,0,1.0253
1,12,177,bf16,N,T,28,-9,0.00383,0.02803,7.3115,4,330,1.2,0,0.9798
1759,22,4,fp32,N,N,320,-621293163,0.00649,0.00636,0.9793,4,1242,28.2,0,0.9987
29,1949,1,fp16,T,T,22,-447,0.00655,0.01353,2.0662,4,641,35.1,0,1.0078
120,4028,9865,bf16,N,N,23,-621292877,0.34987,0.40282,1.1514,4,25,239.4,0,1.0170
1,3,3862,fp32,T,N,141,-621293537,0.01316,0.01336,1.0155,4,534,4.7,0,1.1341
157,925,289,fp16,N,T,27,-408,0.01988,0.03317,1.6681,4,283,60.7,0,1.0032
34,6,6,bf16,T,T,20,-151,0.00564,0.01290,2.2880,4,656,0.2,0,0.9948
476,10881,1532,bf16,N,N,23,-621292869,0.07638,0.09232,1.2086,4,96,726.8,0,0.8859
3241,367,608,fp32,N,T,313,-621283619,0.02580,0.02189,0.8483,4,407,524.6,0,0.9340
1380,1380,28388,bf16,T,N,79,-621289994,0.61645,1.02749,1.6668,4,11,266.6,0,1.0109
7,1157,56,bf16,N,T,27,-349,0.00669,0.02419,3.6178,4,365,24.3,0,0.9862
1079,4910,643,fp32,N,T,312,-621293108,0.09428,0.13010,1.3799,4,72,388.1,0,0.8263
653,10,397,fp32,T,T,66,-621283250,0.00695,0.01003,1.4436,4,801,155.3,0,0.9810
13120,3401,21017,fp16,N,N,17,-621294412,4.82603,5.21405,1.0804,4,5,180.9,0,0.7460
3952,877,4278,fp16,N,N,22,-621294410,0.15645,0.19462,1.2440,4,47,352.7,0,0.9063
3736,245,25,fp32,T,N,238,-621284042,0.00638,0.01063,1.6655,4,718,636.3,0,0.9846
4,37,44,bf16,T,T,4,-150,0.00673,0.00669,0.9943,4,1305,0.6,0,0.9904
17332,6078,8983,bf16,T,N,69,-621290004,3.43757,3.95951,1.1518,4,5,244.9,0,0.6743
4635,2873,8970,fp16,T,T,22,-621291511,0.54227,0.57385,1.0582,4,17,346.6,0,0.6794
344,1600,26541,fp16,N,N,22,-621294414,0.90541,0.98634,1.0894,4,12,116.4,0,1.1272
4205,6603,1047,fp32,N,T,312,-621283630,0.59595,0.65641,1.1015,4,14,262.3,0,0.6483
3495,13979,6053,bf16,T,N,69,-621289983,1.20444,1.33035,1.1045,4,8,337.9,0,0.6402
21760,46,400,fp16,N,N,17,-621294410,0.02648,0.04042,1.5268,4,205,810.1,0,0.9741
5689,3249,1924,fp16,N,N,17,-621294412,0.17938,0.18027,1.0049,4,40,603.9,0,0.7616
176,22,2,bf16,T,N,69,-616,0.00660,0.02538,3.8439,4,360,2.5,0,0.9839
379,26,26,fp16,N,T,27,-408,0.00687,0.02557,3.7234,4,335,8.8,0,0.9949
1034,8,15795,bf16,N,T,32,-621290045,0.30342,0.51413,1.6945,4,19,108.6,0,1.1270
5091,30034,4332,bf16,T,T,20,-621285697,2.60313,2.88312,1.1076,4,5,351.9,0,0.7642
6,4075,27297,fp16,T,T,5,-445,1.44616,1.57635,1.0900,4,7,154.1,0,0.9755
1331,913,8689,fp32,N,T,312,-621283678,0.27574,0.31440,1.1402,4,29,300.5,0,0.8338
236,2740,1272,bf16,N,T,32,-621290045,0.04290,0.06778,1.5799,4,138,236.8,0,0.9780
22461,1885,995,fp32,T,T,66,-621291422,0.91355,0.91972,1.0067,4,10,291.4,0,0.6703
7,898,8133,fp16,N,T,33,-621295777,0.16327,0.27616,1.6914,4,36,90.3,0,0.9643
2138,1665,6130,fp32,T,T,66,-621291435,0.53574,0.54794,1.0228,4,18,200.6,0,0.8558
1,545,4,fp32,T,N,151,-621293444,0.00645,0.00633,0.9817,4,1357,1.7,0,0.9753
3824,2142,731,bf16,T,T,20,-621285688,0.05980,0.06508,1.0883,4,149,693.7,0,0.9337
14453,250,295,fp32,T,N,306,-621284353,0.03306,0.04868,1.4725,4,154,961.9,0,0.7923
565,1566,934,fp32,N,N,292,-621283826,0.02595,0.02677,1.0316,4,266,443.3,0,0.8469
1298,3032,48,fp16,N,N,17,-621294410,0.01254,0.02720,2.1695,4,314,1288.7,0,1.0094
6078,2284,27465,fp16,T,T,22,-621291506,1.55575,1.72320,1.1076,4,6,330.9,0,0.6996
3511,81,1678,fp32,N,N,328,-621283878,0.02545,0.05895,2.3168,4,139,992.2,0,0.8504
1377,204,651,fp32,N,T,321,-621293052,0.01099,0.01576,1.4341,4,530,476.8,0,1.0114
23124,252,917,fp16,T,T,22,-621291502,0.06455,0.09448,1.4636,4,107,1025.2,0,0.9433
5152,5535,19328,bf16,N,N,17,-621292877,2.53572,2.97583,1.1736,4,5,207.9,0,0.6936
8172,68,7988,fp32,N,N,378,-621293215,0.22269,0.50733,2.2782,4,20,1192.3,0,0.7254
55,18,557,bf16,N,N,17,-621292873,0.02973,0.04323,1.4542,4,203,2.9,0,0.9635
5,14,3219,bf16,N,T,32,-350,0.06730,0.12395,1.8417,4,70,1.8,0,0.9928
77,1961,138,fp32,N,T,336,-621283635,0.00607,0.00610,1.0061,4,1319,285.0,0,0.9949
773,884,16,fp32,T,T,66,-621291426,0.00652,0.00622,0.9538,4,1478,435.7,0,1.0630
13,1,2,bf16,T,T,21,-9,0.00389,0.01296,3.3287,4,655,0.0,0,0.9973
365,245,570,fp32,T,T,66,-621283250,0.00865,0.01393,1.6109,4,607,202.2,0,1.0366
14,111,20,fp16,N,T,27,-412,0.00655,0.02264,3.4566,4,404,1.7,0,0.9874
743,2209,28749,fp32,T,T,66,-621291445,1.29823,2.00460,1.5441,4,5,266.5,0,0.7587
13888,3,2377,fp32,N,T,364,-621283652,0.04553,0.06852,1.5050,4,148,2904.6,0,0.6683
1178,28,127,fp16,N,N,17,-170,0.01013,0.03181,3.1391,4,274,43.3,0,1.1170
454,515,22,fp32,N,N,264,-621293214,0.00631,0.00657,1.0418,4,1156,161.7,0,1.0203
3237,18148,1126,bf16,N,N,17,-621292871,0.39705,0.42319,1.0658,4,21,713.1,0,0.7706
4,117,4,fp16,N,N,17,-173,0.00673,0.02464,3.6605,4,374,0.4,0,0.9805
20781,781,95,bf16,T,T,20,-621285690,0.05219,0.05344,1.0239,4,184,1322.4,0,0.9625
21,13,2,bf16,N,N,17,-257,0.00671,0.02452,3.6540,4,373,0.2,0,0.9803
67,85,167,bf16,N,N,17,-257,0.01278,0.03121,2.4419,4,301,5.8,0,0.9919
22,999,204,fp16,N,N,17,-170,0.01482,0.03270,2.2058,4,271,34.0,0,1.0000
1880,192,5159,fp16,N,N,22,-621294410,0.16460,0.19529,1.1865,4,50,138.7,0,1.0165
214,62,10,fp16,T,T,22,-447,0.00664,0.01410,2.1240,4,572,8.8,0,0.9998
1498,183,23114,fp16,N,N,22,-621294410,0.83601,0.84666,1.0127,4,12,94.3,0,1.0022
618,2,400,fp32,N,N,206,-621283825,0.00632,0.00619,0.9792,4,1419,157.7,0,0.9838
14866,3385,31107,bf16,N,T,27,-621290035,6.21956,6.78177,1.0904,4,5,214.9,0,0.7352
4675,164,10,bf16,N,N,17,-257,0.00666,0.02619,3.9333,4,349,475.2,0,0.9890
18535,4435,4225,fp16,T,T,22,-621291507,1.47450,1.43407,0.9726,4,7,354.6,0,0.7365
2059,5820,98,fp32,T,N,238,-621284353,0.03952,0.06449,1.6319,4,139,1291.1,0,0.6517
3595,4660,4539,fp16,N,T,27,-621295772,0.35846,0.33926,0.9464,4,26,396.0,0,0.9851
28,638,721,bf16,T,N,69,-621289994,0.02735,0.04628,1.6920,4,190,37.7,0,0.9905
4224,7583,7290,bf16,T,T,20,-621285697,0.90347,0.89426,0.9898,4,10,332.4,0,0.7557
11,4199,30799,bf16,T,T,20,-621285696,1.23671,1.24079,1.0033,4,9,209.8,0,1.0053
2999,7,576,fp32,N,T,364,-621283666,0.00650,0.01684,2.5923,4,497,1078.9,0,1.0000
1499,16,1722,bf16,T,N,77,-621289991,0.04729,0.08307,1.7568,4,103,112.4,0,0.9851
12794,2845,5284,fp16,N,N,17,-621294412,0.86446,0.86654,1.0024,4,12,359.6,0,0.8448
328,91,3,fp16,N,T,27,-408,0.00663,0.02415,3.6403,4,382,18.4,0,0.9637
2781,39,11,fp16,T,N,71,-380,0.00666,0.01745,2.6200,4,451,74.5,0,0.9990
63,16,19,fp32,N,T,247,-621293080,0.00637,0.00631,0.9893,4,1584,1.6,0,1.0009
1007,17444,1233,fp16,T,T,22,-621291499,0.14521,0.17433,1.2005,4,51,797.2,0,0.6747
3,256,2,fp16,N,T,27,-408,0.00662,0.02178,3.2898,4,328,0.6,0,1.5014
1186,84,83,fp32,T,N,238,-621284151,0.00646,0.00633,0.9793,4,1292,126.9,0,0.9872
7,5683,11137,fp16,N,N,22,-171,0.39113,0.43932,1.1232,4,23,324.4,0,1.0059
7761,1492,12146,fp32,N,N,292,-621283854,2.81602,3.09513,1.0991,4,5,176.1,0,0.6599
21484,493,587,bf16,T,N,69,-621290014,0.06297,0.07079,1.1242,4,132,1082.5,0,0.9507
1706,619,938,fp32,N,N,292,-621283864,0.02729,0.02880,1.0553,4,263,474.4,0,0.7816
6375,1093,345,bf16,N,N,17,-621292869,0.03554,0.04806,1.3522,4,179,929.1,0,1.2696
218,164,2710,fp16,N,T,33,-621295773,0.06553,0.11080,1.6908,4,83,33.8,0,1.0432
7,43,1433,fp16,T,N,10,-387,0.01292,0.07125,5.5141,4,127,11.2,0,1.0023
7,16,176,fp32,T,N,324,-621293510,0.00667,0.00642,0.9630,4,1435,2.5,0,1.0035
2,54,7,bf16,T,N,3,-616,0.00674,0.00655,0.9712,4,1486,0.2,0,1.1287
3008,2096,25,fp32,T,T,66,-621291424,0.01146,0.01336,1.1657,4,586,2244.6,0,0.8675
21345,8573,10,bf16,N,N,17,-621292873,0.26225,0.58468,2.2295,4,18,2793.4,0,0.8222
5028,57,134,fp32,N,N,334,-621283780,0.00653,0.00761,1.1667,4,982,593.3,0,0.9847
353,648,23,fp32,N,N,264,-621283825,0.00651,0.00637,0.9787,4,1554,154.7,0,0.9903
12363,56,3593,bf16,N,T,32,-621290045,0.08717,0.14148,1.6230,4,64,1055.6,0,1.0286
21,23,8181,bf16,T,N,79,-620,0.02298,0.30035,13.0721,4,33,31.4,0,0.9861
62,1197,20988,fp16,T,N,79,-621296106,0.42024,0.64143,1.5263,4,16,126.5,0,1.1365
23678,91,46,bf16,T,N,69,-621289995,0.01483,0.02096,1.4138,4,408,728.7,0,1.0165
53,3189,253,bf16,N,N,17,-621292873,0.02141,0.03575,1.6703,4,260,108.2,0,0.9949
4183,9360,898,bf16,T,T,20,-621285696,0.25314,0.24423,0.9648,4,37,714.8,0,0.6486
16611,3829,3349,fp32,N,T,312,-621292953,4.08466,4.62873,1.1332,4,5,129.3,0,0.6514
18,2,882,bf16,T,N,10,-618,0.01529,0.01461,0.9555,4,468,2.3,0,1.1284
27838,23461,256,bf16,T,T,20,-621285686,1.39626,1.76491,1.2640,4,6,1889.8,0,0.7428
12034,23,7286,fp16,T,N,78,-621296105,0.17219,0.31375,1.8222,4,29,1026.8,0,0.8825
15,17,11,bf16,N,T,27,-353,0.00671,0.02208,3.2916,4,411,0.3,0,0.9771
24,117,16328,fp16,T,T,22,-621291510,0.55697,0.57191,1.0268,4,18,8.3,0,0.9922
772,869,1937,fp16,N,N,22,-621294410,0.07205,0.10039,1.3934,4,92,125.5,0,1.0074
11837,6,1,fp16,N,T,27,-408,0.00650,0.02206,3.3960,4,401,47.4,0,1.1234
3599,37,44,fp16,N,T,27,-408,0.00810,0.02604,3.2135,4,355,105.2,0,0.9973
12481,3925,723,bf16,T,T,20,-621285686,0.25061,0.28564,1.1398,4,32,876.6,0,0.6578
6197,3461,29060,fp16,T,N,71,-621296106,3.15287,4.28115,1.3579,4,5,205.2,0,0.8041
28,19,10,bf16,T,N,69,-616,0.00681,0.02582,3.7887,4,271,0.5,0,1.5788
5,1375,513,fp16,N,T,27,-621295777,0.02577,0.04103,1.5920,4,208,56.0,0,1.0019
125,52,123,bf16,T,T,20,-150,0.00831,0.01881,2.2640,4,454,8.4,0,0.9934
8131,4913,6186,bf16,T,T,20,-621285697,1.18611,1.16482,0.9821,4,9,270.8,0,0.6760
8,93,2,fp32,T,N,308,-621293748,0.00662,0.00634,0.9576,4,1538,0.6,0,1.3043
3104,738,8948,fp32,N,N,336,-621283854,0.44027,0.65870,1.4961,4,15,333.1,0,0.6381
24,5,27053,fp16,T,N,13,-385,0.03306,0.91454,27.6657,4,11,47.5,0,0.9705
1669,27550,633,fp16,T,T,22,-621291501,0.25199,0.27463,1.0898,4,32,876.7,0,0.7702
39,14031,6,bf16,N,N,17,-257,0.00657,0.02479,3.7729,4,352,358.8,0,0.9840
1882,1642,2650,fp16,T,T,22,-621291505,0.11117,0.11188,1.0063,4,78,279.2,0,1.0360
144,1199,15032,fp32,T,T,66,-621291435,0.23216,0.93420,4.0240,4,11,350.8,0,0.9763
16894,983,8690,bf16,T,N,69,-621289984,0.60441,0.66225,1.0957,4,15,624.0,0,0.7634
64,22513,17,bf16,T,T,20,-152,0.00770,0.02180,2.8330,4,368,848.7,0,1.1736
21335,9,95,fp16,N,N,17,-170,0.01595,0.02961,1.8561,4,286,302.4,0,0.9307
33,42,490,fp32,T,N,330,-621284151,0.00657,0.00636,0.9687,4,1263,23.2,0,0.9944
999,1571,3663,fp16,N,T,33,-621295773,0.08891,0.14356,1.6147,4,65,282.4,0,1.0124
1,54,310,fp32,T,T,21,-9,0.00375,0.01309,3.4883,4,638,18.2,0,0.9797
84,425,868,bf16,T,N,76,-609,0.02623,0.05224,1.9921,4,170,39.1,0,0.9947
5314,1659,3597,bf16,N,T,32,-621290045,0.15054,0.18693,1.2418,4,52,567.5,0,0.6903
1398,6,1083,bf16,N,T,32,-350,0.03309,0.05938,1.7948,4,153,92.9,0,0.9741
103,7026,314,bf16,N,T,27,-621290049,0.02377,0.03410,1.4341,4,252,310.1,0,1.0034
1704,7245,2332,fp16,N,T,27,-621295771,0.17157,0.17277,1.0070,4,45,531.1,0,0.7747
2,4834,3471,bf16,T,T,4,-150,0.18404,0.36179,1.9658,4,27,182.6,0,1.1527
1410,29,13692,fp16,N,N,22,-171,0.38071,0.41668,1.0945,4,24,103.9,0,0.9969
34,24,332,fp16,N,N,17,-621294411,0.02162,0.03316,1.5340,4,286,1.9,0,1.0066
1478,11511,1964,bf16,N,T,27,-621290046,0.16783,0.17221,1.0261,4,42,709.5,0,0.7477
2,13691,370,fp32,N,T,367,-621283745,0.00858,0.03206,3.7350,4,278,2373.5,0,1.0005
333,2353,29716,bf16,T,N,79,-621289999,0.71378,1.18789,1.6642,4,9,228.0,0,1.0016
2909,64,26,fp16,T,N,71,-380,0.00680,0.01864,2.7417,4,449,132.3,0,1.1709
16847,1637,7114,fp32,T,T,66,-621291420,4.40148,5.50889,1.2516,4,5,144.6,0,0.7155
57,110,63,bf16,N,T,27,-349,0.00708,0.02562,3.6173,4,343,6.5,0,0.9704
180,2027,1318,bf16,T,T,20,-621285691,0.06051,0.06048,0.9995,4,137,120.3,0,1.0033
7829,184,16299,fp32,T,T,66,-621291445,0.76844,1.16621,1.5176,4,9,687.3,0,0.6529
9497,5923,3671,fp16,T,N,71,-621296123,0.87905,1.01833,1.1584,4,10,384.8,0,0.7200
2,18,66,fp16,N,N,17,-170,0.00592,0.02702,4.5607,4,331,0.5,0,0.9643
10145,10602,8819,bf16,T,T,20,-621285693,3.46707,3.95990,1.1421,4,5,229.6,0,0.7228
626,16925,659,fp16,N,T,27,-621295774,0.07616,0.07765,1.0195,4,117,860.2,0,0.7458
17149,17236,3307,fp16,N,N,17,-621294414,4.26580,5.29897,1.2422,4,5,330.5,0,0.8985
33,1023,36,fp32,T,N,254,-621293743,0.00669,0.00634,0.9482,4,1387,42.9,0,0.9787
702,411,1065,fp32,N,T,312,-621283669,0.01515,0.01660,1.0955,4,532,389.2,0,0.9419
4208,14171,1194,bf16,T,T,20,-621285696,0.46325,0.45922,0.9913,4,19,609.6,0,0.6520
7326,19577,353,bf16,N,T,27,-621290043,0.49097,0.56864,1.1582,4,17,1207.2,0,0.6419
6076,6,16391,fp32,N,N,344,-621283912,0.14140,1.02679,7.2616,4,10,2821.1,0,1.0493
1280,2768,15628,bf16,N,N,23,-621292873,0.55669,0.54144,0.9726,4,17,252.7,0,0.9769
2,5260,2,fp16,T,N,4,-388,0.00659,0.00673,1.0220,4,1216,9.6,0,0.9805
7809,21038,7943,fp16,N,N,17,-621294415,5.46860,7.23216,1.3225,4,5,204.0,0,0.9213
6,10,95,fp32,N,N,382,-621283987,0.00641,0.00651,1.0156,4,1529,1.0,0,0.9738
74,16,31,bf16,N,T,27,-349,0.00666,0.02540,3.8141,4,337,1.5,0,0.9750
9607,4,1,bf16,N,T,27,-353,0.00675,0.02425,3.5936,4,365,25.6,0,0.9914
292,460,8645,fp16,T,T,22,-621291510,0.30819,0.31174,1.0115,4,32,43.9,0,0.9951
679,4,3,bf16,T,N,5,-616,0.00667,0.02183,3.2747,4,411,2.2,0,1.1351
30986,548,5074,fp16,T,T,22,-621291506,0.64221,0.63769,0.9930,4,15,604.1,0,0.6841
13064,487,61,fp32,T,T,66,-621291424,0.01991,0.02181,1.0952,4,414,1444.1,0,0.9369
148,1363,190,fp16,N,N,17,-170,0.01437,0.03317,2.3089,4,260,96.1,0,1.0091
2,169,8,fp32,N,N,338,-621283974,0.00656,0.00681,1.0383,4,1618,1.0,0,0.9781
9124,1027,16135,fp16,N,N,22,-621294412,0.93256,1.20600,1.2932,4,8,391.5,0,0.6547
2,204,22945,bf16,T,T,4,-150,1.18832,2.30859,1.9427,4,5,8.0,0,1.1078
145,299,908,fp32,N,N,306,-621283956,0.00812,0.00830,1.0216,4,892,219.9,0,1.0037
12056,91,2,fp32,N,N,310,-621293156,0.00643,0.00677,1.0540,4,1125,697.9,0,1.0059
3735,2729,2594,bf16,N,N,23,-621292870,0.16015,0.16040,1.0016,4,49,464.0,0,0.6960
24657,4,27805,fp16,T,N,13,-621296080,1.16084,1.16051,0.9997,4,9,1181.7,0,0.8653
7,16,172,fp32,N,T,444,-621283746,0.00644,0.00650,1.0089,4,1523,2.5,0,0.9694
9,1,1129,bf16,T,T,21,-9,0.00634,0.05221,8.2320,4,159,3.6,0,1.0216
71,6,280,fp16,N,T,27,-408,0.01690,0.03353,1.9839,4,253,2.7,0,1.0014
1397,6,5,fp16,N,N,2,-173,0.00688,0.00653,0.9489,4,1498,6.9,0,1.0136
4,532,13705,fp32,N,N,320,-621283972,0.01337,0.01341,1.0036,4,562,2199.1,0,1.0118
3,2520,150,fp16,N,N,17,-170,0.01167,0.02842,2.4350,4,314,67.5,0,1.1407
2444,14723,7053,fp32,N,T,312,-621292891,5.09263,5.35704,1.0519,4,5,123.4,0,0.6609
1588,11515,8742,fp32,N,N,292,-621283820,3.04457,3.21783,1.0569,4,5,174.5,0,0.6469
1997,213,18,bf16,N,T,27,-349,0.00666,0.02557,3.8405,4,338,267.5,0,0.9698
649,2905,21,fp16,T,T,22,-447,0.00860,0.01678,1.9517,4,482,894.7,0,1.0161
4667,543,18548,fp32,N,T,312,-621283532,1.16564,4.94612,4.2433,4,5,340.3,0,0.6381
9891,16284,250,fp32,N,T,314,-621283629,0.90753,0.95320,1.0503,4,10,738.7,0,0.7605
139,10766,567,fp16,N,N,17,-621294410,0.03219,0.04566,1.4186,4,186,570.1,0,0.9952
202,53,236,bf16,T,N,69,-616,0.01491,0.03435,2.3040,4,271,10.9,0,1.1489
117,10153,7653,fp32,T,N,354,-621284039,0.33300,0.50019,1.5021,4,21,958.4,0,0.6687
546,228,45,bf16,N,T,27,-349,0.00672,0.02663,3.9651,4,341,84.5,0,0.9820
23,337,21,fp32,N,T,238,-621292908,0.00653,0.00630,0.9648,4,1590,9.4,0,0.9954
5196,44,12,fp16,N,N,17,-173,0.00660,0.02553,3.8692,4,352,157.6,0,1.0085
104,749,3850,fp16,N,T,33,-621295777,0.08666,0.14657,1.6914,4,59,79.4,0,1.0039
9,1498,9358,fp16,T,T,22,-621291505,0.32839,0.33721,1.0269,4,29,86.1,0,1.0106
169,1592,10135,fp16,T,N,78,-621296105,0.21269,0.31612,1.4863,4,31,172.9,0,1.1467
26,34,568,fp16,T,N,71,-388,0.02162,0.03907,1.8066,4,241,3.3,0,1.0012
131,59,6985,fp32,N,T,365,-621283520,0.02492,0.06219,2.4953,4,150,214.3,0,1.0083
19,5,2,fp32,N,T,256,-621293096,0.00648,0.00637,0.9834,4,1567,0.1,0,0.9918
962,16,2,bf16,T,T,20,-153,0.00653,0.01338,2.0491,4,569,10.0,0,1.0070
1,71,18633,fp32,N,T,416,-9,0.01102,0.01109,1.0063,4,622,487.2,0,0.9890
518,13539,2841,fp32,N,N,292,-621293253,0.48604,0.55826,1.1486,4,17,386.4,0,0.6842
948,13363,1,bf16,N,N,17,-621292876,0.02168,0.03006,1.3866,4,294,2338.7,0,0.9332
3163,21339,499,bf16,T,N,69,-621289987,0.24769,0.29363,1.1855,4,31,1188.7,0,0.6299
106,152,155,bf16,T,T,20,-150,0.00950,0.02016,2.1215,4,443,15.2,0,1.0048
1037,141,204,fp16,N,T,27,-408,0.01395,0.03205,2.2967,4,294,76.4,0,0.9855
2,15,25006,fp16,N,T,33,-409,0.44744,0.79492,1.7766,4,13,1.9,0,1.0042
46,28599,24130,bf16,T,N,79,-621290001,0.73804,0.85704,1.1612,4,12,1880.2,0,0.6718
2328,2,1673,fp32,N,T,364,-621293112,0.00938,0.03006,3.2048,4,251,1664.6,0,1.1235
18069,30650,107,fp16,N,N,17,-621294408,0.93955,1.02519,1.0911,4,10,2368.9,0,0.7994
827,11233,9,fp16,N,N,17,-173,0.01980,0.02985,1.5076,4,298,1887.7,0,1.0082
19305,237,282,fp16,T,N,71,-621296107,0.02771,0.03528,1.2731,4,253,1058.2,0,0.9979
54,6414,25250,fp16,N,N,22,-621294412,0.84907,0.90656,1.0677,4,11,386.3,0,1.0036
719,86,38,fp32,N,T,318,-621283571,0.00624,0.00620,0.9928,4,1430,59.2,0,0.9906
11599,3,4555,fp16,T,N,11,-384,0.19679,1.71456,8.7124,4,6,537.8,0,0.9663
8,85,48,fp32,T,T,66,-621283256,0.00671,0.00640,0.9538,4,1601,3.1,0,0.9809
4,1630,369,fp32,T,T,66,-621283250,0.00693,0.01020,1.4707,4,791,351.6,0,1.1566
1637,33,271,fp32,T,T,66,-621283250,0.00664,0.00867,1.3057,4,952,305.3,0,1.0190
8,8914,174,bf16,N,T,27,-349,0.01300,0.02877,2.2124,4,304,260.7,0,1.0082
226,28,9754,bf16,N,N,23,-621292873,0.29933,0.30098,1.0055,4,33,16.6,0,1.0067
3,2,134,fp16,N,T,27,-408,0.00901,0.02817,3.1281,4,288,0.2,0,0.9972
17,21304,14653,fp16,T,T,22,-621291510,0.62274,0.64247,1.0317,4,15,1005.7,0,0.8841
22733,338,1545,bf16,N,N,23,-621292871,0.12875,0.11693,0.9082,4,71,792.4,0,0.7463
7448,25291,5892,fp16,T,N,71,-621296094,4.36582,4.90712,1.1240,4,5,261.0,0,0.8451
5650,137,388,bf16,T,N,69,-621289994,0.02078,0.03872,1.8636,4,224,365.1,0,0.9922
3847,2998,6693,bf16,N,T,27,-621290039,0.36465,0.47223,1.2950,4,20,377.8,0,0.6468
1,6589,956,bf16,N,T,33,-9,0.00904,0.05328,5.8932,4,160,1396.6,0,1.0166
56,474,21412,bf16,N,T,32,-621290049,0.40409,0.68667,1.6993,4,15,56.4,0,0.9686
5352,37,1938,bf16,T,T,20,-621285692,0.08113,0.08116,1.0003,4,108,267.2,0,1.0082
4,183,4421,bf16,N,T,32,-621290045,0.09524,0.16140,1.6946,4,60,17.4,0,0.9998
9,25375,2,fp16,T,T,22,-447,0.00671,0.01489,2.2186,4,601,151.2,0,1.0205
32,13,3292,fp16,N,T,33,-409,0.06268,0.12454,1.9870,4,80,4.8,0,1.1230
6,7522,5417,fp16,T,N,12,-381,0.20247,0.22623,1.1174,4,41,403.7,0,1.0210
1759,11489,3,fp16,N,N,17,-621294411,0.03672,0.05119,1.3940,4,184,2203.5,0,0.9042
17,152,434,bf16,N,T,27,-621290045,0.02412,0.03651,1.5137,4,220,6.5,0,1.1847
15361,3435,6222,bf16,N,T,27,-621290035,1.33732,1.35028,1.0097,4,7,332.7,0,0.8870
8,168,4646,fp16,T,T,22,-621291505,0.16873,0.17318,1.0263,4,55,9.7,0,0.9681
25631,5892,110,fp32,T,T,66,-621291423,0.50562,0.55480,1.0973,4,17,1222.2,0,0.7333
138,748,267,bf16,N,N,17,-621292873,0.02223,0.03555,1.5990,4,263,39.9,0,1.1447
105,14577,1437,bf16,N,N,23,-621292873,0.05809,0.05850,1.0071,4,152,831.9,0,1.0245
1076,4,256,fp32,N,T,411,-621283522,0.00618,0.00616,0.9967,4,1340,181.6,0,0.9826
8227,29,107,fp32,N,T,317,-621292913,0.00565,0.00595,1.0533,4,1343,794.2,0,1.0111
15,453,29803,fp32,T,N,380,-621284128,0.03370,0.07215,2.1406,4,131,1656.1,0,0.8696
86,32,15998,fp32,N,N,394,-621283910,0.07181,0.99352,13.8355,4,11,105.3,0,0.9587
18,4884,9461,fp16,N,T,33,-621295777,0.20673,0.35959,1.7394,4,27,450.4,0,1.0279
64,187,7223,fp32,T,T,66,-621283250,0.07132,0.08902,1.2481,4,99,102.3,0,0.9893
46,27,6,fp16,T,N,71,-380,0.00664,0.01624,2.4465,4,530,0.9,0,1.0707
9004,9817,3303,fp16,T,T,22,-621291506,1.21319,1.20388,0.9923,4,8,393.9,0,0.8286
51,252,180,fp16,T,N,71,-388,0.01028,0.02575,2.5052,4,361,15.6,0,0.9657
993,518,320,bf16,N,N,17,-621292873,0.02205,0.03313,1.5029,4,280,137.2,0,1.0062
8,411,1818,fp16,T,N,77,-390,0.01438,0.08692,6.0447,4,111,106.9,0,1.0178
18860,581,16,bf16,T,T,20,-621285690,0.02318,0.03098,1.3369,4,293,1918.0,0,0.9880
1232,2,1653,bf16,N,T,32,-621290045,0.04623,0.07690,1.6633,4,125,88.5,0,0.9868
24359,422,8,fp16,T,T,22,-621291500,0.02246,0.03733,1.6616,4,199,1848.0,0,1.1512
2,12219,1956,fp16,N,T,33,-621295777,0.05362,0.08366,1.5601,4,105,893.4,0,1.0106
23462,7619,2713,fp32,N,N,292,-621283819,9.10806,10.20451,1.1204,4,5,115.5,0,0.6744
10,740,1288,fp16,N,T,33,-409,0.02812,0.06409,2.2793,4,133,69.8,0,0.9788
73,9388,812,fp16,N,N,22,-621294410,0.03862,0.05322,1.3780,4,158,468.8,0,1.0139
19,52,2354,fp32,T,T,66,-621291435,0.02535,0.02949,1.1632,4,286,26.5,0,1.1011
1498,10651,606,fp32,N,T,312,-621293090,0.22730,0.23183,1.0199,4,35,410.3,0,0.6905
15461,19978,2,bf16,N,T,27,-353,0.43414,0.70994,1.6353,4,14,2846.2,0,0.7024
89,38,8736,fp16,T,T,22,-621291510,0.30110,0.30920,1.0269,4,33,7.4,0,0.9659
3,8,19,fp16,T,N,4,-388,0.00674,0.00667,0.9905,4,1385,0.1,0,1.0081
118,78,61,bf16,N,T,27,-349,0.00684,0.02711,3.9651,4,343,8.9,0,0.9956
2,9,28,bf16,T,N,3,-616,0.00676,0.00656,0.9705,4,1296,0.1,0,1.0036
25056,15,19470,fp16,T,N,79,-621296100,0.50327,0.82631,1.6419,4,12,1942.8,0,0.6681
510,1,2,fp32,N,T,219,-621283471,0.00554,0.00576,1.0405,4,1594,1.1,0,0.9626
1992,17218,17505,fp32,N,N,292,-621293197,11.55240,12.74402,1.1031,4,5,128.3,0,0.7592
2,5,6,fp16,N,T,27,-412,0.00658,0.02165,3.2913,4,376,0.0,0,0.9751
34,12098,793,fp32,T,T,66,-621283263,0.02156,0.11364,5.2707,4,76,1861.2,0,0.9160
97,3310,273,fp32,T,N,308,-621293799,0.00740,0.00895,1.2092,4,853,676.5,0,0.9325
12795,2122,1558,fp16,T,T,22,-621291496,0.27011,0.29984,1.1101,4,31,574.2,0,0.6362
678,412,277,fp16,N,N,17,-170,0.01933,0.03678,1.9028,4,208,89.0,0,1.2989
30748,3802,2417,fp32,N,T,312,-621283628,5.36244,6.70469,1.2503,4,5,149.5,0,0.7482
69,1,471,fp32,N,T,387,-9,0.00373,0.00608,1.6306,4,1270,35.5,0,0.9662
1289,9239,700,fp32,T,T,66,-621283240,0.20887,0.21710,1.0394,4,37,369.2,0,0.6533
11166,11,60,fp16,T,N,71,-380,0.00787,0.02234,2.8402,4,386,233.0,0,0.9832
621,20,25,bf16,T,T,20,-150,0.00670,0.01532,2.2875,4,558,12.2,0,1.1262
1222,278,3,fp16,T,N,71,-380,0.00671,0.02064,3.0774,4,394,203.9,0,1.0064
3,18569,15,fp32,N,T,259,-621292918,0.00638,0.00873,1.3676,4,912,209.6,0,1.0159
536,155,545,bf16,T,T,20,-150,0.02547,0.03338,1.3106,4,248,42.6,0,0.9979
11451,3369,5341,fp32,T,T,66,-621283233,4.34688,4.34506,0.9996,4,5,108.3,0,0.7504
9799,52,2702,fp32,T,T,66,-621283262,0.08539,0.11129,1.3032,4,88,1270.7,0,0.8244
179,1546,13321,bf16,T,N,79,-621289994,0.27408,0.41330,1.5080,4,25,171.7,0,0.9689
55,6324,16322,fp16,T,T,22,-621291500,0.63205,0.63247,1.0007,4,16,331.7,0,1.0000
17217,1751,32211,fp16,T,T,22,-621291506,4.00610,4.39986,1.0983,4,5,335.1,0,0.6922
62,751,7773,bf16,N,T,32,-621290049,0.15733,0.26692,1.6966,4,37,81.5,0,0.9694
17613,3050,32341,fp16,T,T,22,-621291506,6.68376,7.23495,1.0825,4,5,232.1,0,0.7354
112,2000,3,fp16,T,T,22,-447,0.00665,0.01363,2.0489,4,533,136.6,0,0.9849
21183,2836,7337,fp32,N,N,292,-621293196,8.90306,10.85524,1.2193,4,5,106.2,0,0.6422
3,12,720,bf16,N,N,17,-621292873,0.03313,0.04825,1.4565,4,196,0.7,0,0.9667
14965,4318,3419,bf16,N,N,17,-621292879,0.93356,0.94857,1.0161,4,10,418.1,0,0.7040
517,12109,2,fp16,T,N,71,-382,0.01215,0.01665,1.3698,4,501,2064.9,0,0.9951
425,119,445,bf16,N,N,17,-621292873,0.02714,0.04339,1.5984,4,192,25.3,0,0.9914
1,231,77,fp32,N,N,307,-621293354,0.00676,0.00699,1.0346,4,1498,10.7,0,0.9901
16015,18121,250,fp16,N,T,27,-621295774,0.81534,1.01313,1.2426,4,10,1444.7,0,0.9142
2,3,231,bf16,T,N,3,-616,0.01432,0.01552,1.0836,4,544,0.2,0,0.9955
5045,90,158,fp32,T,T,66,-621283249,0.00672,0.00774,1.1521,4,1003,753.0,0,1.0105
1124,17911,29,bf16,T,N,69,-621289960,0.04510,0.05775,1.2803,4,166,1809.8,0,0.9977
15257,2349,553,fp16,T,N,71,-621296106,0.14020,0.19747,1.4085,4,44,1161.4,0,0.8138
1444,15,65,bf16,T,N,69,-607,0.00778,0.02793,3.5873,4,299,35.5,0,1.1188
3245,2,108,fp32,T,N,150,-621284034,0.00724,0.00728,1.0049,4,1382,197.3,0,1.0041
207,3,1,fp16,T,N,4,-386,0.00693,0.00714,1.0303,4,1240,0.4,0,1.0046
25995,1181,3159,fp32,N,N,292,-621283964,1.96522,2.17731,1.1079,4,5,237.2,0,0.6679
4,2598,15341,fp16,T,N,12,-390,0.11283,0.58598,5.1934,4,18,707.9,0,0.9670
7016,1337,18493,fp16,T,T,22,-621291508,0.91637,0.96686,1.0551,4,10,378.1,0,0.6475
514,209,588,bf16,N,N,17,-621292873,0.03121,0.04757,1.5240,4,187,41.0,0,0.9882
657,446,21,fp32,T,N,240,-621293741,0.00553,0.00572,1.0340,4,1486,228.7,0,1.1592
6,3479,1,fp32,N,N,330,-621283781,0.00560,0.00587,1.0484,4,1577,17.4,0,1.0039
174,25251,2322,bf16,T,T,20,-621285686,0.12150,0.14103,1.1608,4,72,1116.4,0,0.8929
1,5,225,fp32,T,T,21,-9,0.00290,0.00567,1.9545,4,1538,1.9,0,0.9737
6339,3169,208,bf16,T,T,20,-621285687,0.07159,0.08679,1.2123,4,113,1177.7,0,0.8730
211,805,11828,fp32,N,N,306,-621283876,0.10079,0.73826,7.3249,4,14,483.7,0,0.8943
467,6271,17054,bf16,N,T,32,-621290049,0.38502,0.59088,1.5347,4,17,627.3,0,1.1309
1905,7713,40,fp16,N,N,17,-621294411,0.02652,0.03617,1.3637,4,256,2244.8,0,0.8924
12887,3224,14279,fp16,N,N,17,-621294412,2.91128,3.27782,1.1259,4,5,215.1,0,0.8205
52,72,3,fp32,T,N,296,-621284036,0.00550,0.00573,1.0428,4,1590,3.0,0,0.9930
8366,8076,28427,bf16,N,T,27,-621290049,8.11330,8.61102,1.0613,4,5,148.5,0,0.8164
51,1797,2,fp32,T,N,282,-621284336,0.00639,0.00639,0.9995,4,1172,59.7,0,0.9890
1179,21605,1824,bf16,N,T,27,-621290049,0.26704,0.28840,1.0800,4,33,692.8,0,0.6617
13,2,3272,fp32,T,N,210,-621284134,0.01321,0.01419,1.0736,4,407,14.9,0,1.4106
188,4777,6249,fp32,T,T,66,-621291428,0.20461,0.40107,1.9601,4,24,624.1,0,0.8471
146,26477,1,bf16,N,N,17,-262,0.00906,0.01500,1.6549,4,537,1712.1,0,0.9926
1341,23698,608,bf16,T,T,20,-621285686,0.13682,0.15888,1.1612,4,52,1151.6,0,0.6581
2944,38,47,bf16,T,T,20,-150,0.00652,0.01680,2.5769,4,522,111.6,0,0.9908
214,761,3307,fp16,N,N,22,-171,0.09794,0.15441,1.5766,4,64,72.5,0,1.0137
19753,311,686,bf16,T,N,69,-621289994,0.04935,0.05781,1.1714,4,171,1055.7,0,0.9655
31372,122,174,fp32,N,N,354,-621283798,0.02583,0.04161,1.6109,4,216,1441.2,0,0.9157
11,16,3767,fp32,N,T,460,-621283703,0.01103,0.01464,1.3273,4,602,36.9,0,0.9676
3018,929,11,fp32,N,N,264,-621283779,0.00688,0.00751,1.0906,4,888,1654.4,0,0.9695
5,3,446,bf16,T,N,3,-616,0.02413,0.02844,1.1786,4,289,0.3,0,0.9724
880,94,64,bf16,N,T,27,-349,0.00689,0.02336,3.3907,4,376,66.1,0,0.9939
146,6,17536,fp16,T,T,22,-621291507,0.59183,0.60883,1.0287,4,17,9.0,0,0.9888
10,22,2232,bf16,N,T,32,-350,0.04683,0.09133,1.9503,4,99,3.1,0,1.0009
25945,3825,12942,bf16,N,T,27,-621290049,4.95975,5.86237,1.1820,4,5,235.4,0,0.7708
4,5204,15155,bf16,N,T,32,-621290049,0.31774,0.56884,1.7903,4,19,497.1,0,1.0077
163,4,4307,fp16,N,T,33,-409,0.08369,0.15678,1.8734,4,61,17.2,0,0.9825
37,30,7,fp16,T,N,71,-388,0.00678,0.01623,2.3928,4,471,0.8,0,0.9998
421,520,29291,bf16,T,N,80,-621289994,0.58150,0.88906,1.5289,4,12,96.3,0,1.1430
27064,5433,6934,fp32,T,T,66,-621283236,21.01605,21.25958,1.0116,4,5,70.9,0,0.8347
571,55,145,fp16,N,N,17,-170,0.01148,0.03154,2.7487,4,295,26.8,0,0.9821
2383,1033,20693,fp32,N,N,292,-621283865,1.35277,1.56447,1.1565,4,7,216.3,0,0.7765
226,1158,28,bf16,N,N,17,-257,0.00669,0.02687,4.0194,4,271,168.2,0,1.3413
7,8,1,fp32,T,N,322,-621284036,0.00664,0.00648,0.9762,4,1545,0.0,0,1.1353
209,480,11135,bf16,N,T,32,-621290045,0.22695,0.37386,1.6473,4,27,69.4,0,1.0115
3448,699,956,fp32,T,T,66,-621291445,0.05477,0.05738,1.0475,4,125,465.5,0,0.6690
2482,13567,1277,bf16,T,N,69,-621289993,0.22510,0.23305,1.0353,4,36,780.4,0,0.7716
3,7553,23,bf16,N,N,17,-262,0.00673,0.02538,3.7719,4,347,65.1,0,1.0334
883,1643,491,fp16,T,N,71,-621296107,0.02433,0.04070,1.6730,4,207,340.5,0,1.0061
7792,134,1,fp16,N,T,27,-412,0.00670,0.02498,3.7299,4,365,626.0,0,1.0037
8,27350,1056,fp16,T,N,75,-621296103,0.03379,0.04339,1.2842,4,194,1736.0,0,0.8467
13854,10217,53,fp32,N,T,268,-621292954,0.30255,0.36315,1.2003,4,27,1888.2,0,0.8888
1278,574,6716,fp16,T,N,78,-621296106,0.14845,0.24765,1.6683,4,39,187.3,0,0.9956
4,16056,12496,fp16,N,N,22,-621294410,0.43567,0.43884,1.0073,4,22,921.9,0,1.0148
1023,729,311,fp32,T,T,66,-621283251,0.01109,0.01158,1.0439,4,715,465.4,0,0.9178
25072,497,1666,fp16,T,T,22,-621291501,0.13544,0.16429,1.2130,4,51,997.1,0,0.8874
745,1019,160,fp16,N,N,17,-170,0.01666,0.02902,1.7420,4,312,216.2,0,1.1450
3,26046,30779,bf16,T,N,14,-609,1.89858,1.97424,1.0398,4,5,844.8,0,0.9219
354,134,9611,fp32,N,N,310,-621283874,0.04927,0.60004,12.1776,4,17,384.6,0,0.9762
31,9822,14069,fp32,T,N,368,-621284163,0.24963,0.88181,3.5324,4,12,2226.1,0,0.8175
88,68,10,fp32,T,N,337,-621293742,0.00664,0.00631,0.9505,4,1538,4.5,0,0.9705
19,8,41,fp32,T,T,66,-621291446,0.00661,0.00644,0.9751,4,1561,0.8,0,0.9808
834,1018,640,bf16,T,N,69,-621289995,0.02401,0.04607,1.9186,4,200,240.1,0,1.0096
181,34,9814,fp16,T,N,78,-387,0.05608,0.30768,5.4865,4,33,75.7,0,1.0068
2292,2187,669,fp32,N,T,312,-621283639,0.09559,0.10318,1.0794,4,83,335.2,0,0.6943
7155,6,2,bf16,T,T,20,-150,0.00658,0.01435,2.1816,4,527,30.5,0,1.2248
707,12977,21732,fp16,T,N,75,-621296119,1.16684,1.33914,1.1477,4,8,541.2,0,0.7692
304,1,171,bf16,N,T,28,-9,0.00371,0.03087,8.3172,4,303,28.4,0,0.9741
235,1987,7053,fp32,T,N,354,-621284162,0.09990,0.10224,1.0234,4,73,646.2,0,0.7037
28,5253,388,fp32,T,T,66,-621291435,0.00714,0.01094,1.5327,4,774,1230.8,0,0.9972
18,16944,183,fp32,N,N,306,-621283777,0.00661,0.01295,1.9591,4,688,2062.3,0,1.0023
20839,1437,227,bf16,N,T,27,-621290043,0.10126,0.12459,1.2304,4,79,1282.8,0,0.8307
5331,3647,575,bf16,N,N,17,-621292875,0.12040,0.14224,1.1814,4,69,731.7,0,0.8236
1225,157,6,fp32,T,T,66,-621291446,0.00648,0.00612,0.9448,4,1541,123.8,0,0.9929
1237,457,30198,fp16,N,T,33,-621295777,0.63618,1.14804,1.8046,4,9,164.4,0,1.0112
2,6,106,fp16,T,T,5,-447,0.00672,0.00631,0.9381,4,1240,0.3,0,0.9930
22375,17874,741,fp32,N,N,292,-621283869,5.63161,6.34691,1.1270,4,5,305.2,0,0.6721
73,1,24834,fp16,N,T,34,-9,0.01709,0.79060,46.2608,4,13,215.1,0,0.9580
105,284,20179,bf16,N,T,32,-621290049,0.38392,0.65049,1.6943,4,16,41.2,0,0.9980
612,61,109,fp32,N,N,306,-621283825,0.00644,0.00642,0.9970,4,1532,68.7,0,0.9972
98,2384,10294,bf16,T,N,79,-621289993,0.21387,0.32131,1.5024,4,31,243.3,0,1.0094
1,58,33,fp32,T,T,21,-9,0.00385,0.00641,1.6644,4,1557,2.1,0,1.1271
6246,10952,3781,fp32,N,N,292,-621283820,4.67869,5.31934,1.1369,4,5,114.1,0,0.6801
25,15,9,fp32,N,N,346,-621293160,0.00667,0.00654,0.9807,4,1541,0.4,0,0.9884
25,6385,10,bf16,N,T,27,-349,0.00658,0.02264,3.4389,4,379,116.5,0,1.0119
2,1587,10,fp32,T,N,174,-621284333,0.00571,0.00586,1.0265,4,1392,13.4,0,0.9877
8628,7289,24554,fp16,T,T,22,-621291510,6.41159,6.96870,1.0869,4,5,161.1,0,0.6866
14,944,64,fp32,N,N,350,-621293214,0.00647,0.00643,0.9937,4,1538,46.0,0,1.1640
28746,383,26228,bf16,T,N,76,-621289986,1.63017,1.94118,1.1908,4,6,964.3,0,0.7129
94,2772,2388,fp16,T,T,22,-621291497,0.09858,0.09909,1.0052,4,90,149.4,0,0.9820
401,323,37,fp32,N,N,264,-621283776,0.00555,0.00575,1.0359,4,1680,112.6,0,1.1374
10,21,6898,fp32,N,N,370,-621293355,0.00898,0.00922,1.0272,4,915,95.3,0,0.9853
243,26415,15439,fp32,T,T,66,-621283260,2.37000,2.51539,1.0613,4,5,705.5,0,0.7012
20880,10,113,bf16,N,N,17,-257,0.01674,0.03065,1.8305,4,298,331.8,0,1.1669
2,5166,3585,fp16,T,T,5,-445,0.14690,0.16268,1.1075,4,55,252.5,0,0.9917
2,505,8,fp16,T,N,4,-388,0.00678,0.00652,0.9619,4,1483,1.8,0,0.9835
15003,115,6833,fp16,N,N,22,-621294410,0.27629,0.30198,1.0930,4,30,772.8,0,0.9441
25,313,73,bf16,N,T,27,-349,0.00724,0.02519,3.4787,4,368,11.1,0,0.9738
12092,7289,22790,fp32,T,T,66,-621291421,43.22951,43.20863,0.9995,4,5,49.0,0,0.7466
16,18,34,fp16,N,T,27,-408,0.00692,0.02296,3.3189,4,397,0.5,0,0.9850
17169,16450,3763,bf16,T,N,69,-621289983,3.95410,4.50065,1.1382,4,5,349.7,0,0.6962
113,30,2791,fp16,T,N,77,-390,0.01832,0.12048,6.5750,4,67,44.3,0,0.9961
228,334,619,fp32,N,T,319,-621293111,0.00666,0.00699,1.0500,4,1255,254.7,0,0.9920
524,567,247,fp32,N,T,314,-621292996,0.00641,0.00685,1.0688,4,1095,353.5,0,0.9942
5356,593,2057,fp32,N,N,292,-621283864,0.15385,0.17522,1.1389,4,48,400.7,0,0.6495
2026,13129,236,fp16,N,N,17,-621294406,0.08600,0.08818,1.0253,4,106,1320.3,0,0.8391
42,70,2,fp16,T,N,71,-386,0.00571,0.01572,2.7514,4,481,2.1,0,0.9939
9457,12982,16790,bf16,T,T,20,-621285698,7.82155,8.46603,1.0824,4,5,159.1,0,0.6856
2,40,23,bf16,T,T,4,-151,0.00675,0.00640,0.9472,4,1463,0.3,0,0.9902
74,23,25479,fp32,N,N,350,-621283910,0.11421,1.57637,13.8023,4,7,86.6,0,0.9768
234,95,7,fp32,N,N,324,-621283776,0.00657,0.00630,0.9583,4,1408,14.9,0,0.9994
37,2601,7,fp16,N,T,27,-412,0.00656,0.02211,3.3703,4,388,64.3,0,1.0138
4950,2,26100,fp32,T,T,112,-621291435,0.31572,1.61605,5.1187,4,7,1637.6,0,1.0094
212,27605,12,fp16,T,N,71,-382,0.01467,0.01845,1.2573,4,461,1641.1,0,1.0180
261,19954,2,bf16,T,N,69,-611,0.01068,0.02414,2.2598,4,349,1957.9,0,1.1675
17169,6728,12686,fp32,T,T,66,-621291421,28.26510,28.36389,1.0035,4,5,59.2,0,0.7616
3,6357,57,bf16,T,T,4,-150,0.00677,0.00740,1.0928,4,1064,118.3,0,0.9884
4,91,1916,fp32,N,T,413,-621283731,0.00757,0.01336,1.7652,4,633,96.4,0,0.9815
683,18,6,fp32,T,N,280,-621293739,0.00664,0.00644,0.9702,4,1504,9.9,0,0.9969
28557,3758,1481,bf16,T,T,20,-621285693,0.76530,0.79717,1.0416,4,13,686.0,0,0.7721
14849,8744,773,bf16,T,T,20,-621285693,0.53916,0.55054,1.0211,4,17,1030.9,0,0.7239
4451,841,9874,fp32,N,T,312,-621283526,0.91472,2.66200,2.9102,4,5,244.9,0,0.6621
1,11317,21,fp16,N,T,28,-408,0.00657,0.02177,3.3157,4,408,79.3,0,1.1301
6,1618,4363,bf16,T,T,4,-150,0.23352,0.45198,1.9355,4,23,60.8,0,1.0053
37,8,4,fp16,N,T,27,-412,0.00674,0.02385,3.5406,4,384,0.2,0,0.9792
143,485,1595,fp16,T,T,22,-621291498,0.07132,0.07169,1.0051,4,121,32.0,0,1.0046
6,419,4,fp32,T,T,66,-621291436,0.00666,0.00633,0.9493,4,1587,2.5,0,1.0068
8435,3836,3542,fp32,T,T,66,-621283237,2.46195,2.54175,1.0324,4,5,123.2,0,0.6292
3,70,17,bf16,N,N,17,-257,0.00566,0.02551,4.5048,4,332,0.6,0,1.1208
7101,974,1041,fp16,T,N,75,-621296101,0.06304,0.07656,1.2144,4,128,705.5,0,0.9883
140,6203,275,fp16,N,N,17,-621294410,0.02264,0.03708,1.6376,4,222,307.5,0,0.9832
1970,1228,20932,fp16,T,N,77,-621296106,0.47536,0.76859,1.6169,4,14,302.0,0,0.9891
3,8,1,bf16,T,T,4,-153,0.00579,0.00595,1.0278,4,1646,0.0,0,1.1330
1199,22555,963,fp16,N,T,27,-621295771,0.21157,0.22509,1.0639,4,40,727.5,0,0.6608
503,4,2012,fp32,T,T,66,-621291435,0.02212,0.03915,1.7703,4,221,184.9,0,0.9825
3155,15065,11514,fp16,N,T,27,-621295777,2.61062,2.60870,0.9993,4,5,233.5,0,0.8048
2813,1251,3,bf16,T,N,69,-611,0.00819,0.02650,3.2376,4,343,1722.7,0,0.9792
2603,4273,10922,fp16,N,N,22,-621294412,0.67010,0.66995,0.9998,4,15,290.5,0,0.6606
1343,2,1727,fp16,N,N,7,-171,0.04760,0.07609,1.5987,4,113,97.8,0,0.9823
5762,5396,917,bf16,N,T,27,-621290046,0.20083,0.21191,1.0552,4,41,721.2,0,0.6579
22,17,87,fp16,T,T,22,-447,0.00561,0.01698,3.0274,4,440,1.5,0,1.2186
3974,1124,189,fp16,N,T,27,-621295773,0.02433,0.03601,1.4804,4,243,813.7,0,1.0167
202,7,4,bf16,T,N,5,-616,0.00566,0.02233,3.9489,4,350,1.3,0,0.9873
888,820,14015,fp32,N,T,312,-621293105,0.32465,3.71004,11.4278,4,5,303.9,0,0.8333
2533,802,8,fp32,N,N,264,-621293165,0.00556,0.00583,1.0487,4,1201,1481.2,0,1.0009
7531,658,3042,fp16,T,N,76,-621296101,0.10853,0.16675,1.5364,4,59,641.7,0,0.8031
3,131,2,bf16,T,N,3,-616,0.00571,0.00602,1.0551,4,1551,0.4,0,0.9839
1485,13293,9235,fp32,T,T,66,-621291425,4.44001,5.35709,1.2065,4,5,140.7,0,0.7124
35,111,31,bf16,T,T,20,-150,0.00684,0.01475,2.1577,4,575,3.6,0,0.9730
69,4,2921,fp16,T,T,22,-445,0.09657,0.11418,1.1823,4,77,4.4,0,0.9938
683,11943,11,bf16,T,T,20,-621285684,0.01999,0.02930,1.4657,4,316,1646.1,0,1.0217
11868,11138,14352,bf16,N,T,27,-621290035,7.16287,7.69190,1.0739,4,5,166.0,0,0.7858
22643,9287,224,fp32,T,T,66,-621283236,1.04870,1.05722,1.0081,4,9,829.4,0,0.6865
8839,2895,911,bf16,N,T,27,-621290049,0.17152,0.20334,1.1855,4,46,721.4,0,0.6511
18699,32355,256,fp16,N,N,17,-621294413,1.44053,1.45079,1.0071,4,7,1698.1,0,0.9593
19812,59,2597,bf16,N,N,23,-621292873,0.11884,0.13205,1.1112,4,69,907.9,0,0.9339
3,9869,1,fp16,T,N,4,-388,0.00675,0.00650,0.9640,4,1357,20.5,0,0.9927
5,115,69,fp32,T,N,254,-621284034,0.00676,0.00655,0.9692,4,1510,5.2,0,0.9859
1,364,371,fp32,T,T,21,-9,0.00379,0.00990,2.6117,4,838,143.3,0,1.1556
1927,1407,11446,fp32,T,T,66,-621283250,0.80602,0.92555,1.1483,4,11,202.8,0,0.6717
54,2,66,fp16,N,T,27,-408,0.00668,0.02637,3.9478,4,349,1.2,0,0.9876
40,437,201,fp16,T,T,22,-445,0.00959,0.02162,2.2550,4,424,27.3,0,0.9955
25,21550,21,fp16,N,N,17,-170,0.00658,0.01604,2.4356,4,558,464.9,0,1.0115
15758,487,1020,fp16,T,T,22,-621291496,0.07694,0.09553,1.2417,4,100,829.7,0,0.8905
5,17,27,fp16,T,T,5,-446,0.00686,0.00659,0.9614,4,1523,0.2,0,1.0824
101,2349,1104,fp32,T,T,66,-621283250,0.01478,0.01860,1.2589,4,456,796.5,0,0.9782
40,1828,5,fp32,N,N,278,-621283825,0.00626,0.00601,0.9601,4,1466,52.7,0,1.1512
3428,189,1856,fp16,N,T,33,-621295773,0.04414,0.07931,1.7969,4,107,362.9,0,1.0141
9168,3,5254,fp32,N,N,170,-621283910,0.05717,0.16920,2.9598,4,63,3373.3,0,0.7359
9231,1383,2519,bf16,N,N,17,-621292877,0.18581,0.18371,0.9887,4,39,562.6,0,0.6521
21,17,1471,fp16,T,T,22,-445,0.05015,0.06476,1.2913,4,146,2.3,0,0.9676
2746,23840,2137,fp32,T,T,66,-621291422,2.73608,2.74019,1.0015,4,5,178.8,0,0.6698
104,1330,3974,fp16,T,N,78,-621296106,0.09098,0.13267,1.4582,4,67,131.4,0,0.9776
21,70,828,fp16,T,N,75,-389,0.01345,0.04992,3.7118,4,173,11.6,0,0.9778
2,1000,6654,fp32,T,T,78,-621291435,0.06653,0.08274,1.2436,4,104,401.0,0,0.9991
16135,7512,9384,bf16,T,N,69,-621290007,4.25111,4.83010,1.1362,4,5,218.4,0,0.7149
29,12,13086,fp32,N,N,366,-621283970,0.01205,0.81312,67.4855,4,13,178.2,0,0.9689
17938,1040,13943,bf16,N,N,17,-621292871,1.73286,1.85501,1.0705,4,6,348.5,0,0.6771
188,43,97,bf16,T,N,69,-607,0.00893,0.02930,3.2825,4,242,8.6,0,1.5759
2226,5822,76,bf16,T,T,20,-621285685,0.02851,0.03662,1.2842,4,265,1860.9,0,0.9377
12834,24888,9138,bf16,N,T,27,-621290053,11.75612,11.90547,1.0127,4,5,167.3,0,0.9083
190,9603,14,fp32,T,N,268,-621284037,0.00624,0.00762,1.2218,4,1038,1257.6,0,1.0273
6,1009,1661,fp32,T,N,344,-621284160,0.01230,0.01806,1.4685,4,467,550.4,0,0.9752
2229,4772,13604,fp32,T,T,66,-621283243,3.40214,4.03789,1.1869,4,5,124.5,0,0.7313
4047,20,498,fp16,T,T,22,-445,0.02375,0.03236,1.3628,4,257,184.2,0,0.9684
2994,202,15817,fp16,N,T,33,-621295773,0.35591,0.62101,1.7449,4,17,290.9,0,1.0002
4,4,11682,fp16,N,T,33,-409,0.20556,0.38314,1.8639,4,26,0.9,0,0.9819
17566,14328,232,bf16,T,N,69,-621289991,0.47246,0.55825,1.1816,4,18,2162.2,0,0.7971
1661,22614,22,fp16,N,N,17,-621294402,0.06475,0.06442,0.9949,4,155,2337.0,0,0.9950
3878,2609,2200,fp16,N,T,33,-621295761,0.12798,0.13636,1.0655,4,57,539.2,0,0.7708
2,2,131,fp16,T,T,5,-445,0.00647,0.00670,1.0350,4,1048,0.2,0,0.9723
1775,7086,1106,fp16,N,T,27,-621295763,0.10444,0.10257,0.9821,4,82,669.4,0,0.6539
104,9332,239,bf16,N,N,17,-621292873,0.02141,0.03419,1.5970,4,255,392.0,0,1.1187
7477,1140,80,fp32,N,N,264,-621293241,0.02514,0.02855,1.1358,4,268,1466.1,0,0.8545
587,3744,8,fp16,T,N,71,-380,0.00686,0.02257,3.2903,4,404,1291.4,0,0.9758
819,23700,4675,bf16,T,T,20,-621285694,0.64529,0.68757,1.0655,4,15,475.6,0,0.6522
1264,25,5,bf16,T,N,69,-611,0.00659,0.02459,3.7313,4,289,21.1,0,1.3816
2915,37,8932,bf16,N,N,23,-621292873,0.27672,0.35563,1.2851,4,27,192.1,0,1.1309
12,1,98,fp32,N,N,105,-621283780,0.00659,0.00625,0.9482,4,1469,0.8,0,0.9767
4,2257,9,fp32,T,T,66,-621291439,0.00654,0.00644,0.9849,4,1441,18.0,0,1.0235
2,5121,30,fp32,T,N,146,-621284033,0.00627,0.00731,1.1672,4,1038,104.6,0,1.0117
485,202,9,fp16,N,T,27,-408,0.00660,0.02493,3.7763,4,349,61.2,0,1.0033
2,225,1055,fp16,N,N,22,-171,0.02536,0.06407,2.5263,4,134,19.0,0,1.0155
186,27322,3426,fp32,T,N,349,-621293584,0.44355,0.62763,1.4150,4,15,895.7,0,0.7570
1161,2290,2,bf16,N,N,17,-262,0.00718,0.02692,3.7502,4,317,1483.2,0,0.9977
142,124,104,fp32,T,N,279,-621284151,0.00652,0.00637,0.9773,4,1099,27.8,0,1.0037
28919,26531,11,bf16,T,N,69,-621290015,1.04653,1.83673,1.7551,4,6,2933.7,0,0.7283
1615,24071,1563,bf16,T,N,69,-621289987,0.37282,0.39653,1.0636,4,22,632.5,0,0.7238
3724,29,167,bf16,N,T,27,-349,0.01248,0.03072,2.4605,4,283,135.0,0,1.1224
2949,475,2913,bf16,N,N,23,-621292873,0.10183,0.14070,1.3816,4,69,250.9,0,1.0144
6309,222,562,fp32,N,T,321,-621283678,0.02639,0.03174,1.2027,4,285,768.7,0,0.8328
15110,8,232,fp16,N,T,27,-621295773,0.02065,0.03076,1.4894,4,293,363.0,0,0.9855
5873,2188,32,bf16,N,T,27,-621290041,0.02453,0.03053,1.2447,4,301,2116.7,0,1.0088
15865,30,23795,bf16,N,T,32,-621290049,0.49076,0.79156,1.6129,4,13,1545.2,0,1.0049
1087,5,3,bf16,T,N,5,-616,0.00673,0.02209,3.2817,4,408,4.2,0,0.9912
26528,1096,26793,bf16,T,N,69,-621290011,3.21856,3.91871,1.2175,4,5,496.0,0,0.6666
28,1062,17192,fp16,T,N,79,-387,0.24983,0.52754,2.1116,4,19,150.5,0,1.1154
25966,1,16526,fp16,T,T,23,-9,0.31365,0.65554,2.0900,4,15,2736.7,0,0.9202
447,416,626,fp16,T,T,22,-445,0.02563,0.03710,1.4472,4,256,71.2,0,0.9834
784,2,21562,bf16,T,N,14,-618,0.46426,0.54515,1.1742,4,17,73.0,0,1.0176
6610,6128,5526,fp32,N,T,356,-621283663,4.39019,6.49988,1.4805,4,5,101.0,0,0.6413
4,6,78,fp16,N,N,2,-170,0.00686,0.00661,0.9637,4,1070,0.2,0,0.9864
7348,1126,3792,bf16,N,T,32,-621290049,0.14486,0.19225,1.3271,4,42,672.1,0,0.7333
1,17211,10547,fp32,N,N,321,-621283956,0.21152,0.68595,3.2429,4,15,3433.2,0,0.6312
4053,14623,264,bf16,N,N,17,-621292873,0.18927,0.26499,1.4001,4,35,1304.6,0,0.8504
2230,57,536,fp16,N,N,17,-621294406,0.02964,0.04607,1.5546,4,190,99.9,0,1.0940
1240,6308,200,bf16,N,N,17,-621292869,0.02786,0.03938,1.4132,4,235,1231.3,0,1.1744
102,2,76,bf16,N,N,2,-257,0.00687,0.00654,0.9517,4,1169,2.4,0,0.9848
4,6,9,bf16,T,N,5,-616,0.00673,0.02224,3.3062,4,370,0.0,0,0.9953
48,45,23,fp32,N,T,237,-621283657,0.00660,0.00664,1.0052,4,1545,2.6,0,0.9963
3376,27835,10577,fp32,T,T,66,-621291421,20.01223,20.10446,1.0046,4,5,84.8,0,0.8599
6948,1,343,fp16,T,T,23,-9,0.00758,0.02748,3.6256,4,311,632.6,0,0.9885
6204,1448,1470,fp32,N,T,356,-621293075,0.28092,0.29343,1.0445,4,25,288.1,0,0.6485
1658,8,15,bf16,N,T,27,-353,0.00650,0.02471,3.8031,4,333,15.9,0,0.9694
5806,18274,10531,bf16,N,N,17,-621292879,4.46443,5.94526,1.3317,4,5,208.7,0,0.9634
47,510,37,fp32,T,N,254,-621284033,0.00651,0.00644,0.9881,4,1419,27.4,0,0.9662
3592,1941,28824,fp32,T,N,306,-621284193,4.00489,4.27657,1.0678,4,5,166.3,0,0.7474
8019,1,4908,fp16,N,N,5,-9,0.04262,0.38322,8.9910,4,25,1847.8,0,0.9956
28,212,689,fp32,N,N,306,-621283842,0.00642,0.00667,1.0392,4,1160,106.8,0,0.9695
25,2,19,bf16,N,N,2,-262,0.00679,0.00687,1.0114,4,1278,0.2,0,0.9955
1062,26537,7125,fp32,N,T,312,-621283612,4.24600,4.78650,1.1273,4,5,211.8,0,0.7081
22282,4620,203,fp32,N,N,292,-621283808,0.49817,0.67031,1.3455,4,14,870.4,0,0.6439
3358,16266,16588,bf16,T,N,69,-621290000,3.25514,4.62925,1.4221,4,5,267.1,0,0.6672
17,38,9,fp16,T,T,22,-446,0.00675,0.01357,2.0098,4,638,0.5,0,0.9655
1644,6751,4597,fp16,N,N,22,-621294412,0.32280,0.39982,1.2386,4,23,376.6,0,0.7523
32,2,2,bf16,N,N,2,-257,0.00690,0.00653,0.9456,4,1570,0.1,0,1.2444
123,55,2125,bf16,T,N,78,-619,0.01681,0.09887,5.8831,4,92,46.6,0,0.9990
35,16479,1095,fp16,T,T,22,-621291504,0.05514,0.05615,1.0183,4,161,697.7,0,1.0454
42,474,10045,fp32,T,T,66,-621283250,0.09932,0.62226,6.2649,4,16,209.5,0,0.9836
98,55,9,bf16,N,T,27,-349,0.00665,0.02438,3.6658,4,342,3.7,0,0.9863
11243,5116,12550,fp16,T,T,22,-621291508,2.76047,2.75806,0.9991,4,5,232.1,0,0.8143
128,1545,23,bf16,T,T,20,-150,0.00684,0.01496,2.1879,4,586,127.0,0,0.9664
10776,12791,2198,fp32,T,T,66,-621283237,5.73721,5.85610,1.0207,4,5,132.2,0,0.6610
23,1163,66,fp16,N,T,27,-408,0.00669,0.02525,3.7748,4,361,39.4,0,1.1243
22706,2220,3524,bf16,T,N,69,-621290009,0.74629,0.80011,1.0721,4,13,505.6,0,0.7274
45,1,85,fp32,T,N,117,-621293740,0.00659,0.00634,0.9615,4,1523,2.4,0,0.9691
28305,2550,30967,bf16,T,N,69,-621290009,8.05925,10.16508,1.2613,4,5,272.9,0,0.6612
6156,3773,5,bf16,T,N,69,-611,0.04280,0.06175,1.4430,4,164,2173.2,0,0.9787
1629,6755,209,fp16,N,T,27,-621295763,0.04373,0.04373,1.0001,4,223,1086.7,0,0.9161
13957,50,24316,bf16,T,N,79,-621289988,0.56388,0.85726,1.5203,4,11,1213.0,0,0.7792
23566,1029,1793,bf16,N,N,17,-621292880,0.32229,0.32282,1.0016,4,30,574.6,0,0.6439
11748,2,60,fp32,T,N,187,-621284188,0.00640,0.01112,1.7366,4,709,455.2,0,0.9734
5299,2392,147,bf16,T,T,20,-621285684,0.03440,0.03982,1.1573,4,241,1539.4,0,1.0149
17,26242,1064,fp16,N,N,22,-621294410,0.04583,0.04746,1.0357,4,199,1258.3,0,1.0064
15,1448,4316,fp16,N,N,22,-171,0.12004,0.13880,1.1563,4,61,105.9,0,0.9750
19,18521,5884,fp32,N,T,342,-621293050,0.15489,0.41087,2.6527,4,26,2826.4,0,0.6808
50,2,55,fp16,N,N,2,-170,0.00679,0.00656,0.9669,4,1305,0.9,0,1.1453
1,3,2,fp32,T,T,21,-621291435,0.00569,0.00589,1.0350,4,1574,0.0,0,0.9852
15907,679,117,bf16,T,T,20,-621285689,0.03206,0.04078,1.2719,4,232,1468.7,0,0.9905
8012,90,318,fp32,N,N,372,-621283793,0.01187,0.01744,1.4698,4,480,1111.7,0,0.8507
1238,30,57,fp16,T,N,71,-380,0.00584,0.02009,3.4422,4,417,50.2,0,0.9886
6303,8281,13485,fp32,T,T,66,-621291420,15.30428,16.07476,1.0503,4,5,65.0,0,1.0486
7237,30356,5329,fp16,T,N,71,-621296118,4.64698,4.98866,1.0735,4,5,275.3,0,0.7062
3804,1555,20246,bf16,N,N,23,-621292871,0.82238,0.83146,1.0110,4,11,292.6,0,0.7028
5,943,430,fp32,N,T,365,-621283655,0.00621,0.00643,1.0360,4,1197,265.8,0,0.9687
10,75,4,fp16,T,N,71,-386,0.00659,0.01557,2.3612,4,568,0.6,0,0.9951
8439,10631,17072,bf16,N,N,17,-621292879,6.30565,7.67949,1.2179,4,5,160.2,0,0.7224
1782,58,15,bf16,N,N,17,-257,0.00661,0.02541,3.8432,4,325,70.9,0,0.9948
5716,15618,27368,fp16,N,T,27,-621295785,10.30422,10.61108,1.0298,4,5,148.0,0,0.7457
447,2,5291,fp32,N,N,170,-621283911,0.02564,0.04807,1.8747,4,188,370.7,0,0.9655
26153,40,297,fp16,N,T,27,-621295773,0.02436,0.03384,1.3894,4,271,810.5,0,1.0071
437,3,62,bf16,N,T,27,-349,0.00689,0.02737,3.9733,4,312,8.7,0,0.9892
2291,8661,2078,fp16,T,N,71,-621296103,0.26861,0.27460,1.0223,4,33,464.9,0,0.6950
211,6,12121,fp16,N,T,33,-621295773,0.23450,0.40121,1.7109,4,25,22.5,0,1.1034
8199,990,640,fp32,T,N,296,-621284350,0.11130,0.15380,1.3818,4,44,503.1,0,0.6781
14,1,19,bf16,N,N,2,-9,0.00384,0.00658,1.7109,4,1413,0.2,0,0.9872
3232,27959,4708,fp32,T,N,296,-621293475,7.97359,9.27684,1.1634,4,5,119.0,0,0.7605
23,30,399,fp16,N,N,17,-170,0.02514,0.03812,1.5164,4,249,1.8,0,1.1273
5,10,45,fp16,N,T,27,-408,0.00667,0.02346,3.5163,4,373,0.2,0,0.9890
1598,123,98,bf16,N,N,17,-257,0.00933,0.02963,3.1762,4,309,120.4,0,1.0050
4484,8700,2431,bf16,N,N,17,-621292877,0.56399,0.61620,1.0926,4,16,390.3,0,0.6788
1888,1974,7988,fp32,T,N,365,-621284354,0.61304,0.67332,1.0983,4,15,225.6,0,1.0253
21,1,32,fp16,T,N,4,-9,0.00389,0.00638,1.6421,4,1307,0.4,0,0.9782
1291,1934,16091,fp16,N,T,33,-621295777,0.37815,0.61244,1.6196,4,17,300.9,0,1.0089
19633,8884,243,bf16,T,T,20,-621285686,0.44219,0.50543,1.1430,4,20,1609.1,0,0.7710
24337,78,19365,fp32,N,T,359,-621283585,1.16993,1.45508,1.2437,4,7,1623.0,0,0.6920
5,22,227,fp32,N,N,382,-621293368,0.00644,0.00649,1.0088,4,1507,3.9,0,0.9894
24361,11319,6473,bf16,T,T,20,-621285693,6.66622,7.19623,1.0795,4,5,234.7,0,0.7161
1177,21870,172,fp16,T,N,71,-621296115,0.07812,0.09195,1.1771,4,107,1419.5,0,0.8370
6328,9339,231,bf16,N,T,27,-621290043,0.20926,0.23243,1.1107,4,43,1164.2,0,0.8244
1480,10,11,fp16,T,T,22,-447,0.00664,0.01418,2.1376,4,534,13.9,0,0.9736
14,102,27,fp32,T,T,66,-621291426,0.00665,0.00658,0.9884,4,1478,2.7,0,0.9984
373,20755,3449,fp32,T,N,306,-621293754,0.61983,0.66709,1.0762,4,14,520.2,0,0.6783
11989,7798,24499,fp32,T,T,66,-621291421,47.00018,46.99983,1.0000,4,5,49.2,0,0.7954
10,904,400,fp16,N,T,27,-621295773,0.02198,0.03553,1.6166,4,235,34.9,0,0.9765
57,9399,8366,fp32,T,T,66,-621291435,0.20349,0.54963,2.7010,4,18,1565.5,0,0.7016
5,114,87,fp32,N,N,324,-621284002,0.00662,0.00669,1.0093,4,1463,6.6,0,0.9942
10714,18417,1648,fp32,N,T,312,-621283630,5.99219,6.13007,1.0230,4,5,163.8,0,0.7619
333,14429,7,bf16,T,N,69,-611,0.01218,0.02566,2.1067,4,319,1595.2,0,0.9888
8,75,968,bf16,T,N,76,-618,0.01428,0.05471,3.8308,4,173,11.4,0,0.9729
67,6,144,fp16,N,T,27,-408,0.00933,0.02885,3.0908,4,320,2.4,0,0.9890
14712,265,6115,fp16,T,N,77,-621296106,0.20128,0.31266,1.5533,4,30,987.5,0,0.6909
25,591,399,fp32,N,N,306,-621293231,0.00556,0.00583,1.0475,4,1317,187.4,0,0.9707
653,13848,125,fp32,N,T,268,-621283452,0.04511,0.05535,1.2271,4,168,962.7,0,0.8992
28,112,1,fp32,N,N,302,-621293153,0.00568,0.00587,1.0332,4,1523,2.3,0,1.2111
4946,2274,10730,fp32,T,N,335,-621284354,2.48162,3.09035,1.2453,4,5,143.0,0,0.6561
34,61,10,fp16,T,T,22,-449,0.00666,0.01364,2.0468,4,643,1.5,0,0.9642
7934,2060,570,fp16,T,T,22,-621291496,0.07790,0.08549,1.0974,4,100,985.5,0,0.6582
222,63,2026,fp16,N,T,33,-409,0.04138,0.08882,2.1465,4,107,29.3,0,1.1421
26833,3042,1237,bf16,N,T,27,-621290049,0.60133,0.68745,1.1432,4,15,665.9,0,0.6743
73,91,442,fp16,T,T,22,-445,0.01688,0.02989,1.7704,4,244,10.2,0,1.4548
13317,59,2465,bf16,T,N,78,-621289993,0.06569,0.10394,1.5823,4,88,1051.7,0,1.0332
1337,147,17,fp16,N,N,17,-173,0.00661,0.02652,4.0121,4,314,126.6,0,0.9698
19989,5748,5679,bf16,T,T,20,-621285693,2.50939,2.57353,1.0256,4,5,299.6,0,0.7940
674,896,17,bf16,T,N,69,-611,0.00673,0.02226,3.3073,4,387,366.8,0,0.9762
352,287,364,bf16,T,T,20,-150,0.01799,0.02686,1.4931,4,347,48.3,0,0.9958
5,1094,15427,fp16,N,T,33,-621295777,0.29592,0.50344,1.7012,4,20,114.7,0,1.0053
2010,2106,3856,fp16,N,T,33,-621295777,0.11814,0.16045,1.3581,4,57,412.0,0,0.9957
1723,8728,37,bf16,N,N,17,-621292869,0.02270,0.03371,1.4851,4,275,2683.8,0,0.9278
167,2742,1168,fp16,N,T,33,-621295773,0.03648,0.06080,1.6666,4,142,236.5,0,0.9927
28,18,1278,fp32,N,N,396,-621283911,0.00642,0.00910,1.4177,4,828,36.9,0,1.1403
21214,13327,2685,bf16,T,N,69,-621290006,3.03866,3.76915,1.2404,4,5,433.2,0,0.7893
14967,1,23300,fp32,T,T,67,-9,0.38058,1.50977,3.9670,4,7,3665.7,0,0.6346
19840,756,2997,bf16,T,T,20,-621285686,0.21228,0.23057,1.0861,4,34,864.2,0,0.6899
7,344,31,bf16,T,N,5,-616,0.00682,0.02329,3.4136,4,405,4.6,0,0.9806
26977,7236,8735,bf16,T,T,20,-621285693,6.55412,6.92888,1.0572,4,5,210.3,0,0.7277
12980,8,35,fp16,T,T,22,-447,0.00661,0.01616,2.4439,4,478,200.3,0,1.0018
3545,19,687,bf16,T,T,20,-621285696,0.03830,0.03848,1.0047,4,237,134.9,0,0.9978
17,17,237,fp32,N,T,394,-621283635,0.00635,0.00651,1.0245,4,1268,5.3,0,0.9900
8761,2634,5984,fp32,T,N,296,-621284098,2.79154,4.32168,1.5481,4,5,130.8,0,0.6325
31,10831,1,fp32,N,T,236,-621283467,0.00677,0.00646,0.9546,4,741,204.7,0,0.9737
6641,1225,7389,fp32,T,T,66,-621283236,1.26160,1.40780,1.1159,4,7,210.1,0,0.6587
14,12,4343,fp32,N,N,392,-621283980,0.01120,0.01068,0.9537,4,682,40.4,0,0.9636
1535,307,271,fp16,T,N,71,-621296107,0.01901,0.03510,1.8461,4,243,151.6,0,0.9983
1,7574,5601,fp16,N,N,23,-9,0.09196,0.20819,2.2639,4,43,923.1,0,1.0092
12679,30401,7526,bf16,N,N,17,-621292880,12.62442,16.30120,1.2912,4,5,173.5,0,0.7245
5432,7,16665,fp16,T,N,13,-621296080,0.62090,0.60945,0.9816,4,17,292.2,0,0.8594
10590,4405,141,bf16,N,T,27,-621290048,0.12788,0.16125,1.2610,4,62,1492.2,0,0.8861
920,313,6983,fp16,T,N,78,-621296105,0.15034,0.25479,1.6948,4,38,122.2,0,0.9818
2599,16539,7339,bf16,T,T,20,-621285694,1.42137,1.42289,1.0011,4,7,318.6,0,0.7465
4643,1,23,fp16,T,N,4,-9,0.00396,0.00647,1.6327,4,1303,58.6,0,0.9944
2127,9550,3892,bf16,T,N,69,-621289993,0.46545,0.53453,1.1484,4,18,369.8,0,0.6553
350,18628,4,bf16,T,N,69,-611,0.01283,0.01919,1.4954,4,451,2043.9,0,1.1950
154,511,89,fp32,T,N,240,-621293436,0.00653,0.00676,1.0345,4,1380,84.4,0,0.9831
43,89,10,fp16,T,N,71,-388,0.00670,0.01569,2.3416,4,560,2.7,0,0.9996
1496,398,31866,fp32,N,T,356,-621283532,0.58950,8.38837,14.2295,4,5,413.6,0,0.6849
8,1,187,fp16,N,N,2,-9,0.00380,0.02376,6.2533,4,371,0.9,0,0.9945
30,17101,24,fp32,N,T,236,-621283469,0.00652,0.00797,1.2224,4,978,567.2,0,1.0078
1,223,62,bf16,N,N,18,-9,0.00380,0.02815,7.4115,4,295,7.5,0,0.9911
7588,7209,2264,fp16,N,T,27,-621295785,0.60522,0.60591,1.0011,4,16,472.2,0,0.8663
1,10,1191,bf16,N,T,33,-9,0.00381,0.05874,15.4069,4,163,6.9,0,0.9711
83,131,463,fp32,T,T,66,-621291435,0.00758,0.01166,1.5385,4,659,58.0,0,1.0057
733,183,3988,bf16,T,T,20,-621285691,0.15317,0.15322,1.0003,4,57,51.2,0,0.9975
145,4734,2189,fp32,T,N,330,-621284093,0.05981,0.08597,1.4374,4,116,760.2,0,0.8033
13424,5,172,fp16,T,T,22,-445,0.01121,0.02095,1.8698,4,414,436.2,0,0.9916
180,4420,143,bf16,N,T,27,-349,0.01581,0.02899,1.8341,4,274,284.5,0,1.1186
6917,13,56,bf16,T,T,20,-150,0.00554,0.01732,3.1283,4,524,205.2,0,1.0102
347,2173,85,bf16,N,T,27,-349,0.01071,0.02714,2.5344,4,320,321.7,0,1.0229
253,20,22,fp32,T,T,66,-621291440,0.00672,0.00683,1.0159,4,1424,6.6,0,1.0071
6581,9787,80,fp16,N,T,27,-621295774,0.14572,0.19881,1.3644,4,50,1786.0,0,0.9605
6,2428,4,fp32,N,T,304,-621283745,0.00621,0.00619,0.9954,4,1466,15.6,0,0.9865
8614,18652,11024,fp16,N,T,27,-621295776,7.43999,7.48787,1.0064,4,5,167.2,0,0.7071
16012,821,17,bf16,N,T,27,-621290042,0.03006,0.02987,0.9934,4,315,1768.2,0,1.0777
1346,341,499,bf16,T,T,20,-621285684,0.03337,0.03335,0.9992,4,231,105.5,0,1.1163
1,130,17,fp32,T,T,21,-621291447,0.00652,0.00631,0.9678,4,1683,1.4,0,0.9962
12950,351,15551,bf16,N,T,32,-621290049,0.42938,0.63650,1.4824,4,15,1005.8,0,0.8371
11440,27,1965,fp16,T,T,22,-621291510,0.08097,0.08121,1.0030,4,110,571.8,0,0.9930
118,69,16993,fp16,N,N,22,-171,0.46418,0.51253,1.1042,4,20,13.8,0,0.9812
21914,1,19,bf16,N,T,28,-349,0.00680,0.02160,3.1768,4,429,135.4,0,1.0110
141,167,390,fp16,T,N,71,-386,0.01612,0.03487,2.1627,4,252,20.7,0,0.9964
1,8,24101,fp32,T,N,195,-621284130,0.01840,0.02297,1.2484,4,349,47.2,0,1.0089
7452,4116,9606,bf16,T,N,69,-621290011,1.18647,1.27199,1.0721,4,8,290.7,0,0.7180
9596,9,5,fp32,T,T,66,-621291433,0.00663,0.00625,0.9423,4,1298,81.0,0,1.1200
915,270,351,fp16,T,T,22,-445,0.01474,0.02794,1.8952,4,336,123.4,0,1.0138
15488,1658,36,fp16,N,T,27,-621295774,0.05802,0.07574,1.3054,4,136,1791.6,0,1.0001
1201,2539,985,fp16,N,T,33,-621295773,0.04512,0.05921,1.3120,4,143,433.6,0,1.0023
7,1,118,bf16,N,N,2,-9,0.00390,0.01820,4.6715,4,491,0.5,0,0.9921
2191,427,179,fp32,T,T,66,-621291435,0.00848,0.01019,1.2010,4,773,662.1,0,0.8976
163,51,49,fp16,N,N,17,-170,0.00677,0.02726,4.0302,4,337,8.0,0,1.0007
27305,4497,3213,fp16,T,N,71,-621296118,1.68474,1.99613,1.1848,4,6,412.8,0,0.7253
25,12667,1619,bf16,N,N,23,-621292873,0.06212,0.08822,1.4202,4,97,682.0,0,1.0098
93,30,1590,bf16,N,N,23,-258,0.04738,0.07731,1.6318,4,115,8.5,0,0.9887
8371,31605,2,fp32,T,N,266,-621284348,0.30192,0.45504,1.5071,4,23,3506.1,0,0.7807
134,260,2408,fp16,T,N,77,-389,0.05667,0.10995,1.9401,4,84,35.9,0,0.9889
2,12491,17151,bf16,T,T,4,-150,1.13016,1.91269,1.6924,4,6,379.3,0,1.0133
159,1442,717,fp32,T,T,66,-621291435,0.01080,0.01686,1.5607,4,538,510.0,0,1.0109
59,7358,3990,fp32,T,T,66,-621291435,0.07974,0.25715,3.2248,4,36,1506.3,0,0.9225
310,20,322,bf16,T,T,20,-150,0.01570,0.02488,1.5840,4,370,15.1,0,0.9744
312,944,40,bf16,T,N,69,-607,0.00679,0.02288,3.3699,4,382,188.4,0,1.0053
1519,1260,7853,fp16,T,N,78,-621296105,0.17391,0.29176,1.6776,4,34,295.0,0,1.0339
101,16258,7591,fp32,T,T,66,-621291425,0.44225,0.97289,2.1998,4,11,1138.0,0,0.6891
2553,17,5447,bf16,N,N,23,-621292873,0.18438,0.23605,1.2802,4,40,152.8,0,0.9841
37,48,26810,fp32,T,T,66,-621291435,0.25734,1.64575,6.3952,4,7,35.4,0,0.9743
1637,1646,7651,fp32,T,T,66,-621283250,0.53195,0.59896,1.1260,4,15,209.1,0,0.8088
20,5291,48,fp32,T,N,254,-621284335,0.00542,0.00919,1.6945,4,781,266.1,0,0.9817
1693,7432,822,bf16,T,N,69,-621289990,0.07390,0.07357,0.9955,4,115,884.0,0,0.6625
6,743,2384,fp16,N,N,22,-171,0.06715,0.11281,1.6800,4,85,53.4,0,1.0770
631,3289,583,fp16,N,N,17,-621294410,0.03381,0.04927,1.4574,4,193,380.7,0,1.0110
84,7,45,bf16,N,N,2,-257,0.00674,0.00648,0.9616,4,1326,1.6,0,0.9903
2884,709,2653,bf16,N,N,23,-621292869,0.09515,0.13091,1.3758,4,67,286.3,0,1.0219
1,816,4777,bf16,N,N,24,-9,0.06099,0.15256,2.5014,4,63,128.0,0,0.9801
5068,638,4194,fp16,N,N,22,-621294409,0.15333,0.17095,1.1149,4,53,396.5,0,1.1319
3383,799,135,bf16,N,N,17,-621292872,0.01941,0.03307,1.7034,4,283,615.2,0,1.0050
1198,8943,442,fp16,T,N,71,-621296086,0.05460,0.06267,1.1477,4,157,949.1,0,0.6838
25,531,246,fp16,T,N,71,-388,0.01212,0.02698,2.2264,4,305,27.0,0,1.1635
275,80,157,fp16,T,N,71,-386,0.00994,0.02432,2.4461,4,379,20.1,0,0.9878
610,19,9593,fp32,N,N,334,-621293294,0.04526,0.59935,13.2423,4,17,534.3,0,1.0162
4866,8479,10131,bf16,N,N,17,-621292880,2.00525,2.26222,1.1281,4,5,217.1,0,0.7097
8,6695,1,bf16,T,N,69,-611,0.00640,0.01274,1.9894,4,690,35.5,0,0.9751
1314,8,216,fp32,N,T,411,-621283652,0.00642,0.00662,1.0301,4,1283,184.4,0,0.9840
1453,1580,1475,fp16,T,T,22,-621291498,0.06877,0.06906,1.0043,4,127,263.7,0,1.0335
12215,21135,4,fp16,T,T,22,-621291502,0.38741,0.62743,1.6196,4,16,2666.2,0,0.7589
362,460,91,fp32,N,N,264,-621283825,0.00634,0.00638,1.0054,4,1510,152.2,0,0.9907
13799,12,17175,bf16,T,T,20,-621285697,0.59346,0.61073,1.0291,4,17,800.5,0,1.0273
7683,2470,5288,fp16,N,T,27,-621295777,0.56476,0.77613,1.3743,4,13,324.5,0,0.6548
273,114,30,bf16,T,T,20,-153,0.00676,0.01555,2.3010,4,478,21.9,0,1.2376
1494,587,9791,fp16,N,N,22,-621294410,0.32445,0.40336,1.2432,4,25,136.4,0,1.0205
51,3,30289,fp16,T,N,12,-385,0.05122,0.05119,0.9995,4,166,63.9,0,0.9885
3416,14903,1676,fp16,T,N,71,-621296128,0.41457,0.47178,1.1380,4,21,639.3,0,0.6802
123,426,695,bf16,T,T,20,-150,0.03243,0.03881,1.1968,4,219,30.0,0,0.9711
3117,45,827,fp16,T,N,75,-381,0.02931,0.05353,1.8263,4,174,197.6,0,1.0095
289,519,881,bf16,T,N,76,-621289993,0.03047,0.05271,1.7298,4,164,66.4,0,0.9976
101,1501,8474,fp32,T,N,354,-621293545,0.06300,0.07858,1.2474,4,125,871.6,0,0.9705
1598,8,1224,bf16,T,N,76,-621289994,0.03571,0.06459,1.8084,4,140,111.5,0,0.9772
213,167,1127,fp16,T,N,75,-381,0.02831,0.06527,2.3053,4,148,35.3,0,0.9914
111,26,4753,fp32,T,N,344,-621284137,0.01633,0.01584,0.9701,4,389,160.2,0,1.1547
2627,28242,16661,fp16,N,N,17,-621294414,6.49460,6.96937,1.0731,4,5,204.1,0,0.8947
9111,3908,188,fp32,T,T,66,-621283240,0.17893,0.19339,1.0808,4,38,850.7,0,0.6692
22010,18559,7144,fp16,T,N,71,-621296123,11.51446,15.38693,1.3363,4,5,192.2,0,0.7552
498,348,41,fp32,N,N,264,-621283777,0.00665,0.00650,0.9781,4,1523,125.2,0,0.9785
267,10,1306,fp32,T,N,326,-621293508,0.00922,0.01059,1.1485,4,711,158.0,0,0.9896
11239,22,3102,fp32,T,T,66,-621291435,0.05645,0.12884,2.2824,4,77,2492.8,0,0.6479
4551,3837,3656,fp32,T,N,296,-621284073,1.19758,1.23342,1.0299,4,8,160.8,0,0.8138
5258,17,521,fp32,N,T,359,-621283634,0.00664,0.00870,1.3114,4,894,1710.3,0,0.9881
2470,17931,30858,fp16,T,N,71,-621296111,5.94044,8.34294,1.4044,4,5,241.8,0,0.7369
1,32413,766,fp32,N,N,321,-9,0.03032,0.06899,2.2751,4,138,3279.4,0,0.7504
968,17,76,fp32,N,T,317,-621293015,0.00608,0.00596,0.9795,4,1220,60.0,0,1.0049
21859,23119,84,fp16,N,N,17,-621294408,0.78849,0.86781,1.1006,4,11,2573.3,0,0.6797
8402,3370,201,bf16,N,T,27,-621290043,0.09311,0.11199,1.2028,4,90,1267.2,0,0.9263
2,277,1,bf16,T,N,3,-611,0.00676,0.00644,0.9530,4,2000,0.4,0,1.0626
288,146,3761,fp32,T,T,66,-621283250,0.03878,0.04845,1.2492,4,194,172.7,0,1.0075
4,1008,221,fp32,N,T,366,-621283696,0.00629,0.00639,1.0158,4,1307,144.7,0,0.9944
99,124,24094,bf16,N,T,32,-621290049,0.45299,0.76950,1.6987,4,13,23.8,0,0.9980
7282,73,11,bf16,T,T,20,-150,0.00666,0.01654,2.4846,4,484,343.6,0,1.0074
11391,266,31230,fp16,T,N,77,-621296106,0.90249,1.28479,1.4236,4,8,820.2,0,0.6657
20,2,39,fp32,T,N,168,-621284336,0.00648,0.00626,0.9656,4,1580,0.6,0,0.9588
20341,7444,90,fp32,N,T,268,-621283632,0.41417,0.43075,1.0400,4,24,1486.5,0,0.6544
4,8,2,fp16,N,N,17,-170,0.00657,0.02160,3.2848,4,415,0.0,0,0.9735
7287,46,2,bf16,N,T,27,-349,0.00664,0.02443,3.6824,4,376,206.5,0,0.9906
4687,202,3963,fp16,T,T,22,-621291497,0.15494,0.16164,1.0433,4,56,274.5,0,1.0021
115,231,18,fp16,N,N,17,-170,0.00666,0.02601,3.9052,4,354,17.8,0,1.0018
358,2430,18754,fp32,T,N,393,-621284156,0.46843,0.46248,0.9873,4,23,453.9,0,0.7002
23471,20,5365,fp16,T,T,22,-621291507,0.21523,0.21109,0.9808,4,42,1179.9,0,0.8948
3024,7036,1580,fp16,N,N,17,-621294408,0.25913,0.27714,1.0695,4,35,451.1,0,0.6530
16042,10,28,bf16,T,N,69,-607,0.00682,0.02067,3.0299,4,362,225.9,0,0.9829
5,4,5,fp32,T,T,66,-621283250,0.00660,0.00676,1.0239,4,1654,0.0,0,1.0082
458,12175,2,bf16,N,N,17,-262,0.01135,0.02760,2.4318,4,336,1969.9,0,1.0173
1333,2158,1007,fp32,N,N,292,-621283947,0.07088,0.10126,1.4285,4,91,360.7,0,0.8119
9,10638,837,fp16,T,N,75,-621296106,0.02940,0.05164,1.7566,4,174,619.3,0,0.9948
16,10,1718,fp16,N,T,33,-409,0.03441,0.07773,2.2590,4,117,2.6,0,0.9780
2704,114,4,fp32,T,T,112,-621291460,0.00669,0.00625,0.9342,4,1590,191.0,0,1.1372
303,47,1580,fp16,N,N,22,-171,0.03671,0.08513,2.3191,4,112,31.7,0,1.0041
837,9,3,fp16,N,T,27,-412,0.00664,0.02415,3.6350,4,379,5.3,0,0.9981
32,1401,126,fp32,T,N,254,-621284190,0.00647,0.00627,0.9689,4,1352,139.3,0,1.0230
2770,543,3688,fp16,N,N,22,-621294406,0.12465,0.16648,1.3355,4,57,244.3,0,1.0196
8530,11858,3071,fp16,T,N,71,-621296099,1.35456,1.41011,1.0410,4,7,391.1,0,0.6881
532,939,3,fp32,N,T,204,-621283475,0.00652,0.00822,1.2599,4,952,309.1,0,0.9892
26495,1064,3476,fp16,T,T,22,-621291506,0.46173,0.46548,1.0081,4,21,659.2,0,0.8266
679,5,578,bf16,N,T,27,-621290045,0.02601,0.04325,1.6624,4,207,30.9,0,0.9793
89,117,1940,fp32,T,N,344,-621284138,0.01153,0.01148,0.9955,4,559,142.3,0,1.0134
312,4,9,fp16,T,T,22,-445,0.00654,0.01393,2.1309,4,613,1.6,0,0.9954
17827,82,43,bf16,T,T,20,-152,0.01321,0.01885,1.4266,4,442,559.1,0,1.0167
1130,1940,1099,fp16,N,N,22,-621294410,0.04823,0.06624,1.3732,4,131,321.7,0,1.0133
2701,7931,8092,fp32,N,T,312,-621283640,3.64977,6.22471,1.7055,4,5,117.8,0,0.6498
143,4,5527,fp16,N,N,7,-171,0.14443,0.22780,1.5773,4,41,11.3,0,0.9652
30612,91,3141,bf16,N,N,23,-621292869,0.16297,0.17560,1.0775,4,56,1251.8,0,0.8284
134,1771,3,fp32,T,N,268,-621284337,0.00668,0.00662,0.9917,4,1338,145.6,0,0.9975
8,138,997,bf16,N,N,23,-258,0.03221,0.05716,1.7746,4,168,9.2,0,1.0086
1,2,1489,bf16,N,N,9,-9,0.00734,0.05674,7.7292,4,143,1.2,0,1.0042
10133,149,259,fp16,N,N,17,-621294410,0.02318,0.03900,1.6821,4,224,490.2,0,1.0013
9008,360,221,fp16,N,T,27,-621295773,0.02397,0.03607,1.5048,4,233,713.9,0,1.0154
3,155,6,bf16,T,N,3,-611,0.00697,0.00664,0.9519,4,1419,0.5,0,1.1043
18576,14276,204,bf16,N,T,27,-621290043,0.60972,0.75024,1.2305,4,14,1761.7,0,0.6771
140,4,3,fp32,T,T,66,-621283256,0.00576,0.00590,1.0244,4,1263,0.7,0,0.9677
14072,3347,4948,fp32,T,N,296,-621284098,4.56981,9.11287,1.9941,4,5,116.7,0,0.6595
2,1318,5,fp16,N,T,27,-412,0.00661,0.02197,3.3215,4,391,3.6,0,0.9786
23,1133,385,bf16,N,N,17,-621292873,0.02487,0.03940,1.5845,4,221,40.0,0,0.9958
1840,49,2,bf16,N,N,17,-257,0.00680,0.02441,3.5888,4,377,54.1,0,0.9943
27558,4,523,bf16,T,N,5,-621289969,0.03226,0.04205,1.3034,4,222,907.3,0,1.0276
21,2087,110,fp16,T,T,22,-445,0.00690,0.01873,2.7142,4,412,92.6,0,0.9794
368,2724,5631,bf16,T,T,20,-621285685,0.25905,0.25915,1.0004,4,38,149.9,0,1.0073
7,3,85,fp32,T,N,168,-621293743,0.00656,0.00641,0.9770,4,1564,0.5,0,0.9987
5497,7925,6429,fp32,N,T,312,-621293108,5.42079,8.12536,1.4989,4,5,95.8,0,0.6809
153,89,11,fp16,T,T,22,-447,0.00672,0.01395,2.0750,4,605,8.9,0,0.9658
11107,27,264,fp16,N,N,17,-621294410,0.02258,0.03743,1.6578,4,247,313.5,0,1.0079
312,271,11702,fp16,T,T,22,-621291510,0.40762,0.41682,1.0226,4,24,34.3,0,1.1434
465,5332,214,bf16,T,N,69,-621289995,0.01968,0.03781,1.9216,4,216,630.1,0,0.9939
107,705,550,fp32,N,T,334,-621292998,0.00614,0.00673,1.0959,4,1123,339.9,0,1.0052
12323,23026,9911,fp16,T,T,22,-621291506,10.68182,12.77267,1.1957,4,5,171.9,0,0.7359
3314,99,797,fp32,N,N,310,-621283887,0.01432,0.03241,2.2638,4,256,851.8,0,0.9173
23300,386,16,fp32,N,N,308,-621283798,0.01752,0.04566,2.6060,4,211,2139.6,0,0.8207
126,25,216,fp32,N,N,350,-621283825,0.00638,0.00626,0.9804,4,1472,22.4,0,1.1347
9927,14801,3543,fp16,N,T,27,-621295776,2.31664,2.46813,1.0654,4,5,329.3,0,0.7350
873,4,2,fp32,N,T,218,-621293096,0.00629,0.00629,0.9993,4,1519,3.3,0,0.9689
234,1543,8800,fp32,N,N,306,-621293259,0.13213,0.55300,4.1854,4,18,484.3,0,0.8177
7,48,6,bf16,N,N,17,-257,0.00684,0.02171,3.1719,4,416,0.3,0,1.1532
1376,937,430,bf16,T,T,20,-621285691,0.03009,0.03011,1.0007,4,303,237.5,0,1.0079
5,1808,16145,fp16,T,T,5,-445,0.70732,0.76559,1.0824,4,14,82.8,0,0.9976
103,1236,4,bf16,N,N,17,-262,0.00670,0.02483,3.7045,4,341,77.6,0,0.9919
1326,4762,33,bf16,N,N,17,-621292869,0.01620,0.03010,1.8578,4,299,1583.5,0,1.0172
6354,5304,18892,fp32,T,T,112,-621291420,13.40536,13.41287,1.0006,4,5,75.8,0,0.9851
9287,74,5,fp32,T,N,266,-621284036,0.00560,0.00846,1.5108,4,857,524.2,0,0.9845
7407,26053,1343,fp32,N,N,292,-621283869,4.91332,5.81756,1.1840,4,5,193.7,0,0.6479
362,12857,539,bf16,N,N,17,-621292869,0.03767,0.05123,1.3599,4,166,872.4,0,1.1673
5381,12377,7969,fp32,N,T,312,-621283665,10.13244,10.39269,1.0257,4,5,82.2,0,0.6425
219,1120,3,fp32,T,N,268,-621284337,0.00662,0.00649,0.9811,4,1268,150.7,0,0.9787
28429,260,1554,bf16,N,N,23,-621292876,0.12713,0.12659,0.9957,4,64,933.9,0,0.6643
75,1448,5258,fp16,N,T,33,-621295773,0.11096,0.11087,0.9992,4,80,148.3,0,0.9779
4300,1267,23254,fp32,N,T,312,-621283678,2.77473,6.30830,2.2735,4,5,194.5,0,0.6550
2313,281,27594,fp16,T,N,78,-621296113,0.62864,0.99241,1.5786,4,10,231.9,0,0.9783
648,23377,26250,fp32,T,N,296,-621284073,8.57675,10.24164,1.1941,4,5,301.2,0,0.6530
2243,15,12386,fp32,N,T,364,-621283523,0.05707,3.26598,57.2282,4,5,1962.6,0,0.9464
19540,1130,71,fp16,N,N,17,-621294406,0.05309,0.06449,1.2147,4,154,1718.8,0,0.8813
504,22456,52,fp32,T,T,112,-621291467,0.03056,0.05629,1.8420,4,179,1637.6,0,0.7722
9252,6685,3096,fp32,T,T,66,-621291421,3.86353,3.84170,0.9943,4,5,115.1,0,0.7758
1,438,8978,fp16,N,N,23,-9,0.10143,0.27552,2.7163,4,36,77.7,0,0.9956
535,5518,129,fp32,T,T,66,-621291438,0.01743,0.01871,1.0740,4,384,856.9,0,0.8879
2255,3,784,bf16,T,N,10,-609,0.02798,0.03643,1.3020,4,235,127.5,0,0.9934
28705,2,20871,bf16,N,T,32,-621290049,0.49352,0.78373,1.5880,4,12,2428.5,0,0.8469
498,21501,103,fp32,N,T,268,-621283657,0.04525,0.04612,1.0192,4,183,1146.8,0,0.6110
5276,1301,20134,fp32,T,N,306,-621284354,3.04604,3.10279,1.0186,4,5,182.9,0,0.7057
1341,82,814,fp16,N,T,33,-409,0.02474,0.05104,2.0632,4,185,111.4,0,0.9634
5444,4800,759,fp16,N,T,27,-621295761,0.17502,0.18005,1.0288,4,54,686.1,0,0.7591
21,5,2,fp16,N,T,27,-412,0.00585,0.02382,4.0728,4,343,0.1,0,1.1753
9174,2085,1092,bf16,N,N,17,-621292870,0.17947,0.20445,1.1392,4,48,563.3,0,0.6485
4371,483,1258,fp32,T,T,66,-621283260,0.07009,0.07131,1.0174,4,112,469.0,0,0.8511
244,39,158,fp32,N,N,348,-621293294,0.00543,0.00566,1.0425,4,1538,39.9,0,0.9810
206,104,2,bf16,N,N,17,-262,0.00657,0.02192,3.3380,4,366,13.2,0,1.0133
952,761,611,bf16,N,T,27,-621290045,0.02963,0.04565,1.5406,4,196,168.4,0,1.0024
8,5,195,bf16,N,N,2,-257,0.01387,0.01372,0.9893,4,637,0.4,0,1.0036
4849,858,1452,fp16,N,N,22,-621294410,0.06542,0.08053,1.2309,4,118,507.7,0,0.8191
42,18450,36,fp16,N,T,27,-408,0.00689,0.02181,3.1647,4,395,643.1,0,0.9802
2276,501,1033,bf16,T,T,20,-621285685,0.05325,0.05319,0.9989,4,165,193.4,0,1.1572
825,360,1,fp16,T,T,22,-447,0.00570,0.01347,2.3617,4,635,208.7,0,0.9960
46,9,278,fp16,N,T,27,-408,0.01669,0.03340,2.0011,4,271,1.9,0,1.0112
4,19,8561,fp32,N,N,370,-621283976,0.01103,0.01023,0.9274,4,644,71.5,0,0.9950
92,167,17672,fp32,N,T,343,-621283667,0.05761,4.37765,75.9824,4,5,318.8,0,1.0118
8,6726,87,fp16,N,N,17,-170,0.00835,0.02829,3.3883,4,311,166.1,0,1.0032
4975,809,1963,fp32,T,T,66,-621291435,0.20174,0.22136,1.0972,4,33,304.9,0,0.6287
2167,876,25740,bf16,N,T,32,-621290049,0.52655,0.85460,1.6230,4,12,311.9,0,0.9939
29133,21488,1,fp32,T,T,66,-621283251,0.62954,0.69411,1.1026,4,15,3977.9,0,0.8182
2189,1794,2622,fp32,N,T,312,-621293007,0.25825,0.28466,1.1023,4,28,222.6,0,0.7579
61,116,18668,bf16,N,T,32,-621290045,0.35472,0.60054,1.6930,4,17,18.7,0,0.9745
17822,6550,16989,fp16,T,N,71,-621296121,7.25049,9.47648,1.3070,4,5,178.6,0,0.7427
377,53,48,fp16,N,N,17,-170,0.00647,0.02678,4.1398,4,331,18.7,0,0.9725
1908,870,521,fp16,N,T,27,-621295773,0.02857,0.04546,1.5914,4,180,333.8,0,0.9911
3,19407,259,fp32,T,N,140,-621293595,0.00966,0.02050,2.1221,4,421,2105.7,0,1.0098
72,9799,19746,fp16,N,T,33,-621295773,0.41459,0.66748,1.6100,4,15,947.1,0,0.9806
8,2,32,fp16,T,T,22,-445,0.00652,0.01177,1.8040,4,714,0.1,0,0.9793
467,28710,20645,bf16,T,N,69,-621289979,1.32036,1.43202,1.0846,4,7,953.0,0,0.6775
41,288,3,fp32,N,T,234,-621293079,0.00647,0.00639,0.9877,4,1564,7.9,0,0.9753
787,1620,13188,fp16,T,N,78,-621296105,0.27919,0.43714,1.5657,4,22,245.7,0,1.0264
3,201,12,fp16,N,N,17,-173,0.00663,0.02473,3.7303,4,356,1.1,0,0.9740
5,90,737,bf16,T,T,4,-150,0.03311,0.03505,1.0587,4,272,4.3,0,0.9897
684,741,6,bf16,T,N,69,-611,0.00681,0.02329,3.4196,4,354,300.2,0,1.0059
1108,19771,6427,fp16,T,N,71,-621296100,0.75592,0.85341,1.1290,4,11,471.0,0,0.6652
2551,2,3,fp16,T,N,4,-380,0.00572,0.00590,1.0313,4,1472,6.2,0,0.9990
24,695,17880,bf16,N,T,32,-621290049,0.34018,0.57672,1.6953,4,18,75.8,0,0.9878
61,11156,11,fp16,N,T,27,-408,0.00565,0.02090,3.7018,4,432,525.8,0,0.9873
25813,9562,2588,bf16,N,T,27,-621290048,2.81253,3.03812,1.0802,4,5,416.1,0,0.8654
1,798,2,fp16,T,N,5,-9,0.00293,0.00575,1.9602,4,1365,2.2,0,0.9849
195,5830,1641,fp16,N,N,22,-621294410,0.06385,0.08134,1.2740,4,111,380.9,0,0.9890
2,26,28294,fp16,T,T,5,-445,1.16560,1.32842,1.1397,4,8,1.4,0,1.1029
2869,19275,7801,bf16,N,N,17,-621292880,1.89698,2.43424,1.2832,4,5,298.7,0,0.8145
433,11,2931,fp16,N,N,22,-171,0.08345,0.13782,1.6515,4,65,31.4,0,0.9766
63,1303,371,bf16,T,T,20,-150,0.01815,0.02801,1.5433,4,294,73.9,0,1.0008
590,620,4216,fp32,T,N,383,-621284171,0.05370,0.05406,1.0066,4,145,407.2,0,0.8524
1406,1537,11353,bf16,N,T,32,-621290049,0.28125,0.41750,1.4844,4,25,268.3,0,1.1461
18,1,3,fp32,N,N,119,-621283982,0.00619,0.00603,0.9736,4,1501,0.0,0,0.9725
5,479,296,bf16,N,N,17,-621292873,0.02205,0.03570,1.6188,4,247,13.4,0,0.9796
18928,34,18177,bf16,N,N,23,-621292873,0.85507,0.86644,1.0133,4,12,809.2,0,1.0102
22,1650,41,fp16,T,T,22,-447,0.00665,0.01569,2.3588,4,544,42.4,0,0.9728
430,9881,1316,bf16,T,N,77,-621289995,0.05527,0.07226,1.3075,4,124,798.5,0,0.8876
2706,2198,3455,bf16,T,T,20,-621285694,0.15784,0.16073,1.0183,4,64,365.4,0,0.9308
2454,207,745,fp16,T,T,22,-621291498,0.04204,0.04216,1.0029,4,214,142.6,0,0.9745
2,1,179,fp16,N,T,28,-9,0.00393,0.03008,7.6460,4,294,0.3,0,1.0016
39,24,19422,bf16,N,N,23,-621292873,0.57954,0.57944,0.9998,4,18,4.2,0,1.0026
922,4555,714,fp16,N,N,17,-621294410,0.04100,0.05730,1.3975,4,160,600.4,0,0.9779
1860,8,4,fp32,N,N,374,-621293177,0.00671,0.00648,0.9648,4,1276,13.3,0,0.9790
54,17170,8293,fp32,T,N,368,-621293495,0.26484,0.63164,2.3850,4,16,2171.4,0,0.7514
384,122,5337,fp16,N,N,22,-171,0.14791,0.20285,1.3714,4,49,37.8,0,0.9563
411,118,3,bf16,T,T,20,-153,0.00568,0.01333,2.3448,4,634,34.7,0,0.9890
1161,1446,3409,bf16,N,N,23,-621292873,0.11666,0.14394,1.2339,4,65,209.9,0,1.0205
10552,226,18561,bf16,T,T,20,-621285691,0.68356,0.69049,1.0101,4,15,599.3,0,1.0087
2606,886,1518,fp32,N,T,356,-621283644,0.08096,0.10979,1.3562,4,78,376.0,0,0.7191
128,3,3,fp32,T,T,66,-621291438,0.00660,0.00632,0.9563,4,1478,0.5,0,1.5190
615,5365,3127,bf16,N,T,32,-621290049,0.09400,0.12968,1.3797,4,70,538.3,0,1.0293
15,28318,457,bf16,N,N,17,-621292873,0.02822,0.02944,1.0433,4,277,977.9,0,1.1169
2953,824,586,fp16,N,N,17,-621294410,0.03063,0.04477,1.4618,4,207,462.3,0,0.9831
12,67,19495,fp32,N,N,366,-621293359,0.01405,0.01291,0.9191,4,442,438.8,0,0.9788
8373,8900,51,bf16,T,N,69,-621289960,0.12613,0.21468,1.7020,4,45,2377.2,0,0.8780
2,6,1,fp16,N,T,27,-408,0.00675,0.02166,3.2098,4,414,0.0,0,1.1303
1215,14176,1156,fp16,T,T,22,-621291498,0.12678,0.12718,1.0032,4,61,824.1,0,0.6622
2,26302,24773,fp16,N,T,33,-621295773,0.60262,0.93706,1.5550,4,11,2163.0,0,0.8597
461,67,63,bf16,T,T,20,-150,0.00673,0.01768,2.6274,4,504,28.3,0,0.9781
23,11,1267,fp32,T,T,66,-621291435,0.01466,0.02697,1.8389,4,347,11.8,0,1.0026
1717,7516,15296,fp16,N,T,27,-621295763,0.92617,0.99357,1.0728,4,10,360.7,0,0.8237
262,106,1,bf16,N,T,27,-353,0.00662,0.02413,3.6434,4,360,16.9,0,0.9740
169,6797,2959,bf16,N,N,23,-621292873,0.10367,0.14093,1.3594,4,64,442.0,0,1.1556
644,18,762,bf16,T,N,69,-621289993,0.02800,0.05177,1.8490,4,181,37.7,0,0.9944
11351,15545,15562,bf16,T,T,20,-621285693,11.18305,11.59565,1.0369,4,5,138.0,0,0.6729
2096,50,22,bf16,T,N,69,-611,0.00660,0.02609,3.9565,4,336,77.9,0,1.0936
4625,13,2,bf16,T,N,69,-611,0.00679,0.02638,3.8853,4,340,38.1,0,0.9707
3162,4204,3056,fp16,T,N,71,-621296118,0.21186,0.21252,1.0031,4,37,463.5,0,0.6775
3,54,54,fp32,N,T,374,-621283588,0.00551,0.00569,1.0320,4,1486,2.4,0,0.9898
21,38,1676,fp16,N,T,33,-409,0.03414,0.07421,2.1736,4,129,5.9,0,0.9736
397,30,831,bf16,N,N,23,-258,0.02882,0.05441,1.8882,4,164,26.3,0,0.9846
9943,16556,10949,fp32,T,T,66,-621291421,35.39231,35.76228,1.0105,4,5,51.4,0,0.9661
330,134,3,fp32,N,T,208,-621283475,0.00675,0.00651,0.9640,4,1463,27.0,0,0.9949
2627,2893,3623,fp32,T,N,306,-621284353,0.60158,0.66351,1.1029,4,15,183.5,0,0.7853
15,315,4,fp32,N,N,322,-621284002,0.00638,0.00637,0.9982,4,1495,3.8,0,0.9835
157,82,55,fp16,N,T,27,-408,0.00678,0.02623,3.8691,4,353,11.5,0,1.0034
15437,63,11,fp16,T,N,71,-380,0.00673,0.01966,2.9211,4,466,628.5,0,1.0090
8504,432,366,fp16,T,N,71,-621296107,0.02421,0.03828,1.5810,4,215,877.1,0,1.0213
496,4035,3588,bf16,T,T,20,-621285691,0.14228,0.14235,1.0005,4,66,284.8,0,0.9933
3065,3682,14639,bf16,T,T,20,-621285697,0.75769,0.80238,1.0590,4,11,320.3,0,0.6574
169,24212,18,bf16,N,N,17,-262,0.01446,0.01550,1.0720,4,497,1192.5,0,0.9976
1346,842,2833,fp16,T,T,22,-621291510,0.11561,0.11623,1.0054,4,76,146.5,0,0.9877
5869,4060,108,bf16,N,N,17,-621292873,0.05660,0.06937,1.2256,4,134,1722.0,0,1.0971
10,26,934,bf16,N,T,32,-350,0.02195,0.05092,2.3201,4,173,3.1,0,1.0713
11282,7902,187,fp16,T,T,22,-621291503,0.22704,0.29079,1.2808,4,35,1602.3,0,0.8233
358,1391,3753,bf16,N,N,23,-621292873,0.12536,0.17151,1.3681,4,57,120.6,0,0.9992
3,51,14660,fp32,T,N,208,-621284195,0.01193,0.02050,1.7182,4,329,265.5,0,0.9861
10585,12238,163,fp32,N,N,292,-621283871,0.51378,0.55013,1.0708,4,18,1037.5,0,0.6642
69,12784,60,fp32,T,N,254,-621284335,0.00661,0.00690,1.0438,4,1113,1000.4,0,0.9934
60,122,2699,fp32,N,T,383,-621283524,0.01174,0.01840,1.5665,4,476,169.8,0,0.9741
35,13,1,bf16,N,N,17,-257,0.00576,0.02451,4.2527,4,345,0.3,0,0.9898
611,15402,1546,fp16,N,T,33,-621295771,0.12138,0.12183,1.0038,4,65,718.1,0,0.6627
12131,3961,6,fp32,N,T,204,-621292954,0.07516,0.11440,1.5221,4,86,2562.5,0,0.9708
23092,9193,11602,fp16,N,N,17,-621294415,10.57457,13.91383,1.3158,4,5,151.1,0,0.8391
4,9753,14,fp16,T,T,5,-449,0.00665,0.00650,0.9774,4,1481,64.5,0,0.9841
296,108,117,bf16,T,T,20,-150,0.00790,0.01915,2.4254,4,472,28.2,0,0.9852
18377,2,8,bf16,T,T,20,-150,0.00680,0.01442,2.1207,4,527,64.9,0,1.0134
233,205,210,fp16,N,N,17,-170,0.01521,0.03464,2.2771,4,270,24.6,0,0.9992
2,8,52,fp32,N,N,426,-621293369,0.00665,0.00656,0.9868,4,1532,0.3,0,1.1543
10336,828,14664,bf16,T,T,20,-621285697,0.68314,0.72417,1.0601,4,13,529.4,0,0.7533
3,3,16887,fp16,N,T,33,-409,0.28977,0.54382,1.8767,4,19,0.7,0,0.9650
867,269,105,bf16,N,N,17,-257,0.00952,0.03003,3.1535,4,297,123.0,0,1.0073
65,1356,382,fp32,N,N,306,-621293231,0.00624,0.00657,1.0530,4,1139,404.8,0,1.0305
550,1703,452,fp32,T,T,66,-621283257,0.01601,0.01634,1.0204,4,490,488.3,0,0.7712
30,3,21135,bf16,N,N,8,-258,0.66317,0.81695,1.2319,4,13,2.1,0,0.9729
196,1075,15430,fp32,T,N,354,-621293540,0.13262,0.14535,1.0959,4,61,597.8,0,0.7285
320,51,5,bf16,T,T,20,-153,0.00560,0.01331,2.3767,4,646,12.3,0,0.9799
422,194,21875,bf16,T,T,20,-621285696,0.74976,0.76518,1.0206,4,14,36.4,0,1.0023
23,9,37,fp16,N,T,27,-408,0.00659,0.02518,3.8195,4,368,0.5,0,1.1199
288,1043,90,fp32,T,T,66,-621283248,0.00652,0.00639,0.9807,4,1338,257.8,0,1.0184
2,95,27,bf16,N,T,27,-353,0.00690,0.02311,3.3510,4,393,0.9,0,1.1125
532,9928,4316,bf16,N,T,32,-621290049,0.16968,0.20097,1.1844,4,48,656.6,0,0.7873
1,17723,26027,fp16,N,T,34,-9,0.43622,0.91994,2.1089,4,11,2115.2,0,1.0049
106,4238,18818,fp32,T,N,393,-621284171,0.30152,0.40842,1.3545,4,24,1090.4,0,0.7524
2987,7909,687,fp16,T,N,71,-621296105,0.12519,0.13879,1.1086,4,68,874.4,0,0.6310
2614,1248,2344,fp32,N,T,356,-621283678,0.16534,0.19234,1.1633,4,55,297.9,0,0.8122
13,9,3,bf16,T,N,69,-616,0.00663,0.02425,3.6567,4,328,0.1,0,0.9770
2772,5052,3715,bf16,N,N,17,-621292877,0.24193,0.24282,1.0037,4,32,471.8,0,0.6998
5,3,3012,fp16,T,T,5,-445,0.09635,0.11223,1.1649,4,83,0.5,0,0.9689
6036,1224,1120,bf16,N,T,32,-621290035,0.06367,0.06857,1.0770,4,144,719.6,0,0.8711
1,116,2,fp16,T,N,5,-9,0.00407,0.00686,1.6857,4,1554,0.2,0,1.1406
28171,339,2414,fp16,N,T,33,-621295776,0.16071,0.16397,1.0203,4,47,1094.2,0,0.6762
195,19,1,fp16,N,T,27,-412,0.00681,0.02397,3.5201,4,368,2.2,0,0.9853
184,200,10,fp32,N,T,259,-621292932,0.00669,0.00645,0.9651,4,1526,24.3,0,1.0280
11972,547,7335,fp32,N,N,292,-621283903,0.99567,1.67663,1.6839,4,6,395.2,0,0.7440
218,6,38,fp16,T,N,5,-386,0.00680,0.02459,3.6144,4,344,3.3,0,1.0712
1,27192,86,fp32,N,T,320,-9,0.00446,0.01381,3.0978,4,603,2122.9,0,1.0169
180,11175,1444,bf16,T,N,77,-621289995,0.04651,0.07525,1.6181,4,109,878.2,0,1.0181
1,48,315,fp16,T,T,5,-9,0.00401,0.01383,3.4524,4,634,7.8,0,0.9777
4456,250,326,fp32,N,T,368,-621292922,0.01250,0.01351,1.0804,4,587,847.3,0,0.8299
6,92,12,fp16,T,T,5,-447,0.00691,0.00714,1.0338,4,1495,0.7,0,0.9899
3585,350,10362,fp32,T,N,354,-621284144,0.34356,0.47984,1.3967,4,20,489.3,0,0.7218
93,3514,2953,bf16,N,N,23,-621292873,0.10160,0.12267,1.2074,4,75,222.5,0,0.9658
86,6875,3455,fp32,T,N,358,-621284145,0.09427,0.22742,2.4126,4,43,1045.6,0,0.6982
32,884,451,bf16,T,T,20,-150,0.02142,0.03001,1.4008,4,274,43.9,0,0.9726
3864,2409,1617,fp32,T,T,66,-621291418,0.33131,0.34253,1.0339,4,23,234.8,0,0.6760
989,25,153,fp32,T,N,306,-621284151,0.00645,0.00638,0.9893,4,1174,111.5,0,0.9907
4356,3094,48,fp16,N,N,17,-621294410,0.02444,0.03650,1.4935,4,258,2235.0,0,0.9726
11,2123,5792,fp16,T,N,78,-389,0.07308,0.21531,2.9461,4,46,339.5,0,0.9957
441,3723,276,fp32,T,T,66,-621283250,0.01632,0.02070,1.2680,4,391,683.9,0,0.9596
217,27,1,fp32,N,T,217,-621283472,0.00672,0.00645,0.9610,4,1625,3.6,0,0.9899
2380,5112,11376,fp16,T,N,71,-621296108,0.66462,0.75258,1.1323,4,13,329.7,0,0.7248
19983,23,4013,fp32,T,N,344,-621293585,0.12846,0.16713,1.3010,4,58,2514.1,0,0.6556
2525,15440,4515,fp32,T,T,66,-621283233,3.63952,3.95310,1.0862,4,5,132.0,0,0.6565
166,479,2,bf16,N,T,27,-353,0.00665,0.02214,3.3299,4,381,48.2,0,0.9710
142,629,24502,fp16,T,N,79,-621296106,0.48907,0.74675,1.5269,4,14,78.0,0,1.0013
3,16275,1515,fp16,T,T,5,-445,0.07457,0.09449,1.2670,4,99,664.0,0,1.0120
29929,46,9722,fp16,T,N,78,-621296107,0.29555,0.46631,1.5778,4,20,1990.7,0,0.6926
6,14027,45,fp16,T,N,5,-380,0.00698,0.02512,3.5972,4,321,229.1,0,1.1458
22402,848,2304,bf16,N,T,27,-621290049,0.24731,0.32800,1.3263,4,29,740.5,0,0.6650
8,112,583,fp32,T,N,330,-621284106,0.00560,0.00578,1.0326,4,1328,50.6,0,1.2322
2691,17551,11106,bf16,N,T,27,-621290049,2.20508,2.43247,1.1031,4,5,289.6,0,0.8296
13,10,31,bf16,T,N,69,-607,0.00673,0.02593,3.8537,4,357,0.3,0,0.9656
468,3543,8781,fp16,T,N,78,-621296106,0.20231,0.34479,1.7043,4,28,381.0,0,1.0227
324,3,469,fp16,N,N,2,-170,0.02972,0.02973,1.0001,4,268,10.5,0,0.9860
157,37,450,fp32,N,T,365,-621283522,0.00622,0.00634,1.0191,4,1314,59.8,0,0.9949
11810,2940,2,fp16,N,N,17,-621294402,0.05458,0.06133,1.1236,4,157,2545.7,0,0.9562
184,9710,13437,bf16,N,N,23,-621292871,0.47562,0.47828,1.0056,4,20,574.1,0,1.0038
1686,66,734,fp32,N,T,403,-621283613,0.00813,0.01046,1.2868,4,721,687.3,0,0.9578
926,3099,2917,fp16,T,N,77,-621296100,0.08156,0.13238,1.6230,4,72,428.6,0,0.9529
11,458,48,bf16,N,T,27,-349,0.00672,0.02366,3.5181,4,348,9.7,0,0.9745
12,9,927,bf16,T,T,20,-150,0.03966,0.04564,1.1508,4,207,1.0,0,1.0010
34,1,49,fp32,N,N,111,-621293383,0.00659,0.00631,0.9569,4,1882,1.1,0,0.9890
472,16149,7632,fp32,T,N,306,-621293426,1.29149,1.36041,1.0534,4,7,416.5,0,0.7008
16269,2298,10581,fp16,N,N,17,-621294412,1.62914,1.60763,0.9868,4,7,333.0,0,0.8873
2104,788,5869,fp32,T,T,66,-621291435,0.26558,0.30771,1.1586,4,28,280.6,0,0.7066
9626,18,118,fp16,T,T,22,-445,0.00828,0.01947,2.3515,4,446,358.6,0,0.9892
2695,88,2265,fp16,T,T,22,-621291505,0.09447,0.09509,1.0065,4,98,143.5,0,0.9921
3,271,3,fp16,T,T,5,-446,0.00577,0.00601,1.0408,4,1526,0.8,0,1.1204
8438,123,33,fp16,N,T,27,-408,0.00593,0.02715,4.5814,4,307,795.9,0,1.0228
31522,3951,19,fp32,T,T,66,-621291424,0.27118,0.30586,1.1279,4,33,1847.0,0,0.6773
18786,8939,14889,fp16,N,N,17,-621294414,11.06296,13.52400,1.2225,4,5,135.3,0,0.7884
1453,14,94,bf16,T,N,69,-607,0.00851,0.02944,3.4606,4,305,42.0,0,0.9804
3138,3303,353,fp32,N,T,314,-621283645,0.09729,0.10361,1.0649,4,76,519.6,0,0.6600
10732,3,1,fp16,N,N,2,-173,0.00687,0.00659,0.9596,4,1483,21.9,0,0.9860
11385,140,4534,bf16,N,T,32,-621290045,0.11022,0.17499,1.5876,4,49,1006.0,0,0.9983
7740,29,75,fp16,N,N,17,-170,0.00779,0.02881,3.6976,4,309,264.8,0,0.9865
6217,278,279,fp16,T,N,71,-621296106,0.02021,0.03091,1.5290,4,281,521.3,0,1.0124
1377,13080,441,fp16,N,T,27,-621295773,0.09655,0.11739,1.2158,4,86,878.2,0,0.6350
23530,18,72,fp32,T,T,112,-621283254,0.00570,0.02386,4.1841,4,362,1486.5,0,0.9989
1246,5633,5,fp32,N,N,264,-621283778,0.01170,0.01464,1.2515,4,589,2411.8,0,0.9360
180,2043,3289,fp16,N,N,22,-621294410,0.11191,0.15566,1.3909,4,63,143.8,0,0.9770
4,4234,1,fp16,T,T,5,-448,0.00558,0.00576,1.0320,4,1792,13.7,0,1.0120
975,29984,61,bf16,N,N,17,-621292872,0.05062,0.05038,0.9952,4,177,2384.6,0,0.8666
18860,22,1253,bf16,N,T,32,-621290045,0.04274,0.06387,1.4942,4,139,1145.9,0,1.0039
4546,2221,27786,fp32,N,N,292,-621283827,6.48882,9.60138,1.4797,4,5,122.1,0,0.6156
20078,122,4612,bf16,N,N,23,-621292872,0.18820,0.20246,1.0758,4,46,1042.1,0,0.8717
2324,11186,10668,fp16,N,N,17,-621294414,1.38020,1.67684,1.2149,4,6,284.2,0,0.7976
110,281,6,fp16,T,T,22,-447,0.00554,0.01344,2.4247,4,601,23.1,0,0.9790
242,36,3128,bf16,T,N,78,-617,0.02837,0.13974,4.9249,4,68,62.5,0,0.9964
7486,97,2025,fp32,T,T,66,-621291428,0.05761,0.08209,1.4249,4,128,1116.5,0,0.6474
581,6831,1670,fp32,T,T,66,-621283260,0.16751,0.16656,0.9943,4,48,390.3,0,0.6953
998,1,6663,fp16,N,T,34,-9,0.01001,0.13702,13.6825,4,65,1329.8,0,0.9696
6517,2340,1650,fp32,N,N,292,-621283898,0.53812,0.58921,1.0949,4,18,222.0,0,0.7913
521,3,9027,bf16,T,N,13,-619,0.14165,0.15555,1.0981,4,61,66.8,0,0.9745
969,2889,3,fp32,N,N,264,-621293162,0.00627,0.00716,1.1426,4,1011,1793.4,0,0.9131
1,1,19,fp16,T,T,5,-9,0.00386,0.00684,1.7725,4,1611,0.0,0,0.9761
21664,1247,1573,fp32,T,T,66,-621291421,0.86895,0.87290,1.0045,4,11,290.3,0,0.6670
819,4142,73,bf16,T,N,69,-621289995,0.01513,0.02123,1.4030,4,386,944.4,0,0.9849
2485,3321,1204,fp16,T,N,75,-621296087,0.08360,0.09071,1.0850,4,110,562.1,0,0.9255
111,1,5866,bf16,T,N,10,-619,0.03196,0.03399,1.0637,4,240,41.1,0,1.0285
14118,14898,5329,fp16,T,T,22,-621291506,4.34420,4.39694,1.0121,4,5,264.9,0,0.8588
16693,23,2,bf16,N,N,17,-262,0.00670,0.02499,3.7296,4,343,239.2,0,0.9850
4957,8360,19853,bf16,N,T,27,-621290049,3.62416,4.38527,1.2100,4,5,191.6,0,0.8153
4,4,1959,bf16,N,N,8,-258,0.05698,0.07353,1.2905,4,111,0.6,0,1.1994
24670,697,14129,fp16,T,T,22,-621291506,1.08586,1.10552,1.0181,4,9,723.5,0,0.8869
698,5749,815,fp32,T,T,66,-621291425,0.08516,0.08662,1.0170,4,76,435.3,0,0.7105
309,10,1903,fp32,N,T,364,-621293097,0.00986,0.01338,1.3571,4,605,247.6,0,0.9677
7,14,18187,fp16,N,N,22,-171,0.35854,0.54571,1.5220,4,19,2.1,0,1.0066
488,315,848,fp16,N,T,33,-409,0.02671,0.05173,1.9364,4,178,74.0,0,1.0051
2,1229,85,fp16,T,T,5,-445,0.00684,0.00667,0.9752,4,1272,32.1,0,1.0114
22431,5617,2644,fp16,T,T,22,-621291506,1.50345,1.55895,1.0369,4,7,433.9,0,0.7626
1,53,5,fp32,T,T,21,-621283254,0.00665,0.00633,0.9508,4,1529,0.2,0,1.1278
10885,11571,169,bf16,N,N,17,-621292874,0.28174,0.43433,1.5416,4,23,1815.1,0,0.7769
134,565,510,fp16,T,N,71,-386,0.02266,0.04088,1.8038,4,206,44.8,0,0.9763
4742,144,60,fp16,N,T,27,-408,0.00777,0.02786,3.5876,4,322,427.2,0,0.9972
3,79,1308,fp32,T,T,44,-621283250,0.01527,0.02778,1.8196,4,340,28.2,0,1.0031
1523,9724,3901,bf16,N,T,27,-621290048,0.28342,0.29044,1.0248,4,29,518.6,0,0.7367
8912,1,62,fp16,T,T,23,-9,0.00395,0.01726,4.3707,4,453,288.9,0,0.9885
271,435,64,bf16,N,T,27,-349,0.00661,0.02114,3.2003,4,431,85.1,0,0.9908
12,2,1763,fp16,T,N,9,-387,0.01459,0.01819,1.2467,4,365,3.4,0,0.9885
2779,5563,2919,fp16,T,N,71,-621296116,0.21208,0.21079,0.9939,4,37,521.2,0,0.6740
2200,741,56,bf16,N,T,27,-349,0.01215,0.02810,2.3130,4,306,563.9,0,0.9761
187,22,657,fp16,N,T,27,-621295773,0.02740,0.04578,1.6710,4,205,10.6,0,0.9912
7,1,638,fp32,T,N,135,-9,0.00449,0.00578,1.2872,4,1281,4.6,0,0.9968
10397,386,438,fp32,T,N,296,-621284041,0.05120,0.06860,1.3399,4,111,682.6,0,0.6733
1109,1244,2,fp16,N,T,27,-412,0.00700,0.02303,3.2884,4,370,789.3,0,0.9866
15036,448,17375,fp32,T,N,306,-621284091,2.55529,2.57906,1.0093,4,5,431.7,0,0.6710
5343,151,134,bf16,N,T,27,-349,0.01425,0.03043,2.1358,4,275,329.8,0,1.0052
548,3947,6829,bf16,T,N,79,-621289993,0.16249,0.28054,1.7264,4,34,431.1,0,0.9573
2687,20094,54,fp32,T,T,66,-621283234,0.15974,0.18147,1.1361,4,52,1382.9,0,0.6870
2841,2600,2506,bf16,T,N,76,-621289995,0.10177,0.13409,1.3177,4,70,558.3,0,0.6519
2,13902,15,bf16,T,T,4,-153,0.00671,0.00650,0.9693,4,1498,78.8,0,0.9801
1149,2262,1500,fp16,T,N,76,-621296101,0.04922,0.08681,1.7635,4,106,419.1,0,1.0154
21,8,9,bf16,T,N,69,-611,0.00670,0.02244,3.3517,4,394,0.2,0,0.9772
27865,1728,3686,fp16,T,T,22,-621291506,0.75012,0.74680,0.9956,4,13,547.6,0,0.7530
1,10227,2613,bf16,T,N,10,-619,0.03213,0.03629,1.1296,4,222,1665.0,0,0.9838
4,66,28037,fp16,T,N,13,-385,0.02156,0.94952,44.0344,4,11,182.1,0,0.9815
5657,2922,3,bf16,T,T,20,-621285683,0.02358,0.02934,1.2445,4,316,2806.3,0,0.9196
28627,5136,668,fp16,N,T,27,-621295763,0.59397,0.61964,1.0432,4,15,1066.1,0,0.7327
693,7147,271,fp32,T,T,66,-621291447,0.05514,0.05995,1.0872,4,156,513.4,0,0.7584
49,775,6511,fp32,T,T,66,-621283250,0.06508,0.08140,1.2508,4,116,332.1,0,0.9747
1,484,2360,fp32,N,N,321,-621293360,0.00972,0.01375,1.4150,4,592,471.4,0,0.9882
6984,14947,21760,bf16,T,T,20,-621285693,8.61198,9.90644,1.1503,4,5,159.3,0,0.6676
7,542,5435,fp16,N,T,33,-621295777,0.11509,0.11615,1.0092,4,82,52.0,0,0.9487
1026,46,4792,fp16,T,N,78,-621296106,0.10924,0.21143,1.9355,4,45,95.8,0,0.9993
3957,9687,196,bf16,T,T,20,-621285683,0.09332,0.14792,1.5851,4,67,1700.4,0,0.9099
210,178,16546,fp16,T,T,22,-621291510,0.56964,0.58098,1.0199,4,18,22.8,0,0.9786
3136,21,13748,fp32,T,T,66,-621291435,0.18679,0.85440,4.5742,4,12,930.9,0,1.0110
20655,5147,9019,fp16,N,T,27,-621295777,4.03348,4.32465,1.0722,4,5,220.8,0,0.9544
1670,21,817,bf16,N,N,23,-258,0.03101,0.05752,1.8550,4,154,93.6,0,0.9695
29700,137,4570,fp32,T,N,310,-621284192,0.56515,0.72646,1.2854,4,13,993.9,0,0.7148
58,9447,7470,fp32,T,N,368,-621284172,0.18282,0.47678,2.6079,4,21,1565.5,0,0.7519
1995,8089,12117,fp32,N,T,312,-621283638,3.98824,4.24734,1.0650,4,5,138.7,0,0.6413
5298,38,1,bf16,N,N,17,-257,0.00681,0.02509,3.6860,4,348,119.9,0,0.9794
2755,5249,16877,fp16,N,T,27,-621295765,1.19012,1.17666,0.9887,4,8,275.6,0,0.8497
9,247,2,fp16,T,N,71,-386,0.00667,0.01573,2.3574,4,602,1.5,0,0.9790
15946,149,1287,fp32,N,N,310,-621283935,0.09639,0.09705,1.0069,4,77,958.2,0,0.6683
231,10,11746,fp16,N,T,33,-621295773,0.22805,0.38820,1.7022,4,26,24.9,0,0.9830
9,12281,111,bf16,N,T,27,-349,0.00980,0.02690,2.7463,4,337,323.6,0,0.9997
7469,20,8493,fp16,T,N,78,-621296103,0.19851,0.31323,1.5779,4,30,643.8,0,1.0219
10372,31041,1800,fp32,N,T,312,-621283630,11.11982,11.15494,1.0032,4,5,142.6,0,0.8012
1310,7,8,fp32,T,N,278,-621293743,0.00654,0.00648,0.9914,4,1390,12.1,0,0.9727
4283,2141,2071,bf16,N,T,32,-621290049,0.11351,0.12563,1.1067,4,62,557.5,0,0.8781
447,24595,535,bf16,N,T,27,-621290048,0.06797,0.07443,1.0951,4,130,1041.3,0,0.7826
32737,1337,2251,fp32,N,N,292,-621283903,1.92256,2.14247,1.1144,4,5,250.6,0,0.6834
11,28,14,fp32,N,N,382,-621293392,0.00636,0.00640,1.0066,4,1597,0.5,0,1.1460
25044,8,182,fp32,T,N,345,-621284151,0.00902,0.01156,1.2809,4,743,2109.8,0,1.0638
5806,74,2753,fp32,T,T,66,-621291435,0.04699,0.07975,1.6970,4,104,1414.5,0,0.6494
2485,1404,7579,bf16,N,T,32,-621290049,0.20191,0.30055,1.4885,4,33,361.1,0,1.0176
4,2,4,fp32,T,T,112,-621291444,0.00573,0.00638,1.1127,4,1604,0.0,0,0.9579
1831,9459,570,fp16,T,N,71,-621296066,0.08227,0.09748,1.1849,4,90,998.6,0,0.6553
4,26242,6784,fp32,T,N,407,-621293568,0.20520,0.56026,2.7303,4,17,3472.8,0,0.9103
12,5612,140,fp16,T,T,22,-445,0.00736,0.01968,2.6724,4,456,250.4,0,0.9806
10,100,395,fp16,T,N,71,-386,0.01613,0.03231,2.0029,4,274,5.6,0,0.9955
8687,28888,61,bf16,T,N,69,-621289955,0.35453,0.38331,1.0812,4,27,2844.3,0,0.7046
8,4,257,bf16,T,T,20,-150,0.01276,0.02217,1.7372,4,406,0.5,0,0.9742
10784,11785,23483,fp16,T,N,71,-621296119,11.47310,16.22429,1.4141,4,5,136.7,0,0.6761
1,13,349,bf16,T,T,4,-9,0.00386,0.01768,4.5790,4,470,2.5,0,0.9731
696,5496,2584,fp32,N,N,336,-621293193,0.24457,0.24933,1.0194,4,32,324.2,0,0.6328
2,2,24758,fp32,N,T,507,-621292963,0.01104,0.01060,0.9595,4,578,35.9,0,0.9386
24,13646,52,fp32,T,T,112,-621283248,0.00665,0.02065,3.1029,4,431,624.2,0,1.1446
486,171,11,fp32,T,T,66,-621283258,0.00668,0.00640,0.9578,4,1510,54.1,0,1.0035
14585,31497,1673,bf16,T,N,69,-621290007,3.29247,3.66226,1.1123,4,5,604.9,0,0.8082
80,20,7,bf16,N,N,17,-262,0.00696,0.02459,3.5306,4,356,1.1,0,0.9795
26963,1733,16277,fp16,N,N,17,-621294413,3.63205,4.28701,1.1803,4,5,308.7,0,0.7030
27,12,2671,fp32,N,T,403,-621292960,0.00865,0.00849,0.9818,4,877,48.3,0,0.9575
3615,4796,13663,fp32,N,T,312,-621293072,4.70803,4.98941,1.0598,4,5,112.4,0,0.7461
17,78,17,fp16,N,T,27,-408,0.00675,0.02268,3.3585,4,361,1.3,0,0.9602
112,2796,114,bf16,N,T,27,-349,0.00972,0.02764,2.8424,4,337,197.0,0,0.9955
3016,1,55,fp16,T,N,4,-9,0.00419,0.00857,2.0466,4,973,82.2,0,1.0104
2042,297,119,fp16,N,N,17,-170,0.01242,0.03058,2.4629,4,272,240.2,0,0.9972
3794,5,32061,fp16,N,T,33,-621295773,0.60086,1.05644,1.7582,4,10,405.5,0,0.9980
6629,817,19609,fp32,N,N,292,-621283964,2.33785,3.54886,1.5180,4,5,259.1,0,0.6843
5170,21,1053,fp32,T,N,326,-621284151,0.01240,0.02199,1.7741,4,421,1798.8,0,0.9223
9324,2535,12462,bf16,T,T,20,-621285698,1.48158,1.47687,0.9968,4,7,263.3,0,0.7581
2,1184,6563,bf16,T,T,4,-150,0.34293,0.68019,1.9835,4,15,45.4,0,1.2541
11593,22421,11183,fp32,T,T,66,-621291421,58.06704,58.48818,1.0073,4,5,44.1,0,0.9029
32666,1934,154,bf16,T,T,20,-621285683,0.16227,0.20324,1.2525,4,49,1623.0,0,0.8288
156,177,4601,fp16,T,T,22,-621291507,0.17261,0.17419,1.0091,4,55,18.4,0,0.9677
61,7,33,fp16,N,N,2,-170,0.00580,0.00600,1.0336,4,1614,1.1,0,1.0122
329,5479,5869,bf16,T,T,20,-621285684,0.24530,0.24906,1.0153,4,38,307.3,0,1.0283
7,16635,84,fp16,T,T,5,-445,0.00574,0.00728,1.2696,4,1044,568.6,0,1.1193
13020,10121,10163,bf16,T,T,20,-621285693,4.84911,4.96104,1.0231,4,5,205.7,0,0.7739
1063,14,6639,fp16,T,N,78,-621296106,0.14286,0.24364,1.7054,4,40,100.5,0,0.9604
259,16072,51,fp16,T,N,71,-621296069,0.01439,0.02741,1.9056,4,293,1273.2,0,1.0238
119,9566,44,fp16,N,N,17,-170,0.00837,0.02712,3.2401,4,329,645.8,0,0.9847
13,347,12883,fp32,T,T,66,-621283250,0.12607,0.79582,6.3128,4,13,147.3,0,1.1517
8610,9,35,bf16,N,T,27,-349,0.00682,0.02562,3.7591,4,347,134.0,0,1.0011
22088,21364,2747,fp16,N,N,17,-621294414,5.78955,7.09308,1.2252,4,5,367.3,0,0.8927
28,96,15,bf16,T,T,20,-151,0.00661,0.01353,2.0473,4,636,2.2,0,0.9839
3561,21679,600,fp16,T,N,71,-621296113,0.30518,0.34391,1.1269,4,27,1111.1,0,0.6700
24,933,27494,fp32,N,N,306,-621283955,0.20510,1.70791,8.3272,4,6,513.6,0,1.2920
494,24013,451,bf16,T,N,69,-621289960,0.06040,0.07337,1.2146,4,134,1151.5,0,0.9144
250,16,829,fp16,N,T,33,-409,0.01986,0.05142,2.5888,4,162,23.0,0,1.1638
19361,2879,238,fp32,T,T,66,-621283233,0.33209,0.35669,1.0741,4,25,735.1,0,0.6885
5,2158,206,fp16,T,N,5,-386,0.01081,0.03007,2.7806,4,310,86.4,0,0.9772
241,8,238,fp32,N,T,373,-621293096,0.00640,0.00644,1.0060,4,1285,38.2,0,0.9921
15633,14950,679,bf16,T,T,20,-621285695,1.01210,0.99651,0.9846,4,10,964.7,0,0.7378
14,28,1228,fp32,T,T,112,-621283250,0.01435,0.02594,1.8077,4,312,14.5,0,0.9758
2932,40,791,fp16,T,N,75,-621296104,0.02952,0.04990,1.6907,4,172,175.2,0,1.0067
142,11415,1214,fp32,N,T,318,-621293008,0.06799,0.09774,1.4374,4,101,920.7,0,0.6517
57,1,73,fp16,N,T,28,-9,0.00383,0.02681,6.9947,4,344,2.3,0,0.9711
14166,232,3697,fp16,T,T,22,-621291503,0.15791,0.18508,1.1721,4,51,757.4,0,0.9942
3,2471,6,fp32,T,N,174,-621284337,0.00645,0.00616,0.9551,4,1449,13.8,0,0.9823
880,628,7241,fp16,T,N,78,-621296106,0.15781,0.26834,1.7004,4,37,152.4,0,1.0208
219,17823,2026,bf16,T,T,20,-621285686,0.09970,0.11978,1.2014,4,77,889.9,0,1.0058
1367,409,25805,bf16,T,T,20,-621285687,1.01437,1.01635,1.0020,4,11,92.6,0,1.1552
4,2,1272,fp16,N,N,7,-171,0.02838,0.05328,1.8771,4,156,0.5,0,0.9957
89,3111,574,bf16,T,N,69,-621289995,0.02534,0.04529,1.7873,4,208,188.7,0,1.0172
891,6,3063,bf16,N,T,32,-621290045,0.07193,0.12173,1.6924,4,72,76.7,0,1.0203
1668,14610,18,fp16,T,N,71,-621296072,0.04480,0.07746,1.7290,4,124,2188.9,0,1.0008
672,4036,2,fp16,N,T,27,-408,0.00719,0.02404,3.3418,4,363,1510.8,0,0.9876
111,794,10374,fp16,N,N,22,-171,0.28708,0.31737,1.1055,4,32,66.6,0,0.9703
6017,10,17,bf16,T,T,20,-151,0.00585,0.01548,2.6475,4,559,76.2,0,0.9951
378,3908,64,bf16,N,T,27,-349,0.01219,0.02188,1.7945,4,365,529.6,0,1.1663
19949,115,7,fp16,N,N,17,-173,0.00713,0.02674,3.7483,4,348,1325.7,0,1.0057
394,20074,4580,fp16,N,T,33,-621295776,0.24179,0.24911,1.0303,4,36,906.3,0,0.6531
300,237,202,fp16,N,N,17,-170,0.01485,0.03401,2.2902,4,267,33.8,0,0.9783
8805,13529,17467,bf16,N,T,27,-621290049,9.09146,9.42016,1.0362,4,5,138.2,0,0.7043
11956,4513,5914,fp16,N,T,27,-621295781,1.47865,1.52914,1.0341,4,7,277.7,0,0.8377
8040,44,298,fp16,N,T,27,-408,0.02004,0.03539,1.7662,4,243,311.1,0,0.9723
168,137,59,bf16,T,T,20,-152,0.00664,0.01656,2.4933,4,454,19.3,0,0.9842
315,23713,9437,bf16,N,N,23,-621292873,0.52205,0.51908,0.9943,4,19,925.9,0,0.7227
523,14732,1006,fp32,T,T,66,-621283236,0.21102,0.20140,0.9544,4,41,437.0,0,0.7685
2764,2236,443,bf16,N,T,27,-621290049,0.03787,0.04804,1.2683,4,195,769.7,0,0.9962
13,3,1,fp16,N,N,2,-170,0.00686,0.00650,0.9470,4,1561,0.0,0,1.1472
125,8193,7507,fp16,N,N,22,-621294410,0.29040,0.31474,1.0838,4,30,444.2,0,1.0088
3223,28579,4,bf16,N,N,17,-621292875,0.13459,0.28780,2.1384,4,35,2739.4,0,0.8638
13164,12985,14841,fp16,N,N,17,-621294414,10.92661,14.89706,1.3634,4,5,133.6,0,0.6637
49,4,424,fp32,T,T,66,-621291435,0.00692,0.00800,1.1563,4,950,13.1,0,0.9735
2603,2019,8245,fp32,N,T,312,-621283677,0.92222,0.99022,1.0737,4,9,188.1,0,0.6767
90,4,43,fp32,N,T,352,-621293087,0.00557,0.00586,1.0509,4,1535,3.2,0,0.9667
10256,4608,238,fp16,N,T,27,-621295763,0.13901,0.14001,1.0072,4,66,1410.7,0,0.7404
105,45,292,bf16,T,N,69,-616,0.01748,0.03601,2.0596,4,235,6.1,0,0.9884
12,12372,17297,fp16,N,T,33,-621295777,0.36686,0.62451,1.7023,4,17,1169.4,0,0.9759
303,4299,8770,fp32,T,T,66,-621283240,0.39651,0.60929,1.5367,4,16,420.3,0,0.6614
773,334,5,bf16,T,N,69,-607,0.00674,0.02599,3.8561,4,329,154.8,0,0.9807
1402,25144,2116,bf16,N,T,27,-621290035,0.37262,0.38801,1.0413,4,23,679.9,0,0.8975
30,2873,24870,fp32,T,N,380,-621284137,0.12785,0.21558,1.6861,4,43,2261.4,0,0.6366
4298,76,56,fp32,N,N,360,-621283785,0.00646,0.00631,0.9758,4,1343,353.7,0,1.1652
91,19,7,bf16,T,T,20,-153,0.00668,0.01293,1.9368,4,676,1.3,0,0.9977
974,1012,1130,fp16,N,T,33,-621295773,0.03850,0.06050,1.5714,4,142,219.0,0,1.1250
12,394,309,bf16,N,N,17,-621292873,0.02237,0.03570,1.5959,4,256,12.1,0,0.9958
4251,112,19,fp32,T,N,238,-621293739,0.00554,0.00796,1.4376,4,901,403.8,0,0.9933
5,8,32,bf16,N,T,27,-349,0.00552,0.01986,3.6003,4,412,0.2,0,0.9900
10081,5831,28347,bf16,N,N,17,-621292873,7.91191,7.89762,0.9982,4,5,143.7,0,0.6897
1813,30,9995,bf16,T,T,20,-621285697,0.34837,0.35788,1.0273,4,27,106.4,0,1.1430
1625,2158,2953,fp32,N,N,292,-621293247,0.23472,0.26847,1.1438,4,31,250.1,0,0.7547
29,3516,10,fp16,N,T,27,-412,0.00559,0.02259,4.0395,4,361,85.6,0,0.9680
5072,284,3,fp16,N,T,27,-408,0.00579,0.02554,4.4109,4,364,1000.5,0,1.0090
450,8,4,fp32,N,N,374,-621283776,0.00560,0.00590,1.0528,4,1580,3.9,0,0.9856
11358,9369,8194,fp32,T,T,66,-621283236,16.56916,16.54611,0.9986,4,5,66.7,0,0.6975
506,1111,289,bf16,T,T,20,-150,0.02113,0.02540,1.2023,4,339,150.7,0,0.9172
9314,20987,1209,fp32,N,N,292,-621283869,4.43904,5.26655,1.1864,4,5,209.2,0,0.6644
13167,4,15,bf16,T,T,20,-153,0.00660,0.01455,2.2056,4,602,91.8,0,0.9656
265,3541,26094,bf16,N,T,32,-621290049,0.52485,0.89941,1.7136,4,12,385.6,0,1.1608
428,24728,16,bf16,T,T,20,-621285683,0.02337,0.03675,1.5727,4,254,1846.2,0,0.9497
1185,2477,30191,fp32,N,N,292,-621283947,2.13418,2.33355,1.0934,4,5,212.7,0,0.7842
41,1,15,fp32,N,T,250,-621293081,0.00631,0.00640,1.0148,4,1608,0.4,0,0.9858
25262,4601,2252,bf16,N,T,27,-621290035,1.16485,1.22078,1.0480,4,8,514.6,0,0.8311
748,38,18563,fp32,N,N,334,-621283912,0.08438,1.15141,13.6463,4,9,693.0,0,0.9529
13513,49,8,fp16,N,T,27,-408,0.00669,0.02204,3.2937,4,354,428.2,0,0.9928
4128,13967,1096,fp32,T,T,66,-621291422,1.22917,1.23906,1.0080,4,8,252.2,0,0.6689
2329,28051,11798,bf16,N,N,17,-621292879,3.39089,4.27637,1.2611,4,5,288.5,0,0.9116
115,3,1326,fp16,T,N,9,-387,0.01532,0.01772,1.1564,4,403,20.5,0,0.9925
10571,7250,20917,bf16,N,T,27,-621290049,6.73813,7.94826,1.1796,4,5,156.1,0,0.7012
9,3,18158,bf16,N,N,8,-258,0.49606,0.64460,1.2994,4,16,0.9,0,1.1502
25,24412,17312,fp32,N,T,342,-621292999,0.60308,1.22234,2.0268,4,8,2810.0,0,0.7433
2060,693,1245,bf16,N,T,32,-621290045,0.04153,0.06733,1.6212,4,131,302.5,0,1.0261
15944,162,4827,bf16,T,T,20,-621285687,0.19673,0.20638,1.0491,4,42,842.9,0,1.0015
1016,12,11751,bf16,T,T,20,-621285696,0.40498,0.41589,1.0269,4,24,59.8,0,0.9686
10846,370,5408,fp32,T,N,349,-621284353,0.46704,0.80826,1.7306,4,12,553.9,0,0.6746
293,1,1112,bf16,T,T,21,-9,0.01069,0.05258,4.9201,4,184,61.3,0,0.9749
5922,63,1458,bf16,T,T,20,-621285689,0.06602,0.06689,1.0133,4,144,287.0,0,1.0139
46,43,18,fp16,N,T,27,-408,0.00560,0.02478,4.4297,4,352,2.0,0,0.9823
10013,12348,6628,bf16,N,T,27,-621290057,3.26264,3.25161,0.9966,4,5,242.4,0,0.8981
14251,5424,3,bf16,N,T,27,-621290033,0.10709,0.10972,1.0246,4,89,2888.3,0,0.8561
3946,7,205,fp16,N,N,2,-170,0.01468,0.01468,1.0002,4,540,118.0,0,0.9953
44,3423,705,fp32,N,N,306,-621283887,0.01068,0.01527,1.4301,4,517,971.8,0,1.0071
246,2759,773,fp16,T,T,22,-621291502,0.04398,0.04409,1.0025,4,205,167.4,0,0.9853
12464,4887,1629,fp32,T,N,296,-621284348,2.05106,3.01921,1.4720,4,5,173.9,0,0.6574
14,1074,18628,fp16,N,T,33,-621295777,0.35334,0.59991,1.6978,4,17,114.9,0,0.9778
5154,9871,825,fp16,T,N,71,-621296105,0.27027,0.30062,1.1123,4,29,844.7,0,0.7793
31370,2579,1104,bf16,T,T,20,-621285686,0.49235,0.51805,1.0522,4,18,809.5,0,0.7731
320,10772,725,bf16,N,T,27,-621290049,0.04273,0.04844,1.1338,4,198,699.1,0,0.9996
13211,1880,370,fp32,N,N,292,-621283892,0.23568,0.31940,1.3552,4,30,516.3,0,0.6764
8347,234,1239,fp16,N,T,33,-621295777,0.04309,0.06768,1.5708,4,138,674.9,0,1.0177
292,8029,2,fp16,N,N,17,-173,0.00662,0.02642,3.9905,4,354,1421.2,0,0.9901
28,65,22086,fp16,N,T,33,-621295777,0.41316,0.70480,1.7059,4,15,10.0,0,0.9797
725,3428,594,bf16,T,T,20,-621285689,0.03760,0.03760,0.9999,4,231,395.6,0,1.1743
276,3771,109,fp32,T,N,240,-621293744,0.00883,0.00960,1.0869,4,995,671.3,0,0.8567
30432,339,8646,fp32,T,T,66,-621283243,2.33137,2.71764,1.1657,4,5,474.2,0,0.8371
5031,7701,32,bf16,N,T,27,-621290046,0.07929,0.10051,1.2676,4,99,1964.8,0,0.9924
3332,432,5,fp16,T,N,71,-380,0.00581,0.02191,3.7731,4,383,997.9,0,0.9804
348,16,2481,fp32,N,T,364,-621293002,0.01122,0.01657,1.4771,4,526,324.0,0,1.1557
7,7565,71,fp16,N,T,27,-408,0.00644,0.02484,3.8595,4,363,199.9,0,1.0180
59,65,453,bf16,N,N,17,-621292873,0.02658,0.04118,1.5493,4,211,4.8,0,0.9817
1733,17482,6493,fp16,T,T,22,-621291505,0.92411,0.89495,0.9685,4,11,401.2,0,0.7689
1,8529,311,fp16,T,N,5,-9,0.00759,0.01391,1.8328,4,584,703.4,0,0.9984
107,60,407,bf16,T,N,69,-621289994,0.02163,0.04038,1.8669,4,209,7.5,0,0.9882
1012,15593,952,fp16,N,T,27,-621295771,0.10671,0.12451,1.1669,4,74,887.8,0,0.6608
1278,15302,12269,bf16,T,T,20,-621285694,0.91594,1.02255,1.1164,4,10,529.6,0,0.9530
218,4,7,fp16,T,T,22,-447,0.00681,0.01337,1.9613,4,590,1.0,0,0.9826
7726,10641,6167,fp32,N,T,312,-621283526,9.80226,10.66559,1.0881,4,5,79.8,0,0.6622
10224,2082,22520,fp16,T,T,22,-621291506,2.69796,2.92477,1.0841,4,5,237.0,0,0.6354
29,2877,8,fp32,N,T,236,-621283475,0.00672,0.00655,0.9747,4,1432,63.5,0,1.1260
9,57,4941,fp32,N,T,418,-621283703,0.01131,0.01089,0.9628,4,599,115.5,0,0.9976
6979,32018,10632,bf16,T,N,69,-621290008,8.49601,12.68626,1.4932,4,5,202.8,0,0.7202
31,48,9243,bf16,N,N,23,-621292873,0.28241,0.28314,1.0026,4,34,5.2,0,1.1360
10230,31663,2358,bf16,N,T,27,-621290048,3.32421,3.55596,1.0697,4,5,449.2,0,0.8606
186,15211,14,bf16,N,N,17,-262,0.00922,0.02661,2.8859,4,317,1273.9,0,1.0018
22516,3594,20049,bf16,T,N,69,-621289994,6.21461,7.74489,1.2462,4,5,220.6,0,0.6414
1635,11,28189,bf16,T,T,20,-621285696,0.95191,0.98114,1.0307,4,11,97.6,0,0.9851
13616,17492,7167,fp16,N,T,27,-621295782,7.29666,7.68882,1.0537,4,5,191.7,0,0.8134
2824,5,137,fp16,N,T,27,-408,0.00956,0.02999,3.1355,4,293,87.0,0,0.9783
1882,128,12066,fp32,T,N,411,-621293541,0.11464,0.16453,1.4352,4,53,854.6,0,0.8463
720,1,11,fp32,T,T,67,-621283261,0.00554,0.00575,1.0377,4,1501,6.2,0,0.9920
122,25,3669,fp32,N,T,381,-621283524,0.01473,0.03441,2.3362,4,271,147.3,0,0.9946
340,4911,20094,bf16,T,N,79,-621289994,0.44974,0.71299,1.5853,4,13,484.1,0,1.0071
1438,1406,696,bf16,N,N,17,-621292869,0.03597,0.05099,1.4178,4,187,334.9,0,0.9892
213,10,133,fp16,N,N,17,-170,0.01009,0.02990,2.9647,4,313,6.7,0,0.9875
18,10693,77,bf16,T,N,69,-607,0.00766,0.02443,3.1883,4,382,315.8,0,0.9611
4222,8899,5898,fp16,N,T,27,-621295770,0.98159,0.98202,1.0004,4,10,310.8,0,0.8559
18368,41,69,fp16,T,T,22,-445,0.00985,0.01823,1.8499,4,453,563.5,0,0.9901
3727,5493,2483,fp16,T,N,71,-621296101,0.32686,0.40402,1.2361,4,23,390.6,0,0.6654
13,101,5281,bf16,T,N,79,-620,0.01826,0.20805,11.3917,4,39,66.2,0,1.4693
4324,383,137,bf16,T,N,69,-621289989,0.01696,0.03107,1.8318,4,301,466.6,0,1.0039
15022,177,42,fp32,N,N,282,-621283782,0.00924,0.01624,1.7590,4,473,1428.1,0,0.9228
1604,20357,6715,bf16,N,N,17,-621292879,1.07814,1.23049,1.1413,4,8,394.7,0,0.8051
2822,3624,26171,fp16,N,T,33,-621295783,1.34687,1.35860,1.0087,4,7,280.9,0,0.6353
1941,1008,11164,bf16,T,N,79,-621289993,0.24807,0.44118,1.7784,4,24,297.0,0,0.9758
9,7,29155,fp32,T,T,66,-621291435,0.27705,1.78887,6.4567,4,6,6.7,0,0.9426
5059,3468,8300,bf16,N,T,27,-621290035,0.59115,0.61501,1.0404,4,17,358.2,0,0.8859
7290,22,1026,bf16,T,T,20,-621285692,0.04892,0.04892,1.0000,4,172,319.8,0,0.9845
10361,11766,1051,fp16,N,N,17,-621294414,0.74448,0.78778,1.0582,4,13,717.5,0,0.8074
664,9075,1,bf16,N,T,27,-353,0.01161,0.02616,2.2543,4,312,2078.4,0,1.0128
12416,6,1597,fp32,N,T,364,-621293025,0.03217,0.04608,1.4324,4,226,2476.1,0,0.8621
118,225,8506,bf16,T,T,20,-621285697,0.30413,0.30887,1.0156,4,32,19.5,0,0.9887
84,504,637,bf16,T,T,20,-150,0.02943,0.03725,1.2658,4,244,31.2,0,1.0116
21203,3298,3314,fp32,T,T,66,-621291421,4.82495,4.84935,1.0051,4,5,125.3,0,0.6854
3311,19156,88,bf16,N,N,17,-621292874,0.12221,0.17456,1.4283,4,57,2108.3,0,0.9243
3518,741,5178,fp32,T,N,334,-621284180,0.29654,0.34738,1.1714,4,30,332.6,0,0.7771
4592,1,830,bf16,N,T,33,-9,0.00672,0.05177,7.7036,4,167,1137.3,0,0.9591
24,935,3771,fp16,T,N,77,-389,0.04682,0.12715,2.7156,4,68,156.4,0,1.0154
329,17,6521,fp16,T,N,78,-390,0.06107,0.23933,3.9186,4,40,74.3,0,0.9955
6014,2786,1961,bf16,N,T,27,-621290048,0.16491,0.16674,1.0111,4,44,615.7,0,0.6160
8754,23931,6,bf16,T,N,69,-621289960,0.30584,0.35187,1.1505,4,29,2741.1,0,0.8269
795,15101,1571,fp32,N,T,312,-621283633,0.44409,0.44242,0.9962,4,22,333.1,0,0.6613
25,1,198,bf16,N,N,2,-9,0.00384,0.02925,7.6194,4,298,2.7,0,0.9747
637,130,27875,fp16,N,T,33,-621295773,0.52400,0.89077,1.6999,4,12,82.2,0,0.9810
126,1,1011,bf16,N,N,4,-9,0.00458,0.04039,8.8246,4,203,56.2,0,0.9835
12321,353,7709,bf16,N,N,23,-621292875,0.33437,0.36916,1.1041,4,24,636.4,0,0.7822
11574,200,17559,fp32,N,T,321,-621292951,1.24640,4.69374,3.7658,4,5,670.9,0,0.6568
6652,7029,29356,fp32,T,T,66,-621283236,26.96247,31.47473,1.1674,4,5,66.5,0,1.0276
2982,49,16061,bf16,N,T,32,-621290045,0.31088,0.53921,1.7345,4,19,315.1,0,0.9734
3083,21827,6008,bf16,T,T,20,-621285694,1.69907,1.67456,0.9856,4,6,334.6,0,0.8127
1094,78,25,fp16,T,N,71,-380,0.00666,0.01966,2.9503,4,462,60.0,0,0.9681
4548,31907,4117,bf16,T,T,20,-621285697,2.43821,2.37847,0.9755,4,5,361.2,0,0.8356
42,154,8605,fp16,N,T,33,-621295773,0.17121,0.29007,1.6942,4,34,19.9,0,0.9524
35,69,651,fp16,T,N,71,-386,0.02405,0.04270,1.7756,4,217,6.0,0,1.0097
16,156,15,fp32,T,N,304,-621293742,0.00665,0.00648,0.9753,4,1628,3.1,0,1.0265
30694,1616,5049,bf16,N,T,27,-621290043,1.06706,1.07311,1.0057,4,9,491.7,0,0.7716
9262,71,103,fp16,T,T,22,-445,0.01176,0.02054,1.7475,4,392,387.3,0,0.9858
25149,329,734,bf16,T,N,69,-621289994,0.06303,0.07157,1.1354,4,125,1118.5,0,0.8533
8,6,3990,bf16,N,T,32,-350,0.07982,0.14568,1.8252,4,60,1.4,0,1.1246
874,2503,2194,bf16,N,N,23,-621292872,0.08131,0.11191,1.3765,4,84,289.9,0,1.0273
417,112,53,fp16,T,N,71,-380,0.00661,0.02225,3.3647,4,384,36.7,0,0.9793
18582,17474,2029,bf16,N,N,17,-621292879,2.80036,3.81714,1.3631,4,5,516.0,0,0.8530
126,16,319,bf16,T,T,20,-150,0.01580,0.02526,1.5985,4,365,6.2,0,0.9768
353,227,17249,fp32,N,T,321,-621293112,0.08329,4.55622,54.7001,4,5,484.3,0,0.9910
394,1590,19981,fp16,T,N,78,-621296106,0.42824,0.71732,1.6750,4,14,191.0,0,1.0154
27,658,43,bf16,N,N,17,-257,0.00665,0.02677,4.0287,4,348,19.6,0,0.9825
3,309,22476,fp32,T,T,44,-621291435,0.21753,1.38278,6.3569,4,8,129.0,0,1.0024
1439,4876,3575,bf16,N,N,23,-621292876,0.17716,0.17909,1.0109,4,56,413.3,0,0.7475
14391,6015,29690,bf16,N,N,17,-621292878,11.18264,14.53144,1.2995,4,5,139.3,0,0.7862
1068,59,627,bf16,N,T,27,-621290045,0.02796,0.04541,1.6241,4,215,59.6,0,0.9807
4283,7084,4,fp32,N,T,204,-621283685,0.04715,0.05435,1.1527,4,179,2577.9,0,0.9046
205,1457,39,fp16,N,T,27,-408,0.00583,0.02396,4.1071,4,344,227.0,0,0.9819
5019,42,13976,bf16,T,N,79,-621289991,0.31261,0.48798,1.5610,4,20,455.2,0,1.0237
11,155,687,bf16,T,N,69,-621289994,0.02568,0.04398,1.7125,4,196,9.1,0,1.0042
11,3,2341,fp16,N,T,33,-409,0.04501,0.09650,2.1441,4,88,1.5,0,0.9887
979,1344,197,fp16,N,N,17,-621294410,0.01823,0.03020,1.6564,4,296,338.9,0,1.0100
4,6,5,fp32,T,T,66,-621283241,0.00650,0.00625,0.9616,4,1661,0.0,0,0.9945
20673,26,1022,bf16,T,N,76,-621289994,0.03532,0.05610,1.5880,4,158,1258.6,0,1.0249
125,2205,140,fp16,T,N,71,-380,0.01148,0.02646,2.3040,4,350,152.8,0,0.9845
264,1006,802,bf16,T,T,20,-621285687,0.04237,0.04241,1.0010,4,179,73.2,0,1.1229
3,13541,30722,bf16,N,N,23,-621292872,1.12553,1.12772,1.0019,4,9,739.5,0,1.0158
7507,11504,20047,bf16,N,T,27,-621290049,6.88535,7.58000,1.1009,4,5,160.9,0,0.6532
5099,836,2,fp32,N,T,204,-621283648,0.00702,0.00826,1.1768,4,1011,2435.3,0,0.8005
4522,2094,6100,bf16,T,T,20,-621285694,0.31059,0.30866,0.9938,4,33,381.8,0,0.6772
78,1,35,fp32,N,N,109,-621283999,0.00564,0.00592,1.0493,4,1614,2.0,0,0.9804
2,9,8,bf16,N,N,17,-262,0.00613,0.02384,3.8889,4,386,0.0,0,0.9918
24251,12,106,bf16,N,T,27,-349,0.01531,0.02548,1.6639,4,344,411.9,0,1.0148
3592,18092,17288,fp32,T,T,112,-621291422,24.04258,22.55136,0.9380,4,5,73.2,0,0.8435
2425,444,3,bf16,N,T,27,-349,0.00669,0.02513,3.7577,4,355,646.5,0,0.9829
6000,645,731,fp32,N,T,312,-621293103,0.07303,0.07921,1.0846,4,92,478.0,0,0.6479
16234,888,37,fp32,T,T,66,-621291418,0.02966,0.02976,1.0031,4,298,2029.3,0,0.6542
10794,30348,706,fp16,N,N,17,-621294412,1.41644,1.54619,1.0916,4,7,966.1,0,0.7646
1533,626,104,fp32,T,T,66,-621283250,0.00647,0.00658,1.0168,4,1162,732.3,0,1.0145
2167,54,11,fp32,N,N,316,-621293214,0.00641,0.00644,1.0045,4,1204,88.3,0,0.9767
3197,57,32,fp32,T,N,238,-621284335,0.00565,0.00589,1.0425,4,1427,202.9,0,1.0070
19126,25283,1685,bf16,N,N,17,-621292879,3.81000,4.91682,1.2905,4,5,547.0,0,0.9233
5563,849,1756,fp32,T,T,66,-621283263,0.21668,0.25784,1.1900,4,32,295.0,0,0.7425
14997,16,16538,fp32,N,T,364,-621283520,0.32904,4.39054,13.3435,4,5,3021.2,0,0.8246
11268,9,27,bf16,N,T,27,-349,0.00665,0.02205,3.3168,4,413,152.6,0,0.9850
65,110,980,fp32,N,N,324,-621293231,0.00757,0.00791,1.0447,4,930,94.4,0,1.1534
611,1,12,bf16,N,N,2,-9,0.00392,0.00672,1.7137,4,1367,4.4,0,1.0035
1125,1689,162,fp16,T,N,71,-621296107,0.01674,0.02670,1.5952,4,299,508.6,0,1.0129
2,1,152,bf16,T,N,3,-9,0.00420,0.01780,4.2336,4,470,0.2,0,1.0097
4204,852,12,fp16,N,N,17,-173,0.01006,0.02800,2.7846,4,298,1436.9,0,1.0209
46,4875,25,bf16,N,N,17,-257,0.00667,0.02592,3.8838,4,305,171.3,0,0.9970
1742,1670,4267,bf16,N,T,32,-621290045,0.10734,0.16371,1.5252,4,60,379.7,0,1.0403
4576,39,12,fp16,N,N,17,-170,0.00661,0.02530,3.8272,4,340,124.7,0,0.9801
4838,27433,1542,bf16,T,T,20,-621285683,0.96582,0.99179,1.0269,4,10,652.7,0,0.7863
361,2,2,fp32,T,N,192,-621293438,0.00651,0.00618,0.9495,4,1377,0.9,0,0.9748
16029,1058,1250,bf16,N,T,27,-621290049,0.14088,0.22839,1.6212,4,45,784.7,0,0.7816
10537,9686,7866,bf16,T,T,20,-621285693,3.14307,3.24655,1.0329,4,5,231.1,0,0.8759
9940,24,81,fp32,T,T,66,-621283254,0.00606,0.00738,1.2165,4,1015,689.7,0,0.9971
12654,6,4,bf16,T,N,5,-607,0.00682,0.02227,3.2672,4,397,59.4,0,1.0019
14792,6095,5249,bf16,T,N,69,-621290007,1.78626,2.01085,1.1257,4,5,324.6,0,0.7421
118,164,21911,fp16,N,N,22,-171,0.58735,0.65632,1.1174,4,16,21.2,0,0.9762
2600,1162,28469,fp32,T,T,66,-621283250,2.13668,2.47345,1.1576,4,5,206.2,0,0.6646
662,58,1306,fp16,N,T,33,-409,0.03527,0.06692,1.8973,4,135,57.7,0,1.1268
1632,2239,84,bf16,T,N,69,-621289995,0.01650,0.02877,1.7436,4,300,925.3,0,0.9793
5353,10,96,fp32,T,T,66,-621283256,0.00550,0.00565,1.0270,4,1387,413.3,0,0.9878
3,6988,3,fp16,T,N,4,-386,0.00660,0.00649,0.9823,4,1395,19.0,0,1.0032
25816,1704,9768,fp16,T,N,71,-621296098,1.86698,2.03354,1.0892,4,5,382.2,0,0.7538
2,87,6327,bf16,N,N,23,-258,0.17908,0.26033,1.4537,4,36,6.3,0,0.9638
1523,59,262,bf16,T,T,20,-150,0.01358,0.02352,1.7325,4,364,87.5,0,0.9881
3,102,23,fp16,T,T,5,-445,0.00575,0.00594,1.0330,4,1519,1.1,0,0.9892
3748,5818,3109,bf16,N,N,17,-621292870,0.44689,0.47208,1.0564,4,20,328.3,0,0.6693
9346,1603,25,fp16,N,N,17,-621294411,0.02452,0.03559,1.4514,4,252,2466.0,0,1.0954
16521,5627,4632,bf16,T,N,69,-621290007,1.66371,1.92970,1.1599,4,6,346.8,0,0.6928
42,75,2786,bf16,N,T,32,-350,0.05880,0.10883,1.8511,4,85,11.3,0,0.9752
11375,263,6987,fp16,N,N,22,-621294410,0.29887,0.33082,1.1069,4,28,584.2,0,0.8138
3997,22476,7923,bf16,T,N,69,-621290006,2.57772,2.62191,1.0171,4,5,302.1,0,0.6717
16,5462,54,bf16,N,T,27,-349,0.00652,0.02425,3.7168,4,368,144.2,0,0.9757
30007,108,11434,fp32,T,T,66,-621291420,1.07022,1.69610,1.5848,4,6,1299.1,0,0.7585
1496,7,256,fp32,T,N,308,-621293485,0.00653,0.00630,0.9641,4,1326,242.1,0,0.9768
6861,18713,3229,bf16,T,N,69,-621290011,1.67095,1.79963,1.0770,4,6,406.2,0,0.6969
11,5669,470,fp16,N,T,27,-621295777,0.02519,0.03825,1.5185,4,242,221.9,0,0.9659
11126,13742,8334,bf16,T,N,69,-621290011,4.40293,5.53997,1.2582,4,5,233.0,0,0.6867
358,4,55,bf16,N,T,27,-349,0.00647,0.02626,4.0608,4,330,7.0,0,0.9809
180,157,1555,fp16,N,N,22,-171,0.04425,0.08587,1.9407,4,104,26.2,0,0.9908
24,58,1,bf16,N,T,27,-349,0.00660,0.02169,3.2872,4,373,0.9,0,0.9881
14275,9345,2914,fp16,N,T,27,-621295782,1.71168,1.82884,1.0684,4,6,392.2,0,0.9558
24996,131,680,fp16,T,N,71,-621296106,0.04379,0.04739,1.0822,4,203,1079.6,0,0.9614
3700,199,876,bf16,N,N,23,-621292873,0.04107,0.05914,1.4397,4,150,238.0,0,1.0586
1829,13283,12203,fp32,N,N,292,-621293206,6.26188,7.26540,1.1603,4,5,133.3,0,0.6677
148,6102,1802,fp16,N,N,22,-621294410,0.06895,0.08729,1.2660,4,101,379.1,0,0.9802
17,2,508,fp16,N,N,2,-170,0.03108,0.03107,0.9996,4,306,0.6,0,0.9802
3260,2503,22705,bf16,N,N,23,-621292871,1.04506,1.05565,1.0101,4,9,281.6,0,0.6744
397,23839,32182,bf16,T,N,76,-621289979,1.81960,2.31540,1.2725,4,5,878.1,0,0.6246
103,1527,68,bf16,T,T,20,-152,0.00664,0.01662,2.5039,4,506,128.2,0,0.9925
19346,2,1,fp32,T,N,190,-621293438,0.00563,0.00591,1.0505,4,1513,41.2,0,0.9830
15612,3415,27504,fp32,T,T,66,-621291422,30.54711,30.50111,0.9985,4,5,75.5,0,0.7642
209,811,3431,fp32,T,N,344,-621284142,0.03282,0.04279,1.3038,4,199,447.2,0,0.8648
400,137,918,bf16,N,N,23,-258,0.03114,0.06011,1.9302,4,138,38.7,0,1.1194
915,3,3,fp16,N,N,2,-170,0.00683,0.00652,0.9540,4,1523,2.4,0,1.0004
4923,1673,4395,fp16,T,N,75,-621296106,0.18489,0.25810,1.3959,4,38,491.8,0,0.6605
2,4,255,fp32,T,N,144,-621293561,0.00656,0.00627,0.9553,4,1218,0.9,0,0.9610
412,1911,19,fp16,N,T,27,-408,0.00682,0.02339,3.4298,4,368,474.7,0,0.9975
97,13,5529,fp16,N,N,22,-171,0.11666,0.23760,2.0368,4,41,10.5,0,0.9948
350,34,1416,fp32,N,N,378,-621283910,0.00655,0.00981,1.4975,4,807,339.3,0,1.0135
4400,4,66,fp32,T,N,277,-621284151,0.00656,0.01124,1.7127,4,708,187.9,0,0.9833
28299,3252,162,fp16,N,N,17,-621294409,0.19085,0.22363,1.1718,4,43,1982.4,0,0.8044
860,4,667,fp16,T,N,5,-388,0.02671,0.04491,1.6816,4,210,43.7,0,1.1442
758,9503,3616,fp32,N,N,292,-621293283,0.55940,0.65338,1.1680,4,15,316.8,0,0.7531
55,490,1955,bf16,N,T,32,-350,0.04710,0.08432,1.7902,4,101,47.5,0,0.9584
1119,2447,3171,bf16,N,N,23,-621292876,0.11191,0.15249,1.3627,4,61,300.0,0,1.0166
7037,3219,7778,fp32,T,N,296,-621293502,3.58392,5.57650,1.5560,4,5,114.3,0,0.6459
1851,3542,209,bf16,N,N,17,-621292869,0.02619,0.04117,1.5721,4,231,1087.4,0,0.9872
1071,324,2,fp32,T,N,266,-621293741,0.00653,0.00646,0.9898,4,1362,214.4,0,0.9839
1344,14265,260,fp32,T,N,296,-621293425,0.13447,0.18840,1.4011,4,46,691.0,0,0.6923
61,1,16275,bf16,T,N,11,-620,0.03859,0.03842,0.9955,4,225,52.3,0,0.9582
4407,11776,3227,bf16,N,N,17,-621292880,0.73323,0.83463,1.1383,4,12,425.6,0,0.8619
1791,2,16324,fp16,T,N,12,-381,0.45332,0.74772,1.6494,4,13,129.2,0,0.9806
354,789,3142,fp32,N,T,312,-621293032,0.03995,0.03541,0.8865,4,206,387.6,0,0.8765
24133,3,14,bf16,N,T,27,-349,0.00658,0.02117,3.2173,4,414,146.7,0,0.9930
17026,1084,19334,fp32,N,N,336,-621283854,7.18873,7.17121,0.9976,4,5,205.1,0,0.6507
13,268,6468,bf16,N,T,32,-621290045,0.13197,0.13191,0.9995,4,72,27.6,0,0.9491
10145,13818,2775,fp16,T,T,22,-621291506,1.77035,1.88849,1.0667,4,6,391.9,0,0.7991
139,466,13,fp16,T,N,71,-380,0.00671,0.01989,2.9638,4,481,41.0,0,0.9756
31750,1463,19204,fp16,N,T,27,-621295777,3.62114,4.16478,1.1501,4,5,403.6,0,0.7497
1485,53,3,bf16,T,T,20,-153,0.00669,0.01343,2.0065,4,607,48.4,0,0.9710
1098,5248,2271,fp16,T,T,22,-621291510,0.11343,0.11757,1.0365,4,87,457.3,0,0.7894
472,2301,205,fp16,T,T,22,-621291497,0.02310,0.02339,1.0123,4,370,237.2,0,0.9362
286,32,33,fp32,T,T,66,-621291438,0.00652,0.00636,0.9755,4,1395,12.0,0,1.0010
15927,4648,5940,fp16,N,T,27,-621295763,1.84060,1.93561,1.0516,4,6,293.7,0,0.8870
5686,6158,5350,bf16,T,N,69,-621290013,0.76272,0.83035,1.0887,4,12,349.8,0,0.7820
28893,2,2395,fp32,T,N,186,-621284151,0.10149,0.63166,6.2236,4,16,2729.6,0,0.8762
2369,718,3981,bf16,N,T,32,-621290045,0.09377,0.15087,1.6090,4,61,334.7,0,0.9885
710,43,355,bf16,N,T,27,-621290045,0.02287,0.03638,1.5902,4,260,28.7,0,0.9841
11896,1133,16,fp16,T,N,71,-621296069,0.02261,0.02783,1.2305,4,335,2402.6,0,0.9698
19,22143,2959,fp32,T,N,350,-621293746,0.09107,0.25315,2.7797,4,41,2898.8,0,0.8255
3400,23938,38,fp16,N,N,17,-621294408,0.13474,0.14114,1.0476,4,69,2431.6,0,0.8543
1,356,3,fp32,T,T,21,-9,0.00290,0.00559,1.9248,4,1392,2.0,0,0.9805
271,2162,3735,fp16,N,T,33,-621295773,0.08842,0.14343,1.6222,4,63,232.0,0,1.0066
4,54,34,bf16,N,T,27,-349,0.00571,0.02295,4.0205,4,367,0.8,0,0.9882
2721,6123,5686,fp16,T,N,71,-621296130,0.41133,0.42088,1.0232,4,22,406.5,0,0.7189
5387,872,13418,fp16,T,N,77,-621296106,0.38367,0.55519,1.4470,4,16,486.8,0,0.6444
258,14,4,fp32,N,N,374,-621293176,0.00657,0.00634,0.9638,4,1564,2.9,0,0.9673
2,38,3437,bf16,T,T,4,-150,0.14455,0.15595,1.0789,4,63,1.9,0,0.9965
6605,5077,19552,fp32,T,N,296,-621293497,12.35432,13.07022,1.0579,4,5,84.8,0,0.7557
1272,21350,535,fp16,N,T,27,-621295774,0.15531,0.16919,1.0893,4,55,855.3,0,0.6199
12,1345,1,fp32,N,T,260,-621293079,0.00648,0.00641,0.9881,4,1535,10.8,0,1.0524
193,2,18482,fp16,T,T,22,-621291510,0.62819,0.64489,1.0266,4,16,11.5,0,0.9699
3,552,20,fp16,T,T,5,-446,0.00687,0.00647,0.9427,4,1687,4.2,0,0.9885
16779,3,3,fp32,T,T,66,-621283250,0.00656,0.00716,1.0915,4,1115,61.4,0,1.0057
1712,9691,9030,bf16,T,N,69,-621290006,0.64354,0.73277,1.1387,4,14,423.1,0,0.7215
715,8,1416,bf16,T,N,77,-621289994,0.03947,0.07152,1.8121,4,134,52.5,0,0.9740
1779,5,1197,fp32,N,T,364,-621283652,0.00788,0.01426,1.8096,4,548,1088.6,0,1.0069
2,6459,690,bf16,T,N,3,-616,0.03574,0.03570,0.9989,4,248,250.9,0,1.0084
145,87,3,fp16,N,T,27,-412,0.00692,0.02398,3.4645,4,376,7.5,0,0.9810
3184,76,1368,fp32,N,N,378,-621283874,0.01968,0.04916,2.4976,4,185,955.4,0,0.8112
5503,17273,13,bf16,N,N,17,-621292875,0.14853,0.31619,2.1288,4,31,2563.8,0,0.8376
2455,413,6140,fp16,T,T,22,-621291505,0.22891,0.23072,1.0079,4,41,171.6,0,1.1689
9,114,1,fp16,N,T,27,-408,0.00698,0.02168,3.1063,4,383,0.6,0,0.9828
452,1188,1028,fp32,N,T,356,-621283617,0.02304,0.02426,1.0529,4,377,385.9,0,0.9050
106,345,2082,fp16,T,N,77,-387,0.05144,0.09759,1.8971,4,98,39.4,0,0.9824
25342,711,4792,fp16,T,T,22,-621291506,0.38837,0.38801,0.9991,4,22,828.5,0,0.8476
1,5203,78,bf16,T,T,4,-9,0.00550,0.00920,1.6729,4,917,151.3,0,0.9810
1589,3253,2685,fp32,T,T,66,-621283263,0.35640,0.39193,1.0997,4,22,203.9,0,0.7370
513,5,702,fp16,T,T,22,-445,0.02513,0.03921,1.5604,4,241,29.3,0,0.9788
2847,405,15802,fp32,N,N,292,-621283877,0.58506,1.01416,1.7334,4,10,359.2,0,0.7613
51,2652,2,fp16,N,N,17,-170,0.00672,0.02457,3.6539,4,344,82.1,0,0.9723
11,8564,39,bf16,T,T,20,-150,0.00670,0.01664,2.4840,4,534,156.1,0,1.0109
1,111,10,fp32,T,T,21,-621291446,0.00663,0.00636,0.9603,4,1654,0.7,0,0.9911
900,25741,10377,fp16,T,N,71,-621296106,1.23177,1.35372,1.0990,4,7,524.1,0,0.6513
62,4083,30,fp16,T,T,22,-447,0.00664,0.01543,2.3238,4,463,189.9,0,1.3005
2334,5760,131,bf16,T,T,20,-621285684,0.02948,0.03526,1.1960,4,272,1896.0,0,0.9122
8137,734,9130,fp16,N,T,33,-621295777,0.28049,0.39081,1.3933,4,25,662.7,0,0.7454
12015,9738,84,fp32,N,T,268,-621283632,0.32719,0.31618,0.9663,4,27,1452.7,0,0.6659
7435,15034,1039,fp32,N,T,312,-621283665,2.33891,2.43731,1.0421,4,5,231.1,0,0.6531
1767,997,1,fp32,N,T,204,-621283475,0.00656,0.00662,1.0096,4,1244,1076.4,0,1.0099
4174,4902,2113,bf16,N,N,17,-621292873,0.29626,0.32942,1.1119,4,29,405.7,0,0.6602
1206,11,14563,fp32,N,N,344,-621283910,0.10754,0.90695,8.4337,4,11,659.7,0,1.1303
16279,4104,2810,fp16,T,T,22,-621291506,0.84291,0.84774,1.0057,4,11,452.9,0,0.8208
129,16237,715,fp16,N,T,27,-621295777,0.03334,0.04662,1.3983,4,184,953.2,0,1.0131
1761,9811,3735,bf16,T,T,20,-621285684,0.29747,0.29737,0.9997,4,28,522.9,0,0.8093
16,4,69,fp16,N,N,2,-170,0.00687,0.00641,0.9332,4,1276,0.4,0,0.9799
95,5151,404,bf16,T,N,69,-621289995,0.02225,0.03977,1.7878,4,225,278.5,0,1.0033
254,3,1,bf16,N,T,27,-349,0.00659,0.02391,3.6296,4,368,0.5,0,0.9844
5,13,4,fp16,N,N,17,-170,0.00670,0.02452,3.6590,4,364,0.1,0,1.0148
3243,13,4,fp32,T,N,278,-621284333,0.00660,0.00646,0.9784,4,1424,33.4,0,1.0003
1423,3456,5260,fp32,N,T,312,-621283677,0.66303,0.99296,1.4976,4,10,184.5,0,0.6598
2,9458,3831,fp16,T,N,10,-389,0.07060,0.07028,0.9954,4,134,1027.7,0,1.0006
14,7471,6320,fp16,T,T,22,-621291507,0.23080,0.23617,1.0233,4,38,411.7,0,0.9949
14,4,2,fp32,T,T,112,-621283277,0.00662,0.00622,0.9391,4,1567,0.1,0,0.9806
5078,6897,14871,fp16,T,N,71,-621296122,1.97125,2.45142,1.2436,4,5,251.7,0,0.6840
4169,8571,98,bf16,T,N,69,-621289960,0.07838,0.08701,1.1101,4,112,1855.4,0,0.9013
8,253,260,fp16,T,N,71,-386,0.01225,0.02685,2.1913,4,321,11.7,0,0.9733
728,6361,248,fp16,T,T,22,-621291498,0.02836,0.03562,1.2559,4,242,777.0,0,1.0185
3824,39,4107,fp16,N,T,33,-621295773,0.09221,0.15412,1.6714,4,58,350.6,0,1.0017
4662,7903,28859,fp16,N,N,17,-621294414,4.60675,5.59278,1.2140,4,5,189.4,0,0.8017
318,555,341,fp16,N,N,17,-170,0.02340,0.03933,1.6807,4,233,55.6,0,0.9837
5222,355,2627,fp32,T,T,66,-621283260,0.13170,0.16529,1.2550,4,47,501.3,0,0.7481
4,66,243,fp32,N,T,414,-621283745,0.00627,0.00644,1.0272,4,1214,11.0,0,0.9580
207,18040,9071,fp32,T,N,310,-621293759,0.75514,0.85410,1.1310,4,11,896.5,0,0.6703
169,16591,93,fp16,T,T,22,-621291497,0.02113,0.02960,1.4007,4,292,678.2,0,0.9946
4384,2144,327,bf16,T,T,20,-621285691,0.03413,0.03752,1.0993,4,245,1226.7,0,0.9278
5734,2,4095,fp16,N,T,33,-621295773,0.09270,0.15359,1.6568,4,59,507.3,0,0.9760
38,4419,5109,bf16,N,T,32,-621290049,0.11214,0.18620,1.6604,4,50,412.1,0,1.0082
577,20546,10205,fp32,T,T,66,-621283243,3.18387,3.71508,1.1668,4,5,285.7,0,0.6924
13,1035,38,fp32,N,T,322,-621283469,0.00653,0.00585,0.8954,4,986,32.6,0,0.9761
20910,7994,12754,bf16,T,N,69,-621290000,7.41497,8.85651,1.1944,4,5,189.6,0,0.7977
10,25334,87,bf16,T,N,69,-607,0.01077,0.02558,2.3748,4,334,503.4,0,1.0087
2583,2052,28886,bf16,T,T,20,-621285693,1.17051,1.22612,1.0475,4,8,246.9,0,0.8317
1072,32683,31004,fp32,T,T,66,-621291422,25.11581,22.92088,0.9126,4,5,172.3,0,0.6135
282,10,6,bf16,N,N,17,-262,0.00677,0.02459,3.6343,4,364,2.2,0,0.9898
8020,19061,242,fp16,T,N,71,-621296106,0.36475,0.37560,1.0298,4,25,1712.4,0,0.6555
146,2394,984,fp16,N,N,22,-621294410,0.04311,0.05871,1.3617,4,165,148.4,0,0.9807
4041,25883,3,fp16,T,T,22,-621291503,0.16021,0.34030,2.1242,4,29,2612.6,0,0.7092
386,2,84,fp16,N,T,27,-408,0.00723,0.02800,3.8719,4,334,9.4,0,0.9794
80,59,2,fp32,T,T,66,-621291443,0.00676,0.00664,0.9833,4,1548,3.0,0,0.9985
12203,1452,5045,fp16,T,T,22,-621291506,0.37078,0.37163,1.0023,4,25,562.7,0,0.8079
2,117,16801,bf16,N,N,23,-621292873,0.50405,0.50557,1.0030,4,20,7.9,0,0.9777
3013,807,20172,bf16,T,N,78,-621289999,0.50591,0.74559,1.4737,4,13,323.8,0,0.9852
8028,37,39,fp32,T,N,238,-621293740,0.00659,0.00967,1.4680,4,855,371.2,0,0.9772
6557,4366,1836,bf16,N,T,27,-621290035,0.29959,0.32598,1.0881,4,27,516.1,0,0.6715
14,5301,10342,fp16,T,T,22,-621291509,0.38382,0.38790,1.0106,4,25,287.2,0,1.1653
2446,20440,1045,fp32,N,N,292,-621293143,1.06842,1.15255,1.0787,4,8,276.7,0,0.6985
2,78,30,fp16,T,N,4,-388,0.00676,0.00664,0.9819,4,1355,0.8,0,0.9787
11727,18149,1941,bf16,N,T,27,-621290051,1.97951,2.08201,1.0518,4,5,488.7,0,0.8617
3720,3979,1296,fp16,N,T,27,-621295771,0.11658,0.11581,0.9933,4,68,679.0,0,0.6409
119,27384,657,fp32,T,N,306,-621284020,0.06947,0.08252,1.1878,4,118,1228.1,0,0.9489
4,1580,15,bf16,N,T,27,-349,0.00685,0.02252,3.2887,4,392,10.6,0,0.9786
58,268,25304,fp32,N,T,381,-621292998,0.08009,6.25163,78.0597,4,5,412.8,0,0.9725
407,37,2,bf16,N,N,17,-262,0.00683,0.02478,3.6297,4,333,9.1,0,0.9925
21,16043,3136,fp32,T,N,358,-621293735,0.07832,0.23027,2.9400,4,43,2589.9,0,0.7614
235,4,10,fp32,N,N,340,-621283825,0.00653,0.00652,0.9984,4,1564,2.0,0,1.1020
1178,2789,5424,bf16,T,N,78,-621289988,0.14223,0.21864,1.5373,4,43,395.0,0,0.9139
12,29,206,bf16,T,N,69,-616,0.01347,0.02478,1.8391,4,354,1.4,0,0.9728
1601,27001,1531,bf16,N,T,27,-621290052,0.45997,0.46834,1.0182,4,21,566.3,0,0.6646
2624,1157,178,fp32,N,N,292,-621293240,0.01988,0.02304,1.1589,4,431,746.4,0,1.3833
172,5466,41,bf16,T,N,69,-607,0.00712,0.02848,3.9980,4,287,592.7,0,1.0109
78,5745,463,fp32,T,N,330,-621284340,0.01393,0.04176,2.9967,4,214,902.6,0,0.8805
126,13013,82,fp32,N,T,290,-621283473,0.00925,0.01394,1.5069,4,547,1175.0,0,0.9902
43,5,20,fp16,N,T,27,-412,0.00664,0.02473,3.7233,4,371,0.4,0,0.9894
13581,935,1775,bf16,N,N,17,-621292877,0.14501,0.14331,0.9882,4,53,705.6,0,0.6667
168,35,254,fp16,N,N,17,-170,0.01806,0.03637,2.0133,4,256,7.0,0,0.9783
668,10473,255,bf16,T,N,69,-621289995,0.03308,0.04102,1.2400,4,223,1017.6,0,0.9877
370,13,209,fp32,T,N,308,-621293482,0.00643,0.00687,1.0685,4,1105,52.8,0,0.9834
4088,10898,15228,fp16,T,N,71,-621296106,2.66596,3.58454,1.3446,4,5,238.0,0,0.6653
2,5,129,fp16,N,N,2,-170,0.00995,0.00972,0.9766,4,799,0.2,0,1.1899
5246,19635,20974,fp16,T,T,22,-621291511,8.89579,9.80563,1.1023,4,5,163.6,0,0.6647
20,42,26,fp32,T,N,307,-621284049,0.00550,0.00577,1.0492,4,1672,1.8,0,0.9693
20539,4490,999,fp32,N,T,312,-621283630,1.83657,1.90351,1.0364,4,5,255.3,0,0.6610
86,5812,66,bf16,N,T,27,-349,0.00724,0.02585,3.5677,4,340,383.4,0,0.9695
1063,8135,34,bf16,T,N,69,-621289961,0.01905,0.02328,1.2219,4,391,1848.4,0,1.0117
2074,10,6,fp16,N,T,27,-412,0.00682,0.02425,3.5549,4,337,15.8,0,0.9688
395,2437,27802,fp32,T,N,354,-621293748,0.78899,0.90197,1.1432,4,11,404.1,0,0.7320
16995,12,57,fp32,T,N,238,-621284035,0.00656,0.03331,5.0740,4,232,714.9,0,1.0147
217,1216,2431,fp16,T,N,77,-621296106,0.06440,0.11570,1.7965,4,85,124.6,0,1.0010
1,119,212,fp32,N,N,353,-9,0.00385,0.00608,1.5782,4,1475,26.5,0,0.9825
552,20206,1809,bf16,N,T,32,-621290043,0.14908,0.15166,1.0173,4,53,803.1,0,0.6747
9,1461,2346,fp32,T,N,350,-621284137,0.01237,0.02370,1.9164,4,351,1119.5,0,1.1588
23,3,39,bf16,N,T,27,-349,0.00569,0.02522,4.4297,4,355,0.4,0,0.9753
932,1983,2107,fp32,N,N,292,-621283849,0.09891,0.10556,1.0672,4,79,323.1,0,0.6641
383,344,22,fp32,N,T,206,-621283635,0.00561,0.00580,1.0335,4,1564,105.3,0,0.9783
2126,25096,1249,fp32,T,T,66,-621283236,1.37859,1.37308,0.9960,4,7,253.5,0,0.6527
1312,1467,178,fp16,T,N,71,-621296107,0.01769,0.03106,1.7557,4,285,491.1,0,0.9846
1020,18926,26025,fp16,T,T,22,-621291508,1.97850,2.15136,1.0874,4,5,563.8,0,0.8582
442,36,14931,fp16,N,T,33,-621295773,0.28791,0.48914,1.6989,4,21,49.8,0,0.9672
4302,1269,1194,fp32,T,N,306,-621293575,0.16898,0.19315,1.1430,4,48,286.7,0,0.6744
60,20,370,bf16,N,T,27,-621290045,0.02247,0.03638,1.6190,4,232,2.8,0,0.9667
227,37,571,bf16,N,T,27,-621290045,0.02674,0.04324,1.6172,4,202,12.5,0,0.9978
32,62,487,fp16,T,N,71,-386,0.01914,0.03575,1.8677,4,242,5.2,0,0.9957
22628,1475,15337,bf16,T,N,69,-621289983,2.00570,2.25715,1.1254,4,5,435.2,0,0.7445
2617,2516,19631,fp16,T,N,76,-621296103,0.65116,0.85629,1.3150,4,11,349.9,0,0.6520
1471,65,207,bf16,T,T,20,-150,0.01184,0.02186,1.8460,4,374,86.0,0,0.9755
6,19298,1,fp32,T,N,294,-621284333,0.00666,0.00641,0.9623,4,1618,81.1,0,1.1352
77,4085,6150,bf16,N,T,32,-621290049,0.13022,0.13093,1.0055,4,71,402.8,0,1.0040
4461,59,1,fp32,N,T,209,-621293079,0.00651,0.00645,0.9912,4,1478,164.4,0,1.0028
6550,301,19686,bf16,T,T,20,-621285687,0.71230,0.71451,1.0031,4,14,389.8,0,1.0366
11355,5,184,bf16,N,N,2,-257,0.01531,0.01532,1.0004,4,591,287.8,0,1.0042
1143,2613,6510,bf16,N,N,23,-621292867,0.21940,0.27584,1.2573,4,33,277.3,0,1.0021
212,938,384,fp32,N,T,364,-621283634,0.00624,0.00637,1.0210,4,1253,410.3,0,0.9847
1130,1336,16130,fp16,N,T,33,-621295777,0.35710,0.60042,1.6814,4,17,239.7,0,0.9949
473,9,1,fp32,T,N,280,-621284333,0.00658,0.00631,0.9577,4,1438,2.9,0,0.9856
1,1,284,fp32,T,N,103,-9,0.00389,0.00632,1.6248,4,1285,0.6,0,1.0038
1,79,8445,fp32,T,T,21,-9,0.00653,0.16465,25.2230,4,59,414.0,0,1.0098
1193,16653,484,fp16,T,T,22,-621291495,0.11840,0.14026,1.1847,4,70,817.1,0,0.6855
180,2,15488,fp32,T,N,269,-621293598,0.01164,0.02104,1.8068,4,386,968.6,0,1.1582
206,1243,1687,bf16,N,T,32,-621290045,0.04858,0.07777,1.6007,4,123,121.7,0,0.9804
6386,2765,59,fp32,N,T,268,-621283645,0.04622,0.05277,1.1417,4,179,1574.8,0,0.7439
4113,14104,3127,fp32,T,T,66,-621283236,3.87127,3.87617,1.0013,4,5,118.8,0,0.6774
22,2,586,bf16,N,T,27,-621290045,0.02469,0.04247,1.7199,4,225,1.1,0,1.1229
19363,4,49,fp16,T,N,5,-380,0.00804,0.02438,3.0322,4,368,274.6,0,1.0102
8,1792,259,fp16,N,T,27,-408,0.01930,0.03304,1.7115,4,259,51.3,0,0.9913
1147,13,990,bf16,N,T,32,-350,0.02863,0.05655,1.9749,4,142,82.3,0,0.9913
2,156,3,fp32,N,N,340,-621283995,0.00643,0.00642,0.9988,4,1551,0.5,0,0.9984
16,447,25,fp32,T,N,266,-621293692,0.00656,0.00662,1.0091,4,1452,11.4,0,1.0061
7742,74,242,fp32,N,T,406,-621283656,0.00924,0.01269,1.3731,4,834,1066.7,0,0.9111
341,14433,24600,fp32,T,N,310,-621293750,3.05059,3.04996,0.9998,4,5,483.0,0,0.6274
1,11,14005,fp32,N,T,464,-621283732,0.00917,0.01794,1.9557,4,443,73.3,0,0.9755
523,249,26152,fp32,N,T,321,-621283521,0.16835,6.88703,40.9081,4,5,482.8,0,0.9143
2,138,9770,fp16,N,N,22,-171,0.24796,0.29933,1.2071,4,34,11.0,0,0.9919
4565,8,1080,fp32,T,N,326,-621293506,0.01142,0.02191,1.9185,4,417,1742.4,0,1.0065
240,7919,7216,bf16,N,T,32,-621290049,0.16531,0.26452,1.6002,4,36,758.3,0,1.0007
9757,2931,9084,fp32,N,T,312,-621293072,4.87118,7.35393,1.5097,4,5,118.1,0,0.6500
391,129,7096,fp32,N,N,310,-621283874,0.03930,0.44573,11.3431,4,23,380.7,0,0.9319
3444,20,9399,fp32,N,N,334,-621283912,0.07475,0.58928,7.8834,4,17,1745.9,0,0.9179
9,283,13635,bf16,T,N,79,-620,0.03600,0.42079,11.6900,4,24,221.5,0,0.9854
25790,8763,7934,fp16,T,T,22,-621291506,6.78880,7.32290,1.0787,4,5,213.9,0,0.7851
13,25,188,fp16,N,T,27,-408,0.01181,0.02838,2.4030,4,281,1.3,0,0.9994
7,31314,770,fp32,T,T,66,-621291426,0.03539,0.08378,2.3671,4,99,2750.4,0,0.6353
2601,12573,2396,bf16,N,N,17,-621292880,0.41685,0.43878,1.0526,4,22,488.2,0,0.7908
11,42,121,bf16,N,N,17,-257,0.00949,0.02953,3.1117,4,316,1.5,0,0.9688
1,781,23,fp16,N,N,18,-9,0.00304,0.02560,8.4090,4,351,12.8,0,0.9897
10933,18392,10894,fp32,T,T,66,-621291421,44.69779,45.25411,1.0124,4,5,46.6,0,0.8056
5976,150,38,bf16,T,N,69,-607,0.00737,0.02760,3.7468,4,301,549.9,0,0.9869
11161,6753,13620,fp16,T,T,22,-621291506,3.87171,4.33512,1.1197,4,5,203.9,0,0.8598
15,7,2245,bf16,N,T,32,-350,0.04686,0.09356,1.9964,4,95,2.1,0,0.9618
14956,10566,3258,fp32,N,N,336,-621293283,9.76335,9.97105,1.0213,4,5,98.8,0,0.6524
494,88,12745,fp16,N,N,22,-171,0.34719,0.40250,1.1593,4,25,43.2,0,0.9785
3958,2229,240,fp16,T,N,71,-621296069,0.02980,0.04096,1.3746,4,233,1283.9,0,0.9686
180,6461,8637,bf16,N,N,23,-621292873,0.31265,0.31262,0.9999,4,28,381.8,0,1.0661
1394,15,43,fp16,N,T,27,-408,0.00670,0.02663,3.9755,4,315,30.6,0,0.9903
4488,4506,10712,fp32,N,N,336,-621293283,4.27861,5.93712,1.3876,4,5,109.0,0,0.6723
142,163,68,fp32,T,T,66,-621283250,0.00646,0.00634,0.9813,4,1276,27.2,0,0.9785
41,1418,1341,fp32,N,N,306,-621283956,0.01078,0.01117,1.0358,4,753,747.4,0,1.0320
1849,8715,2782,fp32,N,N,292,-621283818,0.97098,1.07299,1.1051,4,10,187.5,0,0.7142
10350,8140,1094,bf16,N,N,17,-621292879,0.50075,0.55573,1.1098,4,17,753.8,0,0.6665
3,36,17,bf16,N,N,17,-257,0.00667,0.02549,3.8186,4,330,0.3,0,0.9687
1026,30215,26771,bf16,N,N,17,-621292880,4.36516,4.97548,1.1398,4,5,411.6,0,0.8817
152,199,26,fp32,N,N,278,-621283781,0.00642,0.00635,0.9895,4,1180,24.5,0,0.9866
1333,246,21447,bf16,T,N,80,-621289991,0.46602,0.71997,1.5449,4,14,148.2,0,0.9887
14989,59,1,bf16,N,T,27,-349,0.00664,0.02062,3.1064,4,435,537.5,0,0.9941
5207,370,155,bf16,N,N,17,-621292872,0.01978,0.03381,1.7098,4,229,477.1,0,1.0033
69,2,971,bf16,T,N,10,-618,0.01551,0.01460,0.9412,4,426,8.9,0,0.9937
9306,3647,3703,bf16,T,T,20,-621285694,0.51336,0.51583,1.0048,4,20,451.3,0,0.7106
3,5,2,fp32,N,N,412,-621283983,0.00616,0.00610,0.9906,4,1650,0.0,0,1.1563
8,14492,1529,bf16,T,T,20,-621285692,0.06912,0.06924,1.0017,4,125,648.2,0,1.1453
908,2675,25289,fp32,T,N,334,-621293583,1.38254,1.67278,1.2099,4,6,269.2,0,0.7053
17196,10418,10936,fp16,N,N,17,-621294414,8.34824,11.28804,1.3521,4,5,158.2,0,0.7708
7100,450,165,fp32,T,N,306,-621284350,0.02122,0.03333,1.5706,4,248,837.0,0,0.9730
8622,22293,12528,bf16,T,T,20,-621285697,8.38629,9.43643,1.1252,4,5,184.0,0,0.7033
4,369,137,fp16,N,N,17,-170,0.01093,0.02963,2.7095,4,325,9.9,0,0.9679
7285,2704,2,bf16,N,T,27,-353,0.03122,0.04600,1.4735,4,209,2525.3,0,1.0149
2,7,743,fp16,N,N,2,-170,0.04521,0.04523,1.0006,4,195,0.3,0,0.9783
204,17135,186,bf16,N,N,17,-621292869,0.02140,0.02140,0.9998,4,412,954.8,0,1.0223
26,20,3391,fp32,N,T,394,-621292960,0.00999,0.01357,1.3582,4,631,62.7,0,0.9817
20868,4856,10532,bf16,T,T,20,-621285693,4.11489,4.23817,1.0300,4,5,230.2,0,0.7576
2,291,68,bf16,T,N,3,-607,0.00681,0.00679,0.9965,4,1147,6.2,0,1.0260
1373,21754,9829,bf16,T,N,69,-621290012,1.29889,1.30065,1.0014,4,8,442.0,0,0.7073
1444,1505,590,fp16,N,T,27,-621295773,0.02941,0.04446,1.5120,4,197,413.9,0,0.9935
1093,1090,12272,bf16,T,T,20,-621285692,0.42857,0.43938,1.0252,4,23,136.1,0,1.0018
3,41,3558,bf16,T,T,4,-150,0.14831,0.16102,1.0857,4,61,2.1,0,0.9795
1604,9,1200,bf16,N,N,23,-258,0.04225,0.06995,1.6555,4,132,93.0,0,0.9963
6,38,31995,fp32,T,T,66,-621283250,0.30494,1.96424,6.4415,4,6,18.5,0,0.9964
22913,31166,3265,fp32,T,T,66,-621291421,45.24154,49.98166,1.1048,4,5,78.7,0,0.9546
4061,29,2110,fp32,N,N,334,-621283845,0.01508,0.07261,4.8157,4,132,2320.6,0,0.9326
10768,1713,236,bf16,N,N,17,-621292875,0.04728,0.05966,1.2619,4,156,1685.0,0,0.6998
20,5,5355,fp16,T,N,12,-391,0.01446,0.20057,13.8745,4,45,18.5,0,1.1796
1145,15191,173,fp32,T,N,296,-621284075,0.08909,0.13870,1.5569,4,66,907.9,0,0.6623
229,7268,10942,fp16,N,N,22,-621294403,0.38145,0.37530,0.9839,4,24,447.6,0,0.9957
105,3088,164,fp16,T,N,71,-380,0.01377,0.02539,1.8441,4,332,170.3,0,0.9821
1076,1,6,fp16,N,T,28,-9,0.00386,0.02414,6.2535,4,376,4.5,0,1.1337
15,2514,6918,fp16,T,T,22,-621291505,0.24820,0.25423,1.0243,4,39,141.6,0,1.0116
16314,40,370,fp32,T,N,355,-621293447,0.01351,0.02160,1.5990,4,412,1985.2,0,0.8805
657,695,2219,fp16,N,N,22,-621294410,0.08083,0.11220,1.3882,4,81,96.8,0,1.0626
19,2,11,fp16,T,T,22,-446,0.00664,0.01359,2.0477,4,568,0.1,0,0.9901
8030,5964,6202,fp16,T,T,22,-621291507,1.21506,1.20137,0.9887,4,8,300.5,0,0.6958
1,1,27,bf16,N,T,28,-9,0.00382,0.02298,6.0085,4,400,0.0,0,0.9682
2478,686,1047,bf16,T,T,20,-621285684,0.05357,0.05355,0.9995,4,164,250.6,0,1.1517
1024,267,5823,fp16,T,T,22,-621291505,0.20925,0.21499,1.0274,4,44,77.1,0,0.9922
622,9,4246,fp32,N,N,344,-621293294,0.02057,0.03974,1.9318,4,233,522.1,0,0.9897
3380,253,428,fp16,N,T,27,-621295773,0.02567,0.04013,1.5638,4,204,254.4,0,0.9921
2,878,2,fp16,T,T,5,-446,0.00685,0.00650,0.9492,4,1571,1.5,0,0.9993
3,3163,84,bf16,T,T,4,-150,0.00681,0.01000,1.4685,4,777,83.7,0,1.0324
21,17,16,fp16,T,N,71,-380,0.00665,0.01556,2.3410,4,571,0.4,0,1.0047
15,225,146,fp32,N,T,376,-621283746,0.00550,0.00580,1.0555,4,1031,28.0,0,0.9947
63,461,14221,bf16,N,N,23,-621292873,0.43000,0.43054,1.0012,4,23,34.9,0,1.1460
3032,273,387,fp32,T,T,66,-621291447,0.01322,0.01693,1.2808,4,487,637.6,0,0.8104
2,202,3516,fp16,N,N,22,-171,0.07376,0.14250,1.9318,4,63,19.5,0,0.9882
259,140,147,bf16,N,N,17,-257,0.01144,0.03162,2.7650,4,276,22.9,0,1.0034
825,12196,1619,fp32,T,N,298,-621284180,0.36446,0.42053,1.1539,4,23,341.8,0,0.7267
37,67,236,fp16,N,N,17,-170,0.01659,0.03383,2.0397,4,258,3.6,0,0.9590
935,5,2307,fp16,N,N,7,-171,0.06790,0.09999,1.4727,4,80,64.2,0,1.1173
7246,4684,1468,fp32,N,N,336,-621283812,1.05898,1.15870,1.0942,4,8,194.4,0,0.7883
91,28119,10,bf16,T,T,20,-151,0.00923,0.02678,2.9030,4,343,1170.5,0,0.9893
1403,5262,67,fp16,N,T,27,-621295773,0.02238,0.02925,1.3069,4,290,1359.4,0,0.9996
32757,3740,233,fp32,N,T,314,-621283630,0.67625,0.72109,1.0663,4,14,774.9,0,0.6526
8484,27680,5331,fp16,T,N,71,-621296125,4.81221,5.16077,1.0724,4,5,275.3,0,0.7082
786,53,156,fp16,N,T,27,-408,0.01107,0.03057,2.7608,4,274,38.7,0,1.1267
3776,28835,16841,bf16,N,T,27,-621290041,7.82508,7.99436,1.0216,4,5,196.0,0,0.7562
1,3,2832,fp16,N,N,8,-9,0.01216,0.11200,9.2079,4,78,1.9,0,0.9872
1933,150,4877,bf16,T,T,20,-621285685,0.18384,0.18376,0.9996,4,51,116.8,0,1.0447
1182,217,17634,fp32,N,T,321,-621292951,0.17842,4.65740,26.1032,4,5,558.8,0,0.8976
3608,5642,2491,fp16,N,T,27,-621295777,0.34981,0.40794,1.1662,4,24,364.5,0,0.6991
73,1188,475,bf16,T,T,20,-150,0.02310,0.03175,1.3749,4,219,66.9,0,1.4926
340,1532,189,bf16,T,N,69,-607,0.01503,0.03299,2.1949,4,265,185.7,0,0.9930
1,29057,10,bf16,T,N,4,-9,0.00494,0.00818,1.6548,4,1326,141.1,0,0.9991
899,2023,20,bf16,T,T,20,-152,0.00923,0.01536,1.6647,4,544,801.1,0,1.0096
27044,5130,388,fp16,N,N,17,-621294408,0.40920,0.46198,1.1290,4,20,1417.2,0,0.8307
10360,22,9,fp16,N,N,17,-170,0.00812,0.02561,3.1545,4,357,135.3,0,1.1308
6855,1255,1281,bf16,N,T,32,-621290045,0.08281,0.10027,1.2108,4,96,666.5,0,0.8855
3997,7138,6087,bf16,T,N,69,-621289993,0.66258,0.77949,1.1765,4,12,376.8,0,0.6823
1661,3838,51,fp16,N,T,27,-621295777,0.02230,0.02817,1.2635,4,319,1168.9,0,1.0045
8845,2464,14922,fp16,N,T,27,-621295777,1.50058,2.13957,1.4258,4,5,283.0,0,0.6507
4642,1,2,fp32,N,T,219,-621292908,0.00646,0.00613,0.9478,4,1443,8.6,0,1.4443
5201,31,3335,fp32,N,N,334,-621283842,0.03417,0.21787,6.3764,4,43,2061.6,0,0.9358
11,2,2,fp16,N,N,2,-170,0.00690,0.00653,0.9467,4,1614,0.0,0,0.9928
2,1,9268,fp16,T,T,6,-9,0.03478,0.33684,9.6849,4,30,1.6,0,0.9805
42,11,1540,bf16,T,N,77,-617,0.01413,0.07866,5.5677,4,124,11.7,0,1.0036
77,187,128,fp16,T,T,22,-445,0.00685,0.01526,2.2261,4,579,18.3,0,1.0072
22,3,2,bf16,N,T,27,-349,0.00660,0.02385,3.6149,4,351,0.1,0,0.9861
16212,7543,19421,fp16,T,N,71,-621296106,9.46618,12.42597,1.3127,4,5,149.1,0,0.6692
4543,14249,3201,fp32,T,N,296,-621284076,3.90324,4.16256,1.0664,4,5,128.0,0,0.6500
1132,15769,866,bf16,T,N,69,-621289960,0.11661,0.19405,1.6640,4,50,863.3,0,0.6228
13,1411,1362,fp16,N,N,22,-171,0.04124,0.07561,1.8334,4,103,95.8,0,1.3324
3,23,16,fp16,N,T,27,-408,0.00703,0.02209,3.1431,4,361,0.2,0,0.9928
11,14227,503,fp32,T,T,66,-621291433,0.01228,0.07742,6.3047,4,109,2383.7,0,0.9685
2721,4881,9784,bf16,N,T,27,-621290035,0.59333,0.60863,1.0258,4,18,340.2,0,0.7372
2284,8,62,fp32,N,N,370,-621293383,0.00637,0.00654,1.0264,4,1076,100.7,0,0.9748
6,13606,14748,fp32,T,T,112,-621291427,0.32103,1.83765,5.7243,4,6,2502.3,0,0.7925
2,7,29144,bf16,N,N,8,-258,0.79066,1.03126,1.3043,4,10,0.7,0,0.9703
16,5,470,fp32,T,T,66,-621283250,0.00743,0.00869,1.1686,4,918,5.4,0,1.0051
6,29367,282,fp16,N,N,17,-621294406,0.02323,0.02477,1.0663,4,351,743.5,0,1.0152
6783,1516,1307,fp32,N,T,312,-621283615,0.30499,0.30746,1.0081,4,25,277.1,0,0.6609
1198,2,4585,fp32,N,T,364,-621283524,0.01782,0.05862,3.2894,4,151,1235.6,0,0.9992
21870,4546,25816,fp16,N,N,17,-621294412,11.71985,15.95678,1.3615,4,5,150.3,0,0.8240
13,362,1207,fp16,N,T,33,-409,0.02807,0.06081,2.1665,4,152,32.9,0,0.9916
5891,14404,103,fp32,N,N,264,-621283872,0.25607,0.28231,1.1025,4,33,1358.1,0,0.7797
130,1525,23178,bf16,N,N,23,-258,0.84652,0.89760,1.0603,4,13,91.6,0,0.9918
6268,8722,22015,fp32,T,T,66,-621283237,24.93285,24.92831,0.9998,4,5,61.7,0,0.7378
233,21030,1,fp16,N,N,17,-173,0.01011,0.01793,1.7734,4,480,1942.5,0,0.9942
2693,714,1656,bf16,N,T,32,-621290045,0.04885,0.07992,1.6360,4,121,388.4,0,0.9860
206,20045,5310,fp32,N,N,306,-621293283,0.64305,1.00361,1.5607,4,10,694.6,0,0.7080
5961,17134,19555,fp16,T,N,71,-621296106,8.02698,11.57025,1.4414,4,5,163.4,0,0.7628
459,7048,542,bf16,T,T,20,-621285691,0.03714,0.04425,1.1916,4,184,567.6,0,0.9991
1384,6677,8179,bf16,N,T,32,-621290045,0.39320,0.44197,1.1240,4,23,429.4,0,0.6026
3,7576,254,bf16,N,T,27,-349,0.02009,0.03340,1.6627,4,282,196.2,0,0.9669
17,24,53,fp32,T,N,256,-621284033,0.00560,0.00581,1.0381,4,1796,1.8,0,0.9967
3,6,18,bf16,T,N,3,-616,0.00562,0.00582,1.0363,4,1486,0.1,0,1.0053
2686,1096,6756,fp16,T,T,22,-621291507,0.25194,0.25450,1.0101,4,35,249.6,0,1.0159
5254,94,2428,bf16,N,T,32,-621290045,0.06204,0.10365,1.6706,4,85,450.4,0,0.9793
7409,1205,2155,bf16,T,T,20,-621285686,0.12917,0.13820,1.0699,4,74,563.9,0,0.9493
108,633,233,bf16,N,T,27,-349,0.01775,0.03180,1.7913,4,294,34.9,0,0.9744
32,36,56,fp32,N,N,378,-621293212,0.00551,0.00576,1.0454,4,1545,3.6,0,0.9888
200,118,430,fp32,N,N,368,-621293214,0.00540,0.00561,1.0385,4,1289,118.8,0,1.0038
8280,248,27509,fp16,T,T,22,-621291504,1.03644,1.03495,0.9986,4,10,460.6,0,1.0200
18470,2,2864,fp32,T,N,221,-621284151,0.07847,0.73331,9.3453,4,14,2698.7,0,0.9365
13221,15977,6018,fp16,T,N,71,-621296123,4.84094,5.67886,1.1731,4,5,247.1,0,0.7057
139,70,1,fp32,T,N,282,-621293739,0.00655,0.00637,0.9730,4,1519,6.1,0,0.9560
469,2515,7169,fp32,T,T,66,-621283239,0.31019,0.46483,1.4986,4,20,291.1,0,0.8835
52,252,2,bf16,N,T,27,-349,0.00665,0.02185,3.2880,4,414,8.1,0,0.9756
6922,1513,7266,fp16,N,N,22,-621294409,0.42521,0.43484,1.0226,4,23,386.8,0,0.6618
92,2370,28621,fp32,N,N,306,-621283845,0.35013,1.78131,5.0875,4,6,807.5,0,0.7729
170,8617,6873,bf16,N,T,32,-621290049,0.17915,0.17897,0.9990,4,51,706.9,0,0.9891
26,13433,3,fp32,N,T,236,-621283467,0.00646,0.00645,0.9982,4,1206,241.2,0,0.9811
3832,5348,573,fp16,T,N,71,-621296099,0.11174,0.15639,1.3996,4,64,827.8,0,0.7878
6,23,4,bf16,N,N,17,-262,0.00673,0.02428,3.6063,4,328,0.1,0,1.1987
18929,133,52,fp32,T,T,66,-621283252,0.01084,0.01355,1.2498,4,669,1294.6,0,0.8161
7577,5024,8110,fp16,T,T,22,-621291510,1.17796,1.18482,1.0058,4,8,302.8,0,0.8106
2911,12532,6092,fp32,T,N,296,-621293475,4.15675,5.11022,1.2294,4,5,125.6,0,0.6604
37,265,2,fp32,T,N,292,-621293743,0.00642,0.00628,0.9778,4,1435,6.5,0,0.9633
12,50,32183,fp32,T,N,444,-621284194,0.01185,0.03105,2.6198,4,257,673.6,0,1.0059
39,4,12794,bf16,N,N,8,-258,0.34449,0.45607,1.3239,4,22,3.2,0,0.9924
554,3245,632,fp16,N,N,17,-621294410,0.03385,0.05247,1.5502,4,167,354.3,0,1.0275
2,40,38,fp32,T,N,171,-621293446,0.00657,0.00637,0.9691,4,1625,1.0,0,0.9927
99,1939,5242,bf16,N,T,32,-621290049,0.11201,0.11200,0.9999,4,77,197.6,0,1.0167
4079,758,2237,fp32,N,T,312,-621293122,0.16006,0.17878,1.1169,4,39,347.7,0,0.6674
24522,524,518,fp32,T,N,335,-621284051,0.16994,0.21889,1.2880,4,31,607.8,0,0.7193
619,16,6469,bf16,T,N,79,-617,0.13557,0.24562,1.8117,4,39,60.9,0,0.9885
257,467,1150,fp16,T,T,22,-445,0.05100,0.05630,1.1040,4,150,42.1,0,0.9939
15,3424,3,fp32,T,T,66,-621283253,0.00666,0.00626,0.9406,4,1421,37.1,0,0.9894
21935,5,12070,fp16,T,T,22,-621291507,0.43556,0.44453,1.0206,4,21,1217.0,0,0.9761
377,1,67,fp16,N,T,28,-9,0.00382,0.02705,7.0889,4,342,13.7,0,0.9714
6640,19560,22652,bf16,N,T,27,-621290048,11.43866,12.08431,1.0564,4,5,149.2,0,0.7195
1,35,2,bf16,T,T,4,-9,0.00401,0.00647,1.6121,4,1571,0.1,0,0.9793
2469,414,2796,bf16,N,N,23,-621292873,0.09771,0.12011,1.2293,4,73,206.8,0,0.9887
24,8,4,fp16,N,N,17,-170,0.00668,0.02164,3.2409,4,354,0.2,0,0.9780
28108,450,249,fp32,T,N,296,-621284345,0.08270,0.13759,1.6637,4,58,955.7,0,0.7757
1878,2382,1,fp16,T,N,71,-382,0.00938,0.01913,2.0405,4,477,1909.3,0,1.0027
273,771,9019,bf16,N,T,32,-621290049,0.18454,0.30435,1.6492,4,33,106.6,0,0.9780
9,606,784,bf16,N,T,32,-350,0.01996,0.04875,2.4421,4,192,49.4,0,0.9847
2940,1451,1084,bf16,T,T,20,-621285689,0.05635,0.05662,1.0048,4,153,471.8,0,1.0108
7537,2,3,bf16,N,N,2,-262,0.00683,0.00653,0.9561,4,1523,15.4,0,0.9892
4354,2571,1095,fp16,N,T,27,-621295765,0.08601,0.09890,1.1499,4,84,696.9,0,0.8207
53,90,1820,bf16,N,N,23,-258,0.05368,0.08496,1.5828,4,106,10.1,0,1.1497
1378,19304,1083,fp16,N,N,17,-621294409,0.22164,0.22348,1.0083,4,41,682.2,0,0.7102
56,314,36,bf16,T,T,20,-153,0.00660,0.01462,2.2161,4,581,14.7,0,1.1320
6343,8127,6791,fp32,T,N,296,-621293497,6.80721,7.95319,1.1683,4,5,88.0,0,0.6856
1844,25737,3100,bf16,T,T,20,-621285697,0.67700,0.68162,1.0068,4,14,533.0,0,0.7844
123,13465,96,bf16,N,N,17,-621292873,0.01561,0.02579,1.6517,4,310,591.4,0,0.9868
393,16,30,fp32,T,N,252,-621293742,0.00662,0.00612,0.9244,4,990,11.2,0,1.0004
18,61,7003,bf16,T,N,79,-620,0.01997,0.26744,13.3937,4,36,55.6,0,0.9850
1,9260,7244,fp16,T,N,12,-387,0.06478,0.06633,1.0240,4,140,2071.8,0,0.9794
1927,98,920,fp16,T,N,75,-621296104,0.03397,0.05687,1.6744,4,161,131.9,0,0.9512
29120,34,5288,bf16,T,N,79,-621289994,0.14901,0.25104,1.6847,4,38,2095.8,0,0.6923
12039,196,6524,fp32,T,T,66,-621283250,0.50982,0.61252,1.2014,4,19,644.8,0,0.7315
2,12,1582,bf16,T,N,11,-617,0.01549,0.02022,1.3060,4,368,2.9,0,0.9546
21325,657,373,bf16,T,N,69,-621289960,0.05451,0.06164,1.1309,4,149,1329.0,0,0.6488
47,6037,24235,fp32,T,N,380,-621284137,0.21878,0.35760,1.6345,4,25,2701.0,0,1.1078
1259,2602,28509,fp32,T,N,326,-621284344,2.12985,2.10011,0.9860,4,5,212.9,0,0.6204
496,2,30,bf16,T,N,3,-616,0.00669,0.00649,0.9697,4,1278,5.1,0,0.9772
1585,161,13323,fp16,T,N,78,-621296105,0.27213,0.41401,1.5214,4,24,174.7,0,0.9998
18,73,50,fp32,N,T,350,-621283569,0.00638,0.00636,0.9956,4,1460,3.7,0,0.9767
5044,398,12293,fp32,N,N,292,-621283958,0.64281,0.91766,1.4276,4,11,428.8,0,0.7396
2,2,5,fp32,N,T,305,-621293102,0.00642,0.00637,0.9925,4,1650,0.0,0,0.9719
4274,9437,39,bf16,N,T,27,-621290048,0.08952,0.11622,1.2983,4,87,1814.2,0,1.0059
564,1316,10811,fp16,N,T,33,-621295777,0.21897,0.36138,1.6504,4,27,199.2,0,1.1606
21351,3809,8018,fp16,N,T,27,-621295777,2.72569,3.07540,1.1283,4,5,267.4,0,0.8856
35,7742,4,fp16,N,T,27,-412,0.00663,0.02225,3.3560,4,409,172.8,0,0.9828
7531,5666,6059,bf16,T,N,69,-621289988,1.07353,1.21651,1.1332,4,8,308.0,0,0.7622
227,1,5276,fp32,T,T,67,-9,0.04688,0.09315,1.9868,4,106,102.7,0,0.9712
1063,27549,696,fp32,N,T,312,-621283587,0.47182,0.47251,1.0014,4,20,417.1,0,0.7211
5,6540,25555,fp32,T,N,380,-621293562,0.26700,0.40727,1.5253,4,25,2506.2,0,0.6484
16920,802,8859,bf16,N,T,27,-621290057,0.63072,0.60605,0.9609,4,19,583.9,0,0.9125
262,702,8,bf16,N,N,17,-262,0.00670,0.02515,3.7533,4,369,112.1,0,0.9815
4508,4970,2297,fp16,T,T,22,-621291507,0.35428,0.38840,1.0963,4,25,375.9,0,0.6688
24,7,63,fp16,T,N,5,-380,0.00670,0.02544,3.7993,4,315,0.7,0,1.2225
1995,1660,1542,fp32,N,T,312,-621283615,0.12191,0.14203,1.1650,4,49,293.6,0,0.8236
2111,1325,3,bf16,T,T,20,-152,0.00740,0.01349,1.8237,4,586,1515.7,0,0.9897
3738,519,1051,fp32,T,T,66,-621291445,0.05592,0.05966,1.0669,4,123,458.8,0,0.6404
9517,48,2,fp16,T,T,22,-448,0.00665,0.01597,2.4004,4,545,280.5,0,1.1386
11542,10953,8575,fp16,T,T,22,-621291510,4.30227,4.34009,1.0088,4,5,207.2,0,0.8154
2052,10,392,fp16,N,N,17,-170,0.02521,0.03840,1.5233,4,251,67.4,0,0.9779
837,1167,147,fp16,N,T,27,-408,0.01415,0.02948,2.0835,4,304,317.7,0,1.0049
14175,13,7792,fp32,T,T,66,-621291435,0.14550,0.34354,2.3611,4,28,3044.3,0,0.7489
2834,984,3,fp32,N,T,204,-621283466,0.00555,0.00687,1.2394,4,1276,2019.4,0,0.9936
10,215,32418,fp16,T,T,22,-621291507,1.09039,1.12229,1.0293,4,9,13.4,0,0.9717
4109,4625,2152,fp32,N,N,292,-621293145,0.85333,0.84125,0.9858,4,11,177.2,0,0.7861
528,1419,1,bf16,N,T,27,-349,0.00673,0.02253,3.3491,4,405,446.2,0,0.9748
5920,1954,672,fp32,N,T,356,-621283612,0.17214,0.18761,1.0899,4,42,391.8,0,0.7781
2317,749,20,fp32,N,T,204,-621283657,0.00636,0.00680,1.0695,4,1147,1130.2,0,1.0021
73,152,7199,fp32,N,N,324,-621293340,0.03649,0.45102,12.3609,4,23,178.8,0,0.9752
18,3,6346,bf16,N,T,32,-350,0.12275,0.12872,1.0487,4,77,2.2,0,0.9856
876,30528,19144,fp16,T,N,71,-621296115,2.37035,2.51200,1.0598,4,5,552.4,0,0.7123
2543,3,352,fp16,N,N,2,-170,0.02222,0.02221,0.9998,4,385,82.0,0,0.9984
28969,216,342,fp32,N,T,324,-621283645,0.05897,0.06475,1.0980,4,114,1101.5,0,0.6565
4004,12515,4010,fp32,T,N,296,-621284073,3.97319,3.98073,1.0019,4,5,117.1,0,0.8610
1918,10813,10652,fp16,T,N,71,-621296105,1.23102,1.60599,1.3046,4,7,287.7,0,0.6468
1,3,2447,fp16,T,T,5,-9,0.00392,0.09116,23.2707,4,77,5.0,0,1.5591
4766,821,7202,fp16,N,T,33,-621295777,0.19466,0.28174,1.4474,4,34,493.8,0,0.9174
13378,2,6496,bf16,T,N,13,-614,0.48885,2.94106,6.0163,4,5,355.8,0,1.0293
24577,504,3736,fp32,N,N,292,-621283963,0.96991,1.05020,1.0828,4,9,437.5,0,0.6347
2,7999,29126,fp16,T,T,5,-445,1.52171,1.68122,1.1048,4,7,306.3,0,1.1510
20,16,6,fp16,T,T,22,-447,0.00570,0.01310,2.2965,4,629,0.3,0,0.9954
17199,18,38,fp32,N,N,316,-621283777,0.00553,0.00797,1.4403,4,866,696.7,0,1.0010
1436,233,2981,bf16,N,T,32,-621290045,0.07268,0.12008,1.6521,4,79,155.3,0,0.9977
3,7,125,fp16,N,T,27,-408,0.00868,0.02637,3.0380,4,345,0.3,0,1.0074
226,3727,50,bf16,N,N,17,-257,0.00761,0.02786,3.6603,4,337,494.6,0,1.0205
150,27570,2419,fp32,N,N,306,-621293347,0.31322,0.44220,1.4118,4,24,909.1,0,0.7624
8,323,27,fp16,N,N,17,-170,0.00665,0.02612,3.9302,4,358,4.2,0,0.9812
1021,4092,5501,bf16,N,N,23,-621292881,0.22465,0.22289,0.9922,4,40,324.8,0,1.0193
46,547,439,fp16,T,T,22,-445,0.01710,0.03000,1.7539,4,303,36.3,0,0.9726
63,2819,19359,bf16,N,N,23,-258,0.71218,0.75724,1.0633,4,14,157.7,0,1.0086
5699,116,12,bf16,N,T,27,-349,0.00667,0.02520,3.7765,4,344,417.2,0,1.0072
18773,8678,8837,bf16,T,N,69,-621290011,5.23527,6.11121,1.1673,4,5,217.1,0,0.7108
7152,189,8,bf16,T,N,69,-611,0.00670,0.02687,4.0102,4,303,824.6,0,0.9893
6341,20722,4951,fp32,T,T,66,-621283237,12.93690,13.01451,1.0060,4,5,82.1,0,0.6526
268,42,30053,fp16,N,T,33,-621295773,0.56073,0.95582,1.7046,4,11,33.3,0,0.9588
43,26,15242,fp32,T,T,66,-621291435,0.14674,0.93977,6.4042,4,11,28.7,0,0.9700
1,2,467,bf16,T,N,4,-9,0.00390,0.02705,6.9424,4,321,0.7,0,0.9917
776,94,16725,bf16,N,T,32,-621290045,0.32098,0.54479,1.6973,4,19,91.6,0,1.0108
1104,945,8209,bf16,N,N,23,-621292873,0.26426,0.34201,1.2942,4,29,143.1,0,1.0161
32740,5406,7498,bf16,N,N,17,-621292879,5.36648,7.27292,1.3553,4,5,238.5,0,0.9019
77,14276,147,fp32,T,N,322,-621293797,0.01151,0.02356,2.0466,4,376,1115.1,0,1.0013
424,95,46,fp32,T,N,240,-621293435,0.00653,0.00637,0.9752,4,1367,39.3,0,0.9832
407,20951,2,bf16,N,T,27,-353,0.01714,0.02603,1.5193,4,362,1995.4,0,1.0131
21192,13531,4419,bf16,T,T,20,-621285693,4.98868,4.95657,0.9936,4,5,291.4,0,0.8175
5581,164,5224,fp16,T,N,78,-621296106,0.11770,0.19982,1.6977,4,46,541.1,0,0.9851
8393,1074,6244,fp32,T,N,298,-621284348,1.12956,1.14140,1.0105,4,8,241.2,0,0.6455
7253,20,126,fp32,T,T,66,-621291435,0.00650,0.00916,1.4087,4,895,653.1,0,1.0024
12,1027,12691,fp16,T,N,78,-387,0.09197,0.39286,4.2716,4,26,287.3,0,0.9941
1386,15685,1916,fp32,N,N,292,-621293283,0.83207,0.92666,1.1137,4,10,261.7,0,0.6658
15256,5961,3775,fp16,N,T,27,-621295763,1.52076,1.62666,1.0696,4,7,344.5,0,0.7958
2,293,6526,fp16,T,T,5,-445,0.20766,0.24607,1.1850,4,41,18.6,0,0.9608
1922,25,1478,fp32,N,N,334,-621283910,0.00962,0.02710,2.8171,4,302,1216.6,0,1.0148
2117,4892,528,bf16,T,N,69,-621289974,0.04890,0.05471,1.1188,4,174,998.4,0,0.6601
6,49,288,fp32,N,N,370,-621283825,0.00645,0.00646,1.0020,4,1498,10.0,0,1.2776
8,11,3,fp16,N,N,17,-170,0.00662,0.02440,3.6855,4,363,0.1,0,0.9975
9373,6,22433,fp16,N,N,7,-175,1.16771,1.77483,1.5199,4,6,360.6,0,0.6726
37,21538,9,fp16,N,N,17,-173,0.00670,0.01580,2.3572,4,554,533.5,0,1.1405
26504,2740,30901,bf16,N,N,17,-621292881,8.79525,12.18336,1.3852,4,5,238.5,0,0.8110
12981,1,19274,fp16,T,T,23,-9,0.30275,0.68090,2.2490,4,15,1653.1,0,1.0011
66,847,132,fp16,T,T,22,-445,0.00732,0.01913,2.6143,4,456,63.5,0,0.9738
3,193,12928,fp16,N,T,33,-621295773,0.24302,0.41860,1.7225,4,23,20.9,0,1.1481
340,29700,6428,fp32,T,T,112,-621291424,1.68785,2.38707,1.4143,4,5,481.5,0,0.7840
4,3,4731,fp32,N,T,462,-621283715,0.01137,0.01058,0.9304,4,545,11.7,0,1.1197
855,661,4277,bf16,N,N,23,-621292873,0.14469,0.19080,1.3187,4,50,105.3,0,1.1322
3,106,12,bf16,T,T,4,-151,0.00581,0.00596,1.0267,4,1478,0.7,0,0.9862
1383,1914,5083,fp32,N,T,312,-621293122,0.35834,0.31821,0.8880,4,28,216.6,0,0.6632
57,13,37,bf16,N,N,17,-257,0.00757,0.02609,3.4484,4,352,1.1,0,0.9837
3748,13815,1151,fp16,T,N,71,-621296128,0.33608,0.33327,0.9916,4,25,736.6,0,0.6232
28,15,66,bf16,N,T,27,-349,0.00571,0.02630,4.6084,4,345,1.3,0,1.1233
151,73,181,bf16,N,N,17,-257,0.01364,0.03196,2.3420,4,280,9.2,0,1.0007
14,58,3,bf16,N,T,27,-349,0.00587,0.02161,3.6805,4,383,0.6,0,0.9952
96,19686,2200,bf16,N,N,23,-621292872,0.09171,0.09192,1.0023,4,99,1031.6,0,1.0350
1,2084,15606,bf16,T,T,4,-9,0.02766,1.63033,58.9326,4,7,2352.7,0,0.9803
15757,923,2214,fp16,T,N,71,-621296127,0.17883,0.17711,0.9904,4,41,738.3,0,0.6965
21292,27,996,bf16,N,T,32,-621290045,0.03840,0.05516,1.4364,4,159,1165.8,0,0.9955
16861,4253,29942,fp16,T,T,22,-621291506,8.20218,8.98263,1.0952,4,5,189.1,0,0.6966
146,4,18,fp16,N,N,2,-173,0.00680,0.00648,0.9533,4,1278,1.1,0,0.9988
6302,14704,2868,fp16,T,T,22,-621291506,1.12859,1.21583,1.0773,4,8,435.2,0,0.7853
19,5,5730,fp32,N,N,366,-621283970,0.00915,0.03817,4.1690,4,230,60.1,0,0.9576
39,59,6661,fp32,N,T,385,-621283524,0.02352,0.05931,2.5216,4,148,111.4,0,1.1361
24937,4092,77,fp16,T,T,22,-621291496,0.18101,0.25786,1.4246,4,39,2279.7,0,0.8180
81,7803,127,fp32,N,T,290,-621293101,0.00646,0.01200,1.8587,4,700,1011.7,0,0.9616
4,2658,16964,fp32,T,N,407,-621293537,0.08536,0.14407,1.6878,4,67,2116.6,0,0.7446
20313,25956,5162,bf16,T,T,20,-621285693,9.81489,11.65961,1.1880,4,5,263.5,0,0.7372
23,7,50,fp16,T,T,22,-447,0.00658,0.01583,2.4076,4,544,0.6,0,1.0057
31804,12788,408,bf16,T,N,69,-621289994,0.99487,1.29690,1.3036,4,8,1671.8,0,0.8494
14,178,5,fp16,N,N,17,-170,0.00678,0.02464,3.6349,4,375,1.8,0,0.9822
4113,20605,15721,bf16,N,N,17,-621292880,6.18833,7.42216,1.1994,4,5,180.4,0,0.7448
2,1,42,fp16,N,T,28,-9,0.00393,0.02562,6.5158,4,357,0.1,0,0.9880
698,1307,26082,fp32,N,N,292,-621283864,0.66544,1.63994,2.4644,4,7,319.8,0,0.6500
3,1,23399,fp32,N,N,103,-9,0.01311,0.14643,11.1681,4,66,28.6,0,0.9678
3661,352,1825,bf16,T,T,20,-621285689,0.07875,0.07943,1.0087,4,108,251.5,0,1.0304
16,794,2,fp16,T,N,71,-388,0.00660,0.01508,2.2853,4,578,8.2,0,0.9790
13,147,3,bf16,N,N,17,-257,0.00684,0.02460,3.5948,4,370,1.3,0,1.1366
12,282,2133,bf16,T,N,78,-619,0.01637,0.09760,5.9619,4,95,77.4,0,1.0017
54,19,386,fp32,N,N,352,-621293294,0.00644,0.00605,0.9385,4,1443,18.1,0,0.9882
44,1485,15378,bf16,T,T,20,-621285696,0.52990,0.54333,1.0253,4,19,89.2,0,0.9900
19645,121,184,fp32,T,N,306,-621293756,0.02090,0.02893,1.3844,4,287,1151.1,0,0.9575
24271,28067,2028,bf16,N,T,27,-621290053,6.30259,6.55306,1.0397,4,5,466.0,0,0.8877
4,440,4,fp32,N,T,304,-621293098,0.00647,0.00645,0.9973,4,1419,2.2,0,0.9791
393,246,4,bf16,N,N,17,-262,0.00668,0.02522,3.7764,4,357,58.7,0,0.9968
22,12,143,bf16,N,T,27,-349,0.01066,0.02882,2.7023,4,305,1.0,0,0.9903
2329,24242,3356,fp32,N,N,292,-621283870,3.63178,4.63085,1.2751,4,5,160.4,0,0.7804
165,23,21,fp16,N,N,17,-173,0.00670,0.02569,3.8364,4,309,3.4,0,0.9784
24,15,4406,bf16,T,T,20,-621285697,0.16033,0.16421,1.0242,4,58,2.2,0,1.0005
2,9972,4,fp32,T,N,211,-621293742,0.00655,0.00643,0.9814,4,1469,36.5,0,1.0087
81,12,27,fp32,N,N,342,-621283842,0.00635,0.00657,1.0350,4,1650,2.2,0,1.0086
45,245,115,fp16,T,T,22,-445,0.00671,0.01906,2.8415,4,437,16.5,0,0.9967
1333,19469,10491,fp16,N,T,27,-621295782,1.46326,1.44534,0.9878,4,7,369.2,0,0.8293
148,2,1002,fp32,N,T,414,-621283666,0.00598,0.00707,1.1829,4,1017,100.8,0,0.9716
1398,2821,337,fp32,N,N,292,-621283778,0.03949,0.04207,1.0653,4,206,543.5,0,0.7667
2018,4559,1,fp32,T,N,266,-621293420,0.01369,0.01842,1.3456,4,483,2690.9,0,0.9565
21,40,684,bf16,T,T,20,-150,0.03051,0.03724,1.2207,4,256,2.8,0,0.9725
7,45,756,fp16,T,T,5,-445,0.02632,0.03016,1.1458,4,276,3.0,0,0.9931
3433,20970,6662,fp32,T,N,296,-621293475,8.92174,9.96397,1.1168,4,5,105.2,0,0.8347
138,748,11667,fp16,N,N,22,-171,0.32095,0.35628,1.1101,4,28,65.7,0,0.9551
2119,29,4351,bf16,N,N,23,-258,0.14846,0.19357,1.3039,4,49,127.6,0,0.9861
13,12,31,fp32,N,T,301,-621283623,0.00559,0.00580,1.0363,4,1654,0.7,0,0.9717
165,32136,68,bf16,T,T,20,-621285683,0.02193,0.04064,1.8537,4,238,1167.7,0,0.9812
26138,210,7,fp32,N,N,264,-621283778,0.01042,0.01374,1.3176,4,635,2176.9,0,1.0846
25054,84,122,fp16,T,T,22,-621291504,0.02084,0.02412,1.1574,4,387,698.3,0,1.0049
3800,6498,4,fp32,T,T,112,-621291467,0.04636,0.05465,1.1789,4,191,2134.2,0,0.6511
12153,6013,6848,fp16,N,N,17,-621294413,2.13152,2.39662,1.1244,4,5,253.9,0,0.8666
3,35,11243,fp32,T,N,198,-621293598,0.01156,0.02164,1.8731,4,338,147.9,0,0.9738
448,1511,19420,fp32,N,T,312,-621293070,0.40035,4.81736,12.0328,4,5,386.9,0,0.9046
7077,8446,618,bf16,N,T,27,-621290046,0.31020,0.33718,1.0870,4,27,832.6,0,0.6302
9280,8608,1236,fp32,N,T,356,-621283630,1.95793,1.99032,1.0165,4,5,208.4,0,0.7529
355,118,239,fp16,N,T,27,-408,0.01786,0.03455,1.9351,4,250,22.0,0,0.9680
30,82,742,fp32,N,N,386,-621293214,0.00645,0.00641,0.9951,4,1140,53.1,0,1.1558
3345,165,87,fp16,N,T,27,-408,0.00862,0.02928,3.3966,4,305,326.9,0,1.0166
652,27123,8406,fp32,T,N,296,-621293760,3.41113,4.15343,1.2176,4,5,294.5,0,0.7385
18,601,5569,fp16,N,T,33,-621295777,0.11672,0.11897,1.0192,4,75,59.4,0,0.9755
310,2545,1351,fp32,N,T,312,-621283656,0.03141,0.03333,1.0612,4,244,591.7,0,0.8123
32,25595,2,fp32,T,T,66,-621283241,0.00658,0.01552,2.3570,4,522,528.8,0,0.9878
155,47,275,fp16,N,N,17,-170,0.01922,0.03645,1.8964,4,249,7.3,0,0.9860
12374,109,1353,bf16,T,T,20,-621285684,0.06301,0.06641,1.0539,4,133,621.7,0,1.0184
2,12,149,fp16,T,T,5,-445,0.00686,0.00740,1.0789,4,1029,0.6,0,0.9813
4401,665,162,fp32,N,N,292,-621283858,0.01945,0.02654,1.3645,4,365,770.7,0,0.7046
3,4,3,bf16,N,T,27,-349,0.00686,0.02163,3.1514,4,443,0.0,0,0.9804
1338,7060,9828,bf16,T,T,20,-621285697,0.53518,0.56130,1.0488,4,17,379.0,0,0.6535
3,530,5,fp32,T,N,182,-621284033,0.00667,0.00637,0.9554,4,1305,2.6,0,1.1302
189,6448,595,fp16,N,N,17,-621294411,0.03046,0.04509,1.4800,4,204,419.3,0,1.0111
15254,589,853,fp16,T,T,22,-621291500,0.07380,0.07730,1.0475,4,120,853.2,0,0.8500
3821,1229,4925,bf16,N,T,32,-621290045,0.14549,0.20170,1.3863,4,46,471.0,0,1.1400
30,2522,74,fp16,N,N,17,-170,0.00754,0.02792,3.7023,4,304,90.2,0,0.9586
6359,2627,21,fp32,T,T,66,-621291424,0.02960,0.02937,0.9924,4,293,2283.1,0,0.7691
1607,224,1136,fp32,N,T,321,-621283608,0.01756,0.02266,1.2900,4,393,555.7,0,0.9099
2376,87,2244,bf16,N,T,32,-621290045,0.05659,0.09561,1.6895,4,99,209.9,0,0.9930
3534,24,2062,bf16,T,T,20,-621285696,0.08408,0.08547,1.0165,4,111,178.6,0,0.9916
1377,8,11615,fp16,N,T,33,-621295773,0.22783,0.38556,1.6923,4,25,141.4,0,1.1272
904,2548,9,fp32,T,N,266,-621284036,0.00636,0.00743,1.1694,4,1052,1469.1,0,1.0265
5208,620,1970,fp32,T,N,359,-621284338,0.14118,0.14315,1.0139,4,50,416.8,0,0.6476
1,1842,8,fp32,N,T,261,-621293079,0.00551,0.00571,1.0352,4,1507,12.0,0,0.9747
12718,4,8069,bf16,T,N,15,-621289969,0.31338,0.30943,0.9874,4,30,655.8,0,0.7670
1,23474,111,bf16,T,T,4,-152,0.01315,0.01422,1.0814,4,653,403.4,0,0.9882
22320,8317,7282,bf16,T,N,69,-621290006,4.84185,5.81955,1.2019,4,5,245.5,0,0.6674
15,13,1457,fp16,N,N,22,-171,0.03311,0.07965,2.4060,4,108,2.5,0,0.9578
119,67,2165,fp16,N,T,33,-409,0.04728,0.09237,1.9539,4,95,17.7,0,0.9873
15,45,3,fp16,T,T,22,-449,0.00575,0.01313,2.2836,4,598,0.5,0,0.9872
4956,5877,13941,bf16,N,N,17,-621292880,1.81270,2.03560,1.1230,4,5,230.9,0,0.6958
14163,28431,30,bf16,T,T,20,-621285687,0.65888,1.00626,1.5272,4,10,2448.5,0,0.8624
739,1382,10850,fp32,N,N,292,-621293250,0.30547,0.68965,2.2577,4,15,314.7,0,0.6345
7,6757,12,fp16,N,N,17,-170,0.00560,0.02515,4.4918,4,339,62.8,0,0.9829
1862,11828,1138,bf16,T,N,69,-621289995,0.15052,0.15865,1.0540,4,52,792.3,0,0.6673
3,62,376,bf16,N,N,17,-621292873,0.02419,0.03739,1.5460,4,248,2.1,0,0.9977
216,588,496,fp16,T,N,71,-621296107,0.02315,0.04234,1.8289,4,204,56.4,0,0.9928
3,7,5,fp16,T,T,5,-446,0.00684,0.00658,0.9614,4,1636,0.0,0,0.9888
10777,8808,9116,bf16,N,T,27,-621290049,3.34749,3.48450,1.0409,4,5,220.1,0,0.9014
7,1160,3,fp16,T,N,5,-382,0.00683,0.02237,3.2732,4,362,5.8,0,0.9926
34,20142,1306,bf16,N,T,32,-621290049,0.04412,0.06749,1.5295,4,129,1256.5,0,1.0013
1954,19458,16,bf16,N,N,17,-621292873,0.06030,0.11146,1.8483,4,88,2533.3,0,0.8775
2,13,7,fp32,T,N,200,-621284337,0.00662,0.00644,0.9736,4,1608,0.1,0,0.9756
195,8,116,bf16,T,T,20,-150,0.00763,0.01839,2.4094,4,490,7.0,0,1.0015
617,9441,8668,fp16,N,N,22,-621294408,0.41466,0.42207,1.0179,4,25,476.7,0,0.6617
3435,20370,6,fp32,T,T,66,-636,0.14763,0.17864,1.2101,4,57,1899.7,0,0.8361
7272,11929,3598,fp16,T,N,71,-621296127,1.30022,1.37315,1.0561,4,7,373.1,0,0.8498
472,4522,3,fp16,N,N,17,-173,0.00700,0.02649,3.7857,4,306,1224.3,0,0.9763
75,43,122,fp16,T,N,71,-386,0.00858,0.02243,2.6156,4,328,4.9,0,0.9961
1716,18,182,fp32,T,N,345,-621284151,0.00648,0.00645,0.9963,4,1390,214.0,0,1.0029
10218,3343,5754,fp16,N,N,17,-621294412,0.89354,0.87518,0.9794,4,11,327.6,0,0.7020
3,4570,3,fp16,T,T,5,-449,0.00677,0.00649,0.9595,4,1545,12.2,0,1.1404
2919,742,14799,fp16,N,N,22,-621294414,0.53348,0.57011,1.0687,4,18,219.4,0,1.0469
12734,25,648,bf16,N,T,27,-621290045,0.02722,0.04193,1.5404,4,201,654.3,0,1.0011
738,656,30672,bf16,T,T,20,-621285697,1.05399,1.07333,1.0184,4,10,83.0,0,0.9933
6,501,2,fp16,N,N,17,-170,0.00675,0.02474,3.6675,4,381,2.1,0,0.9760
11516,9340,8889,bf16,N,T,27,-621290049,3.79268,3.97097,1.0470,4,5,211.2,0,0.8525
10,3466,28462,fp16,T,N,79,-621296105,0.59389,1.05127,1.7701,4,11,333.4,0,0.9743
9,19,1822,fp16,N,T,33,-409,0.03660,0.07892,2.1562,4,107,2.8,0,0.9899
3,4,28031,fp32,N,N,392,-621283969,0.01167,0.01487,1.2736,4,491,67.2,0,0.9715
10564,2914,158,fp32,T,N,335,-621284350,0.12255,0.23594,1.9253,4,32,1074.3,0,0.6769
135,47,27802,bf16,N,N,23,-621292873,0.82669,0.82837,1.0020,4,13,12.3,0,0.9739
15599,750,29,fp32,T,N,238,-621284353,0.02375,0.03100,1.3050,4,289,2049.9,0,0.9084
252,2131,65,bf16,T,N,69,-607,0.00777,0.02747,3.5350,4,303,316.3,0,1.1457
9069,659,122,bf16,T,T,20,-621285689,0.02214,0.02823,1.2753,4,331,1187.1,0,1.0314
2682,218,6314,fp16,N,N,22,-621294410,0.20072,0.23686,1.1801,4,42,194.1,0,0.9866
7227,5574,3830,fp32,T,N,296,-621284065,3.07933,3.32922,1.0811,4,5,116.0,0,0.6590
545,14,7,bf16,N,N,17,-262,0.00671,0.02481,3.6956,4,366,5.7,0,0.9698
2,41,140,fp16,N,T,27,-408,0.00985,0.02654,2.6935,4,331,1.3,0,1.1209
5986,1927,11255,fp32,T,T,66,-621291445,3.11970,3.36931,1.0800,4,5,129.0,0,0.7498
10488,2681,426,fp32,N,T,312,-621283665,0.27491,0.28649,1.0421,4,26,490.8,0,0.6325
3,24,85,bf16,T,N,3,-607,0.00711,0.00710,0.9982,4,1064,0.7,0,0.9772
2159,17740,1216,fp16,T,N,71,-621296104,0.23590,0.26268,1.1136,4,32,854.6,0,0.8162
1624,81,31681,fp16,T,T,22,-621291505,1.07151,1.09946,1.0261,4,10,101.3,0,0.9590
1481,15295,2240,bf16,T,N,69,-621289995,0.31068,0.36289,1.1681,4,27,533.6,0,0.6435
1200,3636,802,fp16,T,T,22,-621291498,0.04669,0.04779,1.0235,4,174,539.9,0,1.1219
28422,201,1249,bf16,T,N,76,-621289994,0.06554,0.08772,1.3384,4,107,1439.7,0,0.7501
40,235,178,fp16,N,N,17,-170,0.01327,0.03265,2.4611,4,273,10.2,0,0.9706
1146,28223,3438,fp32,N,T,312,-621283525,2.25127,2.38816,1.0608,4,5,236.9,0,0.6567
40,18562,53,fp16,T,T,22,-445,0.00856,0.01953,2.2806,4,424,577.1,0,0.9900
20264,12151,8782,bf16,T,T,20,-621285693,7.64729,8.36956,1.0944,4,5,203.2,0,0.7482
9077,29,2386,fp32,T,N,336,-621284173,0.03962,0.04073,1.0281,4,185,2220.1,0,0.6343
667,3558,2027,bf16,T,T,20,-621285691,0.08920,0.08908,0.9987,4,103,298.4,0,1.1633
2236,2,1516,bf16,N,T,32,-621290045,0.04356,0.07311,1.6783,4,118,156.2,0,0.9844
125,5,11025,fp16,T,T,22,-621291510,0.38083,0.39107,1.0269,4,26,7.5,0,0.9928
8541,187,17018,fp32,N,N,310,-621283932,0.64715,1.19769,1.8507,4,9,928.0,0,0.6435
15624,565,528,fp32,N,N,292,-621283898,0.12906,0.18278,1.4162,4,56,538.5,0,0.6701
320,84,23326,fp16,T,N,79,-390,0.41549,0.71154,1.7125,4,15,45.6,0,0.9632
184,2935,259,fp16,N,N,17,-621294410,0.02219,0.03655,1.6470,4,222,170.2,0,0.9751
26,869,6,fp16,T,N,71,-380,0.00669,0.01636,2.4462,4,529,15.1,0,1.0042
2103,627,4219,fp16,T,N,78,-621296106,0.10198,0.19192,1.8820,4,52,277.6,0,1.0403
16494,1275,7978,bf16,T,T,20,-621285693,0.97996,1.01890,1.0397,4,10,375.2,0,0.6621
5224,7882,5257,fp16,T,T,22,-621291510,1.00341,1.03956,1.0360,4,9,301.5,0,0.7177
14981,47,21,bf16,N,T,27,-349,0.00655,0.02229,3.4036,4,298,526.3,0,1.5519
19459,7596,18590,fp32,T,T,66,-621283236,56.51273,56.95400,1.0078,4,5,46.1,0,1.0413
1518,191,9569,fp16,N,N,22,-621294410,0.29653,0.39234,1.3231,4,26,114.2,0,0.9872
109,7005,28209,bf16,N,N,23,-621292873,1.08890,1.10071,1.0108,4,10,371.4,0,1.0137
510,6423,1,fp32,N,T,204,-621283473,0.00704,0.01192,1.6940,4,765,1865.8,0,0.9033
815,809,424,fp16,T,N,71,-621296107,0.02180,0.03432,1.5745,4,242,184.2,0,0.9931
6,1452,74,fp32,N,N,350,-621293378,0.00559,0.00584,1.0444,4,1413,83.4,0,0.9875
45,228,30,bf16,N,T,27,-349,0.00652,0.02328,3.5706,4,393,8.8,0,0.9995
1,8,1116,bf16,N,N,24,-9,0.00621,0.05869,9.4532,4,148,3.2,0,1.0046
546,173,6836,bf16,N,T,32,-621290045,0.14127,0.14176,1.0035,4,66,72.3,0,1.0139
182,1541,216,bf16,N,T,27,-349,0.01555,0.03083,1.9824,4,290,120.0,0,1.0053
118,136,3189,fp32,N,N,324,-621283957,0.01799,0.01936,1.0764,4,442,183.7,0,1.0156
44,57,67,fp16,T,T,22,-447,0.00663,0.01614,2.4347,4,497,3.6,0,1.0029
3909,18963,1041,fp16,T,N,71,-621296111,0.39426,0.38869,0.9859,4,24,872.8,0,0.7725
2,1661,2911,fp16,T,N,10,-390,0.01936,0.02063,1.0655,4,359,500.7,0,0.9777
8826,18061,764,fp16,T,T,22,-621291503,0.77936,0.81066,1.0402,4,12,870.9,0,0.6844
6,2,120,fp16,T,T,5,-445,0.00672,0.00651,0.9683,4,1193,0.3,0,0.9753
449,650,5004,fp16,T,T,22,-621291502,0.18883,0.18846,0.9981,4,51,64.4,0,1.1345
211,4095,31880,fp16,T,T,22,-621291499,1.19686,1.19428,0.9979,4,9,232.3,0,1.0183
18376,3791,19127,fp16,N,T,27,-621295777,5.82944,6.00982,1.0309,4,5,193.3,0,0.7327
27522,5497,2568,fp32,N,N,292,-621293201,7.29385,9.36579,1.2841,4,5,129.5,0,0.6840
20283,7094,8845,fp16,N,N,17,-621294412,5.40226,7.07542,1.3097,4,5,196.2,0,0.7888
166,785,19,fp32,T,N,240,-621293743,0.00554,0.00573,1.0338,4,1480,107.1,0,0.9701
57,107,5154,fp32,N,T,383,-621283524,0.01943,0.04729,2.4339,4,191,175.3,0,0.9876
4624,8043,17176,bf16,N,N,17,-621292877,2.62191,3.19178,1.2173,4,5,222.7,0,0.8319
425,359,362,fp16,T,N,71,-621296107,0.02039,0.03518,1.7252,4,249,57.8,0,0.9957
11,2901,9372,fp32,N,T,368,-621283654,0.04590,0.04175,0.9096,4,205,2381.0,0,0.7260
1454,2916,2,fp16,N,N,17,-173,0.00905,0.02792,3.0837,4,314,1875.0,0,1.1359
17,237,168,bf16,T,N,69,-616,0.01181,0.02399,2.0311,4,318,8.6,0,0.9895
1650,5474,10509,bf16,T,T,20,-621285692,0.52868,0.53017,1.0028,4,16,351.6,0,0.6677
22844,3,15793,fp16,T,T,22,-621291507,0.58286,0.58531,1.0042,4,17,1238.6,0,0.9578
151,27,26,fp32,N,T,217,-621283475,0.00663,0.00634,0.9563,4,1501,5.3,0,0.9793
57,69,1,fp16,N,T,27,-412,0.00669,0.02170,3.2415,4,347,2.4,0,0.9913
314,4787,64,fp16,T,N,71,-621296107,0.01201,0.02701,2.2495,4,326,555.1,0,1.0038
181,592,4,fp32,T,T,66,-621291447,0.00660,0.00627,0.9493,4,1312,66.8,0,0.9966
7288,9942,20335,bf16,N,N,17,-621292879,5.77683,7.90955,1.3692,4,5,171.5,0,0.8423
9,1,8188,fp16,N,N,5,-9,0.00613,0.31611,51.5318,4,31,26.7,0,0.9599
22822,1704,1073,fp16,N,T,27,-621295777,0.31307,0.34030,1.0870,4,29,665.0,0,0.6751
21,163,37,fp16,N,T,27,-408,0.00694,0.02308,3.3261,4,304,3.9,0,1.5307
15300,16315,9770,fp16,N,T,27,-621295777,10.24923,10.63492,1.0376,4,5,157.7,0,0.8483
6,4866,6,bf16,N,N,17,-257,0.00575,0.02449,4.2552,4,362,30.5,0,0.9841
174,4534,14313,bf16,T,T,20,-621285686,0.54678,0.55375,1.0127,4,18,252.3,0,0.9858
34,1,545,fp16,N,N,2,-9,0.00296,0.06500,21.9850,4,136,12.9,0,0.9811
1201,13596,13949,fp32,N,N,292,-621283818,4.57513,5.00336,1.0936,4,5,194.7,0,0.7178
2,20237,279,fp32,N,T,367,-621283745,0.00965,0.02701,2.8005,4,302,2358.3,0,0.9930
21,12692,10048,fp32,N,T,342,-621292900,0.20365,0.64855,3.1846,4,16,2514.2,0,0.7190
23,27,1152,fp16,N,T,33,-409,0.02333,0.05448,2.3355,4,176,5.0,0,0.9832
2145,29,299,fp32,T,N,308,-621293508,0.00645,0.00648,1.0057,4,1283,441.9,0,0.9995
3,2501,1,fp32,N,N,330,-621283990,0.00619,0.00618,0.9983,4,1574,6.5,0,1.0000
284,428,391,fp32,N,N,292,-621283823,0.00628,0.00648,1.0320,4,1287,254.8,0,1.0216
6929,2,1664,bf16,N,T,32,-621290045,0.04016,0.07299,1.8174,4,116,575.7,0,0.9918
769,1546,1270,fp32,T,N,326,-621284392,0.05039,0.07430,1.4744,4,134,327.7,0,0.8865
10661,6140,19,fp32,T,N,238,-621284348,0.10509,0.09732,0.9261,4,86,2503.7,0,0.6206
81,9847,40,fp16,N,N,17,-170,0.00734,0.02640,3.5982,4,349,543.1,0,1.1656
10505,22,30109,fp32,T,N,380,-621284175,0.41157,1.56602,3.8050,4,7,3082.7,0,0.7519
22694,9080,12124,fp16,T,T,22,-621291511,9.70590,9.79652,1.0093,4,5,164.3,0,0.6860
6,94,2,bf16,N,N,17,-262,0.00687,0.02456,3.5758,4,371,0.4,0,0.9781
22286,252,21620,fp16,T,T,22,-621291505,0.93389,0.96745,1.0359,4,10,1067.6,0,0.8188
2,18,29,fp32,N,T,276,-621283742,0.00640,0.00639,0.9987,4,1611,0.4,0,0.9715
5208,24329,17673,fp16,N,T,27,-621295777,9.93739,10.20660,1.0271,4,5,156.1,0,0.7493
26,6,19596,fp16,T,T,22,-621291505,0.66284,0.68203,1.0290,4,15,1.9,0,0.9931
2023,2012,17,bf16,T,N,69,-611,0.01304,0.02798,2.1454,4,314,1259.0,0,1.0027
32490,2,116,fp32,N,T,370,-621292930,0.00696,0.01004,1.4412,4,829,2202.0,0,1.0039
7105,132,1519,bf16,N,N,23,-621292873,0.06090,0.07764,1.2750,4,107,422.6,0,0.9823
72,2,68,fp32,T,N,201,-621293452,0.00655,0.00636,0.9722,4,1590,3.2,0,0.9850
4268,15560,4354,bf16,N,N,17,-621292879,1.23305,1.51878,1.2317,4,7,355.5,0,0.8799
3,361,6308,bf16,N,T,32,-621290045,0.12981,0.12961,0.9985,4,66,35.4,0,0.9740
1872,189,336,fp32,T,T,66,-621291435,0.00760,0.00939,1.2359,4,482,550.9,0,1.0190
1,4,199,fp32,N,T,444,-621283730,0.00648,0.00642,0.9909,4,1545,0.6,0,0.9921
7137,32240,1995,bf16,N,N,17,-621292879,1.95262,2.43749,1.2483,4,5,551.8,0,0.8065
129,20417,32,fp32,T,T,66,-621291425,0.00959,0.01799,1.8766,4,443,1373.4,0,0.9374
3310,6,59,bf16,T,T,20,-152,0.00722,0.01765,2.4455,4,490,65.2,0,0.9843
32439,21,2,bf16,T,T,20,-152,0.00665,0.01432,2.1542,4,592,429.4,0,1.0091
55,5179,848,fp32,T,N,332,-621293574,0.01352,0.01508,1.1152,4,611,1397.4,0,0.9542
38,2871,278,fp16,N,T,27,-408,0.01823,0.03292,1.8060,4,286,112.7,0,0.9943
5158,15973,1100,fp16,T,N,71,-621296100,0.46301,0.59015,1.2746,4,16,812.2,0,0.6840
79,11926,2,fp16,N,T,27,-412,0.00684,0.02060,3.0112,4,379,557.9,0,0.9868
3,3,207,fp32,N,T,443,-621283739,0.00621,0.00620,0.9989,4,1140,0.8,0,1.0009
2308,1065,9,bf16,T,T,20,-152,0.00880,0.01416,1.6097,4,611,1124.5,0,1.0092
2865,7350,10128,fp32,N,T,312,-621283677,4.46730,7.66893,1.7167,4,5,111.5,0,0.6571
4980,117,75,fp32,N,T,317,-621293013,0.00616,0.00613,0.9950,4,1367,626.7,0,0.9982
9506,544,4152,fp16,T,N,76,-621296106,0.14263,0.22603,1.5847,4,44,730.1,0,0.6718
75,28514,14573,fp32,T,T,66,-621291428,1.37656,1.97290,1.4332,4,6,1216.8,0,0.7277
4076,3694,93,bf16,T,T,20,-621285689,0.03435,0.04461,1.2986,4,226,1795.3,0,0.9159
6,31,1842,bf16,N,T,32,-350,0.03929,0.07954,2.0244,4,121,3.5,0,1.0054
3656,196,69,fp32,N,N,264,-621283776,0.00651,0.00757,1.1628,4,900,603.5,0,0.9927
5086,8965,14443,fp16,T,T,22,-621291511,2.73613,2.95868,1.0813,4,5,215.0,0,0.7125
7620,396,4,bf16,T,T,20,-152,0.00823,0.02250,2.7338,4,386,1474.2,0,0.9761
1819,17250,841,bf16,T,T,20,-621285687,0.18403,0.19208,1.0437,4,43,856.3,0,0.6867
7985,849,7,fp32,N,N,264,-621293161,0.01203,0.01457,1.2114,4,642,2274.4,0,1.0954
18,159,84,fp16,T,T,22,-445,0.00669,0.01734,2.5908,4,447,6.2,0,0.9686
94,4112,6,fp32,N,T,272,-621292928,0.00660,0.00640,0.9683,4,1507,249.4,0,1.1593
1412,6821,26980,fp32,T,N,298,-621284180,5.84179,12.28371,2.1027,4,5,158.7,0,0.7387
10,513,330,fp16,T,T,22,-445,0.01327,0.02588,1.9497,4,346,27.6,0,0.9770
3098,16038,16675,bf16,T,N,69,-621290012,3.17611,4.31095,1.3573,4,5,263.5,0,0.7174
6,9815,11307,bf16,N,T,32,-621290049,0.23151,0.41751,1.8034,4,25,960.3,0,0.9686
20,91,32,fp32,T,T,66,-621291441,0.00549,0.00570,1.0379,4,1567,3.9,0,0.9749
67,4268,1090,fp32,T,T,66,-621283242,0.02030,0.02441,1.2028,4,380,987.6,0,0.9195
9647,16912,786,fp32,T,N,296,-621284024,2.42361,2.54693,1.0509,4,5,303.7,0,0.6676
57,13,119,fp32,N,T,353,-621283652,0.00635,0.00653,1.0277,4,1427,5.7,0,0.9643
3093,5641,2453,bf16,N,T,27,-621290035,0.20787,0.21167,1.0183,4,36,541.9,0,0.7609
3834,7220,14,fp32,N,N,308,-621283963,0.04758,0.06244,1.3121,4,160,2340.0,0,0.8303
22470,508,5716,fp16,N,N,17,-621294414,0.34588,0.34238,0.9899,4,23,891.5,0,0.6418
1,11091,168,bf16,N,N,18,-9,0.00554,0.03102,5.6036,4,299,681.3,0,0.9812
11110,6255,5480,fp16,T,T,22,-621291507,1.50622,1.50612,0.9999,4,7,310.9,0,0.7557
4,2787,38,bf16,N,N,17,-257,0.00676,0.02640,3.9080,4,309,38.0,0,0.9729
26399,7999,2539,fp16,N,N,17,-621294415,2.51281,3.17714,1.2644,4,5,405.7,0,0.8042
312,3390,23,fp16,T,T,22,-445,0.00658,0.01560,2.3715,4,550,669.1,0,1.0119
23202,11739,1048,fp32,T,N,296,-621293475,5.29912,5.62105,1.0608,4,5,233.2,0,0.6553
8948,898,8145,bf16,T,N,76,-621289987,0.31090,0.41924,1.3485,4,23,619.3,0,0.8136
209,76,125,fp32,T,T,66,-621283248,0.00584,0.00615,1.0517,4,1435,35.3,0,0.9510
39,32421,28462,bf16,T,T,20,-621285694,1.33453,1.36844,1.0254,4,7,1388.4,0,0.6847
2273,2488,13432,fp16,N,T,33,-621295777,0.41019,0.56453,1.3763,4,17,367.0,0,0.7750
3121,131,8770,fp32,T,T,66,-621291435,0.16972,0.55051,3.2437,4,19,681.8,0,0.6203
6,5161,3526,fp16,T,N,11,-390,0.09104,0.14038,1.5420,4,64,401.6,0,0.9932
9,2,13188,bf16,N,N,8,-258,0.35408,0.46893,1.3244,4,21,0.8,0,0.9734
1881,8029,469,bf16,N,N,17,-621292875,0.06402,0.07348,1.1479,4,129,1088.9,0,0.7793
4,10667,64,fp32,T,T,66,-621291443,0.00662,0.01032,1.5600,4,734,438.7,0,1.1985
1581,14843,1791,bf16,N,T,27,-621290049,0.29983,0.34211,1.1410,4,28,509.3,0,0.6477
47,432,17,fp32,T,T,66,-621291439,0.00661,0.00644,0.9738,4,1486,17.2,0,1.2173
122,160,1188,fp16,N,T,33,-409,0.02614,0.05967,2.2827,4,163,28.6,0,0.9945
18,35,39,fp32,T,T,66,-621291436,0.00662,0.00633,0.9560,4,1590,1.6,0,0.9925
15490,117,544,fp16,N,N,17,-621294410,0.02950,0.04433,1.5029,4,197,821.4,0,1.0364
1591,14477,1794,fp32,N,N,292,-621283809,0.84162,0.99204,1.1787,4,10,246.5,0,0.6548
1429,5101,11172,bf16,N,T,32,-621290049,0.38766,0.48841,1.2599,4,19,451.6,0,0.6899
1,1296,246,bf16,N,T,28,-9,0.00390,0.03233,8.2899,4,263,165.0,0,0.9686
1775,31462,793,fp32,T,N,296,-621284073,0.88807,1.02953,1.1593,4,9,370.2,0,0.6577
31178,151,2018,bf16,T,N,78,-621290012,0.11728,0.11970,1.0207,4,80,1238.7,0,0.7772
2082,30094,32505,fp16,N,N,17,-621294413,9.97656,14.78545,1.4820,4,5,234.8,0,0.6567
2431,2,2555,fp32,T,T,66,-621291435,0.02753,0.04794,1.7412,4,190,903.8,0,0.9934
474,414,12849,fp32,N,T,312,-621292951,0.11138,3.39746,30.5026,4,5,416.8,0,0.9406
522,110,25324,bf16,T,N,80,-621289993,0.50549,0.77155,1.5263,4,13,63.8,0,0.9827
62,80,3971,fp16,N,T,33,-409,0.08327,0.14730,1.7690,4,64,13.8,0,0.9878
3036,13,3690,fp32,T,T,66,-621291435,0.03875,0.04875,1.2579,4,184,1165.4,0,1.0181
6300,21618,10163,bf16,N,T,27,-621290049,6.13620,6.60355,1.0762,4,5,181.3,0,0.7999
2700,5,44,fp16,N,T,27,-408,0.00675,0.02598,3.8495,4,348,43.3,0,0.9847
39,5058,10158,fp32,T,N,368,-621284134,0.12351,0.63542,5.1445,4,16,1683.1,0,0.8158
2000,2476,9015,bf16,N,N,23,-621292879,0.37055,0.39843,1.0752,4,25,271.2,0,0.9133
17385,5407,3094,fp16,N,N,17,-621294412,1.34680,1.60795,1.1939,4,7,383.9,0,0.7890
33,7,750,fp16,T,N,5,-388,0.02722,0.04836,1.7770,4,177,2.2,0,0.9697
1454,2414,29,fp32,T,N,238,-621284040,0.00905,0.01317,1.4559,4,686,1601.2,0,0.8063
4073,1103,8437,bf16,N,N,23,-621292876,0.36895,0.38282,1.0376,4,26,285.4,0,0.9408
9899,2588,1175,fp32,T,N,296,-621284348,0.67687,0.95736,1.4144,4,10,238.1,0,0.6364
1,1250,13,fp32,T,T,21,-621291435,0.00648,0.00612,0.9443,4,1548,10.8,0,0.9696
9290,9875,2664,bf16,T,T,20,-621285693,1.02058,1.08979,1.0678,4,9,459.6,0,0.8070
6297,2,781,fp16,T,T,22,-445,0.03695,0.04143,1.1212,4,207,267.6,0,0.9772
1516,9656,31304,bf16,T,N,69,-621290000,1.86919,2.33468,1.2490,4,5,405.5,0,0.6550
2,14211,819,bf16,N,N,23,-621292873,0.03804,0.05689,1.4957,4,157,615.1,0,0.9772
86,7564,32,bf16,T,T,20,-150,0.00673,0.01568,2.3311,4,518,459.6,0,0.9976
8648,31,5,bf16,T,T,20,-152,0.00686,0.01424,2.0745,4,563,168.9,0,1.0014
5449,2082,15345,bf16,T,T,20,-621285693,0.80233,0.85715,1.0683,4,11,344.6,0,0.6666
12,14,13995,fp16,T,N,78,-391,0.02459,0.43195,17.5646,4,24,29.6,0,0.9623
21560,19197,5428,fp16,N,N,17,-621294415,10.22445,12.42866,1.2156,4,5,205.2,0,0.8815
3,130,3909,fp16,N,N,22,-171,0.08139,0.15343,1.8852,4,58,12.8,0,0.9792
295,15,1305,fp32,T,N,326,-621284104,0.01049,0.01074,1.0238,4,782,156.0,0,0.9818
7808,1,8577,bf16,T,N,10,-9,0.16715,2.10092,12.5688,4,5,801.6,0,0.9507
3943,544,3690,fp16,T,N,77,-621296106,0.08987,0.16929,1.8838,4,58,464.0,0,0.9101
18,4747,150,fp16,N,T,27,-408,0.01106,0.02833,2.5614,4,299,160.2,0,0.9746
410,18728,140,bf16,N,T,27,-621290045,0.02735,0.03086,1.1284,4,302,1319.0,0,1.0164
2,15,6733,bf16,T,N,13,-620,0.01802,0.01721,0.9551,4,390,12.7,0,0.9556
8057,18566,1933,bf16,T,T,20,-621285697,1.31704,1.31251,0.9966,4,8,532.5,0,0.8713
43,5175,25,fp32,T,T,66,-621283254,0.00572,0.00590,1.0314,4,1321,246.7,0,0.9864
3495,1284,64,bf16,N,T,27,-621290045,0.01409,0.02637,1.8723,4,356,1317.7,0,1.0398
5,3314,2962,fp32,T,N,350,-621284160,0.02018,0.10114,5.0118,4,86,1951.8,0,0.9241
181,12,15597,fp32,T,T,66,-621291435,0.15109,0.96094,6.3601,4,11,79.8,0,0.9942
19,1,29,fp32,T,N,143,-621284036,0.00564,0.00591,1.0479,4,1827,0.4,0,1.0077
11,27,228,fp32,T,N,326,-621284082,0.00659,0.00670,1.0167,4,1234,5.4,0,1.0069
185,6,525,fp32,N,N,358,-621293214,0.00623,0.00621,0.9966,4,1208,65.1,0,1.0152
2286,1463,6533,fp32,N,N,292,-621293215,0.47460,0.54911,1.1570,4,17,234.6,0,0.6954
2939,11902,261,fp16,T,N,71,-621296072,0.10862,0.10724,0.9873,4,85,1359.5,0,0.7743
14521,10677,3580,fp16,N,N,17,-621294414,2.46836,2.95480,1.1971,4,5,324.3,0,1.1284
102,245,1547,bf16,T,N,77,-617,0.03132,0.08153,2.6028,4,106,37.5,0,0.9685
504,177,475,fp16,T,T,22,-445,0.01838,0.03238,1.7618,4,276,54.6,0,1.0003
5,16,3,fp32,N,T,305,-621283728,0.00638,0.00641,1.0046,4,1367,0.1,0,0.9914
825,5469,8382,fp32,T,N,310,-621284068,0.84826,0.85164,1.0040,4,12,270.1,0,0.7112
2,5,2,bf16,T,N,3,-616,0.00671,0.00645,0.9613,4,1601,0.0,0,0.9550
5022,380,7747,fp32,T,N,336,-621284187,0.36454,0.54412,1.4926,4,18,480.1,0,0.6512
183,232,25,fp16,N,T,27,-408,0.00676,0.02341,3.4605,4,392,28.2,0,0.9875
6598,3034,898,fp32,N,T,356,-621283626,0.42984,0.50023,1.1638,4,21,266.8,0,0.6560
6915,10,2172,fp32,N,T,364,-621293002,0.01879,0.07350,3.9111,4,120,3216.3,0,0.9717
4939,3388,1511,bf16,N,N,17,-621292867,0.13358,0.13176,0.9864,4,52,689.5,0,0.7199
2,6,19920,fp16,N,T,33,-409,0.35454,0.63709,1.7969,4,16,0.9,0,0.9607
8429,382,2,bf16,T,T,20,-152,0.00798,0.02505,3.1403,4,365,1619.3,0,1.0236
1,4,2248,fp16,N,T,34,-9,0.00402,0.09117,22.6676,4,101,5.6,0,0.9762
11424,5070,4900,fp32,N,T,356,-621293072,5.20476,5.88787,1.1312,4,5,106.6,0,0.7012
127,20815,487,bf16,T,N,69,-621289992,0.02561,0.04159,1.6242,4,212,1209.4,0,0.9836
1318,5229,2250,fp16,T,N,75,-621296107,0.10310,0.12534,1.2157,4,69,553.2,0,0.7611
3,24,169,fp32,T,N,142,-621284107,0.00644,0.00634,0.9856,4,1204,2.9,0,0.9681
24468,3341,2419,fp16,N,N,17,-621294413,0.99612,0.99978,1.0037,4,10,463.3,0,0.8317
188,1081,808,fp32,T,T,66,-621291435,0.01099,0.01931,1.7569,4,434,447.1,0,0.9997
398,977,14543,bf16,T,N,79,-621289993,0.29714,0.45087,1.5174,4,21,139.8,0,1.1679
530,7,5,bf16,T,T,20,-150,0.00666,0.01335,2.0040,4,637,3.0,0,0.9788
640,166,5173,fp32,N,T,321,-621283512,0.03067,0.04852,1.5819,4,199,557.6,0,0.9338
17,11,5096,fp32,T,T,66,-621291435,0.05139,0.08940,1.7396,4,101,11.1,0,0.9735
1056,3374,3067,fp16,N,T,33,-621295773,0.10635,0.12959,1.2186,4,75,389.5,0,1.0028
21,1184,1445,fp32,N,N,306,-621293212,0.01041,0.01226,1.1775,4,681,678.7,0,0.9963
18,7,6283,fp32,T,T,66,-621291435,0.06283,0.07661,1.2193,4,115,10.0,0,0.9577
6827,2732,4397,fp16,N,N,17,-621294412,0.35119,0.35525,1.0116,4,24,451.8,0,0.8074
1,15,617,bf16,T,N,4,-9,0.00454,0.03866,8.5125,4,238,4.4,0,0.9805
9650,40,11396,fp32,T,N,411,-621284152,0.25633,0.73640,2.8728,4,14,1729.2,0,0.8341
3,367,579,bf16,T,N,3,-616,0.03045,0.03766,1.2368,4,244,14.2,0,1.0385
1019,232,253,bf16,N,N,17,-257,0.01828,0.03487,1.9076,4,240,86.4,0,0.9908
2603,328,209,fp16,N,T,27,-408,0.01928,0.03321,1.7227,4,284,240.7,0,1.0020
8308,14502,3778,fp32,N,T,356,-621283525,8.64599,9.13812,1.0569,4,5,95.6,0,0.7592
1901,3907,108,fp16,N,T,27,-621295773,0.02492,0.03064,1.2296,4,277,1242.4,0,0.9814
364,308,683,fp16,T,N,71,-621296107,0.02678,0.04581,1.7108,4,186,51.0,0,0.9723
1,35,615,fp32,T,T,21,-9,0.00381,0.01427,3.7493,4,613,23.3,0,1.0039
6460,255,7674,fp16,N,N,22,-621294410,0.30408,0.32386,1.0650,4,30,360.6,0,1.0115
2745,1331,13788,fp32,N,T,312,-621283639,1.20785,3.70333,3.0661,4,5,198.2,0,0.7542
28265,7826,7645,bf16,N,N,17,-621292879,6.79111,9.00580,1.3261,4,5,211.5,0,0.7423
25102,274,6857,fp16,N,T,33,-621295777,0.30282,0.37934,1.2527,4,25,1240.1,0,0.6365
14221,14799,83,bf16,N,T,27,-621290046,0.40237,0.56570,1.4059,4,18,2104.2,0,0.7871
1,138,229,bf16,T,T,4,-9,0.00390,0.02324,5.9625,4,363,16.5,0,0.9911
8192,17,51,bf16,T,N,69,-607,0.00674,0.02654,3.9360,4,299,206.8,0,1.0001
387,9164,377,fp16,N,N,17,-621294410,0.02836,0.04291,1.5133,4,218,754.2,0,1.0182
10116,12554,16095,bf16,T,T,20,-621285693,7.36093,8.31493,1.1296,4,5,168.1,0,0.6894
30394,533,109,bf16,T,T,20,-621285686,0.05167,0.05873,1.1367,4,156,1384.7,0,0.9316
16426,150,372,fp16,T,T,22,-621291498,0.02904,0.03603,1.2407,4,253,764.1,0,0.9985
5,2,2,bf16,N,T,27,-353,0.00664,0.02381,3.5873,4,358,0.0,0,0.9709
541,8810,10921,fp16,N,T,33,-621295777,0.34758,0.46342,1.3333,4,19,642.5,0,0.7489
2,359,6,bf16,N,N,17,-257,0.00674,0.02432,3.6099,4,382,1.1,0,0.9741
530,11512,3569,fp32,N,T,312,-621283663,0.47264,0.65331,1.3823,4,16,415.4,0,0.6669
1011,33,50,fp16,T,N,71,-380,0.00667,0.01966,2.9467,4,427,35.7,0,0.9691
600,771,298,bf16,T,N,69,-621289994,0.01929,0.03101,1.6077,4,275,138.3,0,1.0259
30286,17,72,bf16,T,T,20,-150,0.01417,0.01749,1.2349,4,452,453.4,0,1.0209
12463,22740,826,bf16,N,T,27,-621290050,1.33595,1.38891,1.0396,4,7,892.1,0,0.7545
5479,23184,86,fp16,N,N,17,-621294407,0.19269,0.21335,1.1072,4,46,2662.4,0,0.7170
4125,16070,25745,bf16,T,T,20,-621285694,6.83552,7.41477,1.0847,4,5,190.9,0,0.6477
2230,57,4,fp32,T,N,266,-621293437,0.00656,0.00635,0.9684,4,1307,83.1,0,0.9849
316,3942,3062,fp16,N,N,22,-621294410,0.10541,0.13008,1.2340,4,69,294.6,0,1.0146
346,6,3,bf16,T,T,20,-153,0.00675,0.01323,1.9607,4,646,1.5,0,0.9826
2476,621,11347,fp16,T,T,22,-621291500,0.44068,0.44031,0.9992,4,22,173.4,0,1.1549
532,1083,105,fp32,N,N,264,-621293214,0.00635,0.00634,0.9995,4,1201,470.0,0,0.9802
1267,4864,470,fp32,T,N,296,-621284039,0.08281,0.12351,1.4914,4,79,436.9,0,0.6684
12,29,3,bf16,N,N,17,-262,0.00669,0.02452,3.6650,4,373,0.2,0,0.9758
621,776,19724,bf16,N,T,32,-621290049,0.37640,0.63713,1.6927,4,16,151.5,0,1.0038
688,8,480,fp16,T,N,71,-621296105,0.01870,0.03003,1.6061,4,291,36.9,0,0.9821
1,2862,351,fp32,T,T,21,-9,0.00467,0.00965,2.0690,4,831,864.0,0,1.0304
84,27311,26,bf16,T,N,69,-611,0.01191,0.01508,1.2661,4,581,889.8,0,1.0174
1699,12290,455,fp32,T,T,66,-621283240,0.23514,0.26113,1.1105,4,31,463.5,0,0.7641
30,645,347,fp32,N,T,344,-621293080,0.00643,0.00635,0.9877,4,1432,157.8,0,0.9757
11734,2016,318,fp32,N,N,336,-621293195,0.16785,0.19230,1.1457,4,38,667.9,0,0.6700
415,145,3371,fp16,N,T,33,-621295773,0.07854,0.12991,1.6540,4,67,51.1,0,0.9750
5156,883,31659,fp32,N,N,292,-621283963,2.82234,2.87355,1.0181,4,5,277.4,0,0.6697
4,1,88,fp16,T,N,4,-9,0.00413,0.01179,2.8542,4,679,0.2,0,0.9799
6013,554,27686,bf16,T,T,20,-621285693,1.07266,1.08440,1.0109,4,9,351.4,0,0.9484
8091,1263,10,fp16,T,N,71,-621296072,0.02345,0.03168,1.3509,4,294,1750.9,0,0.9640
40,62,2,fp16,T,T,22,-447,0.00550,0.01310,2.3808,4,605,1.9,0,1.0503
1550,11628,368,fp16,N,T,27,-621295773,0.08056,0.10359,1.2858,4,96,1015.3,0,0.7231
7641,9101,70,fp32,T,T,66,-621283239,0.20368,0.21913,1.0759,4,41,1388.7,0,0.8277
954,11193,4145,fp16,N,N,22,-621294414,0.30089,0.31540,1.0482,4,27,476.6,0,0.6891
11,2,601,bf16,T,N,3,-616,0.03143,0.03687,1.1732,4,258,0.5,0,0.9766
1378,3885,2,fp16,N,N,17,-173,0.01085,0.02826,2.6050,4,326,1975.6,0,1.0161
92,1,1443,fp16,N,T,34,-9,0.00392,0.06920,17.6700,4,126,68.6,0,0.9757
995,22025,8902,fp16,N,N,17,-621294413,1.42147,1.48963,1.0479,4,8,350.0,0,0.7334
8686,17,2663,fp32,N,N,334,-621293231,0.03422,0.08654,2.5290,4,116,2726.4,0,0.9992
56,39,11,fp16,N,T,27,-412,0.00675,0.02434,3.6067,4,373,1.6,0,0.9668
729,335,27673,bf16,T,N,80,-621289993,0.57521,0.89069,1.5485,4,12,104.1,0,1.0038
1512,28339,1523,fp32,N,N,292,-621293283,1.37901,1.46828,1.0647,4,7,256.2,0,0.6588
10,21504,3,bf16,T,N,69,-611,0.00673,0.02014,2.9933,4,456,147.0,0,0.9908
1941,25,1521,fp16,N,N,22,-171,0.04663,0.08452,1.8124,4,111,132.4,0,1.0069
3797,1,1,fp16,N,N,2,-9,0.00448,0.00650,1.4501,4,1489,5.1,0,1.0253
49,383,1462,fp32,N,N,306,-621283956,0.01080,0.01120,1.0377,4,761,240.9,0,0.9831
1970,196,3139,fp16,N,N,22,-621294410,0.10704,0.12923,1.2073,4,67,141.5,0,0.9991
39,2,561,fp16,T,T,22,-445,0.02015,0.03340,1.6573,4,257,2.3,0,0.9907
3,11877,3,fp16,T,T,5,-445,0.00688,0.00651,0.9463,4,1577,31.1,0,1.0104
4,381,6,fp32,N,T,262,-621293080,0.00650,0.00659,1.0136,4,1577,2.4,0,0.9962
2999,594,105,fp32,N,T,268,-621293048,0.00978,0.01403,1.4354,4,582,883.3,0,0.9294
5481,10539,5312,fp16,T,N,71,-621296099,1.30796,1.37760,1.0532,4,7,306.8,0,0.7675
11202,11417,13477,fp16,N,N,17,-621294414,7.65925,9.76856,1.2754,4,5,146.4,0,0.8050
3322,31,11145,fp32,N,N,334,-621283912,0.08644,0.69757,8.0704,4,15,1734.1,0,0.9052
25860,935,80,bf16,T,T,20,-621285687,0.05884,0.09573,1.6270,4,107,1716.6,0,0.9459
10161,149,1,fp16,T,T,22,-447,0.00669,0.01949,2.9149,4,425,908.9,0,0.9860
11681,1127,269,fp16,T,N,71,-621296069,0.04491,0.05002,1.1136,4,186,1325.8,0,0.8901
115,205,20531,bf16,N,N,23,-621292873,0.61519,0.61641,1.0020,4,17,21.5,0,1.0500
117,1220,23,fp32,N,N,278,-621293214,0.00638,0.00632,0.9893,4,1400,108.7,0,0.9953
2501,109,5,fp16,N,N,17,-173,0.00669,0.02518,3.7659,4,363,167.0,0,1.0067
9820,179,24,fp16,N,N,17,-170,0.00910,0.02782,3.0559,4,325,825.2,0,1.0041
386,412,20744,fp16,T,N,79,-621296105,0.41536,0.63615,1.5316,4,16,81.2,0,0.9944
5642,7389,12463,fp16,N,T,27,-621295777,2.45187,2.83549,1.1565,4,5,200.5,0,0.6853
11,12047,12316,fp32,N,T,368,-621283622,0.20302,3.08248,15.1830,4,5,2928.5,0,1.1742
7601,4198,674,fp16,T,T,22,-621291500,0.15967,0.18430,1.1542,4,47,899.0,0,0.6268
2,7,932,fp16,N,T,33,-409,0.02030,0.05068,2.4966,4,169,0.8,0,1.1596
8845,5790,8997,fp32,T,N,296,-621284098,8.93683,9.59361,1.0735,4,5,81.9,0,0.6680
190,3084,6050,fp16,N,N,22,-621294410,0.19182,0.22324,1.1638,4,43,218.7,0,0.9777
8257,11005,3404,bf16,N,N,17,-621292880,1.41795,1.66870,1.1768,4,6,348.8,0,0.9932
25,8,4,fp32,T,T,66,-621291439,0.00661,0.00627,0.9489,4,1618,0.2,0,0.9764
6575,14916,4992,fp32,T,T,66,-621283236,10.33481,10.26377,0.9931,4,5,79.5,0,0.6685
9849,6962,1333,bf16,T,N,69,-621289987,0.41183,0.50718,1.2315,4,19,774.8,0,0.6541
18399,29975,973,fp16,T,T,22,-621291506,2.93122,2.90661,0.9916,4,5,784.7,0,0.8459
412,2844,81,fp32,T,N,240,-621293742,0.00729,0.01158,1.5888,4,716,787.8,0,0.8274
39,1301,2019,fp32,T,N,344,-621293562,0.01463,0.02095,1.4323,4,399,753.7,0,0.9881
323,1,23,fp32,N,N,99,-621293383,0.00643,0.00635,0.9878,4,1529,4.8,0,0.9721
22351,3503,16684,fp16,T,T,22,-621291507,5.89378,5.92051,1.0045,4,5,199.5,0,0.6757
2,12,17,bf16,N,N,17,-262,0.00668,0.02547,3.8136,4,340,0.1,0,1.0846
3517,16125,6295,bf16,N,T,27,-621290034,1.57286,1.57703,1.0026,4,7,301.5,0,0.8989
863,2284,472,bf16,T,T,20,-621285691,0.03287,0.03288,1.0003,4,242,330.3,0,0.9869
1833,217,2136,fp16,N,N,22,-621294406,0.07761,0.10793,1.3907,4,82,133.3,0,1.0252
2,9,3227,fp16,N,T,33,-409,0.06156,0.12428,2.0190,4,78,1.2,0,0.9922
22900,189,503,bf16,N,T,27,-621290049,0.03885,0.04423,1.1385,4,207,1043.5,0,1.0122
1495,303,6050,fp32,N,T,313,-621283459,0.08251,0.08978,1.0881,4,110,549.3,0,0.8069
1051,14372,683,fp32,T,T,66,-621291425,0.25206,0.26353,1.0455,4,34,406.9,0,0.6621
192,8938,1108,bf16,N,N,23,-621292872,0.04839,0.06511,1.3458,4,131,560.0,0,0.9993
6677,2062,6290,fp16,T,N,71,-621296123,0.40194,0.42560,1.0589,4,23,410.5,0,0.6472
32,31,622,bf16,T,N,69,-621289993,0.02414,0.04660,1.9301,4,192,3.4,0,0.9656
354,548,236,fp16,T,N,71,-380,0.01669,0.02826,1.6937,4,289,72.0,0,0.9994
11495,4,30197,fp16,N,T,33,-621295773,0.59945,0.99007,1.6516,4,11,1158.8,0,1.0233
414,345,23858,fp32,T,N,354,-621284135,0.10767,0.11501,1.0681,4,65,678.0,0,0.9413
2,694,21031,bf16,N,T,32,-621290049,0.39720,0.67480,1.6989,4,15,73.7,0,0.9700
362,544,2054,bf16,N,N,23,-258,0.07080,0.09118,1.2877,4,93,63.7,0,1.0000
451,2258,2,bf16,T,T,20,-150,0.00675,0.01406,2.0814,4,614,604.8,0,1.0195
14,2,14,fp32,T,N,271,-621293457,0.00657,0.00638,0.9712,4,1632,0.2,0,1.0022
2,1232,29,fp16,N,N,17,-170,0.00662,0.02414,3.6459,4,398,12.3,0,1.0042
752,2521,580,fp32,T,N,308,-621284039,0.03088,0.03306,1.0706,4,246,491.5,0,0.8656
1314,50,98,fp16,T,N,71,-380,0.00876,0.02169,2.4773,4,420,60.5,0,0.9852
7623,349,4,fp16,T,N,71,-382,0.00738,0.02231,3.0238,4,412,1451.2,0,1.0307
39,16,928,fp16,N,N,22,-171,0.02228,0.04927,2.2111,4,194,4.7,0,0.9866
921,924,22038,fp32,T,T,66,-621283243,0.59612,1.38354,2.3209,4,8,278.5,0,0.7109
26713,11,314,bf16,T,N,69,-621289993,0.02162,0.03314,1.5326,4,260,830.6,0,1.0012
30623,459,1059,fp16,N,T,27,-621295771,0.11985,0.13375,1.1159,4,63,1018.4,0,0.6540
1410,13800,13,bf16,N,N,17,-621292874,0.03491,0.05011,1.4355,4,178,2240.9,0,1.5084
29690,3757,6047,bf16,T,N,69,-621290011,2.51000,2.91808,1.1626,4,5,338.9,0,0.7564
56,1134,48,fp16,T,N,71,-380,0.00568,0.01875,3.2985,4,408,64.8,0,0.9670
2877,5053,2740,fp32,N,N,292,-621283760,0.77083,0.88446,1.1474,4,11,188.2,0,0.6527
17849,6,10070,bf16,T,N,15,-621289969,0.39945,0.40011,1.0017,4,24,901.3,0,0.7965
2215,1824,392,fp16,N,T,27,-621295773,0.02892,0.04084,1.4121,4,214,668.3,0,0.9794
30204,2424,5445,bf16,T,T,20,-621285693,1.56830,1.51946,0.9689,4,7,413.3,0,0.7819
5,1696,86,bf16,T,T,4,-152,0.00677,0.01027,1.5172,4,725,48.2,0,0.9808
10424,918,8242,fp32,N,T,356,-621283678,1.76264,1.82008,1.0326,4,6,233.9,0,0.6443
7439,12022,13201,fp16,N,N,17,-621294415,4.93605,6.65770,1.3488,4,5,176.6,0,0.8110
8,13,24977,bf16,N,T,32,-621290049,0.46337,0.79421,1.7140,4,13,2.3,0,0.9629
31983,601,145,fp16,N,N,17,-621294406,0.06287,0.07750,1.2326,4,126,1373.3,0,0.9086
132,3870,25,fp16,T,N,71,-380,0.00653,0.02300,3.5234,4,367,343.7,0,1.1300
1964,267,4750,bf16,N,T,32,-621290045,0.10380,0.17284,1.6650,4,54,224.4,0,0.9981
5,388,3582,fp32,T,T,66,-621283250,0.03747,0.04623,1.2339,4,194,150.5,0,0.9916
2134,2684,964,fp16,N,T,33,-621295773,0.05954,0.06337,1.0643,4,156,540.8,0,0.9310
4381,1183,80,bf16,N,T,27,-621290049,0.01982,0.03083,1.5561,4,282,1091.1,0,0.9870
1281,1739,100,fp32,N,N,264,-621283892,0.01097,0.01221,1.1127,4,656,922.3,0,0.7184
18,496,17721,fp32,N,T,342,-621283520,0.05772,4.38444,75.9628,4,5,631.9,0,1.4981
746,19275,2253,fp16,T,N,71,-621296120,0.18936,0.18939,1.0002,4,43,780.2,0,0.7010
11,6409,2,bf16,N,T,27,-349,0.00694,0.02210,3.1853,4,346,44.4,0,0.9755
10,11,8468,bf16,T,N,79,-620,0.01992,0.26696,13.3989,4,37,17.9,0,0.9963
7,14760,5469,fp16,N,N,22,-621294410,0.20328,0.20412,1.0042,4,45,796.6,0,1.0114
6606,59,160,fp32,T,N,306,-621293742,0.00647,0.00755,1.1681,4,1102,900.8,0,1.0049
152,488,3630,bf16,T,N,78,-621289993,0.08498,0.15565,1.8315,4,60,58.2,0,0.9746
220,1798,16090,bf16,N,N,23,-621292876,0.54375,0.54433,1.0011,4,19,122.3,0,1.0255
28329,18021,2594,fp16,T,N,71,-621296119,5.63580,7.30958,1.2970,4,5,405.0,0,0.8441
7987,4465,19865,bf16,T,N,69,-621290010,2.55331,3.17608,1.2439,4,5,249.6,0,0.6917
1423,1705,661,fp32,N,N,292,-621283947,0.04737,0.05726,1.2086,4,135,379.4,0,0.6634
85,2261,25,fp32,T,T,66,-621291439,0.00650,0.00631,0.9709,4,1419,154.4,0,1.3057
141,177,7281,bf16,T,T,20,-621285696,0.26269,0.26575,1.0117,4,38,18.0,0,0.9954
7035,3,834,fp16,T,N,8,-384,0.03767,0.06498,1.7250,4,135,313.9,0,1.0256
8934,3381,26164,fp32,T,T,66,-621283236,19.77252,20.12560,1.0179,4,5,71.3,0,1.0006
6,85,475,bf16,T,T,4,-150,0.02232,0.02357,1.0559,4,369,4.0,0,0.9902
7002,3543,228,fp16,T,T,22,-621291500,0.08280,0.11527,1.3921,4,87,1256.5,0,0.8772
122,11,4,bf16,T,N,69,-611,0.00670,0.02551,3.8084,4,327,1.0,0,0.9807
1700,1620,12470,fp32,T,N,373,-621284354,0.91436,1.09724,1.2000,4,9,193.2,0,0.7546
27,1,463,bf16,N,T,28,-9,0.00384,0.03861,10.0617,4,228,6.8,0,0.9662
830,2568,12420,fp32,T,N,375,-621284039,0.62797,0.71480,1.1383,4,14,282.4,0,0.6518
1338,160,108,fp16,T,N,71,-380,0.00953,0.02585,2.7129,4,348,123.8,0,0.9782
2286,14260,2496,bf16,T,T,20,-621285697,0.36405,0.36848,1.0122,4,25,585.1,0,0.7402
2,32,280,bf16,T,T,4,-150,0.01377,0.01457,1.0580,4,561,1.4,0,0.9785
3,11,8566,fp32,N,N,392,-621283969,0.01103,0.01013,0.9180,4,530,43.5,0,0.9902
3,147,238,fp32,T,T,44,-621291443,0.00646,0.00646,1.0003,4,1281,22.4,0,1.0055
2088,3434,1985,fp16,T,N,75,-621296074,0.10816,0.11590,1.0715,4,89,467.9,0,0.8545
637,1,3,fp16,N,N,2,-9,0.00403,0.00646,1.6047,4,1501,1.6,0,0.9848
6019,1433,1213,bf16,N,T,32,-621290049,0.07664,0.08652,1.1288,4,113,686.0,0,0.9052
236,34,597,bf16,N,T,27,-621290045,0.02636,0.04441,1.6849,4,187,13.4,0,1.1665
1634,2201,1120,fp32,T,N,316,-621284353,0.09172,0.10384,1.1321,4,93,344.1,0,0.6732
8,26,1046,fp32,N,T,475,-621283738,0.00612,0.00602,0.9828,4,1421,23.4,0,0.9654
3277,4224,4044,fp16,N,N,17,-621294413,0.26742,0.26750,1.0003,4,29,433.9,0,0.6844
989,386,93,fp32,N,T,268,-621292913,0.00640,0.00604,0.9445,4,1333,318.7,0,1.0021
1918,8029,23011,fp32,N,N,292,-621283818,7.36090,9.21538,1.2519,4,5,132.8,0,0.7210
32352,934,625,fp32,N,T,312,-621283640,0.43968,0.44948,1.0223,4,20,464.2,0,0.6470
2580,338,35,fp32,T,T,66,-621291439,0.00651,0.00620,0.9517,4,1416,598.6,0,0.9915
7665,1290,1,fp16,T,T,22,-447,0.01831,0.02888,1.5777,4,336,2161.6,0,0.9855
13857,6508,5247,fp32,T,T,66,-621283236,9.75796,9.86961,1.0114,4,5,80.8,0,0.6393
876,5008,18,bf16,T,T,20,-621285689,0.01510,0.02128,1.4095,4,388,1176.1,0,0.9743
142,28983,1382,bf16,T,N,77,-621289993,0.07059,0.06587,0.9332,4,128,1373.7,0,0.6739
10,4,2,fp32,N,T,349,-621283716,0.00650,0.00650,1.0002,4,1628,0.0,0,0.9750
12116,587,1129,fp32,N,N,292,-621283864,0.22060,0.21860,0.9909,4,33,389.0,0,0.7748
24831,248,4371,fp32,T,N,306,-621284039,0.67333,0.93146,1.3834,4,11,687.8,0,0.6154
14106,4423,8278,fp16,N,T,27,-621295777,2.18619,2.41194,1.1033,4,5,254.5,0,0.8328
117,976,47,fp32,T,T,66,-621283254,0.00642,0.00612,0.9523,4,1365,103.1,0,0.9812
1297,3569,607,bf16,N,N,17,-621292869,0.03861,0.05491,1.4222,4,158,632.5,0,0.9942
19279,58,136,fp32,T,T,66,-621283260,0.00995,0.01771,1.7802,4,506,1507.4,0,0.9615
38,6,452,fp32,N,T,437,-621293096,0.00610,0.00606,0.9925,4,1328,13.2,0,0.9829
7380,2,10,fp32,N,T,262,-621292904,0.00638,0.00609,0.9549,4,1567,55.6,0,0.9805
1251,4,8650,fp16,N,N,7,-171,0.23779,0.36245,1.5242,4,27,91.4,0,0.9913
8746,390,1148,fp32,N,N,336,-621293143,0.11088,0.11562,1.0428,4,62,501.4,0,0.6612
17931,522,1460,fp16,T,T,22,-621291506,0.10355,0.10338,0.9983,4,79,881.9,0,0.6141
5837,1587,39,bf16,N,T,27,-621290035,0.02523,0.02941,1.1658,4,287,1491.7,0,1.0036
1833,2077,1986,fp16,N,T,33,-621295777,0.08279,0.09190,1.1100,4,100,371.5,0,0.9775
234,27,508,bf16,T,N,69,-621289994,0.02329,0.04368,1.8755,4,184,12.5,0,0.9772
2704,80,3930,bf16,N,N,23,-621292876,0.12832,0.15371,1.1979,4,57,177.3,0,1.0060
49,33,46,bf16,N,N,17,-257,0.00686,0.02604,3.7927,4,351,2.0,0,0.9811
8588,20686,13466,fp16,N,N,17,-621294414,10.27971,14.30567,1.3916,4,5,145.8,0,0.7593
1175,2,2361,bf16,N,N,8,-258,0.07938,0.09754,1.2288,4,85,70.1,0,0.9905
90,512,4583,bf16,T,T,20,-621285697,0.17035,0.17170,1.0079,4,56,33.5,0,0.9874
29529,21609,574,fp16,N,T,27,-621295780,2.47803,2.63947,1.0651,4,5,1053.7,0,0.7973
2350,3146,1741,bf16,T,N,76,-621289989,0.08303,0.10476,1.2618,4,99,586.7,0,0.8024
6,3,25,bf16,N,T,27,-349,0.00660,0.02516,3.8130,4,304,0.1,0,0.9781
9490,217,599,bf16,N,N,17,-621292876,0.03353,0.05140,1.5328,4,176,592.5,0,1.0218
164,1,6,fp16,N,T,28,-9,0.00380,0.02392,6.2993,4,384,0.7,0,0.9814
22164,2963,2167,fp32,N,N,292,-621283872,2.70642,2.97509,1.0993,4,5,177.5,0,0.6738
4,2,28,bf16,T,N,3,-616,0.00688,0.00660,0.9597,4,1236,0.1,0,0.9857
14725,1425,1286,bf16,T,T,20,-621285687,0.22611,0.23521,1.0402,4,40,554.9,0,0.6471
49,12,14606,bf16,N,N,23,-621292873,0.44022,0.44147,1.0028,4,22,4.1,0,1.1694
3722,13114,337,fp16,N,T,27,-621295776,0.18481,0.21321,1.1536,4,44,1117.8,0,0.6612
261,21,22,fp16,N,N,17,-173,0.00664,0.02620,3.9457,4,294,5.2,0,1.2332
16834,23769,173,fp32,N,N,292,-621283869,1.57096,1.82074,1.1590,4,6,1036.7,0,0.6696
115,1329,196,bf16,N,N,17,-257,0.01488,0.03181,2.1377,4,293,79.1,0,0.9836
25073,2,2866,fp32,N,N,170,-621293295,0.09367,0.38876,4.1502,4,24,3070.9,0,0.7711
4,24,20439,bf16,T,T,4,-150,1.04536,1.07950,1.0327,4,9,1.1,0,1.1848
149,2143,1278,fp16,T,T,22,-445,0.06129,0.06202,1.0120,4,147,116.4,0,0.9986
29531,883,1201,fp32,N,N,292,-621283862,0.66509,0.67670,1.0175,4,13,376.5,0,0.6669
203,15,18653,bf16,T,N,80,-617,0.11994,0.57155,4.7653,4,18,67.9,0,0.9617
872,24900,4332,fp32,T,N,335,-621293427,2.15421,2.33151,1.0823,4,5,247.6,0,0.7379
5151,10,3273,fp32,T,N,344,-621284160,0.03072,0.21362,6.9537,4,46,2206.2,0,0.9246
1335,1388,5662,fp16,T,N,78,-621296106,0.13247,0.22001,1.6609,4,42,288.7,0,1.0125
53,488,834,fp32,N,T,336,-621283524,0.00654,0.00658,1.0060,4,1084,291.7,0,0.9740
6789,3752,10521,fp32,T,T,66,-621291421,5.74094,6.85735,1.1945,4,5,95.0,0,0.7093
384,2,210,fp32,T,N,195,-621284107,0.00643,0.00630,0.9803,4,1176,50.9,0,0.9734
7180,9205,7546,fp32,N,N,292,-621283820,9.30507,10.88406,1.1697,4,5,81.6,0,0.7356
22734,643,9504,fp16,N,N,17,-621294413,0.72841,0.71134,0.9766,4,14,690.3,0,0.7598
29294,1389,1799,fp16,N,N,17,-621294402,0.48128,0.48476,1.0072,4,19,567.6,0,0.6298
96,11563,5,bf16,T,N,69,-611,0.00801,0.01600,1.9987,4,442,569.1,0,1.0861
1665,14312,7693,bf16,N,T,27,-621290049,0.82986,1.04647,1.2610,4,9,411.1,0,0.6606
1,3259,36,bf16,N,N,18,-9,0.00462,0.02628,5.6902,4,265,53.6,0,1.3399
7240,4092,8459,fp16,T,T,22,-621291507,1.04957,1.04492,0.9956,4,9,295.6,0,0.7549
283,3,846,fp16,T,N,8,-389,0.01524,0.01440,0.9449,4,338,32.0,0,0.9680
303,2070,87,fp32,T,N,240,-621284036,0.00791,0.00818,1.0340,4,1289,421.7,0,1.0240
19339,1,4846,fp16,N,N,5,-9,0.11503,0.70501,6.1289,4,14,1630.2,0,0.8384
1147,20253,165,bf16,T,N,69,-621289960,0.06965,0.09475,1.3603,4,103,1435.4,0,0.8825
4725,6,23972,fp16,N,T,33,-621295773,0.45350,0.78406,1.7289,4,13,500.4,0,1.0007
27026,1320,7015,bf16,N,N,17,-621292877,1.28086,1.49565,1.1677,4,7,421.9,0,0.6542
1,2,22,fp16,N,N,3,-9,0.00496,0.00773,1.5583,4,876,0.0,0,1.6160
15076,24668,1772,fp16,T,N,71,-621296119,2.87628,3.01684,1.0489,4,5,566.2,0,0.8252
30,45,2,fp32,N,T,241,-621283634,0.00789,0.00812,1.0288,4,1597,0.8,0,0.9816
8976,9063,2711,fp16,T,N,71,-621296106,0.96476,1.18072,1.2238,4,9,438.7,0,0.6974
24377,1,25083,bf16,T,T,21,-9,0.49630,0.97237,1.9593,4,11,2464.3,0,0.9017
736,4992,1462,fp32,T,N,355,-621284351,0.13083,0.14560,1.1129,4,50,368.4,0,0.6694
8251,830,5,bf16,T,T,20,-621285690,0.01387,0.02032,1.4651,4,435,1981.9,0,0.9901
4463,191,15981,bf16,T,T,20,-621285687,0.58414,0.58806,1.0067,4,17,260.5,0,0.9786
21884,5,18,fp16,T,N,5,-380,0.00684,0.02392,3.4998,4,361,179.3,0,1.0031
796,1243,20651,fp32,N,N,292,-621283866,0.55994,1.30110,2.3237,4,8,307.9,0,0.6660
2900,10824,133,bf16,N,T,27,-621290048,0.08320,0.09457,1.1367,4,105,1553.0,0,0.9393
217,24,1262,fp32,N,N,348,-621283910,0.00637,0.00924,1.4500,4,777,194.2,0,0.9885
2692,16,30607,bf16,N,T,32,-621290045,0.57135,1.00879,1.7656,4,10,290.4,0,1.0005
9507,9323,16883,bf16,T,T,20,-621285693,5.53673,6.19862,1.1195,4,5,178.9,0,0.7549
1,2118,52,fp16,T,T,5,-9,0.00389,0.00640,1.6462,4,1400,58.8,0,0.9849
7843,29787,1488,bf16,T,T,20,-621285693,1.62590,1.65902,1.0204,4,6,643.6,0,0.7735
8942,453,5,fp32,N,T,204,-621283646,0.00832,0.00866,1.0404,4,889,1969.3,0,0.9487
944,6284,5,fp16,T,N,71,-382,0.01176,0.02862,2.4345,4,308,2024.3,0,0.9838
220,278,60,fp16,N,N,17,-170,0.00838,0.02778,3.3138,4,306,36.3,0,0.9711
18805,10267,3871,bf16,N,T,27,-621290049,3.16775,3.38966,1.0701,4,5,314.8,0,0.8295
38,13703,360,bf16,N,T,27,-621290045,0.02314,0.03411,1.4744,4,271,517.6,0,0.9882
568,2373,5305,bf16,N,T,32,-621290045,0.11931,0.11917,0.9988,4,73,306.7,0,1.0114
184,14,3016,fp16,T,T,22,-445,0.09908,0.11711,1.1819,4,82,12.2,0,0.9733
10,5330,18,bf16,N,T,27,-349,0.00664,0.02302,3.4649,4,366,61.0,0,1.0056
4,9,12,bf16,N,T,27,-353,0.00677,0.02209,3.2622,4,382,0.1,0,0.9881
52,47,23444,bf16,N,N,23,-621292873,0.69831,0.69991,1.0023,4,15,6.7,0,1.0191
194,459,17,fp16,T,N,71,-380,0.00672,0.02253,3.3546,4,406,56.3,0,1.0016
4606,2811,46,bf16,N,T,27,-621290039,0.02977,0.03384,1.1369,4,270,1762.8,0,0.9804
11732,4977,1142,fp16,T,N,71,-621296111,0.32903,0.47093,1.4312,4,19,825.8,0,0.6768
18334,4291,14955,fp16,T,N,71,-621296121,4.83447,5.95002,1.2307,4,5,205.1,0,1.0795
750,162,75,fp16,N,T,27,-408,0.00711,0.02802,3.9408,4,290,87.6,0,1.2108
500,302,102,fp16,T,N,71,-380,0.00914,0.02795,3.0578,4,333,84.0,0,1.0053
7738,18,5386,fp16,N,T,33,-621295773,0.11606,0.11939,1.0287,4,67,724.6,0,1.0276
1865,18907,20189,fp16,T,N,71,-621296095,2.89471,3.71950,1.2849,4,5,338.5,0,0.7670
24151,4,41,fp32,N,T,328,-621283649,0.00626,0.00626,1.0002,4,1414,694.9,0,0.9892
29215,33,685,fp32,T,N,316,-621293443,0.04347,0.06038,1.3891,4,132,1932.2,0,0.9337
445,1630,39,bf16,N,N,17,-257,0.00627,0.02672,4.2636,4,318,488.9,0,0.9815
1482,3270,30,fp16,T,T,22,-621291497,0.01767,0.02028,1.1476,4,455,1113.1,0,1.0109
192,3035,65,fp32,T,N,240,-621293436,0.00565,0.00924,1.6350,4,856,560.8,0,0.9981
317,64,1586,fp16,T,N,76,-389,0.02237,0.08201,3.6670,4,112,57.7,0,0.9986
1,6753,4847,bf16,N,N,24,-9,0.06512,0.15762,2.4207,4,57,1005.9,0,1.0051
2365,1462,166,fp32,T,N,306,-621284338,0.01904,0.02249,1.1813,4,402,859.9,0,0.8639
2,4248,20,fp16,N,N,17,-170,0.00663,0.02363,3.5666,4,387,30.8,0,0.9855
58,4888,20353,fp16,N,N,22,-621294412,0.68912,0.76975,1.1170,4,13,293.8,0,1.0012
45,3,3,fp32,T,T,66,-621291426,0.00653,0.00626,0.9573,4,1608,0.2,0,0.9669
9918,519,118,fp16,N,N,17,-621294411,0.02186,0.03410,1.5601,4,271,1054.6,0,1.0247
808,69,6835,bf16,T,T,20,-621285696,0.24598,0.24940,1.0139,4,39,49.6,0,0.9872
4,15159,20172,fp16,N,N,22,-621294410,0.74365,0.74737,1.0050,4,14,822.9,0,1.0060
3,274,1023,fp32,T,N,150,-621284159,0.00810,0.00758,0.9353,4,999,140.3,0,0.9928
226,219,434,fp16,N,N,17,-621294410,0.02685,0.04296,1.6002,4,223,21.8,0,0.9991
9625,313,680,fp32,T,T,66,-621283250,0.05640,0.06715,1.1905,4,128,692.9,0,0.7672
310,9395,1207,fp16,T,N,75,-621296101,0.04818,0.06855,1.4227,4,137,728.1,0,0.8735
18,2122,1,fp32,T,T,66,-621283258,0.00649,0.00623,0.9606,4,1424,24.9,0,0.9648
464,4181,491,fp32,T,T,66,-621291445,0.02911,0.03201,1.0995,4,232,580.0,0,0.7513
619,140,10271,bf16,T,N,79,-621289993,0.21451,0.36807,1.7159,4,28,74.3,0,0.9790
567,3627,27164,bf16,N,N,23,-621292870,1.02656,1.02554,0.9990,4,10,230.0,0,1.0151
3,5,30230,fp32,T,T,44,-621291435,0.29399,1.85328,6.3038,4,6,3.3,0,0.9587
19,32707,2447,fp16,N,N,22,-621294405,0.10845,0.10870,1.0022,4,88,1499.7,0,0.9686
4,16,2,bf16,T,T,4,-153,0.00579,0.00594,1.0247,4,1643,0.1,0,0.9830
1088,14023,9944,bf16,N,T,27,-621290047,0.73116,0.73188,1.0010,4,14,494.5,0,0.8370
55,23,18,fp16,T,T,22,-448,0.00663,0.01426,2.1513,4,605,1.2,0,0.9719
6509,396,13276,fp16,T,T,22,-621291500,0.50513,0.50415,0.9981,4,19,383.4,0,1.0356
2,3,10684,fp32,N,N,190,-621293353,0.01172,0.66244,56.5097,4,16,18.2,0,0.9716
716,1512,2933,fp16,T,T,22,-621291496,0.11927,0.11914,0.9989,4,79,145.9,0,1.0079
2909,444,2,fp32,T,N,266,-621284036,0.00638,0.00630,0.9875,4,1208,814.1,0,1.0178
10167,3844,21572,fp16,N,N,17,-621294412,4.10735,5.19144,1.2639,4,5,185.2,0,0.6835
388,2435,87,bf16,N,N,17,-257,0.01083,0.03024,2.7914,4,309,394.1,0,0.9705
70,6253,200,fp16,T,N,71,-621296107,0.01698,0.03047,1.7947,4,286,252.1,0,1.0125
2,122,14,fp16,N,T,27,-412,0.00645,0.02217,3.4371,4,384,0.7,0,1.0020
1116,993,6982,bf16,N,T,32,-621290045,0.14738,0.14918,1.0123,4,61,229.9,0,1.0145
2877,617,28628,fp16,T,T,22,-621291497,1.07204,1.07213,1.0001,4,10,193.2,0,1.0129
3893,1156,4453,bf16,N,T,32,-621290049,0.13506,0.17931,1.3277,4,57,466.2,0,0.9541
22860,19147,10,bf16,N,N,17,-621292874,0.63951,1.45034,2.2679,4,7,2739.0,0,0.7941
3485,4933,712,bf16,T,N,69,-621289960,0.08241,0.09573,1.1617,4,89,979.9,0,0.6672
16,16599,6,bf16,T,N,69,-611,0.00684,0.02359,3.4512,4,345,184.6,0,0.9866
17893,2350,9659,fp32,N,N,292,-621293283,8.06325,10.48993,1.3010,4,5,117.9,0,0.6634
28703,1079,88,fp16,T,T,22,-621291501,0.07115,0.10041,1.4112,4,98,1814.8,0,0.8194
185,2947,4842,fp32,T,N,344,-621284169,0.09424,0.17169,1.8219,4,59,666.8,0,0.7338
296,213,4548,fp32,N,T,321,-621292998,0.02025,0.04236,2.0914,4,207,469.6,0,0.8555
10459,11483,13033,bf16,N,T,27,-621290049,6.41183,6.94963,1.0839,4,5,164.1,0,0.7545
155,2,205,fp16,N,T,27,-408,0.01322,0.03120,2.3596,4,259,5.0,0,1.2322
8429,45,27732,fp32,N,N,334,-621293270,0.53487,1.73771,3.2488,4,6,1760.3,0,0.6794
8908,1107,6641,fp16,N,N,22,-621294412,0.41259,0.41297,1.0009,4,23,418.0,0,0.7338
5523,584,36,bf16,N,N,17,-621292876,0.01346,0.02599,1.9309,4,357,991.1,0,1.0133
23,12951,3081,fp32,N,N,306,-621293266,0.06359,0.10660,1.6763,4,94,2533.1,0,0.7214
16738,1516,2231,bf16,T,N,69,-621289989,0.25283,0.37263,1.4739,4,26,723.6,0,0.8067
8,12141,3792,bf16,N,T,32,-621290049,0.08689,0.14450,1.6630,4,62,1064.8,0,1.0300
234,4380,4444,fp32,T,N,383,-621284344,0.14524,0.29361,2.0216,4,35,592.9,0,0.6848
341,3,29,bf16,N,N,2,-262,0.00727,0.00661,0.9091,4,1127,3.3,0,1.0444
5672,3053,1831,fp32,N,N,292,-621293201,0.63924,0.68468,1.0711,4,13,208.3,0,0.6573
29,316,1,fp32,T,T,66,-621291447,0.00656,0.00627,0.9562,4,1413,5.8,0,0.9545
1271,1639,1265,fp32,T,N,318,-621284039,0.06350,0.07246,1.1410,4,105,363.1,0,0.7032
351,8029,6955,fp32,T,N,326,-621293468,0.54083,0.56034,1.0361,4,17,451.9,0,0.7438
20650,9289,4871,fp16,N,N,17,-621294414,4.29240,5.59050,1.3024,4,5,246.7,0,0.8558
61,55,255,fp16,N,T,27,-408,0.01903,0.03380,1.7759,4,279,3.8,0,0.9628
7634,26,52,fp16,N,T,27,-408,0.00670,0.02656,3.9637,4,317,237.4,0,1.0023
27766,98,18522,bf16,T,N,78,-621289988,0.50213,0.79974,1.5927,4,12,2077.3,0,0.6857
20370,1940,4907,bf16,T,T,20,-621285693,0.95663,0.95557,0.9989,4,10,394.1,0,0.6388
744,123,80,fp32,T,N,240,-621293740,0.00563,0.00581,1.0318,4,1370,114.2,0,1.1029
236,853,16398,fp16,N,T,33,-621295773,0.31622,0.53644,1.6964,4,19,115.5,0,0.9842
884,2335,332,fp32,N,N,292,-621283775,0.02237,0.03102,1.3866,4,269,560.2,0,0.8374
148,2918,134,bf16,T,T,20,-150,0.01092,0.01956,1.7901,4,445,233.3,0,0.9870
3,18,149,fp16,N,N,17,-170,0.01065,0.03009,2.8255,4,318,0.6,0,0.9956
2863,2,5,fp16,T,N,4,-382,0.00583,0.00589,1.0103,4,1548,8.8,0,1.0156
1328,162,1275,bf16,N,N,23,-258,0.04886,0.07061,1.4451,4,120,95.4,0,0.9904
11655,207,107,bf16,T,T,20,-621285691,0.02045,0.02920,1.4278,4,320,596.0,0,1.0243
92,6,242,bf16,T,T,20,-150,0.01219,0.02236,1.8347,4,404,4.1,0,0.9849
12358,11566,2971,fp32,N,N,292,-621283869,7.84650,8.26739,1.0536,4,5,109.1,0,0.6908
299,6,1782,fp16,T,N,10,-389,0.02350,0.08261,3.5153,4,99,46.6,0,0.9651
1068,5224,80,fp32,N,N,308,-621283787,0.01786,0.02645,1.4808,4,330,1362.3,0,0.8378
8,8817,6560,fp16,N,N,22,-171,0.25538,0.26894,1.0531,4,34,454.5,0,0.9895
24,84,57,fp16,T,T,22,-447,0.00670,0.01632,2.4338,4,500,3.0,0,0.9709
26,18150,4,fp32,T,T,112,-621291469,0.00660,0.01409,2.1362,4,541,330.3,0,1.0093
2779,10509,50,fp32,N,N,264,-621283963,0.07440,0.07601,1.0216,4,113,1605.8,0,0.7961
21841,14,23724,fp32,T,N,380,-621284151,0.74566,3.67148,4.9238,4,5,2783.0,0,0.6541
848,913,869,fp32,N,T,312,-621293061,0.02275,0.02306,1.0136,4,367,405.1,0,1.2777
631,4437,262,fp16,T,N,71,-621296107,0.01980,0.03248,1.6399,4,291,699.6,0,0.9836
150,16107,1179,fp32,T,T,66,-621291428,0.11883,0.17998,1.5146,4,56,726.5,0,0.6463
95,208,11476,fp32,T,N,368,-621293541,0.03092,0.03170,1.0252,4,271,452.4,0,0.9714
3715,158,1077,bf16,T,N,76,-621289994,0.03620,0.06405,1.7695,4,134,295.3,0,0.9952
35,6299,448,fp16,T,N,71,-621296105,0.01951,0.03545,1.8169,4,239,336.1,0,1.0081
23187,12881,9394,fp16,T,T,22,-621291510,10.99620,11.41717,1.0383,4,5,170.3,0,0.7536
1861,313,88,fp32,T,N,238,-621284334,0.00647,0.00695,1.0742,4,1110,478.3,0,1.0034
26654,2123,3600,fp32,N,N,292,-621283963,3.94904,4.30941,1.0913,4,5,162.3,0,0.6389
3459,28,3,fp16,T,N,71,-380,0.00661,0.01674,2.5309,4,530,61.7,0,0.9723
3552,7248,3060,fp16,T,T,22,-621291506,0.44917,0.46160,1.0277,4,21,376.4,0,0.6653
1,2,38,fp32,T,T,21,-621283250,0.00655,0.00629,0.9609,4,1574,0.1,0,1.3347
10507,193,1034,fp16,N,T,33,-621295777,0.03861,0.06273,1.6249,4,142,783.2,0,1.0332
1388,1,6342,fp16,N,T,34,-9,0.01003,0.13076,13.0311,4,68,1756.3,0,0.9831
16,3,163,fp32,N,T,444,-621283697,0.00640,0.00653,1.0212,4,1516,2.0,0,0.9826
29,15,145,fp16,N,N,17,-170,0.01085,0.03038,2.8000,4,302,1.3,0,1.0033
183,174,2493,bf16,T,T,20,-621285691,0.10139,0.10135,0.9996,4,92,18.8,0,1.0062
4,2,8967,fp16,N,N,7,-171,0.17719,0.34506,1.9474,4,29,0.6,0,1.0020
2119,16271,1766,bf16,N,T,27,-621290046,0.31952,0.32683,1.0229,4,25,634.9,0,0.8068
129,3925,8,fp16,N,T,27,-412,0.00664,0.02240,3.3727,4,354,314.7,0,0.9854
7133,20,585,bf16,T,N,69,-621289994,0.02533,0.04794,1.8928,4,200,353.0,0,1.0085
25548,556,29803,fp32,T,T,66,-621291421,10.36117,10.41160,1.0049,4,5,305.8,0,0.8047
18348,1872,349,bf16,N,N,17,-621292869,0.10083,0.12425,1.2323,4,71,1502.6,0,0.6345
2,7,10803,bf16,N,N,8,-258,0.30087,0.38494,1.2794,4,26,0.6,0,0.9619
4378,839,18,bf16,N,T,27,-349,0.01322,0.02769,2.0944,4,339,1125.6,0,1.0050
23,2,16322,fp16,T,N,12,-385,0.02367,0.03266,1.3797,4,242,34.5,0,0.9633
16892,965,1187,bf16,N,N,17,-621292875,0.12332,0.12438,1.0086,4,64,872.5,0,0.7456
649,111,478,fp32,T,N,316,-621284081,0.00648,0.00639,0.9864,4,1117,268.7,0,1.1406
3704,17666,22714,fp16,N,N,17,-621294415,6.60684,8.74577,1.3237,4,5,186.6,0,0.7004
4276,20552,4246,fp32,N,N,336,-621283760,7.16013,7.89321,1.1024,4,5,108.0,0,0.6393
1622,70,1457,fp32,N,N,334,-621283822,0.01202,0.02712,2.2565,4,321,858.4,0,0.8404
9782,182,4390,fp32,T,N,375,-621284342,0.22643,0.27023,1.1934,4,26,804.2,0,0.6828
1,3,9,fp32,N,N,219,-621283997,0.00644,0.00652,1.0119,4,1615,0.0,0,0.9621
6483,1176,8292,fp16,T,N,75,-621296101,0.29683,0.41482,1.3975,4,25,530.7,0,0.6570
5322,68,12,fp16,N,T,27,-412,0.00664,0.02496,3.7567,4,316,237.4,0,0.9723
711,24433,1744,bf16,N,T,27,-621290046,0.16755,0.18423,1.0995,4,45,938.2,0,0.6584
90,2,3,fp16,T,T,22,-447,0.00669,0.01316,1.9665,4,577,0.2,0,1.2193
1569,1483,13875,fp32,T,N,336,-621284186,0.67614,0.91902,1.3592,4,11,264.3,0,0.7582
26,28029,2733,fp32,T,N,350,-621284340,0.10078,0.24081,2.3894,4,46,3072.0,0,0.8377
2237,9023,2112,fp16,N,T,27,-621295777,0.24197,0.35396,1.4628,4,28,530.2,0,0.6572
10354,235,43,fp16,N,N,17,-173,0.01479,0.02975,2.0110,4,236,719.6,0,1.6118
12219,4267,25685,fp16,N,N,17,-621294414,5.98862,7.40989,1.2373,4,5,176.2,0,0.8013
2,73,14100,fp32,T,T,44,-621291435,0.13861,0.86885,6.2681,4,12,30.5,0,1.0919
611,1680,19229,fp16,N,T,33,-621295777,0.45596,0.73406,1.6099,4,14,202.2,0,1.0194
1022,21,1988,fp16,N,N,22,-171,0.05878,0.10021,1.7047,4,96,72.0,0,0.9860
11151,6752,23834,fp16,N,N,17,-621294415,7.28774,9.83691,1.3498,4,5,158.4,0,0.7490
1331,36,28,fp16,N,T,27,-408,0.00668,0.02576,3.8572,4,358,40.2,0,0.9828
21,1489,20457,fp32,N,N,306,-621293338,0.14522,1.27262,8.7633,4,8,851.7,0,0.9801
25,42,25413,fp16,T,N,79,-385,0.03243,0.77298,23.8329,4,13,105.1,0,0.9931
1774,4625,581,bf16,N,T,27,-621290045,0.05072,0.05798,1.1431,4,162,793.6,0,0.9510
1,2163,29521,bf16,N,N,24,-9,0.56991,1.13617,1.9936,4,9,224.2,0,1.0902
6260,22232,3636,bf16,T,T,20,-621285693,2.01132,2.06389,1.0261,4,5,379.8,0,0.7813
2847,1048,2268,bf16,N,T,32,-621290049,0.06567,0.10064,1.5324,4,97,450.8,0,0.9996
128,1294,14,bf16,N,N,17,-262,0.00668,0.02519,3.7706,4,337,105.1,0,0.9670
180,107,149,bf16,T,T,20,-150,0.00908,0.01987,2.1879,4,417,17.9,0,1.0075
6627,1805,7803,fp16,T,N,71,-621296121,0.46524,0.50915,1.0944,4,20,385.7,0,0.6644
53,9353,454,fp32,N,T,336,-621283656,0.01190,0.01438,1.2092,4,625,1602.7,0,0.9295
4201,303,448,fp32,T,N,316,-621284392,0.02306,0.03036,1.3168,4,283,570.9,0,0.8991
5,287,13,bf16,T,T,4,-153,0.00570,0.00590,1.0352,4,1695,2.3,0,0.9945
5852,2550,3710,fp16,T,T,22,-621291505,0.26276,0.27376,1.0419,4,29,464.4,0,0.6861
15,5,172,fp16,T,T,22,-445,0.00832,0.01977,2.3765,4,470,0.9,0,0.9640
7805,28529,12640,bf16,T,T,20,-621285693,10.61234,11.13520,1.0493,4,5,170.5,0,0.7437
28,1743,150,fp32,N,T,344,-621283635,0.00544,0.00577,1.0604,4,1360,231.3,0,0.9708
3713,55,21621,fp32,N,T,359,-621292951,0.21398,5.69397,26.6098,4,5,1526.7,0,0.8372
14,2,3,bf16,T,N,3,-616,0.00565,0.00596,1.0543,4,1643,0.0,0,0.9946
227,9044,3780,bf16,N,T,32,-621290049,0.09369,0.15126,1.6144,4,60,835.7,0,1.0201
1,8528,477,bf16,T,N,4,-9,0.01001,0.02589,2.5859,4,322,816.2,0,1.0006
1695,714,6878,fp32,T,T,66,-621283256,0.28056,0.34917,1.2446,4,27,253.5,0,0.8068
33,7,192,bf16,T,T,20,-150,0.00979,0.01725,1.7621,4,525,1.7,0,1.0435
19237,11,17,fp16,T,N,71,-380,0.00559,0.02037,3.6439,4,430,268.5,0,1.0132
723,115,1708,bf16,T,T,20,-621285691,0.07379,0.07386,1.0009,4,131,43.3,0,1.0075
307,57,8592,bf16,N,T,32,-621290045,0.16984,0.29031,1.7093,4,34,37.2,0,0.9977
11315,2022,4944,fp16,T,T,22,-621291507,0.66614,0.67224,1.0092,4,14,335.4,0,0.6790
2419,5831,17818,fp32,N,T,312,-621293108,4.86883,5.92859,1.2177,4,5,132.4,0,0.7962
4,108,30975,fp16,T,N,13,-385,0.02268,1.04814,46.2106,4,10,306.0,0,0.9546
881,1144,4410,fp32,N,T,312,-621293107,0.10693,0.17042,1.5937,4,56,371.7,0,0.6672
5,53,4168,fp16,N,N,22,-171,0.08717,0.18150,2.0822,4,54,5.6,0,0.9840
1447,1506,28594,fp16,T,N,78,-621296103,0.66966,0.99410,1.4845,4,10,265.2,0,0.9754
16988,11,1255,bf16,N,N,23,-621292873,0.05440,0.07645,1.4053,4,116,798.0,0,0.9958
793,9301,14467,fp16,N,T,33,-621295777,0.56052,0.69730,1.2440,4,14,573.7,0,0.6348
1189,631,837,fp32,N,T,312,-621283639,0.02096,0.02089,0.9967,4,350,433.9,0,0.7978
908,6457,1722,fp32,N,T,312,-621293084,0.24406,0.25537,1.0464,4,29,304.0,0,0.6841
179,22,4997,fp32,N,N,348,-621283911,0.02442,0.02555,1.0462,4,311,165.1,0,0.9838
14044,2930,15748,fp16,T,T,22,-621291508,2.82810,2.94116,1.0400,4,5,247.2,0,0.6935
108,156,3823,fp32,T,N,344,-621293541,0.01772,0.01724,0.9726,4,406,231.6,0,1.1026
392,27926,1188,bf16,T,T,20,-621285686,0.10528,0.12403,1.1781,4,68,1055.0,0,0.6756
7,3546,251,fp32,N,N,336,-621293376,0.00565,0.00581,1.0275,4,1574,648.8,0,0.9823
41,1,7295,fp32,T,T,67,-9,0.04850,0.08848,1.8245,4,99,25.3,0,0.9901
8,4580,3165,fp32,T,T,66,-621291435,0.05061,0.20308,4.0129,4,46,1150.7,0,1.0244
4562,22909,6910,fp16,T,N,71,-621296118,2.83841,2.87551,1.0131,4,5,281.0,0,0.7636
2,7312,65,fp16,T,N,4,-388,0.00660,0.00641,0.9713,4,1167,152.9,0,0.9934
14835,14979,9581,bf16,N,T,27,-621290049,8.50116,9.00699,1.0595,4,5,171.8,0,0.8226
3187,8,473,fp32,T,N,316,-621284151,0.00644,0.00679,1.0549,4,1095,955.2,0,1.0043
14898,12766,10476,fp16,N,N,17,-621294414,8.11309,11.51947,1.4199,4,5,165.2,0,0.8260
5525,246,3721,fp16,N,N,22,-621294410,0.12969,0.15146,1.1679,4,59,373.1,0,0.9924
7805,633,5438,bf16,T,N,77,-621289994,0.17415,0.26260,1.5079,4,36,640.5,0,0.6160
19,18,118,bf16,N,T,27,-349,0.00901,0.02827,3.1376,4,329,1.1,0,0.9785
13154,10636,15971,bf16,N,T,27,-621290038,9.41505,9.93173,1.0549,4,5,140.2,0,0.7128
7111,379,2,fp16,T,N,71,-382,0.00735,0.02216,3.0156,4,393,1470.9,0,0.9950
305,478,743,bf16,N,T,27,-621290045,0.03187,0.04772,1.4975,4,178,54.8,0,0.9726
53,3,174,bf16,N,T,27,-349,0.01197,0.02982,2.4918,4,281,1.7,0,1.0080
1607,2261,12648,bf16,N,T,32,-621290045,0.31994,0.45160,1.4115,4,21,351.3,0,0.9814
9089,20,23,bf16,T,T,20,-152,0.00655,0.01563,2.3865,4,559,175.0,0,0.9837
1998,6868,4269,fp16,T,N,71,-621296098,0.28611,0.34316,1.1994,4,27,456.4,0,0.6530
361,1,6925,bf16,N,T,33,-9,0.00685,0.14126,20.6344,4,62,732.6,0,0.9603
810,5067,746,fp32,N,T,312,-621283529,0.07204,0.07116,0.9878,4,119,471.3,0,0.7460
7,2207,25,fp16,T,T,5,-447,0.00673,0.00640,0.9515,4,1478,25.6,0,0.9745
5092,8746,21418,bf16,N,N,17,-621292879,4.16025,5.39965,1.2979,4,5,185.3,0,0.7483
5,6,13321,bf16,N,N,8,-258,0.35810,0.47369,1.3228,4,21,0.8,0,0.9773
4280,31241,214,fp32,T,T,66,-621291421,0.70046,0.71719,1.0239,4,14,807.0,0,0.6921
1,3,14279,fp16,T,N,12,-391,0.02386,0.02384,0.9991,4,328,4.8,0,0.9481
33,836,5883,bf16,T,T,20,-621285697,0.21263,0.21861,1.0281,4,46,48.6,0,1.0065
4,1397,31984,bf16,N,N,23,-258,1.15409,1.23041,1.0661,4,9,77.7,0,1.0115
5690,855,3297,fp16,N,N,22,-621294402,0.14654,0.17410,1.1881,4,56,427.3,0,0.8358
22,45,182,bf16,N,T,27,-349,0.01276,0.02797,2.1925,4,335,2.2,0,0.9727
4575,571,1425,fp32,T,T,66,-621283250,0.10257,0.11630,1.1339,4,70,387.8,0,0.6584
9712,10773,15117,bf16,N,N,17,-621292879,6.90334,9.10312,1.3187,4,5,150.3,0,0.7693
5560,247,58,fp16,T,N,71,-380,0.01166,0.02861,2.4532,4,292,528.7,0,1.0078
25602,172,48,bf16,T,T,20,-621285686,0.02015,0.03272,1.6243,4,279,997.1,0,1.0191
17,22296,25,fp16,T,T,22,-445,0.00655,0.01646,2.5116,4,516,401.6,0,0.9944
3044,22806,84,bf16,N,T,27,-621290048,0.15551,0.20435,1.3141,4,47,1813.6,0,0.9384
32261,27003,43,bf16,T,T,20,-621285686,1.34855,1.99332,1.4781,4,5,2587.7,0,0.8117
20246,6494,4593,fp16,T,T,22,-621291506,2.37172,2.35195,0.9917,4,5,325.3,0,0.8238
7,980,256,bf16,N,T,27,-621290045,0.01452,0.02706,1.8635,4,341,36.7,0,0.9768
4314,31,15576,fp32,N,N,334,-621293231,0.13128,0.97191,7.4033,4,11,2066.2,0,0.8777
8,2641,4697,fp16,T,N,78,-389,0.06069,0.15428,2.5422,4,61,411.4,0,1.0007
2437,1741,14046,fp32,T,T,66,-621283234,1.33916,1.33569,0.9974,4,7,188.0,0,0.6580
71,2694,27474,fp32,N,N,306,-621283880,0.34820,1.70936,4.9092,4,6,874.9,0,0.6889
785,859,1694,bf16,N,T,32,-621290045,0.04868,0.07739,1.5897,4,118,169.8,0,0.9899
5,7051,1580,fp32,T,T,66,-621283255,0.02280,0.10512,4.6114,4,86,1962.4,0,1.0186
3517,11724,30685,fp16,T,N,71,-621296099,5.75538,7.81579,1.3580,4,5,191.2,0,0.6859
127,14,3131,fp32,N,N,360,-621283910,0.01056,0.01706,1.6146,4,511,167.8,0,0.9788
15143,13140,617,fp32,N,T,312,-621293110,2.50116,2.52005,1.0076,4,5,346.1,0,0.6581
97,449,21,bf16,T,T,20,-150,0.00564,0.01495,2.6534,4,518,35.0,0,0.9706
3,123,1925,fp16,T,N,10,-390,0.01230,0.01360,1.1054,4,582,39.6,0,0.9869
8007,4053,14359,fp16,N,N,17,-621294412,2.18101,2.60984,1.1966,4,5,218.3,0,0.7552
4564,126,4808,fp16,N,T,33,-621295773,0.10451,0.17449,1.6697,4,54,453.6,0,0.9899
236,10264,246,fp32,N,T,364,-621283560,0.02523,0.02876,1.1401,4,296,793.6,0,0.6649
2,10502,10,fp16,T,T,5,-449,0.00685,0.00647,0.9443,4,1416,42.9,0,1.5057
61,148,427,bf16,N,T,27,-621290045,0.02401,0.03657,1.5230,4,258,8.9,0,0.9917
2541,23520,192,fp32,N,T,314,-621283626,0.26755,0.26579,0.9934,4,30,968.3,0,0.6770
611,704,2505,fp32,T,N,336,-621284172,0.03567,0.03487,0.9775,4,208,417.6,0,0.7161
1976,52,9729,fp16,N,N,22,-171,0.26287,0.34466,1.3112,4,29,151.7,0,0.9754
11112,1,5087,fp16,N,N,5,-9,0.05564,0.49894,8.9671,4,19,2032.8,0,1.0171
156,24041,472,fp32,N,N,306,-621293142,0.06286,0.09907,1.5761,4,96,965.5,0,0.6554
236,1537,803,fp32,T,N,318,-621293800,0.01344,0.02430,1.8073,4,369,531.6,0,1.0367
10,16,4,bf16,N,N,17,-257,0.00689,0.02171,3.1514,4,404,0.1,0,0.9878
1432,5497,6822,fp32,N,T,312,-621283628,1.14317,1.26503,1.1066,4,8,192.9,0,0.7050
2,29783,30,fp16,T,T,5,-447,0.00678,0.00643,0.9490,4,1283,298.8,0,0.9977
5997,11,3746,fp32,T,T,66,-621283250,0.05346,0.07114,1.3307,4,141,1688.8,0,0.8707
3,337,2,fp16,T,N,4,-388,0.00677,0.00668,0.9873,4,1551,0.8,0,0.9748
178,4790,54,bf16,T,T,20,-150,0.00908,0.01701,1.8731,4,465,434.8,0,1.0119
1064,2319,6716,bf16,T,N,78,-621289993,0.16027,0.26411,1.6479,4,37,345.1,0,0.9564
820,22190,4137,fp32,N,T,312,-621293085,1.63458,1.82651,1.1174,4,6,277.5,0,0.6841
6320,85,19,bf16,T,N,69,-611,0.00665,0.02731,4.1048,4,326,359.6,0,0.9631
6448,537,916,bf16,T,T,20,-621285689,0.04867,0.05056,1.0388,4,174,547.5,0,1.0162
1,2,6086,bf16,N,T,33,-9,0.00505,0.12351,24.4489,4,75,7.2,0,0.9779
12,3,812,fp16,N,N,7,-171,0.02065,0.03516,1.7029,4,249,1.2,0,0.9982
76,100,7,fp16,N,T,27,-408,0.00677,0.02177,3.2178,4,416,4.9,0,0.9932
2079,1245,1436,fp32,T,T,66,-621291435,0.10784,0.11533,1.0695,4,69,273.1,0,0.8697
2,5583,3,fp32,N,T,260,-621283647,0.00654,0.00638,0.9754,4,1458,17.1,0,1.1836
540,71,8309,bf16,T,N,79,-621289993,0.17737,0.29896,1.6855,4,33,58.1,0,0.9894
10,32,315,bf16,T,T,20,-150,0.01538,0.02475,1.6088,4,388,1.8,0,0.9936
35,64,9649,fp16,N,T,33,-621295773,0.18974,0.32140,1.6939,4,31,10.1,0,0.9961
2,1361,1229,bf16,T,N,10,-618,0.01824,0.01823,0.9994,4,467,184.3,0,1.0204
2195,1,3691,bf16,N,T,33,-9,0.00770,0.13824,17.9637,4,72,2107.7,0,0.9431
1939,3770,4770,fp16,N,N,22,-621294410,0.21988,0.21908,0.9964,4,41,380.7,0,0.6614
4,5,113,fp32,N,T,400,-621293098,0.00557,0.00593,1.0635,4,1629,0.7,0,0.9647
5232,407,137,fp32,N,T,314,-621292905,0.01264,0.01532,1.2127,4,519,918.6,0,0.8612
16219,22785,576,bf16,N,T,27,-621290049,1.17436,1.30385,1.1103,4,8,1297.0,0,0.8335
6,2590,61,fp32,N,N,308,-621293214,0.00626,0.00598,0.9558,4,1463,111.1,0,0.9840
2,26,130,bf16,T,N,3,-607,0.01012,0.00979,0.9672,4,842,0.7,0,0.9875
10,5,5,fp32,N,N,404,-621293371,0.00657,0.00663,1.0083,4,1718,0.1,0,0.9989
16122,7171,5933,fp16,N,N,17,-621294414,3.17943,3.73331,1.1742,4,5,232.4,0,0.8050
399,8261,121,bf16,T,N,69,-621289995,0.01816,0.01957,1.0777,4,437,841.4,0,0.9940
1097,28466,8054,bf16,T,T,20,-621285694,1.18028,1.17382,0.9945,4,9,509.3,0,0.7924
2220,16499,2067,bf16,T,N,69,-621289992,0.34890,0.38560,1.1052,4,25,641.7,0,0.6391
18635,3930,3667,fp32,N,N,292,-621293201,5.09434,5.10621,1.0023,4,5,122.5,0,0.6519
4676,3779,25973,fp16,T,N,71,-621296130,1.75668,2.07878,1.1834,4,5,290.3,0,0.7008
12,16900,25213,fp16,N,N,22,-621294412,0.86506,0.88110,1.0185,4,12,986.8,0,0.9824
13195,78,50,fp32,T,N,238,-621284188,0.00676,0.03074,4.5490,4,266,1001.9,0,0.9344
4,6,5,bf16,N,T,27,-353,0.00660,0.02162,3.2777,4,389,0.0,0,0.9829
5915,15922,7924,bf16,T,T,20,-621285693,2.74524,2.75622,1.0040,4,5,263.3,0,0.7864
15,194,14,fp16,T,N,71,-380,0.00661,0.01625,2.4579,4,482,2.6,0,0.9818
2076,121,2600,bf16,T,T,20,-621285689,0.10439,0.10404,0.9966,4,86,119.1,0,0.9956
2,8,1,bf16,T,T,4,-150,0.00693,0.00649,0.9355,4,1868,0.0,0,0.9864
1321,275,47,bf16,T,T,20,-150,0.00670,0.01602,2.3925,4,550,239.4,0,1.0010
10311,314,10208,fp16,T,N,77,-621296106,0.28485,0.42634,1.4967,4,23,807.0,0,0.6695
2345,109,159,fp32,N,T,363,-621283634,0.00632,0.00640,1.0130,4,1197,408.7,0,0.9814
55,615,66,fp16,T,T,22,-445,0.00665,0.01709,2.5695,4,542,33.6,0,0.9876
12931,22432,9978,bf16,N,T,27,-621290057,11.40318,11.60727,1.0179,4,5,163.6,0,0.7961
10,10,54,fp32,T,N,297,-621284035,0.00659,0.00638,0.9685,4,1584,0.7,0,0.9693
318,444,526,fp16,T,T,22,-445,0.01997,0.03391,1.6976,4,272,68.4,0,1.0269
8,4815,1,fp16,T,T,22,-448,0.00674,0.01336,1.9826,4,642,24.3,0,1.0137
1630,1092,3186,fp32,N,T,356,-621293056,0.14327,0.19495,1.3608,4,44,291.8,0,0.6415
34,2817,9,fp32,N,T,232,-621283463,0.00661,0.00625,0.9461,4,1416,73.5,0,0.9863
63,7052,16578,fp16,N,N,22,-621294412,0.56638,0.59887,1.0574,4,17,419.7,0,1.0051
4338,3,3,bf16,T,T,20,-150,0.00678,0.01423,2.0976,4,608,11.5,0,0.9942
2,41,524,fp32,N,N,370,-621293294,0.00654,0.00631,0.9645,4,1483,13.8,0,0.9761
1662,4382,14259,bf16,T,N,76,-621289988,0.52609,0.67712,1.2871,4,14,383.0,0,0.7266
20237,3995,13768,bf16,N,N,17,-621292880,4.99460,5.89995,1.1813,4,5,198.3,0,0.6761
679,865,424,fp32,T,T,66,-621291436,0.01290,0.01339,1.0377,4,643,385.1,0,0.8609
37,1,13,fp16,T,N,4,-9,0.00295,0.00588,1.9932,4,1541,0.4,0,0.9787
5714,438,389,fp16,T,N,71,-621296107,0.02227,0.03873,1.7390,4,237,664.3,0,1.0152
2226,415,59,fp32,N,N,264,-621293162,0.00557,0.00706,1.2678,4,987,775.6,0,0.8649
1180,1765,1798,fp32,T,N,322,-621293591,0.09599,0.10092,1.0513,4,74,307.4,0,0.7049
2,14660,12166,fp16,T,T,5,-445,0.67989,0.80005,1.1767,4,13,524.9,0,0.9942
367,3962,3550,bf16,T,T,20,-621285692,0.14020,0.14125,1.0075,4,67,260.7,0,0.9936
12068,19,15310,bf16,N,N,23,-621292873,0.53169,0.53679,1.0096,4,18,697.8,0,1.0059
3607,13292,26777,bf16,N,T,27,-621290041,5.54068,5.83787,1.0536,4,5,198.0,0,0.6990
15,13923,25673,fp16,N,T,33,-621295777,0.55848,0.93259,1.6699,4,12,1282.9,0,0.9950
29493,109,970,fp32,T,T,66,-621291425,0.11146,0.17601,1.5791,4,61,1145.8,0,0.7076
8,7,38,bf16,N,N,2,-257,0.00678,0.00663,0.9778,4,1441,0.2,0,0.9954
23005,618,4189,fp32,T,T,66,-621283235,1.30618,1.43388,1.0978,4,7,346.6,0,0.6677
124,52,2,fp32,T,T,112,-621291471,0.00561,0.00578,1.0313,4,1608,4.9,0,0.9551
68,8807,197,fp16,N,T,27,-408,0.02009,0.02977,1.4818,4,275,293.3,0,0.9716
3881,6817,15537,fp32,N,N,292,-621293203,7.99514,7.89904,0.9880,4,5,96.4,0,0.7477
22595,3,1924,fp32,T,T,66,-621283250,0.07707,0.26411,3.4269,4,33,2260.1,0,0.8886
2984,1047,3889,bf16,T,N,78,-621289994,0.10314,0.18485,1.7923,4,53,425.2,0,0.9166
31383,4452,1,fp16,T,T,22,-621291496,0.19662,0.30289,1.5405,4,33,2842.8,0,0.7836
5194,1543,148,bf16,T,T,20,-621285689,0.02274,0.02844,1.2510,4,330,1497.7,0,0.9274
4,3,39,fp32,T,T,66,-621291426,0.00651,0.00623,0.9564,4,1541,0.2,0,0.9594
25441,3713,1201,bf16,T,T,20,-621285686,0.58611,0.61224,1.0446,4,17,764.2,0,0.7862
24933,62,62,bf16,N,N,17,-257,0.01351,0.02996,2.2171,4,316,687.0,0,0.9851
121,15318,4302,bf16,T,N,79,-621289992,0.11025,0.20765,1.8835,4,44,1272.1,0,0.9799
13960,9235,42,fp32,N,N,264,-621283868,0.25239,0.33834,1.3405,4,32,2058.7,0,0.7058
184,1913,4720,fp16,T,N,78,-621296105,0.10757,0.15364,1.4282,4,60,197.1,0,0.9976
12966,1659,88,fp32,N,T,268,-621293090,0.07176,0.07047,0.9820,4,107,1270.7,0,0.6454
11,7040,2,fp16,N,N,17,-170,0.00575,0.02224,3.8703,4,378,58.8,0,0.9778
886,23502,16322,bf16,T,T,20,-621285697,2.02225,2.25555,1.1154,4,5,434.9,0,0.6709
677,411,8594,fp16,N,N,22,-621294410,0.26740,0.35027,1.3099,4,26,74.1,0,1.2616
132,9015,147,bf16,N,N,17,-621292876,0.01937,0.03164,1.6330,4,297,384.5,0,0.9947
15,1804,56,bf16,N,N,17,-257,0.00670,0.02714,4.0523,4,345,46.6,0,0.9930
5,3,2795,fp16,T,N,10,-390,0.01576,0.01484,0.9420,4,416,2.8,0,1.0008
567,3190,1211,fp32,N,T,312,-621293106,0.06004,0.05881,0.9796,4,142,423.6,0,0.6943
23,4,425,bf16,T,T,20,-150,0.01974,0.02838,1.4375,4,329,1.2,0,0.9688
13698,2191,5211,fp32,T,N,296,-621284349,3.29551,6.57872,1.9963,4,5,136.9,0,0.6857
23367,45,1,bf16,T,T,20,-151,0.00669,0.01562,2.3339,4,528,635.5,0,0.9891
911,1955,5536,fp32,T,T,66,-621283240,0.28149,0.27380,0.9727,4,31,250.8,0,0.6167
4,1841,1,fp32,T,N,294,-621284035,0.00660,0.00632,0.9574,4,1452,5.6,0,0.9685
27932,44,16,bf16,N,N,17,-257,0.00682,0.02628,3.8517,4,326,851.8,0,1.0043
592,2,4,fp32,N,T,262,-621283463,0.00662,0.00646,0.9758,4,1504,2.2,0,0.9904
307,283,36,bf16,N,T,27,-349,0.00674,0.02534,3.7572,4,365,57.8,0,1.0101
4752,1315,4606,fp16,N,N,22,-621294410,0.21290,0.24334,1.1430,4,43,379.9,0,0.7024
8866,7865,19813,fp16,T,N,71,-621296119,5.37586,6.75442,1.2564,4,5,175.2,0,0.6788
22935,126,894,bf16,N,N,23,-621292876,0.04891,0.06237,1.2754,4,139,1079.4,0,0.9216
5977,9056,213,fp16,N,N,17,-621294407,0.11910,0.12600,1.0579,4,66,1871.6,0,0.6416
2078,7511,538,fp16,N,N,17,-621294409,0.07151,0.08197,1.1463,4,114,1017.3,0,0.9607
227,44,938,bf16,T,T,20,-150,0.04143,0.04658,1.1243,4,169,13.2,0,0.9665
3,53,5464,bf16,T,N,13,-620,0.01624,0.01534,0.9446,4,489,37.7,0,0.9766
1195,12318,595,fp16,T,N,71,-621296071,0.07111,0.07397,1.0402,4,117,1054.1,0,0.6815
13224,3,1,bf16,N,T,27,-353,0.00685,0.02061,3.0085,4,354,27.0,0,1.3468
303,1153,493,bf16,T,T,20,-150,0.03159,0.03279,1.0378,4,272,89.7,0,0.9771
48,8376,5399,fp16,N,T,33,-621295777,0.12910,0.14354,1.1118,4,64,717.0,0,1.0276
161,758,3859,bf16,T,N,79,-621289993,0.09166,0.16702,1.8221,4,57,82.7,0,0.9794
220,5081,982,bf16,N,T,32,-621290045,0.03769,0.05724,1.5186,4,148,394.9,0,1.0161
5,3,6,bf16,N,N,2,-257,0.00698,0.00668,0.9572,4,1625,0.0,0,0.9903
2,166,54,fp16,N,N,17,-170,0.00673,0.02743,4.0738,4,316,2.9,0,0.9960
15568,262,12285,fp32,T,T,66,-621283263,1.54372,2.34853,1.5213,4,5,514.5,0,0.6589
11,1014,8,fp16,T,T,22,-445,0.00674,0.01335,1.9801,4,578,9.1,0,0.9741
5798,572,152,bf16,T,N,69,-621289989,0.01816,0.03299,1.8170,4,279,837.3,0,1.0016
37,17260,2057,bf16,N,N,23,-621292873,0.08640,0.08650,1.0012,4,107,853.2,0,0.9909
491,9951,3052,fp16,T,N,76,-621296107,0.11436,0.14370,1.2565,4,66,728.2,0,0.6863
5,2,3168,fp32,T,N,210,-621284134,0.01327,0.01390,1.0476,4,476,6.7,0,0.9764
6309,2771,267,fp16,N,T,27,-621295771,0.06137,0.06234,1.0157,4,149,1218.4,0,0.7613
5,12829,2,bf16,N,T,27,-353,0.00666,0.02209,3.3150,4,369,46.2,0,1.1753
11932,18783,7566,fp32,T,T,66,-621291422,32.70717,32.72258,1.0005,4,5,55.8,0,0.6961
38,8019,68,fp32,T,N,254,-621284336,0.00556,0.00581,1.0456,4,1281,613.7,0,0.9909
5909,10501,2675,fp16,N,N,17,-621294414,0.90459,0.98129,1.0848,4,10,371.4,0,0.6888
2224,1097,5395,fp32,N,T,312,-621293078,0.31344,0.37058,1.1823,4,23,259.8,0,0.6518
1,186,25086,bf16,T,T,4,-9,0.02646,2.43374,91.9654,4,5,354.6,0,1.1240
24474,134,939,fp16,T,T,22,-621291500,0.05306,0.05976,1.1262,4,154,1118.2,0,0.9835
1,679,62,fp32,N,N,307,-9,0.00315,0.00567,1.8034,4,1466,54.5,0,0.9767
1968,390,11358,bf16,T,N,79,-621289993,0.23697,0.40803,1.7219,4,25,239.0,0,1.0146
47,1,41,bf16,T,N,3,-9,0.00289,0.00670,2.3179,4,1130,1.4,0,1.0013
38,2200,16,fp32,N,T,276,-621283470,0.00553,0.00566,1.0234,4,1676,86.3,0,0.9869
3053,221,6080,fp16,N,T,33,-621295777,0.12079,0.12091,1.0010,4,75,351.9,0,1.0195
334,634,2,fp32,N,T,248,-621293079,0.00644,0.00635,0.9861,4,1403,132.8,0,0.9900
290,45,2159,fp16,T,N,77,-389,0.02710,0.10453,3.8570,4,85,55.3,0,0.9973
3892,955,2540,fp32,T,T,66,-621283260,0.25843,0.30169,1.1674,4,27,248.1,0,0.6538
297,15254,163,fp16,T,T,22,-621291498,0.02463,0.02850,1.1571,4,318,941.5,0,0.9950
19208,8935,13812,fp16,T,T,22,-621291506,8.78033,9.14930,1.0420,4,5,166.7,0,0.7705
88,7,329,fp32,N,T,389,-621283652,0.00614,0.00623,1.0145,4,1305,20.8,0,0.9697
3484,868,2668,fp32,T,T,112,-621291457,0.20840,0.24299,1.1660,4,32,280.9,0,0.6465
16745,6185,2,fp16,N,N,17,-621294406,0.15111,0.17319,1.1461,4,57,2742.2,0,0.8089
281,515,3245,bf16,N,N,23,-258,0.10890,0.14965,1.3742,4,59,52.8,0,0.9850
7,69,5231,bf16,T,T,4,-150,0.21804,0.23653,1.0848,4,42,3.7,0,0.9865
1124,27261,1182,fp32,T,T,66,-621283240,0.78793,0.84995,1.0787,4,11,325.9,0,0.6695
26478,117,3,fp32,T,N,266,-621284042,0.00702,0.01525,2.1744,4,578,1811.9,0,0.8740
440,41,792,fp16,T,N,75,-381,0.02075,0.04956,2.3885,4,173,40.2,0,0.9642
10,70,1,fp16,N,N,17,-173,0.00685,0.02451,3.5786,4,376,0.4,0,1.0077
1084,772,537,bf16,N,T,27,-621290049,0.02804,0.04381,1.5624,4,186,190.5,0,1.0087
28,9413,4651,fp16,T,N,78,-621296106,0.11251,0.18930,1.6825,4,48,789.9,0,1.0115
21154,163,6884,fp16,N,N,22,-621294410,0.28034,0.32457,1.1578,4,28,1096.1,0,0.7648
2,15,4,fp16,N,T,27,-412,0.00558,0.02160,3.8691,4,375,0.0,0,0.9671
953,15014,623,bf16,N,N,17,-621292875,0.06827,0.07005,1.0262,4,110,1129.8,0,0.7033
1622,1935,302,fp16,N,T,27,-621295773,0.02619,0.03590,1.3707,4,271,561.4,0,0.9988
20908,10005,13094,fp16,T,N,71,-621296123,10.21473,12.43166,1.2170,4,5,161.2,0,0.7218
5,876,4455,bf16,T,N,15,-620,0.02245,0.17594,7.8383,4,48,350.5,0,0.9993
21645,789,21791,fp32,N,N,292,-621283964,7.89387,8.05842,1.0208,4,5,256.4,0,0.6472
219,7789,641,fp32,N,T,318,-621283600,0.03619,0.04029,1.1132,4,183,755.9,0,0.7622
4634,2000,1251,fp32,N,T,312,-621283632,0.25533,0.29285,1.1469,4,27,275.2,0,0.6929
203,494,365,fp16,T,T,22,-445,0.01483,0.02797,1.8862,4,328,61.4,0,0.9657
115,10220,19205,fp32,T,N,354,-621284025,0.80354,0.87074,1.0836,4,11,993.9,0,0.7066
2118,2,93,fp16,N,T,27,-408,0.00758,0.02867,3.7833,4,283,54.3,0,0.9766
738,84,1985,fp32,T,N,330,-621284104,0.01407,0.02258,1.6052,4,383,481.7,0,1.0218
39,24127,1222,fp32,N,N,306,-621283848,0.05961,0.10139,1.7010,4,102,2044.9,0,0.7286
16602,3134,3664,bf16,T,T,20,-621285694,0.74125,0.74626,1.0068,4,13,475.9,0,0.6664
43,17003,1141,bf16,N,T,32,-621290049,0.04133,0.06168,1.4924,4,153,1012.0,0,0.9896
129,282,555,fp32,T,T,66,-621291435,0.00828,0.01238,1.4948,4,639,127.7,0,0.9805
12339,1835,565,fp16,N,N,17,-621294406,0.12845,0.15121,1.1772,4,66,829.8,0,0.6531
6482,14976,6467,bf16,T,N,69,-621289987,2.39958,2.51801,1.0494,4,5,277.5,0,0.8040
273,240,416,bf16,N,N,17,-621292876,0.02301,0.03307,1.4370,4,253,29.9,0,0.9669
86,3232,9471,fp32,N,T,334,-621292949,0.12092,2.36436,19.5523,4,5,1048.7,0,0.9688
147,1734,4718,fp16,N,N,22,-171,0.15326,0.15326,1.0000,4,60,122.5,0,0.9981
167,455,1685,fp16,N,N,22,-171,0.05008,0.09012,1.7997,4,108,47.9,0,0.9886
6,6164,30413,fp32,T,N,380,-621284160,0.30011,0.45663,1.5216,4,21,2501.6,0,0.7574
230,81,3,fp16,T,T,22,-449,0.00662,0.01349,2.0383,4,643,11.5,0,0.9813
14,4272,3,fp32,N,T,260,-621283634,0.00643,0.00643,0.9991,4,1460,45.2,0,0.9940
26062,14425,1495,bf16,T,N,69,-621289983,2.35334,2.86219,1.2162,4,5,690.4,0,0.6886
14315,1570,138,bf16,N,N,17,-621292873,0.06280,0.07539,1.2005,4,132,1501.2,0,0.9368
358,5059,3,fp16,T,T,22,-447,0.00679,0.01486,2.1875,4,579,1071.4,0,0.9848
2674,5969,6434,bf16,N,N,17,-621292879,0.47418,0.47443,1.0005,4,19,369.2,0,0.6813
2168,7,31,fp16,N,T,27,-412,0.00862,0.02620,3.0392,4,329,22.7,0,0.9761
31,5412,338,bf16,T,T,20,-150,0.01716,0.02688,1.5671,4,295,253.6,0,0.9843
543,454,23778,fp32,N,T,312,-621283515,0.27507,6.25203,22.7286,4,5,348.3,0,0.8924
12943,10998,7327,fp32,T,T,66,-621283236,21.05772,21.08218,1.0012,4,5,60.4,0,0.9531
468,57,65,fp16,N,N,17,-170,0.00712,0.02878,4.0412,4,287,24.6,0,0.9837
1009,6422,21651,bf16,N,N,23,-621292872,0.90900,0.91430,1.0058,4,10,382.5,0,0.6655
522,11509,50,bf16,N,N,17,-621292872,0.01714,0.03191,1.8620,4,293,1472.5,0,0.9874
21435,5068,4994,fp32,N,T,312,-621283529,10.41749,10.78410,1.0352,4,5,92.5,0,0.6393
9,2675,2,fp16,T,N,71,-382,0.00669,0.01556,2.3252,4,561,16.0,0,0.9741
2090,196,2495,fp32,T,N,336,-621284152,0.03446,0.04025,1.1681,4,259,709.7,0,0.8162
20,3,9559,fp32,N,T,407,-621292963,0.01121,0.01386,1.2364,4,472,78.5,0,0.9614
31437,1757,20238,bf16,N,N,17,-621292881,4.59366,5.60796,1.2208,4,5,340.6,0,0.9032
6996,218,6250,fp16,N,T,33,-621295773,0.14027,0.14172,1.0103,4,63,686.4,0,0.9996
1666,9,605,bf16,N,N,17,-621292873,0.03137,0.04864,1.5505,4,189,66.5,0,0.9836
1675,1465,19048,bf16,N,N,23,-621292867,0.68487,0.66439,0.9701,4,14,189.0,0,1.0216
3572,85,39,fp32,N,N,310,-621283780,0.00551,0.00634,1.1510,4,1080,323.9,0,0.9729
1883,793,302,fp16,N,T,27,-621295773,0.02394,0.03611,1.5086,4,252,317.0,0,1.0032
57,2,36,bf16,N,T,27,-349,0.00565,0.02526,4.4682,4,366,0.8,0,0.9974
25337,1867,284,fp16,N,T,27,-621295776,0.17123,0.20965,1.2244,4,47,1195.3,0,0.8033
12138,7,5053,fp32,N,T,364,-621293002,0.08214,0.19512,2.3753,4,49,2992.5,0,0.7099
140,2653,9940,fp16,N,N,22,-621294410,0.30596,0.30613,1.0006,4,33,186.3,0,0.9834
12,14,12,bf16,N,N,17,-262,0.00627,0.02494,3.9792,4,368,0.2,0,0.9805
13198,580,1816,fp16,N,N,22,-621294410,0.13109,0.11967,0.9129,4,66,615.3,0,0.6290
288,4340,2314,fp16,T,N,77,-621296107,0.06204,0.11347,1.8290,4,80,425.8,0,1.1864
31693,848,14019,bf16,T,T,20,-621285693,1.75355,1.79569,1.0240,4,6,581.6,0,0.7691
5082,2,1,bf16,T,T,20,-150,0.00557,0.01406,2.5252,4,617,9.1,0,0.9741
10667,15758,7536,fp16,T,T,22,-621291506,4.95474,4.93683,0.9964,4,5,216.1,0,0.7585
266,9,20278,fp16,T,N,79,-391,0.15668,0.61951,3.9540,4,17,71.2,0,0.9742
1639,3047,140,fp16,T,N,71,-621296069,0.02007,0.03406,1.6969,4,276,1060.6,0,1.0087
2749,24528,64,bf16,T,N,69,-621289995,0.08995,0.10099,1.1228,4,96,3037.4,0,0.6793
9263,3,48,fp32,N,T,328,-621293095,0.00552,0.00565,1.0248,4,1639,342.7,0,0.9874
2,3,10,fp16,T,T,5,-446,0.00574,0.00591,1.0292,4,1601,0.0,0,1.0008
2840,247,393,fp32,N,T,321,-621283660,0.01198,0.01540,1.2862,4,510,639.5,0,0.9172
10,7,2103,fp32,N,T,457,-621283738,0.00703,0.00943,1.3421,4,829,20.4,0,0.9851
3602,1845,3355,bf16,N,N,23,-621292875,0.15491,0.18548,1.1973,4,47,407.5,0,0.7893
1163,1,39,fp16,N,T,28,-9,0.00287,0.02544,8.8667,4,361,33.3,0,0.9772
7181,747,2899,fp16,N,T,33,-621295773,0.11323,0.14043,1.2402,4,70,595.5,0,0.9237
8102,285,10256,fp32,N,N,292,-621293153,0.68143,0.79646,1.1688,4,12,518.5,0,0.6475
3827,127,111,fp16,N,N,17,-170,0.00997,0.03048,3.0566,4,260,283.0,0,0.9784
3,54,66,bf16,N,N,17,-257,0.00637,0.02709,4.2498,4,318,1.3,0,0.9971
2419,25151,65,fp16,T,N,71,-621296068,0.12186,0.17933,1.4715,4,55,2026.4,0,0.8669
4,107,3615,fp16,N,T,33,-409,0.07684,0.13679,1.7803,4,64,10.5,0,0.9764
178,279,42,bf16,N,T,27,-349,0.00562,0.02466,4.3902,4,339,42.2,0,1.0013
32349,1,7,bf16,T,N,3,-9,0.00296,0.00594,2.0036,4,1365,196.6,0,1.0362
508,9227,2473,fp32,N,N,292,-621293209,0.25757,0.28126,1.0920,4,27,446.7,0,0.6389
1,1039,125,bf16,T,N,4,-9,0.00427,0.00979,2.2955,4,860,61.9,0,0.9778
25912,252,751,bf16,T,T,20,-621285683,0.05820,0.08455,1.4529,4,118,1124.1,0,1.0262
3,5422,658,bf16,N,N,17,-621292873,0.03284,0.04730,1.4403,4,186,219.4,0,0.9770
563,1640,30187,fp32,T,T,66,-621283243,0.85536,1.89572,2.2163,4,6,315.3,0,0.6594
12366,197,16,bf16,N,T,27,-353,0.01160,0.02221,1.9143,4,355,874.5,0,0.9940
4833,1026,1623,fp32,T,N,310,-621293584,0.19994,0.24040,1.2024,4,36,289.4,0,0.6146
178,8,677,fp32,T,N,316,-621284158,0.00653,0.00668,1.0237,4,1100,78.1,0,0.9786
58,22329,179,fp16,N,N,17,-621294410,0.01953,0.02169,1.1110,4,397,675.7,0,1.0076
283,6,911,fp32,N,T,364,-621283652,0.00621,0.00638,1.0263,4,1203,170.6,0,0.9822
17349,53,6,bf16,N,N,17,-257,0.00571,0.02557,4.4754,4,333,680.2,0,1.0054
1435,13,3,fp32,T,N,278,-621293743,0.00559,0.00576,1.0289,4,1427,16.4,0,1.0086
3923,2997,2207,bf16,N,N,17,-621292871,0.14996,0.15226,1.0153,4,48,517.3,0,0.6588
6,254,67,fp16,N,T,27,-408,0.00615,0.02488,4.0474,4,342,6.7,0,0.9679
1668,54,47,fp16,T,T,22,-449,0.00552,0.01605,2.9063,4,487,94.6,0,0.9846
3,19,14780,bf16,N,N,23,-258,0.40403,0.44602,1.1039,4,23,1.6,0,0.9984
2350,15356,527,bf16,T,T,20,-621285683,0.16468,0.18385,1.1164,4,49,989.9,0,0.6527
129,5693,2,fp16,T,T,22,-448,0.00558,0.01426,2.5564,4,521,530.9,0,1.2225
1919,1364,3616,bf16,N,N,23,-621292872,0.12139,0.14298,1.1778,4,67,281.8,0,1.0258
197,1,540,fp16,T,T,23,-9,0.00605,0.03329,5.5049,4,279,35.5,0,0.9627
1101,467,22711,bf16,T,N,80,-621289994,0.53215,0.88430,1.6618,4,12,137.7,0,1.0347
557,101,91,bf16,N,T,27,-349,0.00836,0.02897,3.4631,4,321,41.2,0,0.9777
1444,2788,1016,fp16,N,N,22,-621294410,0.04885,0.06632,1.3578,4,137,505.7,0,1.0270
25,27,23,bf16,T,T,20,-153,0.00666,0.01393,2.0906,4,621,0.8,0,0.9734
1680,7375,2973,fp16,N,T,27,-621295771,0.21822,0.21306,0.9764,4,36,473.8,0,0.7587
1,745,2,fp32,T,N,151,-621293741,0.00658,0.00632,0.9605,4,1406,1.4,0,0.9806
123,13089,4321,bf16,N,T,32,-621290049,0.12185,0.18210,1.4944,4,49,989.9,0,1.0330
17317,3478,5,fp16,T,T,22,-621291499,0.10131,0.16103,1.5894,4,62,2380.0,0,0.8349
8236,11785,15720,bf16,N,N,17,-621292880,7.03036,8.65867,1.2316,4,5,144.8,0,0.7574
358,3296,47,fp16,N,T,27,-408,0.00947,0.02509,2.6508,4,335,535.0,0,1.0004
15233,249,409,fp32,T,N,296,-621284350,0.04213,0.06270,1.4883,4,113,961.4,0,0.8201
6,38,21,bf16,T,N,5,-616,0.00681,0.02288,3.3612,4,397,0.4,0,0.9803
30767,487,486,fp32,T,T,66,-621291425,0.19804,0.22607,1.1415,4,41,609.4,0,0.7013
3,1977,14375,bf16,T,T,4,-150,0.75684,1.48647,1.9640,4,7,75.2,0,0.9873
1191,15456,8730,fp32,N,N,292,-621283807,3.20451,3.45917,1.0795,4,5,204.4,0,0.6488
69,1,12,fp32,N,N,109,-621293383,0.00638,0.00632,0.9904,4,1140,0.6,0,0.9823
14,847,20046,fp16,N,T,33,-621295777,0.37947,0.64536,1.7007,4,16,91.1,0,0.9891
8,43,1093,fp16,T,T,22,-445,0.03766,0.05102,1.3549,4,163,3.0,0,0.9876
4,24,4,fp32,N,N,432,-621283988,0.00648,0.00643,0.9925,4,1590,0.1,0,0.9956
1195,2,22530,fp16,T,T,22,-621291507,0.76112,0.78354,1.0295,4,13,70.9,0,1.0016
760,28963,26612,bf16,T,N,69,-621289993,2.78439,3.06201,1.0997,4,5,599.8,0,0.6757
14,3,22101,fp32,N,T,463,-621283732,0.01152,0.01075,0.9327,4,916,130.5,0,0.9541
2979,3249,8401,bf16,T,N,76,-621289996,0.42921,0.46753,1.0893,4,22,334.0,0,0.6715
326,2,12,fp32,N,T,262,-621293094,0.00660,0.00643,0.9740,4,1523,2.8,0,0.9726
443,1636,24285,fp16,T,T,22,-621291499,0.95090,0.92965,0.9777,4,11,109.2,0,1.0165
10452,47,1483,bf16,N,N,23,-621292873,0.05965,0.08490,1.4231,4,105,554.9,0,1.0059
8324,11557,817,fp32,T,N,296,-621293473,1.50806,1.61371,1.0701,4,6,298.2,0,0.6680
3760,874,7809,fp32,T,T,66,-621291428,0.63628,0.67076,1.0542,4,13,248.1,0,0.6822
2648,1487,27454,bf16,T,T,20,-621285698,1.03417,1.06605,1.0308,4,10,234.8,0,0.9355
4178,13,5,bf16,N,N,17,-262,0.00689,0.02504,3.6347,4,363,37.6,0,0.9639
5002,5020,211,fp32,N,N,292,-621293253,0.13651,0.14864,1.0889,4,50,797.8,0,0.6699
281,27,10,fp16,N,T,27,-412,0.00656,0.02454,3.7417,4,363,5.6,0,1.1473
2261,2,11926,fp16,T,T,22,-621291510,0.41262,0.42384,1.0272,4,24,130.9,0,1.0047
31,1321,9122,fp16,N,T,33,-621295777,0.18320,0.30756,1.6788,4,33,135.5,0,0.9946
5037,15813,1051,fp16,N,N,17,-621294414,0.55811,0.56383,1.0102,4,16,649.4,0,0.6308
67,1002,25494,fp16,T,N,79,-621296105,0.50739,0.77480,1.5270,4,13,108.0,0,0.9862
12997,11656,715,fp32,N,N,292,-621283818,2.11515,2.13785,1.0107,4,5,319.8,0,0.6811
25419,653,2,bf16,T,N,69,-621289960,0.02562,0.02995,1.1688,4,294,2595.2,0,0.8827
4527,17927,1015,fp32,N,T,312,-621283630,1.68871,1.75583,1.0397,4,6,246.2,0,0.6492
9,20644,4,bf16,N,N,17,-262,0.00668,0.01511,2.2625,4,590,136.0,0,0.9813
60,53,1701,bf16,T,N,77,-617,0.01642,0.08467,5.1552,4,112,24.2,0,0.9955
1,170,35,fp16,T,T,5,-9,0.00396,0.00639,1.6145,4,1466,3.2,0,0.9931
21892,3244,8790,fp16,T,N,71,-621296114,2.47686,2.79060,1.1267,4,5,293.1,0,0.7278
23,1766,16,bf16,N,T,27,-349,0.00671,0.02252,3.3582,4,346,32.8,0,0.9709
2,11834,28,fp32,N,N,354,-621293392,0.00637,0.00628,0.9850,4,1324,222.8,0,0.9867
9875,26222,2914,fp16,T,N,71,-621296120,3.21958,3.29225,1.0226,4,5,387.1,0,0.7596
31782,2118,2836,fp16,T,N,71,-621296106,0.85483,0.99318,1.1618,4,10,539.9,0,0.8424
1925,1920,3162,fp16,N,T,33,-621295773,0.09628,0.12942,1.3442,4,73,406.1,0,0.9398
3611,258,6054,fp16,N,T,33,-621295773,0.13001,0.13139,1.0106,4,70,389.0,0,0.9855
30871,860,1526,fp32,N,T,312,-621283630,0.87446,0.96422,1.1026,4,9,342.9,0,0.6460
30,708,171,fp32,N,T,344,-621283524,0.00639,0.00672,1.0514,4,1551,92.2,0,0.9611
11649,105,47,fp16,N,T,27,-408,0.00972,0.02420,2.4897,4,322,617.0,0,1.0119
283,10392,3608,bf16,N,T,32,-621290045,0.11241,0.15021,1.3363,4,61,789.9,0,0.9680
17056,7559,187,fp16,T,T,22,-621291495,0.31375,0.38268,1.2197,4,25,1673.0,0,0.8135
10942,433,1327,bf16,T,N,77,-621289989,0.05646,0.06987,1.2377,4,138,870.4,0,0.7931
257,835,12264,fp16,T,T,22,-621291510,0.42392,0.43460,1.0252,4,23,65.2,0,0.9848
7525,10,1,fp32,T,N,278,-621293742,0.00646,0.00815,1.2612,4,883,51.2,0,0.9912
15611,24049,1615,bf16,N,N,17,-621292880,2.93811,3.62475,1.2337,4,5,554.7,0,1.0039
4850,1432,22471,bf16,N,N,23,-621292877,0.96151,1.03180,1.0731,4,10,322.5,0,0.6574
5597,2834,3035,bf16,N,N,17,-621292878,0.22605,0.22309,0.9869,4,33,507.1,0,0.6980
4021,13748,3988,fp32,N,N,292,-621283814,4.12138,4.62906,1.1232,4,5,122.4,0,0.6616
440,4,59,fp32,N,N,326,-621284000,0.00659,0.00648,0.9827,4,1608,17.0,0,0.9624
5,4,169,fp16,N,T,27,-408,0.01095,0.02964,2.7078,4,281,0.3,0,1.0020
70,14,335,fp32,N,T,389,-621293096,0.00616,0.00612,0.9941,4,1367,18.9,0,0.9808
631,10358,226,fp32,T,N,298,-621284353,0.04743,0.06752,1.4234,4,142,760.6,0,0.8070
440,1376,490,fp16,T,N,71,-621296107,0.02251,0.04237,1.8821,4,223,186.7,0,0.9882
42,11,3338,fp32,T,N,358,-621284134,0.01399,0.01459,1.0424,4,451,50.7,0,0.9977
32271,1890,16729,bf16,N,N,17,-621292881,4.53452,5.46840,1.2059,4,5,305.9,0,0.8065
7,7981,4,fp16,T,T,5,-447,0.00568,0.00591,1.0392,4,1557,50.6,0,0.9888
13739,5094,2656,fp32,N,T,312,-621283529,3.51780,3.52295,1.0015,4,5,136.5,0,0.6413
4,488,535,fp32,T,N,330,-621293509,0.00647,0.00630,0.9744,4,1303,164.0,0,0.9626
735,2182,15132,fp16,N,N,22,-621294411,0.51478,0.49131,0.9544,4,18,184.0,0,1.0276
88,2240,3310,bf16,N,T,32,-621290049,0.07749,0.12943,1.6703,4,72,209.1,0,0.9936
1980,2854,86,fp32,N,T,312,-621283492,0.02237,0.02673,1.1946,4,344,1084.6,0,0.8412
9,32,572,bf16,T,T,20,-150,0.02588,0.03366,1.3003,4,268,1.9,0,0.9710
6827,30552,5685,fp32,T,T,66,-621291422,24.04326,25.13976,1.0456,4,5,70.1,0,0.7233
419,2,14,fp16,T,T,22,-447,0.00673,0.01411,2.0956,4,609,2.2,0,0.9721
4,49,163,bf16,N,T,27,-349,0.01196,0.02709,2.2653,4,337,1.5,0,0.9744
18,417,19,bf16,T,T,20,-153,0.00680,0.01411,2.0759,4,541,6.8,0,1.0015
484,128,29438,fp16,N,N,22,-171,0.80188,0.87373,1.0896,4,12,45.2,0,1.0020
38,2,32758,bf16,N,N,8,-258,0.98035,1.24616,1.2711,4,8,2.7,0,0.9886
5841,8589,6610,fp16,N,T,27,-621295763,1.44823,1.52683,1.0543,4,7,270.3,0,0.8123
11,203,34,fp32,T,N,254,-621293742,0.00656,0.00643,0.9802,4,1526,5.8,0,0.9760
23734,548,765,fp16,T,N,71,-621296106,0.08023,0.09799,1.2214,4,86,1111.5,0,0.6714
1,12,1161,bf16,T,N,8,-9,0.00669,0.01571,2.3474,4,373,4.5,0,1.5457
9014,1399,23067,fp16,T,N,71,-621296114,1.38088,1.62433,1.1763,4,6,384.4,0,0.7468
4,61,28,fp32,N,T,264,-621283705,0.00636,0.00625,0.9815,4,1535,1.3,0,0.9595
30991,905,684,fp32,N,N,292,-621283903,0.43191,0.47044,1.0892,4,21,461.8,0,0.6890
22,26,14,fp32,T,N,363,-621284337,0.00655,0.00648,0.9897,4,1594,0.8,0,0.9815
1030,10088,96,fp32,N,N,308,-621293189,0.03712,0.04551,1.2262,4,177,1234.8,0,0.8149
51,23,675,bf16,T,T,20,-150,0.03010,0.03676,1.2214,4,257,3.5,0,0.9687
807,31726,960,fp32,N,N,292,-621293255,0.55370,0.59091,1.0672,4,16,410.6,0,0.6437
484,10,12,fp16,N,N,17,-173,0.00668,0.02513,3.7647,4,349,4.7,0,0.9773
7808,354,1693,fp32,N,T,313,-621283637,0.12077,0.11966,0.9907,4,63,549.2,0,0.8318
1,104,14808,fp16,N,N,23,-9,0.15103,0.44435,2.9421,4,23,20.6,0,0.9750
4293,27678,22064,bf16,T,N,69,-621290002,11.31434,14.42720,1.2751,4,5,166.7,0,0.6575
3,50,10186,bf16,N,T,32,-621290045,0.19787,0.33736,1.7050,4,30,5.5,0,0.9705
1154,316,4301,bf16,N,T,32,-621290045,0.09698,0.15793,1.6285,4,60,145.4,0,0.9979
15880,2,3,fp16,T,T,22,-449,0.00711,0.01405,1.9761,4,628,31.3,0,1.0079
5372,1440,7,fp16,N,N,17,-621294410,0.01311,0.02662,2.0296,4,321,2366.6,0,1.0311
28828,3447,108,bf16,T,N,69,-621289955,0.19954,0.30670,1.5370,4,33,2026.9,0,0.8187
187,109,51,fp32,N,N,296,-621293334,0.00738,0.00756,1.0245,4,1137,19.2,0,0.9917
19,2,5,fp32,N,N,196,-621283781,0.00746,0.00748,1.0027,4,1590,0.1,0,0.9931
2638,11301,1986,fp16,N,N,17,-621294414,0.34309,0.35151,1.0245,4,26,509.0,0,0.8149
234,10,3244,bf16,N,T,32,-350,0.06801,0.12404,1.8238,4,78,23.4,0,0.9838
50,74,47,bf16,T,T,20,-150,0.00778,0.01510,1.9402,4,528,3.4,0,1.0056
10530,1331,9963,fp32,T,N,296,-621284177,2.76127,3.65263,1.3228,4,5,191.5,0,0.7098
202,210,75,fp16,N,T,27,-408,0.00782,0.02567,3.2826,4,304,29.6,0,0.9583
6,1,108,fp32,T,T,67,-9,0.00353,0.00684,1.9376,4,1460,0.9,0,1.0006
5712,1196,16643,fp32,N,N,292,-621283854,2.32456,2.78490,1.1980,4,5,209.6,0,0.6678
9,2,19,fp32,T,N,192,-621284191,0.00664,0.00648,0.9749,4,1621,0.1,0,0.9525
1391,1255,56,fp32,N,T,268,-621292916,0.00752,0.01257,1.6711,4,673,1007.0,0,0.8631
28330,2,445,fp32,T,N,168,-621293554,0.01852,0.13115,7.0805,4,75,2734.8,0,0.9323
16,11,18695,bf16,N,T,32,-621290045,0.35052,0.59930,1.7098,4,17,2.9,0,0.9572
68,178,11729,fp32,T,N,390,-621293512,0.02490,0.02489,0.9996,4,330,465.4,0,1.0090
3,1022,14,bf16,T,T,4,-151,0.00681,0.00645,0.9477,4,1357,6.0,0,1.0066
11966,36,15922,fp32,N,N,378,-621283882,0.40544,1.04653,2.5813,4,10,1889.6,0,0.7515
3,24,2,fp16,T,T,5,-449,0.00677,0.00641,0.9477,4,1513,0.1,0,0.9629
